   dasmz80 -- Zilog Z80 Disassembler --
-----------------------------------------------------------------

;   Processing "roms/1.3 IPDB latest/V1 3_05.bin" (32768 bytes)
;   Disassembly start address: 0x0000
;   String terminator: 0x00

reset_vector:
    0000:    00             NOP      
    0001:    00             NOP      
    0002:    ED 56          IM       1
    0004:    F3             DI       
    0005:    00             NOP      
    0006:    00             NOP      
    0007:    C3 00 04       JP       boot
    000A:    00             NOP      
    000B:    C3 00 04       JP       boot


___BDATA_0001:
    000E:    DB      00, C3, 00, 04, FF, FF, FF, FF, FF, FF, FF, FF, FF, FF, FF, FF      ................
    001E:    DB      FF, FF, FF, FF, FF, FF, FF, FF, FF, FF, FF, FF, FF, FF, FF, FF      ................
    002E:    DB      FF, FF, FF, FF, FF, FF, FF, FF, FF, FF                              ..........

irq_vector:
    0038:    C3 42 0A       JP       irq_handler


___BDATA_0002:
    003B:    DB      01, FF, FF, FF, FF, FF, FF, FF, FF, FF, FF, FF, FF, FF, FF, FF      ................
    004B:    DB      FF, FF, FF, FF, FF, FF, FF, FF, FF, FF, FF, FF, FF, FF, FF, FF      ................
    005B:    DB      FF, FF, FF, FF, FF, FF, FF, FF, FF, FF, FF                          ...........

nmi_handler:
    0066:    08             EX       AF, AF'
    0067:    D9             EXX      
    0068:    2A 74 C0       LD       HL, ($C074)
    006B:    7E             LD       A, (HL)
    006C:    A7             AND      A, A
    006D:    C2 7C 00       JP       NZ, $007C
    0070:    21 76 C0       LD       HL, #$C076
    0073:    22 72 C0       LD       ($C072), HL
    0076:    22 74 C0       LD       ($C074), HL
    0079:    C3 80 00       JP       $0080
    007C:    23             INC      HL
    007D:    22 74 C0       LD       ($C074), HL
    0080:    3A 01 C0       LD       A, ($C001)
    0083:    E6 FE          AND      A, #$FE
    0085:    F6 10          OR       A, #$10
    0087:    32 01 C0       LD       ($C001), A
    008A:    D3 81          OUT      ($81), A
    008C:    DB 00          IN       A, ($00)
    008E:    77             LD       (HL), A
    008F:    23             INC      HL
    0090:    36 00          LD       (HL), #$00
    0092:    3A 01 C0       LD       A, ($C001)
    0095:    E6 EF          AND      A, #$EF
    0097:    F6 01          OR       A, #$01
    0099:    32 01 C0       LD       ($C001), A
    009C:    D3 81          OUT      ($81), A
    009E:    21 45 C0       LD       HL, #$C045
    00A1:    36 30          LD       (HL), #$30
    00A3:    D9             EXX      
    00A4:    08             EX       AF, AF'
    00A5:    ED 45          RETN     


___BDATA_0003:
    00A7:    DB      FF, FF, FF, FF, FF, FF, FF, FF, FF, FF, FF, FF, FF, FF, FF, FF      ................
    00B7:    DB      FF, FF, FF, FF, FF, FF, FF, FF, FF, FF, FF, FF, FF, FF, FF, FF      ................
    00C7:    DB      FF, FF, FF, FF, FF, FF, FF, FF, FF, FF, FF, FF, FF, FF, FF, FF      ................
    00D7:    DB      FF, FF, FF, FF, FF, FF, FF, FF, FF, FF, FF, FF, FF, FF, FF, FF      ................
    00E7:    DB      FF, FF, FF, FF, FF, FF, FF, FF, FF, FF, FF, FF, FF, FF, FF, FF      ................
    00F7:    DB      FF, FF, FF, FF, FF, FF, FF, FF, FF                                  .........

port81_bit1_set:
    0100:    3A 01 C0       LD       A, ($C001)
    0103:    F6 02          OR       A, #$02
    0105:    32 01 C0       LD       ($C001), A
    0108:    D3 81          OUT      ($81), A
    010A:    C9             RET      
port81_bit1_clear:
    010B:    3A 01 C0       LD       A, ($C001)
    010E:    E6 FD          AND      A, #$FD
    0110:    32 01 C0       LD       ($C001), A
    0113:    D3 81          OUT      ($81), A
    0115:    C9             RET      
host_send_c0fc:
    0116:    DB 01          IN       A, ($01)
    0118:    CB 4F          BIT      1, A
    011A:    28 FA          JR       Z, host_send_c0fc
    011C:    F3             DI       
    011D:    3A 01 C0       LD       A, ($C001)
    0120:    F6 02          OR       A, #$02
    0122:    D3 81          OUT      ($81), A
    0124:    32 01 C0       LD       ($C001), A
    0127:    3A FC C0       LD       A, ($C0FC)
    012A:    D3 80          OUT      ($80), A
    012C:    3A 01 C0       LD       A, ($C001)
    012F:    F6 04          OR       A, #$04
    0131:    D3 81          OUT      ($81), A
    0133:    32 01 C0       LD       ($C001), A
    0136:    3A 01 C0       LD       A, ($C001)
    0139:    E6 FB          AND      A, #$FB
    013B:    E6 FD          AND      A, #$FD
    013D:    32 01 C0       LD       ($C001), A
    0140:    D3 81          OUT      ($81), A
    0142:    FB             EI       
    0143:    C9             RET      
host_send_c008_a:
    0144:    DB 01          IN       A, ($01)
    0146:    CB 4F          BIT      1, A
    0148:    28 FA          JR       Z, host_send_c008_a
    014A:    F3             DI       
    014B:    21 45 C0       LD       HL, #$C045
    014E:    36 20          LD       (HL), #$20
    0150:    3A 01 C0       LD       A, ($C001)
    0153:    F6 03          OR       A, #$03
    0155:    D3 81          OUT      ($81), A
    0157:    32 01 C0       LD       ($C001), A
    015A:    3A 08 C0       LD       A, ($C008)
    015D:    D3 80          OUT      ($80), A
    015F:    3A 01 C0       LD       A, ($C001)
    0162:    F6 20          OR       A, #$20
    0164:    D3 81          OUT      ($81), A
    0166:    00             NOP      
    0167:    00             NOP      
    0168:    00             NOP      
    0169:    E6 DF          AND      A, #$DF
    016B:    D3 81          OUT      ($81), A
    016D:    3A 01 C0       LD       A, ($C001)
    0170:    E6 FD          AND      A, #$FD
    0172:    32 01 C0       LD       ($C001), A
    0175:    D3 81          OUT      ($81), A
    0177:    21 45 C0       LD       HL, #$C045
    017A:    36 20          LD       (HL), #$20
    017C:    FB             EI       
    017D:    C9             RET      
host_send_c008_b:
    017E:    DB 01          IN       A, ($01)
    0180:    CB 4F          BIT      1, A
    0182:    28 FA          JR       Z, host_send_c008_b
    0184:    21 45 C0       LD       HL, #$C045
    0187:    36 20          LD       (HL), #$20
    0189:    3A 01 C0       LD       A, ($C001)
    018C:    F6 03          OR       A, #$03
    018E:    D3 81          OUT      ($81), A
    0190:    32 01 C0       LD       ($C001), A
    0193:    3A 08 C0       LD       A, ($C008)
    0196:    D3 80          OUT      ($80), A
    0198:    3A 01 C0       LD       A, ($C001)
    019B:    F6 20          OR       A, #$20
    019D:    D3 81          OUT      ($81), A
    019F:    00             NOP      
    01A0:    00             NOP      
    01A1:    00             NOP      
    01A2:    E6 DF          AND      A, #$DF
    01A4:    D3 81          OUT      ($81), A
    01A6:    3A 01 C0       LD       A, ($C001)
    01A9:    E6 FD          AND      A, #$FD
    01AB:    32 01 C0       LD       ($C001), A
    01AE:    D3 81          OUT      ($81), A
    01B0:    21 45 C0       LD       HL, #$C045
    01B3:    36 20          LD       (HL), #$20
    01B5:    C9             RET      
host_read_byte:
    01B6:    DB 01          IN       A, ($01)
    01B8:    CB 4F          BIT      1, A
    01BA:    28 FA          JR       Z, host_read_byte
    01BC:    F3             DI       
    01BD:    3A 01 C0       LD       A, ($C001)
    01C0:    F6 02          OR       A, #$02
    01C2:    E6 FE          AND      A, #$FE
    01C4:    D3 81          OUT      ($81), A
    01C6:    32 01 C0       LD       ($C001), A
    01C9:    3A 01 C0       LD       A, ($C001)
    01CC:    F6 40          OR       A, #$40
    01CE:    32 01 C0       LD       ($C001), A
    01D1:    D3 81          OUT      ($81), A
    01D3:    00             NOP      
    01D4:    00             NOP      
    01D5:    00             NOP      
    01D6:    DB 00          IN       A, ($00)
    01D8:    32 60 C0       LD       ($C060), A
    01DB:    3A 01 C0       LD       A, ($C001)
    01DE:    E6 BF          AND      A, #$BF
    01E0:    32 01 C0       LD       ($C001), A
    01E3:    D3 81          OUT      ($81), A
    01E5:    3A 01 C0       LD       A, ($C001)
    01E8:    E6 FD          AND      A, #$FD
    01EA:    32 01 C0       LD       ($C001), A
    01ED:    D3 81          OUT      ($81), A
    01EF:    FB             EI       
    01F0:    C9             RET      


___BDATA_0004:
    01F1:    DB      FF, FF, FF, FF, FF, FF, FF, FF, FF, FF, FF, FF, FF, FF, FF, FF      ................
    0201:    DB      FF, FF, FF, FF, FF, FF, FF, FF, FF, FF, FF, FF, FF, FF, FF, FF      ................
    0211:    DB      FF, FF, FF, FF, FF, FF, FF, FF, FF, FF, FF, FF, FF, FF, FF, FF      ................
    0221:    DB      FF, FF, FF, FF, FF, FF, FF, FF, FF, FF, FF, FF, FF, FF, FF, FF      ................
    0231:    DB      FF, FF, FF, FF, FF, FF, FF, FF, FF, FF, FF, FF, FF, FF, FF, FF      ................
    0241:    DB      FF, FF, FF, FF, FF, FF, FF, FF, FF, FF, FF, FF, FF, FF, FF, FF      ................
    0251:    DB      FF, FF, FF, FF, FF, FF, FF, FF, FF, FF, FF, FF, FF, FF, FF, FF      ................
    0261:    DB      FF, FF, FF, FF, FF, FF, FF, FF, FF, FF, FF, FF, FF, FF, FF, FF      ................
    0271:    DB      FF, FF, FF, FF, FF, FF, FF, FF, FF, FF, FF, FF, FF, FF, FF, FF      ................
    0281:    DB      FF, FF, FF, FF, FF, FF, FF, FF, FF, FF, FF, FF, FF, FF, FF, FF      ................
    0291:    DB      FF, FF, FF, FF, FF, FF, FF, FF, FF, FF, FF, FF, FF, FF, FF, FF      ................
    02A1:    DB      FF, FF, FF, FF, FF, FF, FF, FF, FF, FF, FF, FF, FF, FF, FF, FF      ................
    02B1:    DB      FF, FF, FF, FF, FF, FF, FF, FF, FF, FF, FF, FF, FF, FF, FF, FF      ................
    02C1:    DB      FF, FF, FF, FF, FF, FF, FF, FF, FF, FF, FF, FF, FF, FF, FF, FF      ................
    02D1:    DB      FF, FF, FF, FF, FF, FF, FF, FF, FF, FF, FF, FF, FF, FF, FF, FF      ................
    02E1:    DB      FF, FF, FF, FF, FF, FF, FF, FF, FF, FF, FF, FF, FF, FF, FF, FF      ................
    02F1:    DB      FF, FF, FF, FF, FF, FF, FF, FF, FF, FF, FF, FF, FF, FF, FF, FF      ................
    0301:    DB      FF, FF, FF, FF, FF, FF, FF, FF, FF, FF, FF, FF, FF, FF, FF, FF      ................
    0311:    DB      FF, FF, FF, FF, FF, FF, FF, FF, FF, FF, FF, FF, FF, FF, FF, FF      ................
    0321:    DB      FF, FF, FF, FF, FF, FF, FF, FF, FF, FF, FF, FF, FF, FF, FF, FF      ................
    0331:    DB      FF, FF, FF, FF, FF, FF, FF, FF, FF, FF, FF, FF, FF, FF, FF, FF      ................
    0341:    DB      FF, FF, FF, FF, FF, FF, FF, FF, FF, FF, FF, FF, FF, FF, FF, FF      ................
    0351:    DB      FF, FF, FF, FF, FF, FF, FF, FF, FF, FF, FF, FF, FF, FF, FF, FF      ................
    0361:    DB      FF, FF, FF, FF, FF, FF, FF, FF, FF, FF, FF, FF, FF, FF, FF, FF      ................
    0371:    DB      FF, FF, FF, FF, FF, FF, FF, FF, FF, FF, FF, FF, FF, FF, FF, FF      ................
    0381:    DB      FF, FF, FF, FF, FF, FF, FF, FF, FF, FF, FF, FF, FF, FF, FF, FF      ................
    0391:    DB      FF, FF, FF, FF, FF, FF, FF, FF, FF, FF, FF, FF, FF, FF, FF, FF      ................
    03A1:    DB      FF, FF, FF, FF, FF, FF, FF, FF, FF, FF, FF, FF, FF, FF, FF, FF      ................
    03B1:    DB      FF, FF, FF, FF, FF, FF, FF, FF, FF, FF, FF, FF, FF, FF, FF, FF      ................
    03C1:    DB      FF, FF, FF, FF, FF, FF, FF, FF, FF, FF, FF, FF, FF, FF, FF, FF      ................
    03D1:    DB      FF, FF, FF, FF, FF, FF, FF, FF, FF, FF, FF, FF, FF, FF, FF, FF      ................
    03E1:    DB      FF, FF, FF, FF, FF, FF, FF, FF, FF, FF, FF, FF, FF, FF, FF, FF      ................
    03F1:    DB      FF, FF, FF, FF, FF, FF, FF, FF, FF, FF, FF, FF, FF, FF, FF          ...............

boot:
    0400:    F3             DI       
    0401:    ED 56          IM       1
    0403:    31 FF C7       LD       SP, #$C7FF
    0406:    CD 1B 04       CALL     boot_port_init
    0409:    CD 5A 04       CALL     boot_ram_init
    040C:    FB             EI       
    040D:    CD A7 36       CALL     sub_36A7
    0410:    3E 47          LD       A, #$47
    0412:    32 FC C0       LD       ($C0FC), A
    0415:    CD 16 01       CALL     host_send_c0fc
    0418:    C3 4C 0D       JP       main_loop
boot_port_init:
    041B:    3E 30          LD       A, #$30
    041D:    32 07 C0       LD       ($C007), A
    0420:    D3 87          OUT      ($87), A
    0422:    3E FF          LD       A, #$FF
    0424:    32 05 C0       LD       ($C005), A
    0427:    D3 85          OUT      ($85), A
    0429:    32 06 C0       LD       ($C006), A
    042C:    D3 86          OUT      ($86), A
    042E:    3E 00          LD       A, #$00
    0430:    32 03 C0       LD       ($C003), A
    0433:    D3 83          OUT      ($83), A
    0435:    3E 00          LD       A, #$00
    0437:    32 04 C0       LD       ($C004), A
    043A:    D3 84          OUT      ($84), A
    043C:    3E 00          LD       A, #$00
    043E:    32 00 C0       LD       ($C000), A
    0441:    D3 80          OUT      ($80), A
    0443:    3E 00          LD       A, #$00
    0445:    32 01 C0       LD       ($C001), A
    0448:    D3 81          OUT      ($81), A
    044A:    3E FF          LD       A, #$FF
    044C:    32 08 C0       LD       ($C008), A
    044F:    CD 7E 01       CALL     host_send_c008_b
    0452:    3E 00          LD       A, #$00
    0454:    32 02 C0       LD       ($C002), A
    0457:    D3 82          OUT      ($82), A
    0459:    C9             RET      
boot_ram_init:
    045A:    21 09 C0       LD       HL, #$C009
    045D:    06 A8          LD       B, #$A8
    045F:    36 00          LD       (HL), #$00
    0461:    23             INC      HL
    0462:    10 FB          DJNZ     $045F
    0464:    21 61 C0       LD       HL, #$C061
    0467:    06 F0          LD       B, #$F0
    0469:    36 00          LD       (HL), #$00
    046B:    23             INC      HL
    046C:    10 FB          DJNZ     $0469
    046E:    21 73 2E       LD       HL, sw_strobe_col0
    0471:    22 E5 C0       LD       ($C0E5), HL
    0474:    21 57 34       LD       HL, lamp_col0_out
    0477:    22 17 C1       LD       ($C117), HL
    047A:    21 76 C0       LD       HL, #$C076
    047D:    22 72 C0       LD       ($C072), HL
    0480:    22 74 C0       LD       ($C074), HL
    0483:    36 00          LD       (HL), #$00
    0485:    21 00 00       LD       HL, reset_vector
    0488:    22 4C C0       LD       ($C04C), HL
    048B:    22 4F C0       LD       ($C04F), HL
    048E:    22 40 C0       LD       ($C040), HL
    0491:    22 3E C0       LD       ($C03E), HL
    0494:    22 49 C0       LD       ($C049), HL
    0497:    AF             XOR      A, A
    0498:    32 4E C0       LD       ($C04E), A
    049B:    32 51 C0       LD       ($C051), A
    049E:    32 52 C0       LD       ($C052), A
    04A1:    32 53 C0       LD       ($C053), A
    04A4:    32 FB C0       LD       ($C0FB), A
    04A7:    32 FF C0       LD       ($C0FF), A
    04AA:    32 00 C1       LD       ($C100), A
    04AD:    32 01 C1       LD       ($C101), A
    04B0:    32 02 C1       LD       ($C102), A
    04B3:    32 03 C1       LD       ($C103), A
    04B6:    32 04 C1       LD       ($C104), A
    04B9:    32 05 C1       LD       ($C105), A
    04BC:    32 06 C1       LD       ($C106), A
    04BF:    32 0F C1       LD       ($C10F), A
    04C2:    32 10 C1       LD       ($C110), A
    04C5:    32 11 C1       LD       ($C111), A
    04C8:    32 12 C1       LD       ($C112), A
    04CB:    32 13 C1       LD       ($C113), A
    04CE:    32 14 C1       LD       ($C114), A
    04D1:    32 15 C1       LD       ($C115), A
    04D4:    32 16 C1       LD       ($C116), A
    04D7:    32 1E C0       LD       ($C01E), A
    04DA:    32 1F C0       LD       ($C01F), A
    04DD:    32 20 C0       LD       ($C020), A
    04E0:    32 21 C0       LD       ($C021), A
    04E3:    32 6A C0       LD       ($C06A), A
    04E6:    32 54 C0       LD       ($C054), A
    04E9:    32 59 C0       LD       ($C059), A
    04EC:    32 57 C0       LD       ($C057), A
    04EF:    32 26 C1       LD       ($C126), A
    04F2:    32 53 C0       LD       ($C053), A
    04F5:    32 44 C0       LD       ($C044), A
    04F8:    32 1C C1       LD       ($C11C), A
    04FB:    32 21 C1       LD       ($C121), A
    04FE:    32 19 C1       LD       ($C119), A
    0501:    32 22 C1       LD       ($C122), A
    0504:    32 56 C0       LD       ($C056), A
    0507:    32 68 C0       LD       ($C068), A
    050A:    32 69 C0       LD       ($C069), A
    050D:    32 6B C0       LD       ($C06B), A
    0510:    32 6C C0       LD       ($C06C), A
    0513:    32 5C C0       LD       ($C05C), A
    0516:    32 5D C0       LD       ($C05D), A
    0519:    32 62 C0       LD       ($C062), A
    051C:    32 63 C0       LD       ($C063), A
    051F:    32 65 C0       LD       ($C065), A
    0522:    32 66 C0       LD       ($C066), A
    0525:    32 6D C0       LD       ($C06D), A
    0528:    32 6E C0       LD       ($C06E), A
    052B:    32 5A C0       LD       ($C05A), A
    052E:    32 58 C0       LD       ($C058), A
    0531:    32 E8 C0       LD       ($C0E8), A
    0534:    32 EA C0       LD       ($C0EA), A
    0537:    32 EC C0       LD       ($C0EC), A
    053A:    32 EE C0       LD       ($C0EE), A
    053D:    32 F0 C0       LD       ($C0F0), A
    0540:    32 F2 C0       LD       ($C0F2), A
    0543:    32 F4 C0       LD       ($C0F4), A
    0546:    32 F6 C0       LD       ($C0F6), A
    0549:    32 F8 C0       LD       ($C0F8), A
    054C:    32 E7 C0       LD       ($C0E7), A
    054F:    32 E9 C0       LD       ($C0E9), A
    0552:    32 EB C0       LD       ($C0EB), A
    0555:    32 ED C0       LD       ($C0ED), A
    0558:    32 EF C0       LD       ($C0EF), A
    055B:    32 F1 C0       LD       ($C0F1), A
    055E:    32 F3 C0       LD       ($C0F3), A
    0561:    32 F5 C0       LD       ($C0F5), A
    0564:    32 F7 C0       LD       ($C0F7), A
    0567:    32 22 C0       LD       ($C022), A
    056A:    32 5E C0       LD       ($C05E), A
    056D:    3E 08          LD       A, #$08
    056F:    32 45 C0       LD       ($C045), A
    0572:    3E 02          LD       A, #$02
    0574:    32 F9 C0       LD       ($C0F9), A
    0577:    3E FF          LD       A, #$FF
    0579:    32 DB C0       LD       ($C0DB), A
    057C:    32 DC C0       LD       ($C0DC), A
    057F:    32 DD C0       LD       ($C0DD), A
    0582:    32 DE C0       LD       ($C0DE), A
    0585:    32 DF C0       LD       ($C0DF), A
    0588:    32 E0 C0       LD       ($C0E0), A
    058B:    32 E1 C0       LD       ($C0E1), A
    058E:    32 E2 C0       LD       ($C0E2), A
    0591:    32 E3 C0       LD       ($C0E3), A
    0594:    32 07 C1       LD       ($C107), A
    0597:    32 08 C1       LD       ($C108), A
    059A:    32 09 C1       LD       ($C109), A
    059D:    32 0A C1       LD       ($C10A), A
    05A0:    32 0B C1       LD       ($C10B), A
    05A3:    32 0C C1       LD       ($C10C), A
    05A6:    32 0D C1       LD       ($C10D), A
    05A9:    32 0E C1       LD       ($C10E), A
    05AC:    32 5B C0       LD       ($C05B), A
    05AF:    32 20 C1       LD       ($C120), A
    05B2:    32 5F C0       LD       ($C05F), A
    05B5:    C9             RET      


___BDATA_0005:
    05B6:    DB      50, 28, 0F, 1E, 08, 96, 00, 1E, 1E, 14, 00, 2C, 01, 1E, 00, 5E      P(.........,...^
    05C6:    DB      01                                                                  .

sub_05C7:
    05C7:    F3             DI       
    05C8:    3E FF          LD       A, #$FF
    05CA:    32 09 C0       LD       ($C009), A
    05CD:    3A 05 C0       LD       A, ($C005)
    05D0:    F6 02          OR       A, #$02
    05D2:    E6 FE          AND      A, #$FE
    05D4:    32 05 C0       LD       ($C005), A
    05D7:    D3 85          OUT      ($85), A
    05D9:    3A B6 05       LD       A, (___BDATA_0005)
    05DC:    32 23 C0       LD       ($C023), A
    05DF:    AF             XOR      A, A
    05E0:    32 62 C0       LD       ($C062), A
    05E3:    32 0C C0       LD       ($C00C), A
    05E6:    3E 1E          LD       A, #$1E
    05E8:    32 5F C0       LD       ($C05F), A
    05EB:    FB             EI       
    05EC:    C9             RET      
sub_05ED:
    05ED:    F3             DI       
    05EE:    3E FF          LD       A, #$FF
    05F0:    32 0A C0       LD       ($C00A), A
    05F3:    3A 05 C0       LD       A, ($C005)
    05F6:    F6 08          OR       A, #$08
    05F8:    E6 FB          AND      A, #$FB
    05FA:    32 05 C0       LD       ($C005), A
    05FD:    D3 85          OUT      ($85), A
    05FF:    3A B6 05       LD       A, (___BDATA_0005)
    0602:    32 24 C0       LD       ($C024), A
    0605:    AF             XOR      A, A
    0606:    32 63 C0       LD       ($C063), A
    0609:    32 0D C0       LD       ($C00D), A
    060C:    3E 1E          LD       A, #$1E
    060E:    32 5F C0       LD       ($C05F), A
    0611:    FB             EI       
    0612:    C9             RET      
sub_0613:
    0613:    F3             DI       
    0614:    3E FF          LD       A, #$FF
    0616:    32 0C C0       LD       ($C00C), A
    0619:    3A 05 C0       LD       A, ($C005)
    061C:    F6 01          OR       A, #$01
    061E:    E6 FD          AND      A, #$FD
    0620:    32 05 C0       LD       ($C005), A
    0623:    D3 85          OUT      ($85), A
    0625:    AF             XOR      A, A
    0626:    32 09 C0       LD       ($C009), A
    0629:    3E 1E          LD       A, #$1E
    062B:    32 5F C0       LD       ($C05F), A
    062E:    FB             EI       
    062F:    C9             RET      
sub_0630:
    0630:    F3             DI       
    0631:    3E FF          LD       A, #$FF
    0633:    32 0D C0       LD       ($C00D), A
    0636:    3A 05 C0       LD       A, ($C005)
    0639:    F6 04          OR       A, #$04
    063B:    E6 F7          AND      A, #$F7
    063D:    32 05 C0       LD       ($C005), A
    0640:    D3 85          OUT      ($85), A
    0642:    AF             XOR      A, A
    0643:    32 0A C0       LD       ($C00A), A
    0646:    3E 1E          LD       A, #$1E
    0648:    32 5F C0       LD       ($C05F), A
    064B:    FB             EI       
    064C:    C9             RET      
sub_064D:
    064D:    F3             DI       
    064E:    AF             XOR      A, A
    064F:    32 09 C0       LD       ($C009), A
    0652:    32 0C C0       LD       ($C00C), A
    0655:    32 62 C0       LD       ($C062), A
    0658:    3A 05 C0       LD       A, ($C005)
    065B:    F6 02          OR       A, #$02
    065D:    F6 01          OR       A, #$01
    065F:    32 05 C0       LD       ($C005), A
    0662:    D3 85          OUT      ($85), A
    0664:    FB             EI       
    0665:    C9             RET      
sub_0666:
    0666:    F3             DI       
    0667:    AF             XOR      A, A
    0668:    32 0D C0       LD       ($C00D), A
    066B:    32 0A C0       LD       ($C00A), A
    066E:    32 63 C0       LD       ($C063), A
    0671:    3A 05 C0       LD       A, ($C005)
    0674:    F6 08          OR       A, #$08
    0676:    F6 04          OR       A, #$04
    0678:    32 05 C0       LD       ($C005), A
    067B:    D3 85          OUT      ($85), A
    067D:    FB             EI       
    067E:    C9             RET      
sub_067F:
    067F:    F3             DI       
    0680:    3E FF          LD       A, #$FF
    0682:    32 0B C0       LD       ($C00B), A
    0685:    3A 05 C0       LD       A, ($C005)
    0688:    F6 20          OR       A, #$20
    068A:    E6 EF          AND      A, #$EF
    068C:    32 05 C0       LD       ($C005), A
    068F:    D3 85          OUT      ($85), A
    0691:    3A B7 05       LD       A, ($05B7)
    0694:    32 25 C0       LD       ($C025), A
    0697:    AF             XOR      A, A
    0698:    32 64 C0       LD       ($C064), A
    069B:    32 0E C0       LD       ($C00E), A
    069E:    3E 1E          LD       A, #$1E
    06A0:    32 5F C0       LD       ($C05F), A
    06A3:    FB             EI       
    06A4:    C9             RET      
sub_06A5:
    06A5:    F3             DI       
    06A6:    3E FF          LD       A, #$FF
    06A8:    32 0E C0       LD       ($C00E), A
    06AB:    3A 05 C0       LD       A, ($C005)
    06AE:    F6 10          OR       A, #$10
    06B0:    E6 DF          AND      A, #$DF
    06B2:    32 05 C0       LD       ($C005), A
    06B5:    D3 85          OUT      ($85), A
    06B7:    AF             XOR      A, A
    06B8:    32 0B C0       LD       ($C00B), A
    06BB:    3E 1E          LD       A, #$1E
    06BD:    32 5F C0       LD       ($C05F), A
    06C0:    FB             EI       
    06C1:    C9             RET      
sub_06C2:
    06C2:    F3             DI       
    06C3:    AF             XOR      A, A
    06C4:    32 0B C0       LD       ($C00B), A
    06C7:    32 0E C0       LD       ($C00E), A
    06CA:    32 64 C0       LD       ($C064), A
    06CD:    3A 05 C0       LD       A, ($C005)
    06D0:    F6 20          OR       A, #$20
    06D2:    F6 10          OR       A, #$10
    06D4:    32 05 C0       LD       ($C005), A
    06D7:    D3 85          OUT      ($85), A
    06D9:    FB             EI       
    06DA:    C9             RET      
sub_06DB:
    06DB:    F3             DI       
    06DC:    3E FF          LD       A, #$FF
    06DE:    32 0F C0       LD       ($C00F), A
    06E1:    3A 05 C0       LD       A, ($C005)
    06E4:    E6 BF          AND      A, #$BF
    06E6:    32 05 C0       LD       ($C005), A
    06E9:    D3 85          OUT      ($85), A
    06EB:    3A B8 05       LD       A, ($05B8)
    06EE:    32 26 C0       LD       ($C026), A
    06F1:    3E 1E          LD       A, #$1E
    06F3:    32 5F C0       LD       ($C05F), A
    06F6:    FB             EI       
    06F7:    C9             RET      
sub_06F8:
    06F8:    F3             DI       
    06F9:    3E FF          LD       A, #$FF
    06FB:    32 10 C0       LD       ($C010), A
    06FE:    3A 06 C0       LD       A, ($C006)
    0701:    E6 FE          AND      A, #$FE
    0703:    32 06 C0       LD       ($C006), A
    0706:    D3 86          OUT      ($86), A
    0708:    3A B8 05       LD       A, ($05B8)
    070B:    32 27 C0       LD       ($C027), A
    070E:    3E 1E          LD       A, #$1E
    0710:    32 5F C0       LD       ($C05F), A
    0713:    FB             EI       
    0714:    C9             RET      
sub_0715:
    0715:    F3             DI       
    0716:    3E FF          LD       A, #$FF
    0718:    32 11 C0       LD       ($C011), A
    071B:    3A 06 C0       LD       A, ($C006)
    071E:    E6 FD          AND      A, #$FD
    0720:    32 06 C0       LD       ($C006), A
    0723:    D3 86          OUT      ($86), A
    0725:    3A B8 05       LD       A, ($05B8)
    0728:    32 28 C0       LD       ($C028), A
    072B:    3E 1E          LD       A, #$1E
    072D:    32 5F C0       LD       ($C05F), A
    0730:    FB             EI       
    0731:    C9             RET      
sub_0732:
    0732:    F3             DI       
    0733:    3E FF          LD       A, #$FF
    0735:    32 12 C0       LD       ($C012), A
    0738:    3A 06 C0       LD       A, ($C006)
    073B:    E6 FB          AND      A, #$FB
    073D:    32 06 C0       LD       ($C006), A
    0740:    D3 86          OUT      ($86), A
    0742:    3A B8 05       LD       A, ($05B8)
    0745:    32 29 C0       LD       ($C029), A
    0748:    3E 1E          LD       A, #$1E
    074A:    32 5F C0       LD       ($C05F), A
    074D:    FB             EI       
    074E:    C9             RET      
sub_074F:
    074F:    F3             DI       
    0750:    3E FF          LD       A, #$FF
    0752:    32 13 C0       LD       ($C013), A
    0755:    3A 06 C0       LD       A, ($C006)
    0758:    E6 F7          AND      A, #$F7
    075A:    32 06 C0       LD       ($C006), A
    075D:    D3 86          OUT      ($86), A
    075F:    3A B8 05       LD       A, ($05B8)
    0762:    32 2A C0       LD       ($C02A), A
    0765:    3E 1E          LD       A, #$1E
    0767:    32 5F C0       LD       ($C05F), A
    076A:    FB             EI       
    076B:    C9             RET      
sub_076C:
    076C:    F3             DI       
    076D:    3E FF          LD       A, #$FF
    076F:    32 18 C0       LD       ($C018), A
    0772:    3A 06 C0       LD       A, ($C006)
    0775:    E6 EF          AND      A, #$EF
    0777:    32 06 C0       LD       ($C006), A
    077A:    D3 86          OUT      ($86), A
    077C:    3A BD 05       LD       A, ($05BD)
    077F:    32 30 C0       LD       ($C030), A
    0782:    3E 1E          LD       A, #$1E
    0784:    32 5F C0       LD       ($C05F), A
    0787:    FB             EI       
    0788:    C9             RET      
sub_0789:
    0789:    F3             DI       
    078A:    3E FF          LD       A, #$FF
    078C:    32 15 C0       LD       ($C015), A
    078F:    3A 06 C0       LD       A, ($C006)
    0792:    E6 DF          AND      A, #$DF
    0794:    32 06 C0       LD       ($C006), A
    0797:    D3 86          OUT      ($86), A
    0799:    3A BA 05       LD       A, ($05BA)
    079C:    32 2D C0       LD       ($C02D), A
    079F:    3E 1E          LD       A, #$1E
    07A1:    32 5F C0       LD       ($C05F), A
    07A4:    FB             EI       
    07A5:    C9             RET      
sub_07A6:
    07A6:    F3             DI       
    07A7:    3E FF          LD       A, #$FF
    07A9:    32 16 C0       LD       ($C016), A
    07AC:    3A 06 C0       LD       A, ($C006)
    07AF:    E6 BF          AND      A, #$BF
    07B1:    32 06 C0       LD       ($C006), A
    07B4:    D3 86          OUT      ($86), A
    07B6:    3A BA 05       LD       A, ($05BA)
    07B9:    32 2E C0       LD       ($C02E), A
    07BC:    3E 1E          LD       A, #$1E
    07BE:    32 5F C0       LD       ($C05F), A
    07C1:    FB             EI       
    07C2:    C9             RET      
sub_07C3:
    07C3:    F3             DI       
    07C4:    3E FF          LD       A, #$FF
    07C6:    32 17 C0       LD       ($C017), A
    07C9:    3A 06 C0       LD       A, ($C006)
    07CC:    E6 7F          AND      A, #$7F
    07CE:    32 06 C0       LD       ($C006), A
    07D1:    D3 86          OUT      ($86), A
    07D3:    3A BB 05       LD       A, ($05BB)
    07D6:    32 2F C0       LD       ($C02F), A
    07D9:    3E 1E          LD       A, #$1E
    07DB:    32 5F C0       LD       ($C05F), A
    07DE:    FB             EI       
    07DF:    C9             RET      
sub_07E0:
    07E0:    F3             DI       
    07E1:    3E FF          LD       A, #$FF
    07E3:    32 19 C0       LD       ($C019), A
    07E6:    3A 05 C0       LD       A, ($C005)
    07E9:    E6 7F          AND      A, #$7F
    07EB:    32 05 C0       LD       ($C005), A
    07EE:    D3 85          OUT      ($85), A
    07F0:    3A BE 05       LD       A, ($05BE)
    07F3:    32 31 C0       LD       ($C031), A
    07F6:    3E 1E          LD       A, #$1E
    07F8:    32 5F C0       LD       ($C05F), A
    07FB:    FB             EI       
    07FC:    C9             RET      
sub_07FD:
    07FD:    F3             DI       
    07FE:    AF             XOR      A, A
    07FF:    32 0F C0       LD       ($C00F), A
    0802:    3A 05 C0       LD       A, ($C005)
    0805:    F6 40          OR       A, #$40
    0807:    32 05 C0       LD       ($C005), A
    080A:    D3 85          OUT      ($85), A
    080C:    FB             EI       
    080D:    C9             RET      
sub_080E:
    080E:    F3             DI       
    080F:    AF             XOR      A, A
    0810:    32 10 C0       LD       ($C010), A
    0813:    3A 06 C0       LD       A, ($C006)
    0816:    F6 01          OR       A, #$01
    0818:    32 06 C0       LD       ($C006), A
    081B:    D3 86          OUT      ($86), A
    081D:    FB             EI       
    081E:    C9             RET      
sub_081F:
    081F:    F3             DI       
    0820:    AF             XOR      A, A
    0821:    32 11 C0       LD       ($C011), A
    0824:    3A 06 C0       LD       A, ($C006)
    0827:    F6 02          OR       A, #$02
    0829:    32 06 C0       LD       ($C006), A
    082C:    D3 86          OUT      ($86), A
    082E:    FB             EI       
    082F:    C9             RET      
sub_0830:
    0830:    F3             DI       
    0831:    AF             XOR      A, A
    0832:    32 12 C0       LD       ($C012), A
    0835:    3A 06 C0       LD       A, ($C006)
    0838:    F6 04          OR       A, #$04
    083A:    32 06 C0       LD       ($C006), A
    083D:    D3 86          OUT      ($86), A
    083F:    FB             EI       
    0840:    C9             RET      
sub_0841:
    0841:    F3             DI       
    0842:    AF             XOR      A, A
    0843:    32 13 C0       LD       ($C013), A
    0846:    3A 06 C0       LD       A, ($C006)
    0849:    F6 08          OR       A, #$08
    084B:    32 06 C0       LD       ($C006), A
    084E:    D3 86          OUT      ($86), A
    0850:    FB             EI       
    0851:    C9             RET      
sub_0852:
    0852:    F3             DI       
    0853:    AF             XOR      A, A
    0854:    32 18 C0       LD       ($C018), A
    0857:    3A 06 C0       LD       A, ($C006)
    085A:    F6 10          OR       A, #$10
    085C:    32 06 C0       LD       ($C006), A
    085F:    D3 86          OUT      ($86), A
    0861:    FB             EI       
    0862:    C9             RET      
sub_0863:
    0863:    F3             DI       
    0864:    AF             XOR      A, A
    0865:    32 15 C0       LD       ($C015), A
    0868:    3A 06 C0       LD       A, ($C006)
    086B:    F6 20          OR       A, #$20
    086D:    32 06 C0       LD       ($C006), A
    0870:    D3 86          OUT      ($86), A
    0872:    FB             EI       
    0873:    C9             RET      
sub_0874:
    0874:    F3             DI       
    0875:    AF             XOR      A, A
    0876:    32 16 C0       LD       ($C016), A
    0879:    3A 06 C0       LD       A, ($C006)
    087C:    F6 40          OR       A, #$40
    087E:    32 06 C0       LD       ($C006), A
    0881:    D3 86          OUT      ($86), A
    0883:    FB             EI       
    0884:    C9             RET      
sub_0885:
    0885:    F3             DI       
    0886:    AF             XOR      A, A
    0887:    32 17 C0       LD       ($C017), A
    088A:    3A 06 C0       LD       A, ($C006)
    088D:    F6 80          OR       A, #$80
    088F:    32 06 C0       LD       ($C006), A
    0892:    D3 86          OUT      ($86), A
    0894:    FB             EI       
    0895:    C9             RET      
sub_0896:
    0896:    F3             DI       
    0897:    AF             XOR      A, A
    0898:    32 19 C0       LD       ($C019), A
    089B:    3A 05 C0       LD       A, ($C005)
    089E:    F6 80          OR       A, #$80
    08A0:    32 05 C0       LD       ($C005), A
    08A3:    D3 85          OUT      ($85), A
    08A5:    FB             EI       
    08A6:    C9             RET      
sub_08A7:
    08A7:    F3             DI       
    08A8:    2A B9 05       LD       HL, ($05B9)
    08AB:    22 2B C0       LD       ($C02B), HL
    08AE:    3E FF          LD       A, #$FF
    08B0:    32 14 C0       LD       ($C014), A
    08B3:    3A 08 C0       LD       A, ($C008)
    08B6:    E6 FE          AND      A, #$FE
    08B8:    32 08 C0       LD       ($C008), A
    08BB:    CD 44 01       CALL     host_send_c008_a
    08BE:    3E 1E          LD       A, #$1E
    08C0:    32 5F C0       LD       ($C05F), A
    08C3:    FB             EI       
    08C4:    C9             RET      
sub_08C5:
    08C5:    F3             DI       
    08C6:    3A 08 C0       LD       A, ($C008)
    08C9:    F6 01          OR       A, #$01
    08CB:    32 08 C0       LD       ($C008), A
    08CE:    CD 44 01       CALL     host_send_c008_a
    08D1:    FB             EI       
    08D2:    C9             RET      
sub_08D3:
    08D3:    F3             DI       
    08D4:    2A BF 05       LD       HL, ($05BF)
    08D7:    22 32 C0       LD       ($C032), HL
    08DA:    3E FF          LD       A, #$FF
    08DC:    32 1A C0       LD       ($C01A), A
    08DF:    3A 08 C0       LD       A, ($C008)
    08E2:    E6 FD          AND      A, #$FD
    08E4:    32 08 C0       LD       ($C008), A
    08E7:    CD 44 01       CALL     host_send_c008_a
    08EA:    3E 1E          LD       A, #$1E
    08EC:    32 5F C0       LD       ($C05F), A
    08EF:    FB             EI       
    08F0:    C9             RET      
sub_08F1:
    08F1:    F3             DI       
    08F2:    3A 08 C0       LD       A, ($C008)
    08F5:    F6 02          OR       A, #$02
    08F7:    32 08 C0       LD       ($C008), A
    08FA:    CD 44 01       CALL     host_send_c008_a
    08FD:    FB             EI       
    08FE:    C9             RET      
sub_08FF:
    08FF:    F3             DI       
    0900:    2A C1 05       LD       HL, ($05C1)
    0903:    22 34 C0       LD       ($C034), HL
    0906:    3E FF          LD       A, #$FF
    0908:    32 1B C0       LD       ($C01B), A
    090B:    3A 08 C0       LD       A, ($C008)
    090E:    E6 FB          AND      A, #$FB
    0910:    32 08 C0       LD       ($C008), A
    0913:    CD 44 01       CALL     host_send_c008_a
    0916:    3E 1E          LD       A, #$1E
    0918:    32 5F C0       LD       ($C05F), A
    091B:    FB             EI       
    091C:    C9             RET      
sub_091D:
    091D:    F3             DI       
    091E:    3A 08 C0       LD       A, ($C008)
    0921:    F6 04          OR       A, #$04
    0923:    32 08 C0       LD       ($C008), A
    0926:    CD 44 01       CALL     host_send_c008_a
    0929:    FB             EI       
    092A:    C9             RET      
sub_092B:
    092B:    F3             DI       
    092C:    2A C3 05       LD       HL, ($05C3)
    092F:    22 36 C0       LD       ($C036), HL
    0932:    3E FF          LD       A, #$FF
    0934:    32 1C C0       LD       ($C01C), A
    0937:    3A 08 C0       LD       A, ($C008)
    093A:    E6 F7          AND      A, #$F7
    093C:    32 08 C0       LD       ($C008), A
    093F:    CD 44 01       CALL     host_send_c008_a
    0942:    3E 1E          LD       A, #$1E
    0944:    32 5F C0       LD       ($C05F), A
    0947:    FB             EI       
    0948:    C9             RET      
sub_0949:
    0949:    F3             DI       
    094A:    3A 08 C0       LD       A, ($C008)
    094D:    F6 08          OR       A, #$08
    094F:    32 08 C0       LD       ($C008), A
    0952:    CD 44 01       CALL     host_send_c008_a
    0955:    FB             EI       
    0956:    C9             RET      
sub_0957:
    0957:    F3             DI       
    0958:    2A C5 05       LD       HL, ($05C5)
    095B:    22 38 C0       LD       ($C038), HL
    095E:    3E FF          LD       A, #$FF
    0960:    32 1D C0       LD       ($C01D), A
    0963:    3A 08 C0       LD       A, ($C008)
    0966:    E6 EF          AND      A, #$EF
    0968:    32 08 C0       LD       ($C008), A
    096B:    CD 44 01       CALL     host_send_c008_a
    096E:    3E 1E          LD       A, #$1E
    0970:    32 5F C0       LD       ($C05F), A
    0973:    FB             EI       
    0974:    C9             RET      
sub_0975:
    0975:    F3             DI       
    0976:    2A C5 05       LD       HL, ($05C5)
    0979:    22 38 C0       LD       ($C038), HL
    097C:    3E FF          LD       A, #$FF
    097E:    32 1D C0       LD       ($C01D), A
    0981:    3A 08 C0       LD       A, ($C008)
    0984:    E6 AF          AND      A, #$AF
    0986:    32 08 C0       LD       ($C008), A
    0989:    CD 44 01       CALL     host_send_c008_a
    098C:    3E 1E          LD       A, #$1E
    098E:    32 5F C0       LD       ($C05F), A
    0991:    FB             EI       
    0992:    C9             RET      
sub_0993:
    0993:    F3             DI       
    0994:    3A 08 C0       LD       A, ($C008)
    0997:    F6 50          OR       A, #$50
    0999:    32 08 C0       LD       ($C008), A
    099C:    CD 44 01       CALL     host_send_c008_a
    099F:    FB             EI       
    09A0:    C9             RET      


___BDATA_0006:
    09A1:    DB      0C                                                                  .

sub_09A2:
    09A2:    F3             DI       
    09A3:    3E FF          LD       A, #$FF
    09A5:    32 1E C0       LD       ($C01E), A
    09A8:    3A A1 09       LD       A, (___BDATA_0006)
    09AB:    32 3A C0       LD       ($C03A), A
    09AE:    3A 08 C0       LD       A, ($C008)
    09B1:    E6 DF          AND      A, #$DF
    09B3:    32 08 C0       LD       ($C008), A
    09B6:    CD 44 01       CALL     host_send_c008_a
    09B9:    FB             EI       
    09BA:    C9             RET      
sub_09BB:
    09BB:    F3             DI       
    09BC:    3E FF          LD       A, #$FF
    09BE:    32 1F C0       LD       ($C01F), A
    09C1:    3A A1 09       LD       A, (___BDATA_0006)
    09C4:    32 3B C0       LD       ($C03B), A
    09C7:    3A 08 C0       LD       A, ($C008)
    09CA:    E6 BF          AND      A, #$BF
    09CC:    32 08 C0       LD       ($C008), A
    09CF:    CD 44 01       CALL     host_send_c008_a
    09D2:    FB             EI       
    09D3:    C9             RET      
sub_09D4:
    09D4:    F3             DI       
    09D5:    3E FF          LD       A, #$FF
    09D7:    32 20 C0       LD       ($C020), A
    09DA:    3A A1 09       LD       A, (___BDATA_0006)
    09DD:    32 3C C0       LD       ($C03C), A
    09E0:    3A 08 C0       LD       A, ($C008)
    09E3:    E6 7F          AND      A, #$7F
    09E5:    32 08 C0       LD       ($C008), A
    09E8:    CD 44 01       CALL     host_send_c008_a
    09EB:    FB             EI       
    09EC:    C9             RET      
sub_09ED:
    09ED:    C9             RET      
sub_09EE:
    09EE:    3A 08 C0       LD       A, ($C008)
    09F1:    E6 DF          AND      A, #$DF
    09F3:    32 08 C0       LD       ($C008), A
    09F6:    CD 44 01       CALL     host_send_c008_a
    09F9:    C9             RET      
sub_09FA:
    09FA:    3A 08 C0       LD       A, ($C008)
    09FD:    E6 BF          AND      A, #$BF
    09FF:    32 08 C0       LD       ($C008), A
    0A02:    CD 44 01       CALL     host_send_c008_a
    0A05:    C9             RET      
sub_0A06:
    0A06:    3A 08 C0       LD       A, ($C008)
    0A09:    E6 7F          AND      A, #$7F
    0A0B:    32 08 C0       LD       ($C008), A
    0A0E:    CD 44 01       CALL     host_send_c008_a
    0A11:    C9             RET      
sub_0A12:
    0A12:    3A 08 C0       LD       A, ($C008)
    0A15:    F6 20          OR       A, #$20
    0A17:    32 08 C0       LD       ($C008), A
    0A1A:    CD 44 01       CALL     host_send_c008_a
    0A1D:    C9             RET      
sub_0A1E:
    0A1E:    3A 08 C0       LD       A, ($C008)
    0A21:    F6 40          OR       A, #$40
    0A23:    32 08 C0       LD       ($C008), A
    0A26:    CD 44 01       CALL     host_send_c008_a
    0A29:    C9             RET      
sub_0A2A:
    0A2A:    3A 08 C0       LD       A, ($C008)
    0A2D:    F6 80          OR       A, #$80
    0A2F:    32 08 C0       LD       ($C008), A
    0A32:    CD 44 01       CALL     host_send_c008_a
    0A35:    C9             RET      
sub_0A36:
    0A36:    CD 9A 37       CALL     sub_379A
    0A39:    AF             XOR      A, A
    0A3A:    32 5A C0       LD       ($C05A), A
    0A3D:    C9             RET      
sub_0A3E:
    0A3E:    CD D4 37       CALL     sub_37D4
    0A41:    C9             RET      
irq_handler:
    0A42:    F3             DI       
    0A43:    F5             PUSH     AF
    0A44:    C5             PUSH     BC
    0A45:    D5             PUSH     DE
    0A46:    E5             PUSH     HL
    0A47:    CD 46 34       CALL     lamp_scan_tick
    0A4A:    CD 35 33       CALL     sub_3335
    0A4D:    CD 54 2E       CALL     input_port03_read
    0A50:    3A 52 C0       LD       A, ($C052)
    0A53:    FE A5          CP       #$A5
    0A55:    CD 15 0D       CALL     sub_0D15
    0A58:    3A 44 C0       LD       A, ($C044)
    0A5B:    A7             AND      A, A
    0A5C:    C2 6E 0B       JP       NZ, $0B6E
    0A5F:    3E FF          LD       A, #$FF
    0A61:    32 44 C0       LD       ($C044), A
    0A64:    3A 09 C0       LD       A, ($C009)
    0A67:    A7             AND      A, A
    0A68:    CA 7F 0A       JP       Z, $0A7F
    0A6B:    3E 1E          LD       A, #$1E
    0A6D:    32 5F C0       LD       ($C05F), A
    0A70:    21 23 C0       LD       HL, #$C023
    0A73:    35             DEC      (HL)
    0A74:    C2 7F 0A       JP       NZ, $0A7F
    0A77:    CD 13 06       CALL     sub_0613
    0A7A:    3E FF          LD       A, #$FF
    0A7C:    32 62 C0       LD       ($C062), A
    0A7F:    3A 0B C0       LD       A, ($C00B)
    0A82:    A7             AND      A, A
    0A83:    CA 9A 0A       JP       Z, $0A9A
    0A86:    3E 1E          LD       A, #$1E
    0A88:    32 5F C0       LD       ($C05F), A
    0A8B:    21 25 C0       LD       HL, #$C025
    0A8E:    35             DEC      (HL)
    0A8F:    C2 9A 0A       JP       NZ, $0A9A
    0A92:    CD A5 06       CALL     sub_06A5
    0A95:    3E FF          LD       A, #$FF
    0A97:    32 64 C0       LD       ($C064), A
    0A9A:    3A 0F C0       LD       A, ($C00F)
    0A9D:    A7             AND      A, A
    0A9E:    CA BB 0A       JP       Z, $0ABB
    0AA1:    3E 1E          LD       A, #$1E
    0AA3:    32 5F C0       LD       ($C05F), A
    0AA6:    21 26 C0       LD       HL, #$C026
    0AA9:    35             DEC      (HL)
    0AAA:    C2 BB 0A       JP       NZ, $0ABB
    0AAD:    AF             XOR      A, A
    0AAE:    32 0F C0       LD       ($C00F), A
    0AB1:    3A 05 C0       LD       A, ($C005)
    0AB4:    F6 40          OR       A, #$40
    0AB6:    32 05 C0       LD       ($C005), A
    0AB9:    D3 85          OUT      ($85), A
    0ABB:    3A 10 C0       LD       A, ($C010)
    0ABE:    A7             AND      A, A
    0ABF:    CA DC 0A       JP       Z, $0ADC
    0AC2:    3E 1E          LD       A, #$1E
    0AC4:    32 5F C0       LD       ($C05F), A
    0AC7:    21 27 C0       LD       HL, #$C027
    0ACA:    35             DEC      (HL)
    0ACB:    C2 DC 0A       JP       NZ, $0ADC
    0ACE:    AF             XOR      A, A
    0ACF:    32 10 C0       LD       ($C010), A
    0AD2:    3A 06 C0       LD       A, ($C006)
    0AD5:    F6 01          OR       A, #$01
    0AD7:    32 06 C0       LD       ($C006), A
    0ADA:    D3 86          OUT      ($86), A
    0ADC:    3A 11 C0       LD       A, ($C011)
    0ADF:    A7             AND      A, A
    0AE0:    CA FD 0A       JP       Z, $0AFD
    0AE3:    3E 1E          LD       A, #$1E
    0AE5:    32 5F C0       LD       ($C05F), A
    0AE8:    21 28 C0       LD       HL, #$C028
    0AEB:    35             DEC      (HL)
    0AEC:    C2 FD 0A       JP       NZ, $0AFD
    0AEF:    AF             XOR      A, A
    0AF0:    32 11 C0       LD       ($C011), A
    0AF3:    3A 06 C0       LD       A, ($C006)
    0AF6:    F6 02          OR       A, #$02
    0AF8:    32 06 C0       LD       ($C006), A
    0AFB:    D3 86          OUT      ($86), A
    0AFD:    3A 19 C0       LD       A, ($C019)
    0B00:    A7             AND      A, A
    0B01:    CA 1E 0B       JP       Z, $0B1E
    0B04:    3E 1E          LD       A, #$1E
    0B06:    32 5F C0       LD       ($C05F), A
    0B09:    21 31 C0       LD       HL, #$C031
    0B0C:    35             DEC      (HL)
    0B0D:    C2 1E 0B       JP       NZ, $0B1E
    0B10:    AF             XOR      A, A
    0B11:    32 19 C0       LD       ($C019), A
    0B14:    3A 05 C0       LD       A, ($C005)
    0B17:    F6 80          OR       A, #$80
    0B19:    32 05 C0       LD       ($C005), A
    0B1C:    D3 85          OUT      ($85), A
    0B1E:    3A 1D C0       LD       A, ($C01D)
    0B21:    A7             AND      A, A
    0B22:    CA 4C 0B       JP       Z, $0B4C
    0B25:    3E 1E          LD       A, #$1E
    0B27:    32 5F C0       LD       ($C05F), A
    0B2A:    2A 38 C0       LD       HL, ($C038)
    0B2D:    11 00 00       LD       DE, reset_vector
    0B30:    AF             XOR      A, A
    0B31:    ED 52          SBC      HL, DE
    0B33:    CA 3D 0B       JP       Z, $0B3D
    0B36:    2B             DEC      HL
    0B37:    22 38 C0       LD       ($C038), HL
    0B3A:    C3 4C 0B       JP       $0B4C
    0B3D:    AF             XOR      A, A
    0B3E:    32 1D C0       LD       ($C01D), A
    0B41:    3A 08 C0       LD       A, ($C008)
    0B44:    F6 50          OR       A, #$50
    0B46:    32 08 C0       LD       ($C008), A
    0B49:    CD 44 01       CALL     host_send_c008_a
    0B4C:    3A 0C C0       LD       A, ($C00C)
    0B4F:    A7             AND      A, A
    0B50:    CA 58 0B       JP       Z, $0B58
    0B53:    3E 1E          LD       A, #$1E
    0B55:    32 5F C0       LD       ($C05F), A
    0B58:    3A 0E C0       LD       A, ($C00E)
    0B5B:    A7             AND      A, A
    0B5C:    CA 64 0B       JP       Z, $0B64
    0B5F:    3E 1E          LD       A, #$1E
    0B61:    32 5F C0       LD       ($C05F), A
    0B64:    CD B8 0C       CALL     sub_0CB8
    0B67:    E1             POP      HL
    0B68:    D1             POP      DE
    0B69:    C1             POP      BC
    0B6A:    F1             POP      AF
    0B6B:    FB             EI       
    0B6C:    ED 4D          RETI     
    0B6E:    AF             XOR      A, A
    0B6F:    32 44 C0       LD       ($C044), A
    0B72:    3A 0A C0       LD       A, ($C00A)
    0B75:    A7             AND      A, A
    0B76:    CA 8D 0B       JP       Z, $0B8D
    0B79:    3E 1E          LD       A, #$1E
    0B7B:    32 5F C0       LD       ($C05F), A
    0B7E:    21 24 C0       LD       HL, #$C024
    0B81:    35             DEC      (HL)
    0B82:    C2 8D 0B       JP       NZ, $0B8D
    0B85:    CD 30 06       CALL     sub_0630
    0B88:    3E FF          LD       A, #$FF
    0B8A:    32 63 C0       LD       ($C063), A
    0B8D:    3A 12 C0       LD       A, ($C012)
    0B90:    A7             AND      A, A
    0B91:    CA AE 0B       JP       Z, $0BAE
    0B94:    3E 1E          LD       A, #$1E
    0B96:    32 5F C0       LD       ($C05F), A
    0B99:    21 29 C0       LD       HL, #$C029
    0B9C:    35             DEC      (HL)
    0B9D:    C2 AE 0B       JP       NZ, $0BAE
    0BA0:    AF             XOR      A, A
    0BA1:    32 12 C0       LD       ($C012), A
    0BA4:    3A 06 C0       LD       A, ($C006)
    0BA7:    F6 04          OR       A, #$04
    0BA9:    32 06 C0       LD       ($C006), A
    0BAC:    D3 86          OUT      ($86), A
    0BAE:    3A 13 C0       LD       A, ($C013)
    0BB1:    A7             AND      A, A
    0BB2:    CA CF 0B       JP       Z, $0BCF
    0BB5:    3E 1E          LD       A, #$1E
    0BB7:    32 5F C0       LD       ($C05F), A
    0BBA:    21 2A C0       LD       HL, #$C02A
    0BBD:    35             DEC      (HL)
    0BBE:    C2 CF 0B       JP       NZ, $0BCF
    0BC1:    AF             XOR      A, A
    0BC2:    32 13 C0       LD       ($C013), A
    0BC5:    3A 06 C0       LD       A, ($C006)
    0BC8:    F6 08          OR       A, #$08
    0BCA:    32 06 C0       LD       ($C006), A
    0BCD:    D3 86          OUT      ($86), A
    0BCF:    3A 18 C0       LD       A, ($C018)
    0BD2:    A7             AND      A, A
    0BD3:    CA F0 0B       JP       Z, $0BF0
    0BD6:    3E 1E          LD       A, #$1E
    0BD8:    32 5F C0       LD       ($C05F), A
    0BDB:    21 30 C0       LD       HL, #$C030
    0BDE:    35             DEC      (HL)
    0BDF:    C2 F0 0B       JP       NZ, $0BF0
    0BE2:    AF             XOR      A, A
    0BE3:    32 18 C0       LD       ($C018), A
    0BE6:    3A 06 C0       LD       A, ($C006)
    0BE9:    F6 10          OR       A, #$10
    0BEB:    32 06 C0       LD       ($C006), A
    0BEE:    D3 86          OUT      ($86), A
    0BF0:    3A 15 C0       LD       A, ($C015)
    0BF3:    A7             AND      A, A
    0BF4:    CA 11 0C       JP       Z, $0C11
    0BF7:    3E 1E          LD       A, #$1E
    0BF9:    32 5F C0       LD       ($C05F), A
    0BFC:    21 2D C0       LD       HL, #$C02D
    0BFF:    35             DEC      (HL)
    0C00:    C2 11 0C       JP       NZ, $0C11
    0C03:    AF             XOR      A, A
    0C04:    32 15 C0       LD       ($C015), A
    0C07:    3A 06 C0       LD       A, ($C006)
    0C0A:    F6 20          OR       A, #$20
    0C0C:    32 06 C0       LD       ($C006), A
    0C0F:    D3 86          OUT      ($86), A
    0C11:    3A 16 C0       LD       A, ($C016)
    0C14:    A7             AND      A, A
    0C15:    CA 32 0C       JP       Z, $0C32
    0C18:    3E 1E          LD       A, #$1E
    0C1A:    32 5F C0       LD       ($C05F), A
    0C1D:    21 2E C0       LD       HL, #$C02E
    0C20:    35             DEC      (HL)
    0C21:    C2 32 0C       JP       NZ, $0C32
    0C24:    AF             XOR      A, A
    0C25:    32 16 C0       LD       ($C016), A
    0C28:    3A 06 C0       LD       A, ($C006)
    0C2B:    F6 40          OR       A, #$40
    0C2D:    32 06 C0       LD       ($C006), A
    0C30:    D3 86          OUT      ($86), A
    0C32:    3A 17 C0       LD       A, ($C017)
    0C35:    A7             AND      A, A
    0C36:    CA 53 0C       JP       Z, $0C53
    0C39:    3E 1E          LD       A, #$1E
    0C3B:    32 5F C0       LD       ($C05F), A
    0C3E:    21 2F C0       LD       HL, #$C02F
    0C41:    35             DEC      (HL)
    0C42:    C2 53 0C       JP       NZ, $0C53
    0C45:    AF             XOR      A, A
    0C46:    32 17 C0       LD       ($C017), A
    0C49:    3A 06 C0       LD       A, ($C006)
    0C4C:    F6 80          OR       A, #$80
    0C4E:    32 06 C0       LD       ($C006), A
    0C51:    D3 86          OUT      ($86), A
    0C53:    3A 1B C0       LD       A, ($C01B)
    0C56:    A7             AND      A, A
    0C57:    CA 81 0C       JP       Z, $0C81
    0C5A:    3E 1E          LD       A, #$1E
    0C5C:    32 5F C0       LD       ($C05F), A
    0C5F:    2A 34 C0       LD       HL, ($C034)
    0C62:    11 00 00       LD       DE, reset_vector
    0C65:    AF             XOR      A, A
    0C66:    ED 52          SBC      HL, DE
    0C68:    CA 72 0C       JP       Z, $0C72
    0C6B:    2B             DEC      HL
    0C6C:    22 34 C0       LD       ($C034), HL
    0C6F:    C3 81 0C       JP       $0C81
    0C72:    AF             XOR      A, A
    0C73:    32 1B C0       LD       ($C01B), A
    0C76:    3A 08 C0       LD       A, ($C008)
    0C79:    F6 04          OR       A, #$04
    0C7B:    32 08 C0       LD       ($C008), A
    0C7E:    CD 44 01       CALL     host_send_c008_a
    0C81:    3A 0D C0       LD       A, ($C00D)
    0C84:    A7             AND      A, A
    0C85:    CA 8D 0C       JP       Z, $0C8D
    0C88:    3E 1E          LD       A, #$1E
    0C8A:    32 5F C0       LD       ($C05F), A
    0C8D:    CD 97 0C       CALL     port81_bit3_toggle
    0C90:    E1             POP      HL
    0C91:    D1             POP      DE
    0C92:    C1             POP      BC
    0C93:    F1             POP      AF
    0C94:    FB             EI       
    0C95:    ED 4D          RETI     
port81_bit3_toggle:
    0C97:    21 45 C0       LD       HL, #$C045
    0C9A:    35             DEC      (HL)
    0C9B:    C0             RET      NZ
    0C9C:    36 10          LD       (HL), #$10
    0C9E:    3A 01 C0       LD       A, ($C001)
    0CA1:    CB 5F          BIT      3, A
    0CA3:    CA B0 0C       JP       Z, $0CB0
    0CA6:    CB 9F          RES      3, A
    0CA8:    CB 87          RES      0, A
    0CAA:    32 01 C0       LD       ($C001), A
    0CAD:    D3 81          OUT      ($81), A
    0CAF:    C9             RET      
    0CB0:    CB DF          SET      3, A
    0CB2:    32 01 C0       LD       ($C001), A
    0CB5:    D3 81          OUT      ($81), A
    0CB7:    C9             RET      
sub_0CB8:
    0CB8:    2A 4C C0       LD       HL, ($C04C)
    0CBB:    11 00 00       LD       DE, reset_vector
    0CBE:    AF             XOR      A, A
    0CBF:    ED 52          SBC      HL, DE
    0CC1:    CA CB 0C       JP       Z, $0CCB
    0CC4:    2B             DEC      HL
    0CC5:    22 4C C0       LD       ($C04C), HL
    0CC8:    C3 CE 0C       JP       $0CCE
    0CCB:    32 4E C0       LD       ($C04E), A
    0CCE:    2A 4F C0       LD       HL, ($C04F)
    0CD1:    11 00 00       LD       DE, reset_vector
    0CD4:    AF             XOR      A, A
    0CD5:    ED 52          SBC      HL, DE
    0CD7:    CA E1 0C       JP       Z, $0CE1
    0CDA:    2B             DEC      HL
    0CDB:    22 4F C0       LD       ($C04F), HL
    0CDE:    C3 E4 0C       JP       $0CE4
    0CE1:    32 51 C0       LD       ($C051), A
    0CE4:    2A 49 C0       LD       HL, ($C049)
    0CE7:    11 00 00       LD       DE, reset_vector
    0CEA:    AF             XOR      A, A
    0CEB:    ED 52          SBC      HL, DE
    0CED:    CA F7 0C       JP       Z, $0CF7
    0CF0:    2B             DEC      HL
    0CF1:    22 49 C0       LD       ($C049), HL
    0CF4:    C3 FA 0C       JP       $0CFA
    0CF7:    32 4B C0       LD       ($C04B), A
    0CFA:    3A 5F C0       LD       A, ($C05F)
    0CFD:    A7             AND      A, A
    0CFE:    CA 05 0D       JP       Z, $0D05
    0D01:    3D             DEC      A
    0D02:    32 5F C0       LD       ($C05F), A
    0D05:    21 6D C0       LD       HL, #$C06D
    0D08:    7E             LD       A, (HL)
    0D09:    A7             AND      A, A
    0D0A:    CA 0E 0D       JP       Z, $0D0E
    0D0D:    35             DEC      (HL)
    0D0E:    23             INC      HL
    0D0F:    7E             LD       A, (HL)
    0D10:    A7             AND      A, A
    0D11:    C8             RET      Z
    0D12:    35             DEC      (HL)
    0D13:    C9             RET      


___BDATA_0007:
    0D14:    DB      32                                                                  2

sub_0D15:
    0D15:    3A E3 C0       LD       A, ($C0E3)
    0D18:    CB 6F          BIT      5, A
    0D1A:    CA 24 0D       JP       Z, $0D24
    0D1D:    3A 14 0D       LD       A, (___BDATA_0007)
    0D20:    32 46 C0       LD       ($C046), A
    0D23:    C9             RET      
    0D24:    3A 46 C0       LD       A, ($C046)
    0D27:    A7             AND      A, A
    0D28:    CA 30 0D       JP       Z, $0D30
    0D2B:    3D             DEC      A
    0D2C:    32 46 C0       LD       ($C046), A
    0D2F:    C9             RET      
    0D30:    3E 20          LD       A, #$20
    0D32:    CD FA 33       CALL     sub_33FA
    0D35:    3A 68 C0       LD       A, ($C068)
    0D38:    A7             AND      A, A
    0D39:    C2 44 0D       JP       NZ, $0D44
    0D3C:    3E 32          LD       A, #$32
    0D3E:    32 FC C0       LD       ($C0FC), A
    0D41:    C3 16 01       JP       host_send_c0fc
    0D44:    3E 33          LD       A, #$33
    0D46:    32 FC C0       LD       ($C0FC), A
    0D49:    C3 16 01       JP       host_send_c0fc
main_loop:
    0D4C:    CD 62 2E       CALL     input_port03_read_tick
    0D4F:    CD 76 0D       CALL     input_port03_bit3
    0D52:    CD D5 16       CALL     host_cmd_dispatch
    0D55:    3A E3 C0       LD       A, ($C0E3)
    0D58:    F6 CC          OR       A, #$CC
    0D5A:    FE FF          CP       #$FF
    0D5C:    C4 42 12       CALL     NZ, sub_1242
    0D5F:    CD BF 0D       CALL     direct_input_scan
    0D62:    3A 56 C0       LD       A, ($C056)
    0D65:    A7             AND      A, A
    0D66:    C2 4C 0D       JP       NZ, main_loop
    0D69:    3A 19 C1       LD       A, ($C119)
    0D6C:    A7             AND      A, A
    0D6D:    C2 4C 0D       JP       NZ, main_loop
    0D70:    CD 12 38       CALL     anim78_dispatch
    0D73:    C3 4C 0D       JP       main_loop
input_port03_bit3:
    0D76:    DB 03          IN       A, ($03)
    0D78:    CB 5F          BIT      3, A
    0D7A:    CC 92 12       CALL     Z, sub_1292
    0D7D:    3A 0C C0       LD       A, ($C00C)
    0D80:    21 09 C0       LD       HL, #$C009
    0D83:    B6             OR       A, (HL)
    0D84:    CA 8E 0D       JP       Z, $0D8E
    0D87:    DB 03          IN       A, ($03)
    0D89:    CB 5F          BIT      3, A
    0D8B:    C4 4D 06       CALL     NZ, sub_064D
    0D8E:    DB 03          IN       A, ($03)
    0D90:    CB 57          BIT      2, A
    0D92:    CC D8 12       CALL     Z, sub_12D8
    0D95:    3A 0D C0       LD       A, ($C00D)
    0D98:    21 0A C0       LD       HL, #$C00A
    0D9B:    B6             OR       A, (HL)
    0D9C:    CA B0 0D       JP       Z, $0DB0
    0D9F:    DB 03          IN       A, ($03)
    0DA1:    CB 57          BIT      2, A
    0DA3:    CA B0 0D       JP       Z, $0DB0
    0DA6:    CD 66 06       CALL     sub_0666
    0DA9:    3A 5B C0       LD       A, ($C05B)
    0DAC:    A7             AND      A, A
    0DAD:    C4 C2 06       CALL     NZ, sub_06C2
    0DB0:    3A 6A C0       LD       A, ($C06A)
    0DB3:    A7             AND      A, A
    0DB4:    C0             RET      NZ
    0DB5:    CD 4D 06       CALL     sub_064D
    0DB8:    CD 66 06       CALL     sub_0666
    0DBB:    CD C2 06       CALL     sub_06C2
    0DBE:    C9             RET      
direct_input_scan:
    0DBF:    DB 04          IN       A, ($04)
    0DC1:    CB 47          BIT      0, A
    0DC3:    C0             RET      NZ
    0DC4:    3A 56 C0       LD       A, ($C056)
    0DC7:    A7             AND      A, A
    0DC8:    C8             RET      Z
    0DC9:    3A 62 C0       LD       A, ($C062)
    0DCC:    A7             AND      A, A
    0DCD:    C4 FE 0F       CALL     NZ, sub_0FFE
    0DD0:    3A 63 C0       LD       A, ($C063)
    0DD3:    A7             AND      A, A
    0DD4:    C4 11 10       CALL     NZ, sub_1011
    0DD7:    3A 64 C0       LD       A, ($C064)
    0DDA:    A7             AND      A, A
    0DDB:    C4 24 10       CALL     NZ, sub_1024
    0DDE:    3A 5F C0       LD       A, ($C05F)
    0DE1:    A7             AND      A, A
    0DE2:    C0             RET      NZ
    0DE3:    06 10          LD       B, #$10
    0DE5:    0E 00          LD       C, #$00
    0DE7:    11 18 12       LD       DE, ___BDATA_0008
    0DEA:    3A 07 C0       LD       A, ($C007)
    0DED:    E6 F0          AND      A, #$F0
    0DEF:    B1             OR       A, C
    0DF0:    32 07 C0       LD       ($C007), A
    0DF3:    D3 87          OUT      ($87), A
    0DF5:    00             NOP      
    0DF6:    00             NOP      
    0DF7:    00             NOP      
    0DF8:    DB 01          IN       A, ($01)
    0DFA:    CB 6F          BIT      5, A
    0DFC:    CA 31 0E       JP       Z, $0E31
    0DFF:    0C             INC      C
    0E00:    13             INC      DE
    0E01:    10 E7          DJNZ     $0DEA
    0E03:    CD B6 01       CALL     host_read_byte
    0E06:    13             INC      DE
    0E07:    3A 60 C0       LD       A, ($C060)
    0E0A:    CB 47          BIT      0, A
    0E0C:    C4 4E 0E       CALL     NZ, sub_0E4E
    0E0F:    13             INC      DE
    0E10:    3A 60 C0       LD       A, ($C060)
    0E13:    CB 4F          BIT      1, A
    0E15:    C4 BA 0E       CALL     NZ, sub_0EBA
    0E18:    13             INC      DE
    0E19:    3A 60 C0       LD       A, ($C060)
    0E1C:    CB 57          BIT      2, A
    0E1E:    C4 26 0F       CALL     NZ, sub_0F26
    0E21:    13             INC      DE
    0E22:    13             INC      DE
    0E23:    3A 60 C0       LD       A, ($C060)
    0E26:    CB 67          BIT      4, A
    0E28:    C4 92 0F       CALL     NZ, sub_0F92
    0E2B:    3E 3C          LD       A, #$3C
    0E2D:    32 5F C0       LD       ($C05F), A
    0E30:    C9             RET      
    0E31:    3E 05          LD       A, #$05
    0E33:    32 5F C0       LD       ($C05F), A
    0E36:    DB 01          IN       A, ($01)
    0E38:    CB 6F          BIT      5, A
    0E3A:    C2 FF 0D       JP       NZ, $0DFF
    0E3D:    3A 5F C0       LD       A, ($C05F)
    0E40:    A7             AND      A, A
    0E41:    C2 36 0E       JP       NZ, $0E36
    0E44:    CD 51 28       CALL     sub_2851
    0E47:    1A             LD       A, (DE)
    0E48:    32 FC C0       LD       ($C0FC), A
    0E4B:    C3 16 01       JP       host_send_c0fc
sub_0E4E:
    0E4E:    3E 01          LD       A, #$01
    0E50:    32 5F C0       LD       ($C05F), A
    0E53:    3A 5F C0       LD       A, ($C05F)
    0E56:    A7             AND      A, A
    0E57:    C2 53 0E       JP       NZ, $0E53
    0E5A:    CD B6 01       CALL     host_read_byte
    0E5D:    3A 60 C0       LD       A, ($C060)
    0E60:    CB 47          BIT      0, A
    0E62:    C8             RET      Z
    0E63:    3E 01          LD       A, #$01
    0E65:    32 5F C0       LD       ($C05F), A
    0E68:    3A 5F C0       LD       A, ($C05F)
    0E6B:    A7             AND      A, A
    0E6C:    C2 68 0E       JP       NZ, $0E68
    0E6F:    CD B6 01       CALL     host_read_byte
    0E72:    3A 60 C0       LD       A, ($C060)
    0E75:    CB 47          BIT      0, A
    0E77:    C8             RET      Z
    0E78:    3E 01          LD       A, #$01
    0E7A:    32 5F C0       LD       ($C05F), A
    0E7D:    3A 5F C0       LD       A, ($C05F)
    0E80:    A7             AND      A, A
    0E81:    C2 7D 0E       JP       NZ, $0E7D
    0E84:    CD B6 01       CALL     host_read_byte
    0E87:    3A 60 C0       LD       A, ($C060)
    0E8A:    CB 47          BIT      0, A
    0E8C:    C8             RET      Z
    0E8D:    3E 01          LD       A, #$01
    0E8F:    32 5F C0       LD       ($C05F), A
    0E92:    3A 5F C0       LD       A, ($C05F)
    0E95:    A7             AND      A, A
    0E96:    C2 92 0E       JP       NZ, $0E92
    0E99:    CD B6 01       CALL     host_read_byte
    0E9C:    3A 60 C0       LD       A, ($C060)
    0E9F:    CB 47          BIT      0, A
    0EA1:    C8             RET      Z
    0EA2:    3E 01          LD       A, #$01
    0EA4:    32 5F C0       LD       ($C05F), A
    0EA7:    3A 5F C0       LD       A, ($C05F)
    0EAA:    A7             AND      A, A
    0EAB:    C2 A7 0E       JP       NZ, $0EA7
    0EAE:    CD B6 01       CALL     host_read_byte
    0EB1:    3A 60 C0       LD       A, ($C060)
    0EB4:    CB 47          BIT      0, A
    0EB6:    C8             RET      Z
    0EB7:    C3 44 0E       JP       $0E44
sub_0EBA:
    0EBA:    3E 01          LD       A, #$01
    0EBC:    32 5F C0       LD       ($C05F), A
    0EBF:    3A 5F C0       LD       A, ($C05F)
    0EC2:    A7             AND      A, A
    0EC3:    C2 BF 0E       JP       NZ, $0EBF
    0EC6:    CD B6 01       CALL     host_read_byte
    0EC9:    3A 60 C0       LD       A, ($C060)
    0ECC:    CB 4F          BIT      1, A
    0ECE:    C8             RET      Z
    0ECF:    3E 01          LD       A, #$01
    0ED1:    32 5F C0       LD       ($C05F), A
    0ED4:    3A 5F C0       LD       A, ($C05F)
    0ED7:    A7             AND      A, A
    0ED8:    C2 D4 0E       JP       NZ, $0ED4
    0EDB:    CD B6 01       CALL     host_read_byte
    0EDE:    3A 60 C0       LD       A, ($C060)
    0EE1:    CB 4F          BIT      1, A
    0EE3:    C8             RET      Z
    0EE4:    3E 01          LD       A, #$01
    0EE6:    32 5F C0       LD       ($C05F), A
    0EE9:    3A 5F C0       LD       A, ($C05F)
    0EEC:    A7             AND      A, A
    0EED:    C2 E9 0E       JP       NZ, $0EE9
    0EF0:    CD B6 01       CALL     host_read_byte
    0EF3:    3A 60 C0       LD       A, ($C060)
    0EF6:    CB 4F          BIT      1, A
    0EF8:    C8             RET      Z
    0EF9:    3E 01          LD       A, #$01
    0EFB:    32 5F C0       LD       ($C05F), A
    0EFE:    3A 5F C0       LD       A, ($C05F)
    0F01:    A7             AND      A, A
    0F02:    C2 FE 0E       JP       NZ, $0EFE
    0F05:    CD B6 01       CALL     host_read_byte
    0F08:    3A 60 C0       LD       A, ($C060)
    0F0B:    CB 4F          BIT      1, A
    0F0D:    C8             RET      Z
    0F0E:    3E 01          LD       A, #$01
    0F10:    32 5F C0       LD       ($C05F), A
    0F13:    3A 5F C0       LD       A, ($C05F)
    0F16:    A7             AND      A, A
    0F17:    C2 13 0F       JP       NZ, $0F13
    0F1A:    CD B6 01       CALL     host_read_byte
    0F1D:    3A 60 C0       LD       A, ($C060)
    0F20:    CB 4F          BIT      1, A
    0F22:    C8             RET      Z
    0F23:    C3 44 0E       JP       $0E44
sub_0F26:
    0F26:    3E 01          LD       A, #$01
    0F28:    32 5F C0       LD       ($C05F), A
    0F2B:    3A 5F C0       LD       A, ($C05F)
    0F2E:    A7             AND      A, A
    0F2F:    C2 2B 0F       JP       NZ, $0F2B
    0F32:    CD B6 01       CALL     host_read_byte
    0F35:    3A 60 C0       LD       A, ($C060)
    0F38:    CB 57          BIT      2, A
    0F3A:    C8             RET      Z
    0F3B:    3E 01          LD       A, #$01
    0F3D:    32 5F C0       LD       ($C05F), A
    0F40:    3A 5F C0       LD       A, ($C05F)
    0F43:    A7             AND      A, A
    0F44:    C2 40 0F       JP       NZ, $0F40
    0F47:    CD B6 01       CALL     host_read_byte
    0F4A:    3A 60 C0       LD       A, ($C060)
    0F4D:    CB 57          BIT      2, A
    0F4F:    C8             RET      Z
    0F50:    3E 01          LD       A, #$01
    0F52:    32 5F C0       LD       ($C05F), A
    0F55:    3A 5F C0       LD       A, ($C05F)
    0F58:    A7             AND      A, A
    0F59:    C2 55 0F       JP       NZ, $0F55
    0F5C:    CD B6 01       CALL     host_read_byte
    0F5F:    3A 60 C0       LD       A, ($C060)
    0F62:    CB 57          BIT      2, A
    0F64:    C8             RET      Z
    0F65:    3E 01          LD       A, #$01
    0F67:    32 5F C0       LD       ($C05F), A
    0F6A:    3A 5F C0       LD       A, ($C05F)
    0F6D:    A7             AND      A, A
    0F6E:    C2 6A 0F       JP       NZ, $0F6A
    0F71:    CD B6 01       CALL     host_read_byte
    0F74:    3A 60 C0       LD       A, ($C060)
    0F77:    CB 57          BIT      2, A
    0F79:    C8             RET      Z
    0F7A:    3E 01          LD       A, #$01
    0F7C:    32 5F C0       LD       ($C05F), A
    0F7F:    3A 5F C0       LD       A, ($C05F)
    0F82:    A7             AND      A, A
    0F83:    C2 7F 0F       JP       NZ, $0F7F
    0F86:    CD B6 01       CALL     host_read_byte
    0F89:    3A 60 C0       LD       A, ($C060)
    0F8C:    CB 57          BIT      2, A
    0F8E:    C8             RET      Z
    0F8F:    C3 44 0E       JP       $0E44
sub_0F92:
    0F92:    3E 01          LD       A, #$01
    0F94:    32 5F C0       LD       ($C05F), A
    0F97:    3A 5F C0       LD       A, ($C05F)
    0F9A:    A7             AND      A, A
    0F9B:    C2 97 0F       JP       NZ, $0F97
    0F9E:    CD B6 01       CALL     host_read_byte
    0FA1:    3A 60 C0       LD       A, ($C060)
    0FA4:    CB 67          BIT      4, A
    0FA6:    C8             RET      Z
    0FA7:    3E 01          LD       A, #$01
    0FA9:    32 5F C0       LD       ($C05F), A
    0FAC:    3A 5F C0       LD       A, ($C05F)
    0FAF:    A7             AND      A, A
    0FB0:    C2 AC 0F       JP       NZ, $0FAC
    0FB3:    CD B6 01       CALL     host_read_byte
    0FB6:    3A 60 C0       LD       A, ($C060)
    0FB9:    CB 67          BIT      4, A
    0FBB:    C8             RET      Z
    0FBC:    3E 01          LD       A, #$01
    0FBE:    32 5F C0       LD       ($C05F), A
    0FC1:    3A 5F C0       LD       A, ($C05F)
    0FC4:    A7             AND      A, A
    0FC5:    C2 C1 0F       JP       NZ, $0FC1
    0FC8:    CD B6 01       CALL     host_read_byte
    0FCB:    3A 60 C0       LD       A, ($C060)
    0FCE:    CB 67          BIT      4, A
    0FD0:    C8             RET      Z
    0FD1:    3E 01          LD       A, #$01
    0FD3:    32 5F C0       LD       ($C05F), A
    0FD6:    3A 5F C0       LD       A, ($C05F)
    0FD9:    A7             AND      A, A
    0FDA:    C2 D6 0F       JP       NZ, $0FD6
    0FDD:    CD B6 01       CALL     host_read_byte
    0FE0:    3A 60 C0       LD       A, ($C060)
    0FE3:    CB 67          BIT      4, A
    0FE5:    C8             RET      Z
    0FE6:    3E 01          LD       A, #$01
    0FE8:    32 5F C0       LD       ($C05F), A
    0FEB:    3A 5F C0       LD       A, ($C05F)
    0FEE:    A7             AND      A, A
    0FEF:    C2 EB 0F       JP       NZ, $0FEB
    0FF2:    CD B6 01       CALL     host_read_byte
    0FF5:    3A 60 C0       LD       A, ($C060)
    0FF8:    CB 67          BIT      4, A
    0FFA:    C8             RET      Z
    0FFB:    C3 44 0E       JP       $0E44
sub_0FFE:
    0FFE:    3A 65 C0       LD       A, ($C065)
    1001:    A7             AND      A, A
    1002:    C0             RET      NZ
    1003:    3E FF          LD       A, #$FF
    1005:    32 65 C0       LD       ($C065), A
    1008:    3A 3F 12       LD       A, ($123F)
    100B:    32 FC C0       LD       ($C0FC), A
    100E:    C3 16 01       JP       host_send_c0fc
sub_1011:
    1011:    3A 66 C0       LD       A, ($C066)
    1014:    A7             AND      A, A
    1015:    C0             RET      NZ
    1016:    3E FF          LD       A, #$FF
    1018:    32 66 C0       LD       ($C066), A
    101B:    3A 40 12       LD       A, ($1240)
    101E:    32 FC C0       LD       ($C0FC), A
    1021:    C3 16 01       JP       host_send_c0fc
sub_1024:
    1024:    3A 67 C0       LD       A, ($C067)
    1027:    A7             AND      A, A
    1028:    C0             RET      NZ
    1029:    3E FF          LD       A, #$FF
    102B:    32 67 C0       LD       ($C067), A
    102E:    3A 41 12       LD       A, ($1241)
    1031:    32 FC C0       LD       ($C0FC), A
    1034:    C3 16 01       JP       host_send_c0fc
sub_1037:
    1037:    0E 01          LD       C, #$01
    1039:    11 2D 12       LD       DE, #$122D
    103C:    CD 13 06       CALL     sub_0613
    103F:    CD E4 10       CALL     sub_10E4
    1042:    CD 4D 06       CALL     sub_064D
    1045:    0E 03          LD       C, #$03
    1047:    CD 30 06       CALL     sub_0630
    104A:    CD E4 10       CALL     sub_10E4
    104D:    CD 66 06       CALL     sub_0666
    1050:    0E 05          LD       C, #$05
    1052:    CD A5 06       CALL     sub_06A5
    1055:    CD E4 10       CALL     sub_10E4
    1058:    CD C2 06       CALL     sub_06C2
    105B:    0E 06          LD       C, #$06
    105D:    CD DB 06       CALL     sub_06DB
    1060:    CD E4 10       CALL     sub_10E4
    1063:    CD FD 07       CALL     sub_07FD
    1066:    CD E0 07       CALL     sub_07E0
    1069:    CD E4 10       CALL     sub_10E4
    106C:    CD 96 08       CALL     sub_0896
    106F:    CD F8 06       CALL     sub_06F8
    1072:    CD E4 10       CALL     sub_10E4
    1075:    CD 0E 08       CALL     sub_080E
    1078:    CD 15 07       CALL     sub_0715
    107B:    CD E4 10       CALL     sub_10E4
    107E:    CD 1F 08       CALL     sub_081F
    1081:    CD 32 07       CALL     sub_0732
    1084:    CD E4 10       CALL     sub_10E4
    1087:    CD 30 08       CALL     sub_0830
    108A:    CD 4F 07       CALL     sub_074F
    108D:    CD E4 10       CALL     sub_10E4
    1090:    CD 41 08       CALL     sub_0841
    1093:    CD 6C 07       CALL     sub_076C
    1096:    CD E4 10       CALL     sub_10E4
    1099:    CD 52 08       CALL     sub_0852
    109C:    CD 89 07       CALL     sub_0789
    109F:    CD E4 10       CALL     sub_10E4
    10A2:    CD 63 08       CALL     sub_0863
    10A5:    CD A6 07       CALL     sub_07A6
    10A8:    CD E4 10       CALL     sub_10E4
    10AB:    CD 74 08       CALL     sub_0874
    10AE:    CD C3 07       CALL     sub_07C3
    10B1:    CD E4 10       CALL     sub_10E4
    10B4:    CD 85 08       CALL     sub_0885
    10B7:    CD A7 08       CALL     sub_08A7
    10BA:    CD 21 11       CALL     sub_1121
    10BD:    CD C5 08       CALL     sub_08C5
    10C0:    CD D3 08       CALL     sub_08D3
    10C3:    CD 56 11       CALL     sub_1156
    10C6:    CD F1 08       CALL     sub_08F1
    10C9:    CD FF 08       CALL     sub_08FF
    10CC:    CD 8B 11       CALL     sub_118B
    10CF:    CD 1D 09       CALL     sub_091D
    10D2:    13             INC      DE
    10D3:    CD 57 09       CALL     sub_0957
    10D6:    CD C0 11       CALL     sub_11C0
    10D9:    CD 93 09       CALL     sub_0993
    10DC:    3E 7A          LD       A, #$7A
    10DE:    32 FC C0       LD       ($C0FC), A
    10E1:    C3 16 01       JP       host_send_c0fc
sub_10E4:
    10E4:    21 4C C0       LD       HL, #$C04C
    10E7:    36 04          LD       (HL), #$04
    10E9:    3E FF          LD       A, #$FF
    10EB:    32 4E C0       LD       ($C04E), A
    10EE:    3A 07 C0       LD       A, ($C007)
    10F1:    E6 F0          AND      A, #$F0
    10F3:    B1             OR       A, C
    10F4:    32 07 C0       LD       ($C007), A
    10F7:    D3 87          OUT      ($87), A
    10F9:    DB 01          IN       A, ($01)
    10FB:    CB 6F          BIT      5, A
    10FD:    CA 0E 11       JP       Z, $110E
    1100:    3A 4E C0       LD       A, ($C04E)
    1103:    A7             AND      A, A
    1104:    C2 F9 10       JP       NZ, $10F9
    1107:    1A             LD       A, (DE)
    1108:    32 FC C0       LD       ($C0FC), A
    110B:    CD 16 01       CALL     host_send_c0fc
    110E:    13             INC      DE
    110F:    0C             INC      C
    1110:    21 4C C0       LD       HL, #$C04C
    1113:    36 96          LD       (HL), #$96
    1115:    3E FF          LD       A, #$FF
    1117:    32 4E C0       LD       ($C04E), A
    111A:    3A 4E C0       LD       A, ($C04E)
    111D:    A7             AND      A, A
    111E:    C8             RET      Z
    111F:    18 F9          JR       $111A
sub_1121:
    1121:    21 4C C0       LD       HL, #$C04C
    1124:    36 04          LD       (HL), #$04
    1126:    3E FF          LD       A, #$FF
    1128:    32 4E C0       LD       ($C04E), A
    112B:    CD B6 01       CALL     host_read_byte
    112E:    3A 60 C0       LD       A, ($C060)
    1131:    CB 47          BIT      0, A
    1133:    C2 44 11       JP       NZ, $1144
    1136:    3A 4E C0       LD       A, ($C04E)
    1139:    A7             AND      A, A
    113A:    C2 2B 11       JP       NZ, $112B
    113D:    1A             LD       A, (DE)
    113E:    32 FC C0       LD       ($C0FC), A
    1141:    CD 16 01       CALL     host_send_c0fc
    1144:    13             INC      DE
    1145:    21 4C C0       LD       HL, #$C04C
    1148:    36 96          LD       (HL), #$96
    114A:    3E FF          LD       A, #$FF
    114C:    32 4E C0       LD       ($C04E), A
    114F:    3A 4E C0       LD       A, ($C04E)
    1152:    A7             AND      A, A
    1153:    C8             RET      Z
    1154:    18 F9          JR       $114F
sub_1156:
    1156:    21 4C C0       LD       HL, #$C04C
    1159:    36 04          LD       (HL), #$04
    115B:    3E FF          LD       A, #$FF
    115D:    32 4E C0       LD       ($C04E), A
    1160:    CD B6 01       CALL     host_read_byte
    1163:    3A 60 C0       LD       A, ($C060)
    1166:    CB 4F          BIT      1, A
    1168:    C2 79 11       JP       NZ, $1179
    116B:    3A 4E C0       LD       A, ($C04E)
    116E:    A7             AND      A, A
    116F:    C2 60 11       JP       NZ, $1160
    1172:    1A             LD       A, (DE)
    1173:    32 FC C0       LD       ($C0FC), A
    1176:    CD 16 01       CALL     host_send_c0fc
    1179:    13             INC      DE
    117A:    21 4C C0       LD       HL, #$C04C
    117D:    36 96          LD       (HL), #$96
    117F:    3E FF          LD       A, #$FF
    1181:    32 4E C0       LD       ($C04E), A
    1184:    3A 4E C0       LD       A, ($C04E)
    1187:    A7             AND      A, A
    1188:    C8             RET      Z
    1189:    18 F9          JR       $1184
sub_118B:
    118B:    21 4C C0       LD       HL, #$C04C
    118E:    36 04          LD       (HL), #$04
    1190:    3E FF          LD       A, #$FF
    1192:    32 4E C0       LD       ($C04E), A
    1195:    CD B6 01       CALL     host_read_byte
    1198:    3A 60 C0       LD       A, ($C060)
    119B:    CB 57          BIT      2, A
    119D:    C2 AE 11       JP       NZ, $11AE
    11A0:    3A 4E C0       LD       A, ($C04E)
    11A3:    A7             AND      A, A
    11A4:    C2 95 11       JP       NZ, $1195
    11A7:    1A             LD       A, (DE)
    11A8:    32 FC C0       LD       ($C0FC), A
    11AB:    CD 16 01       CALL     host_send_c0fc
    11AE:    13             INC      DE
    11AF:    21 4C C0       LD       HL, #$C04C
    11B2:    36 96          LD       (HL), #$96
    11B4:    3E FF          LD       A, #$FF
    11B6:    32 4E C0       LD       ($C04E), A
    11B9:    3A 4E C0       LD       A, ($C04E)
    11BC:    A7             AND      A, A
    11BD:    C8             RET      Z
    11BE:    18 F9          JR       $11B9
sub_11C0:
    11C0:    21 4C C0       LD       HL, #$C04C
    11C3:    36 04          LD       (HL), #$04
    11C5:    3E FF          LD       A, #$FF
    11C7:    32 4E C0       LD       ($C04E), A
    11CA:    CD B6 01       CALL     host_read_byte
    11CD:    3A 60 C0       LD       A, ($C060)
    11D0:    CB 67          BIT      4, A
    11D2:    C2 E3 11       JP       NZ, $11E3
    11D5:    3A 4E C0       LD       A, ($C04E)
    11D8:    A7             AND      A, A
    11D9:    C2 CA 11       JP       NZ, $11CA
    11DC:    1A             LD       A, (DE)
    11DD:    32 FC C0       LD       ($C0FC), A
    11E0:    CD 16 01       CALL     host_send_c0fc
    11E3:    13             INC      DE
    11E4:    21 4C C0       LD       HL, #$C04C
    11E7:    36 96          LD       (HL), #$96
    11E9:    3E FF          LD       A, #$FF
    11EB:    32 4E C0       LD       ($C04E), A
    11EE:    3A 4E C0       LD       A, ($C04E)
    11F1:    A7             AND      A, A
    11F2:    C8             RET      Z
    11F3:    18 F9          JR       $11EE
sub_11F5:
    11F5:    DB 04          IN       A, ($04)
    11F7:    CB 47          BIT      0, A
    11F9:    C2 10 12       JP       NZ, $1210
    11FC:    CD 31 28       CALL     sub_2831
    11FF:    3A 5F C0       LD       A, ($C05F)
    1202:    A7             AND      A, A
    1203:    C2 FF 11       JP       NZ, $11FF
    1206:    06 FF          LD       B, #$FF
    1208:    CD BF 0D       CALL     direct_input_scan
    120B:    10 FB          DJNZ     $1208
    120D:    CD 51 28       CALL     sub_2851
    1210:    3E 7A          LD       A, #$7A
    1212:    32 FC C0       LD       ($C0FC), A
    1215:    C3 16 01       JP       host_send_c0fc


___BDATA_0008:
    1218:    DB      50, 51, 52, 53, 54, 55, 56, 57, 58, 59, 5A, 5B, 5C, 5D, 5E, 5F      PQRSTUVWXYZ[\]^_
    1228:    DB      60, 61, 62, 63, 64, 65, 66, 67, 68, 69, 6A, 6B, 6C, 6D, 6E, 6F      `abcdefghijklmno
    1238:    DB      70, 71, 72, 73, 74, 75, 76, 77, 78, 79                              pqrstuvwxy

sub_1242:
    1242:    3A E3 C0       LD       A, ($C0E3)
    1245:    CB 47          BIT      0, A
    1247:    CC 5B 12       CALL     Z, sub_125B
    124A:    3A E3 C0       LD       A, ($C0E3)
    124D:    CB 4F          BIT      1, A
    124F:    CC 78 12       CALL     Z, sub_1278
    1252:    3A E3 C0       LD       A, ($C0E3)
    1255:    CB 67          BIT      4, A
    1257:    CC 85 12       CALL     Z, sub_1285
    125A:    C9             RET      
sub_125B:
    125B:    3E 01          LD       A, #$01
    125D:    CD FA 33       CALL     sub_33FA
    1260:    3A 51 C0       LD       A, ($C051)
    1263:    A7             AND      A, A
    1264:    C0             RET      NZ
    1265:    21 B8 0B       LD       HL, #$0BB8
    1268:    22 4F C0       LD       ($C04F), HL
    126B:    3E FF          LD       A, #$FF
    126D:    32 51 C0       LD       ($C051), A
    1270:    3E 3E          LD       A, #$3E
    1272:    32 FC C0       LD       ($C0FC), A
    1275:    C3 16 01       JP       host_send_c0fc
sub_1278:
    1278:    3E 02          LD       A, #$02
    127A:    CD FA 33       CALL     sub_33FA
    127D:    3E 3F          LD       A, #$3F
    127F:    32 FC C0       LD       ($C0FC), A
    1282:    C3 16 01       JP       host_send_c0fc
sub_1285:
    1285:    3E 10          LD       A, #$10
    1287:    CD FA 33       CALL     sub_33FA
    128A:    3E 40          LD       A, #$40
    128C:    32 FC C0       LD       ($C0FC), A
    128F:    C3 16 01       JP       host_send_c0fc
sub_1292:
    1292:    3A 68 C0       LD       A, ($C068)
    1295:    A7             AND      A, A
    1296:    C2 C6 12       JP       NZ, $12C6
    1299:    3A 69 C0       LD       A, ($C069)
    129C:    A7             AND      A, A
    129D:    C2 C6 12       JP       NZ, $12C6
    12A0:    3A 6A C0       LD       A, ($C06A)
    12A3:    A7             AND      A, A
    12A4:    C8             RET      Z
    12A5:    3A DB C0       LD       A, ($C0DB)
    12A8:    CB 77          BIT      6, A
    12AA:    CA BD 12       JP       Z, $12BD
    12AD:    3A 62 C0       LD       A, ($C062)
    12B0:    A7             AND      A, A
    12B1:    C2 BD 12       JP       NZ, $12BD
    12B4:    3A 09 C0       LD       A, ($C009)
    12B7:    A7             AND      A, A
    12B8:    C0             RET      NZ
    12B9:    CD C7 05       CALL     sub_05C7
    12BC:    C9             RET      
    12BD:    3A 0C C0       LD       A, ($C00C)
    12C0:    A7             AND      A, A
    12C1:    C0             RET      NZ
    12C2:    CD 13 06       CALL     sub_0613
    12C5:    C9             RET      
    12C6:    3A 6D C0       LD       A, ($C06D)
    12C9:    A7             AND      A, A
    12CA:    C0             RET      NZ
    12CB:    3E 0A          LD       A, #$0A
    12CD:    32 6D C0       LD       ($C06D), A
    12D0:    3E 41          LD       A, #$41
    12D2:    32 FC C0       LD       ($C0FC), A
    12D5:    C3 16 01       JP       host_send_c0fc
sub_12D8:
    12D8:    3A 68 C0       LD       A, ($C068)
    12DB:    A7             AND      A, A
    12DC:    C2 36 13       JP       NZ, $1336
    12DF:    3A 69 C0       LD       A, ($C069)
    12E2:    A7             AND      A, A
    12E3:    C2 36 13       JP       NZ, $1336
    12E6:    3A 6A C0       LD       A, ($C06A)
    12E9:    A7             AND      A, A
    12EA:    C8             RET      Z
    12EB:    3A DB C0       LD       A, ($C0DB)
    12EE:    CB 7F          BIT      7, A
    12F0:    CA 07 13       JP       Z, $1307
    12F3:    3A 63 C0       LD       A, ($C063)
    12F6:    A7             AND      A, A
    12F7:    C2 07 13       JP       NZ, $1307
    12FA:    3A 0A C0       LD       A, ($C00A)
    12FD:    A7             AND      A, A
    12FE:    C2 11 13       JP       NZ, $1311
    1301:    CD ED 05       CALL     sub_05ED
    1304:    C3 11 13       JP       $1311
    1307:    3A 0D C0       LD       A, ($C00D)
    130A:    A7             AND      A, A
    130B:    C2 11 13       JP       NZ, $1311
    130E:    CD 30 06       CALL     sub_0630
    1311:    3A 5B C0       LD       A, ($C05B)
    1314:    A7             AND      A, A
    1315:    C8             RET      Z
    1316:    3A DC C0       LD       A, ($C0DC)
    1319:    CB 57          BIT      2, A
    131B:    CA 2D 13       JP       Z, $132D
    131E:    3A 64 C0       LD       A, ($C064)
    1321:    A7             AND      A, A
    1322:    C2 2D 13       JP       NZ, $132D
    1325:    3A 0B C0       LD       A, ($C00B)
    1328:    A7             AND      A, A
    1329:    CC 7F 06       CALL     Z, sub_067F
    132C:    C9             RET      
    132D:    3A 0E C0       LD       A, ($C00E)
    1330:    A7             AND      A, A
    1331:    C0             RET      NZ
    1332:    CD A5 06       CALL     sub_06A5
    1335:    C9             RET      
    1336:    3A 6E C0       LD       A, ($C06E)
    1339:    A7             AND      A, A
    133A:    C0             RET      NZ
    133B:    3E 0A          LD       A, #$0A
    133D:    32 6E C0       LD       ($C06E), A
    1340:    3E 42          LD       A, #$42
    1342:    32 FC C0       LD       ($C0FC), A
    1345:    C3 16 01       JP       host_send_c0fc
sub_1348:
    1348:    C9             RET      
sub_1349:
    1349:    3A 47 C0       LD       A, ($C047)
    134C:    A7             AND      A, A
    134D:    CA 55 13       JP       Z, $1355
    1350:    3D             DEC      A
    1351:    32 47 C0       LD       ($C047), A
    1354:    C9             RET      
    1355:    3E 32          LD       A, #$32
    1357:    32 47 C0       LD       ($C047), A
    135A:    CD 62 2E       CALL     input_port03_read_tick
    135D:    C9             RET      
sub_135E:
    135E:    21 0A 00       LD       HL, #$000A
    1361:    22 4F C0       LD       ($C04F), HL
    1364:    3E FF          LD       A, #$FF
    1366:    32 51 C0       LD       ($C051), A
    1369:    3A 51 C0       LD       A, ($C051)
    136C:    A7             AND      A, A
    136D:    C2 69 13       JP       NZ, $1369
    1370:    C9             RET      
sub_1371:
    1371:    3E 80          LD       A, #$80
    1373:    CD A5 33       CALL     sub_33A5
    1376:    3E FF          LD       A, #$FF
    1378:    32 FB C0       LD       ($C0FB), A
    137B:    C3 16 01       JP       host_send_c0fc
sub_137E:
    137E:    3E 40          LD       A, #$40
    1380:    CD A5 33       CALL     sub_33A5
    1383:    3E FF          LD       A, #$FF
    1385:    32 FB C0       LD       ($C0FB), A
    1388:    C3 16 01       JP       host_send_c0fc
sub_138B:
    138B:    3E 20          LD       A, #$20
    138D:    CD A5 33       CALL     sub_33A5
    1390:    3E FF          LD       A, #$FF
    1392:    32 FB C0       LD       ($C0FB), A
    1395:    C3 16 01       JP       host_send_c0fc
sub_1398:
    1398:    3E 20          LD       A, #$20
    139A:    CD 94 33       CALL     sub_3394
    139D:    3E FF          LD       A, #$FF
    139F:    32 FB C0       LD       ($C0FB), A
    13A2:    C3 16 01       JP       host_send_c0fc
sub_13A5:
    13A5:    3E 10          LD       A, #$10
    13A7:    CD 94 33       CALL     sub_3394
    13AA:    3E FF          LD       A, #$FF
    13AC:    32 FB C0       LD       ($C0FB), A
    13AF:    C3 16 01       JP       host_send_c0fc
sub_13B2:
    13B2:    3E 01          LD       A, #$01
    13B4:    CD B6 33       CALL     sub_33B6
    13B7:    3E FF          LD       A, #$FF
    13B9:    32 FB C0       LD       ($C0FB), A
    13BC:    C3 16 01       JP       host_send_c0fc
sub_13BF:
    13BF:    3E 08          LD       A, #$08
    13C1:    CD E9 33       CALL     sub_33E9
    13C4:    3E FF          LD       A, #$FF
    13C6:    32 FB C0       LD       ($C0FB), A
    13C9:    C3 16 01       JP       host_send_c0fc
sub_13CC:
    13CC:    3E 04          LD       A, #$04
    13CE:    CD E9 33       CALL     sub_33E9
    13D1:    3E FF          LD       A, #$FF
    13D3:    32 FB C0       LD       ($C0FB), A
    13D6:    C3 16 01       JP       host_send_c0fc
sub_13D9:
    13D9:    3E 02          LD       A, #$02
    13DB:    CD E9 33       CALL     sub_33E9
    13DE:    3E FF          LD       A, #$FF
    13E0:    32 FB C0       LD       ($C0FB), A
    13E3:    C3 16 01       JP       host_send_c0fc
sub_13E6:
    13E6:    3E 20          LD       A, #$20
    13E8:    CD D8 33       CALL     sub_33D8
    13EB:    CD 7F 37       CALL     sub_377F
    13EE:    3E FF          LD       A, #$FF
    13F0:    32 FB C0       LD       ($C0FB), A
    13F3:    C3 16 01       JP       host_send_c0fc
sub_13F6:
    13F6:    3E 01          LD       A, #$01
    13F8:    CD A5 33       CALL     sub_33A5
    13FB:    3A 5A C0       LD       A, ($C05A)
    13FE:    A7             AND      A, A
    13FF:    C2 0A 14       JP       NZ, $140A
    1402:    3E FF          LD       A, #$FF
    1404:    32 FB C0       LD       ($C0FB), A
    1407:    C3 16 01       JP       host_send_c0fc
    140A:    AF             XOR      A, A
    140B:    32 5A C0       LD       ($C05A), A
    140E:    32 5B C0       LD       ($C05B), A
    1411:    CD 83 2E       CALL     sw_strobe_col1
    1414:    CD F9 32       CALL     sub_32F9
    1417:    CB 47          BIT      0, A
    1419:    CA 11 14       JP       Z, $1411
    141C:    21 5A 00       LD       HL, #$005A
    141F:    22 4C C0       LD       ($C04C), HL
    1422:    3E FF          LD       A, #$FF
    1424:    32 4E C0       LD       ($C04E), A
    1427:    CD E6 27       CALL     sub_27E6
    142A:    CD 7F 06       CALL     sub_067F
    142D:    CD 49 29       CALL     sub_2949
    1430:    CD C2 06       CALL     sub_06C2
    1433:    3E FF          LD       A, #$FF
    1435:    32 5B C0       LD       ($C05B), A
    1438:    3E FF          LD       A, #$FF
    143A:    32 FB C0       LD       ($C0FB), A
    143D:    C3 16 01       JP       host_send_c0fc
sub_1440:
    1440:    3E 40          LD       A, #$40
    1442:    CD B6 33       CALL     sub_33B6
    1445:    3E FF          LD       A, #$FF
    1447:    32 FB C0       LD       ($C0FB), A
    144A:    C3 16 01       JP       host_send_c0fc
sub_144D:
    144D:    3E 02          LD       A, #$02
    144F:    CD B6 33       CALL     sub_33B6
    1452:    3E FF          LD       A, #$FF
    1454:    32 FB C0       LD       ($C0FB), A
    1457:    C3 16 01       JP       host_send_c0fc
sub_145A:
    145A:    3E 04          LD       A, #$04
    145C:    CD B6 33       CALL     sub_33B6
    145F:    3E FF          LD       A, #$FF
    1461:    32 FB C0       LD       ($C0FB), A
    1464:    C3 16 01       JP       host_send_c0fc
sub_1467:
    1467:    3E 08          LD       A, #$08
    1469:    CD B6 33       CALL     sub_33B6
    146C:    3E FF          LD       A, #$FF
    146E:    32 FB C0       LD       ($C0FB), A
    1471:    C3 16 01       JP       host_send_c0fc
sub_1474:
    1474:    3E 10          LD       A, #$10
    1476:    CD B6 33       CALL     sub_33B6
    1479:    3E FF          LD       A, #$FF
    147B:    32 FB C0       LD       ($C0FB), A
    147E:    C3 16 01       JP       host_send_c0fc
sub_1481:
    1481:    3E 20          LD       A, #$20
    1483:    CD B6 33       CALL     sub_33B6
    1486:    3E FF          LD       A, #$FF
    1488:    32 FB C0       LD       ($C0FB), A
    148B:    C3 16 01       JP       host_send_c0fc
sub_148E:
    148E:    3E 04          LD       A, #$04
    1490:    CD C7 33       CALL     sub_33C7
    1493:    3E FF          LD       A, #$FF
    1495:    32 FB C0       LD       ($C0FB), A
    1498:    C3 16 01       JP       host_send_c0fc
sub_149B:
    149B:    3E 10          LD       A, #$10
    149D:    CD D8 33       CALL     sub_33D8
    14A0:    3E FF          LD       A, #$FF
    14A2:    32 FB C0       LD       ($C0FB), A
    14A5:    C3 16 01       JP       host_send_c0fc
sub_14A8:
    14A8:    3E 80          LD       A, #$80
    14AA:    CD C7 33       CALL     sub_33C7
    14AD:    3E FF          LD       A, #$FF
    14AF:    32 FB C0       LD       ($C0FB), A
    14B2:    C3 16 01       JP       host_send_c0fc
sub_14B5:
    14B5:    3E 40          LD       A, #$40
    14B7:    CD D8 33       CALL     sub_33D8
    14BA:    3A 5D C0       LD       A, ($C05D)
    14BD:    A7             AND      A, A
    14BE:    C2 C9 14       JP       NZ, $14C9
    14C1:    3E FF          LD       A, #$FF
    14C3:    32 FB C0       LD       ($C0FB), A
    14C6:    C3 16 01       JP       host_send_c0fc
    14C9:    CD FF 08       CALL     sub_08FF
    14CC:    3E FF          LD       A, #$FF
    14CE:    32 FB C0       LD       ($C0FB), A
    14D1:    C3 16 01       JP       host_send_c0fc
sub_14D4:
    14D4:    3E 02          LD       A, #$02
    14D6:    CD A5 33       CALL     sub_33A5
    14D9:    3E FF          LD       A, #$FF
    14DB:    32 FB C0       LD       ($C0FB), A
    14DE:    C3 16 01       JP       host_send_c0fc
sub_14E1:
    14E1:    3E 08          LD       A, #$08
    14E3:    CD D8 33       CALL     sub_33D8
    14E6:    3E FF          LD       A, #$FF
    14E8:    32 FB C0       LD       ($C0FB), A
    14EB:    C3 16 01       JP       host_send_c0fc
sub_14EE:
    14EE:    3E 01          LD       A, #$01
    14F0:    CD E9 33       CALL     sub_33E9
    14F3:    3A 68 C0       LD       A, ($C068)
    14F6:    A7             AND      A, A
    14F7:    C2 FD 14       JP       NZ, $14FD
    14FA:    CD 13 37       CALL     sub_3713
    14FD:    3E FF          LD       A, #$FF
    14FF:    32 FB C0       LD       ($C0FB), A
    1502:    C3 16 01       JP       host_send_c0fc
sub_1505:
    1505:    3E 02          LD       A, #$02
    1507:    CD C7 33       CALL     sub_33C7
    150A:    3A 68 C0       LD       A, ($C068)
    150D:    A7             AND      A, A
    150E:    C2 21 15       JP       NZ, $1521
    1511:    3A 0F C0       LD       A, ($C00F)
    1514:    A7             AND      A, A
    1515:    C0             RET      NZ
    1516:    3A 55 C0       LD       A, ($C055)
    1519:    A7             AND      A, A
    151A:    C8             RET      Z
    151B:    CD DB 06       CALL     sub_06DB
    151E:    CD F8 36       CALL     sub_36F8
    1521:    3E FF          LD       A, #$FF
    1523:    32 FB C0       LD       ($C0FB), A
    1526:    C3 16 01       JP       host_send_c0fc
sub_1529:
    1529:    3E 10          LD       A, #$10
    152B:    CD C7 33       CALL     sub_33C7
    152E:    3A 68 C0       LD       A, ($C068)
    1531:    A7             AND      A, A
    1532:    C2 45 15       JP       NZ, $1545
    1535:    3A 10 C0       LD       A, ($C010)
    1538:    A7             AND      A, A
    1539:    C0             RET      NZ
    153A:    3A 55 C0       LD       A, ($C055)
    153D:    A7             AND      A, A
    153E:    C8             RET      Z
    153F:    CD F8 06       CALL     sub_06F8
    1542:    CD F8 36       CALL     sub_36F8
    1545:    3E FF          LD       A, #$FF
    1547:    32 FB C0       LD       ($C0FB), A
    154A:    C3 16 01       JP       host_send_c0fc
sub_154D:
    154D:    3E 08          LD       A, #$08
    154F:    CD C7 33       CALL     sub_33C7
    1552:    3A 68 C0       LD       A, ($C068)
    1555:    A7             AND      A, A
    1556:    C2 69 15       JP       NZ, $1569
    1559:    3A 11 C0       LD       A, ($C011)
    155C:    A7             AND      A, A
    155D:    C0             RET      NZ
    155E:    3A 55 C0       LD       A, ($C055)
    1561:    A7             AND      A, A
    1562:    C8             RET      Z
    1563:    CD 15 07       CALL     sub_0715
    1566:    CD F8 36       CALL     sub_36F8
    1569:    3E FF          LD       A, #$FF
    156B:    32 FB C0       LD       ($C0FB), A
    156E:    C3 16 01       JP       host_send_c0fc
sub_1571:
    1571:    3E 40          LD       A, #$40
    1573:    CD C7 33       CALL     sub_33C7
    1576:    3A 68 C0       LD       A, ($C068)
    1579:    A7             AND      A, A
    157A:    C2 8D 15       JP       NZ, $158D
    157D:    3A 12 C0       LD       A, ($C012)
    1580:    A7             AND      A, A
    1581:    C0             RET      NZ
    1582:    3A 55 C0       LD       A, ($C055)
    1585:    A7             AND      A, A
    1586:    C8             RET      Z
    1587:    CD 32 07       CALL     sub_0732
    158A:    CD F8 36       CALL     sub_36F8
    158D:    3E FF          LD       A, #$FF
    158F:    32 FB C0       LD       ($C0FB), A
    1592:    C3 16 01       JP       host_send_c0fc
sub_1595:
    1595:    3E 20          LD       A, #$20
    1597:    CD C7 33       CALL     sub_33C7
    159A:    3A 68 C0       LD       A, ($C068)
    159D:    A7             AND      A, A
    159E:    C2 B1 15       JP       NZ, $15B1
    15A1:    3A 13 C0       LD       A, ($C013)
    15A4:    A7             AND      A, A
    15A5:    C0             RET      NZ
    15A6:    3A 55 C0       LD       A, ($C055)
    15A9:    A7             AND      A, A
    15AA:    C8             RET      Z
    15AB:    CD 4F 07       CALL     sub_074F
    15AE:    CD F8 36       CALL     sub_36F8
    15B1:    3E FF          LD       A, #$FF
    15B3:    32 FB C0       LD       ($C0FB), A
    15B6:    C3 16 01       JP       host_send_c0fc
sub_15B9:
    15B9:    3A 51 C0       LD       A, ($C051)
    15BC:    A7             AND      A, A
    15BD:    C0             RET      NZ
    15BE:    21 2C 01       LD       HL, #$012C
    15C1:    22 4F C0       LD       ($C04F), HL
    15C4:    3E FF          LD       A, #$FF
    15C6:    32 51 C0       LD       ($C051), A
    15C9:    C3 16 01       JP       host_send_c0fc
sub_15CC:
    15CC:    3E 80          LD       A, #$80
    15CE:    CD B6 33       CALL     sub_33B6
    15D1:    CD 64 37       CALL     sub_3764
    15D4:    C3 16 01       JP       host_send_c0fc
sub_15D7:
    15D7:    3E 10          LD       A, #$10
    15D9:    CD A5 33       CALL     sub_33A5
    15DC:    CD 89 07       CALL     sub_0789
    15DF:    3E FF          LD       A, #$FF
    15E1:    32 FB C0       LD       ($C0FB), A
    15E4:    C3 16 01       JP       host_send_c0fc
sub_15E7:
    15E7:    3E 08          LD       A, #$08
    15E9:    CD A5 33       CALL     sub_33A5
    15EC:    CD A6 07       CALL     sub_07A6
    15EF:    3E FF          LD       A, #$FF
    15F1:    32 FB C0       LD       ($C0FB), A
    15F4:    C3 16 01       JP       host_send_c0fc
sub_15F7:
    15F7:    3A 68 C0       LD       A, ($C068)
    15FA:    A7             AND      A, A
    15FB:    C8             RET      Z
    15FC:    3E 40          LD       A, #$40
    15FE:    CD 94 33       CALL     sub_3394
    1601:    C3 16 01       JP       host_send_c0fc
sub_1604:
    1604:    3A 68 C0       LD       A, ($C068)
    1607:    A7             AND      A, A
    1608:    C8             RET      Z
    1609:    3E 80          LD       A, #$80
    160B:    CD 94 33       CALL     sub_3394
    160E:    C3 16 01       JP       host_send_c0fc
sub_1611:
    1611:    3A 68 C0       LD       A, ($C068)
    1614:    A7             AND      A, A
    1615:    C8             RET      Z
    1616:    3E 04          LD       A, #$04
    1618:    CD A5 33       CALL     sub_33A5
    161B:    C3 16 01       JP       host_send_c0fc
sub_161E:
    161E:    3A 68 C0       LD       A, ($C068)
    1621:    A7             AND      A, A
    1622:    C2 42 16       JP       NZ, $1642
    1625:    3A 54 C0       LD       A, ($C054)
    1628:    A7             AND      A, A
    1629:    C8             RET      Z
    162A:    3A 4B C0       LD       A, ($C04B)
    162D:    A7             AND      A, A
    162E:    C0             RET      NZ
    162F:    21 C8 00       LD       HL, #$00C8
    1632:    22 49 C0       LD       ($C049), HL
    1635:    3E FF          LD       A, #$FF
    1637:    32 4B C0       LD       ($C04B), A
    163A:    3E 43          LD       A, #$43
    163C:    32 FC C0       LD       ($C0FC), A
    163F:    C3 16 01       JP       host_send_c0fc
    1642:    3E 01          LD       A, #$01
    1644:    CD 94 33       CALL     sub_3394
    1647:    C3 16 01       JP       host_send_c0fc
sub_164A:
    164A:    3E 02          LD       A, #$02
    164C:    CD 94 33       CALL     sub_3394
    164F:    3A 68 C0       LD       A, ($C068)
    1652:    A7             AND      A, A
    1653:    C2 57 16       JP       NZ, $1657
    1656:    C9             RET      
    1657:    C3 16 01       JP       host_send_c0fc
sub_165A:
    165A:    3E 04          LD       A, #$04
    165C:    CD 94 33       CALL     sub_3394
    165F:    3A 68 C0       LD       A, ($C068)
    1662:    A7             AND      A, A
    1663:    C2 67 16       JP       NZ, $1667
    1666:    C9             RET      
    1667:    C3 16 01       JP       host_send_c0fc
sub_166A:
    166A:    3E 08          LD       A, #$08
    166C:    CD 94 33       CALL     sub_3394
    166F:    3A 68 C0       LD       A, ($C068)
    1672:    A7             AND      A, A
    1673:    C8             RET      Z
    1674:    C3 16 01       JP       host_send_c0fc
sub_1677:
    1677:    3E 80          LD       A, #$80
    1679:    CD D8 33       CALL     sub_33D8
    167C:    3A 68 C0       LD       A, ($C068)
    167F:    A7             AND      A, A
    1680:    C2 9B 16       JP       NZ, $169B
    1683:    3A 5C C0       LD       A, ($C05C)
    1686:    A7             AND      A, A
    1687:    C2 95 16       JP       NZ, $1695
    168A:    CD 49 37       CALL     sub_3749
    168D:    3E FF          LD       A, #$FF
    168F:    32 FB C0       LD       ($C0FB), A
    1692:    C3 16 01       JP       host_send_c0fc
    1695:    CD 49 37       CALL     sub_3749
    1698:    CD 75 09       CALL     sub_0975
    169B:    C3 16 01       JP       host_send_c0fc
sub_169E:
    169E:    3E 04          LD       A, #$04
    16A0:    CD D8 33       CALL     sub_33D8
    16A3:    3A 68 C0       LD       A, ($C068)
    16A6:    A7             AND      A, A
    16A7:    C2 B2 16       JP       NZ, $16B2
    16AA:    3E 44          LD       A, #$44
    16AC:    32 FC C0       LD       ($C0FC), A
    16AF:    C3 16 01       JP       host_send_c0fc
    16B2:    C3 16 01       JP       host_send_c0fc
sub_16B5:
    16B5:    3E 02          LD       A, #$02
    16B7:    CD D8 33       CALL     sub_33D8
    16BA:    3A 68 C0       LD       A, ($C068)
    16BD:    A7             AND      A, A
    16BE:    C2 C2 16       JP       NZ, $16C2
    16C1:    C9             RET      
    16C2:    C3 16 01       JP       host_send_c0fc
sub_16C5:
    16C5:    3E 01          LD       A, #$01
    16C7:    CD D8 33       CALL     sub_33D8
    16CA:    3A 68 C0       LD       A, ($C068)
    16CD:    A7             AND      A, A
    16CE:    C2 D2 16       JP       NZ, $16D2
    16D1:    C9             RET      
    16D2:    C3 16 01       JP       host_send_c0fc
host_cmd_dispatch:
    16D5:    2A 72 C0       LD       HL, ($C072)
    16D8:    7E             LD       A, (HL)
    16D9:    A7             AND      A, A
    16DA:    C8             RET      Z
    16DB:    36 00          LD       (HL), #$00
    16DD:    23             INC      HL
    16DE:    22 72 C0       LD       ($C072), HL
    16E1:    21 00 20       LD       HL, #$2000
    16E4:    16 00          LD       D, #$00
    16E6:    5F             LD       E, A
    16E7:    CB 23          SLA      E
    16E9:    D2 EE 16       JP       NC, $16EE
    16EC:    16 01          LD       D, #$01
    16EE:    19             ADD      HL, DE
    16EF:    5E             LD       E, (HL)
    16F0:    23             INC      HL
    16F1:    56             LD       D, (HL)
    16F2:    EB             EX       DE, HL
    16F3:    E9             JP       (HL)


___BDATA_0009:
    16F4:    DB      FF, FF, FF, FF, FF, FF, FF, FF, FF, FF, FF, FF, FF, FF, FF, FF      ................
    1704:    DB      FF, FF, FF, FF, FF, FF, FF, FF, FF, FF, FF, FF, FF, FF, FF, FF      ................
    1714:    DB      FF, FF, FF, FF, FF, FF, FF, FF, FF, FF, FF, FF, FF, FF, FF, FF      ................
    1724:    DB      FF, FF, FF, FF, FF, FF, FF, FF, FF, FF, FF, FF, FF, FF, FF, FF      ................
    1734:    DB      FF, FF, FF, FF, FF, FF, FF, FF, FF, FF, FF, FF, FF, FF, FF, FF      ................
    1744:    DB      FF, FF, FF, FF, FF, FF, FF, FF, FF, FF, FF, FF, FF, FF, FF, FF      ................
    1754:    DB      FF, FF, FF, FF, FF, FF, FF, FF, FF, FF, FF, FF, FF, FF, FF, FF      ................
    1764:    DB      FF, FF, FF, FF, FF, FF, FF, FF, FF, FF, FF, FF, FF, FF, FF, FF      ................
    1774:    DB      FF, FF, FF, FF, FF, FF, FF, FF, FF, FF, FF, FF, FF, FF, FF, FF      ................
    1784:    DB      FF, FF, FF, FF, FF, FF, FF, FF, FF, FF, FF, FF, FF, FF, FF, FF      ................
    1794:    DB      FF, FF, FF, FF, FF, FF, FF, FF, FF, FF, FF, FF, FF, FF, FF, FF      ................
    17A4:    DB      FF, FF, FF, FF, FF, FF, FF, FF, FF, FF, FF, FF, FF, FF, FF, FF      ................
    17B4:    DB      FF, FF, FF, FF, FF, FF, FF, FF, FF, FF, FF, FF, FF, FF, FF, FF      ................
    17C4:    DB      FF, FF, FF, FF, FF, FF, FF, FF, FF, FF, FF, FF, FF, FF, FF, FF      ................
    17D4:    DB      FF, FF, FF, FF, FF, FF, FF, FF, FF, FF, FF, FF, FF, FF, FF, FF      ................
    17E4:    DB      FF, FF, FF, FF, FF, FF, FF, FF, FF, FF, FF, FF, FF, FF, FF, FF      ................
    17F4:    DB      FF, FF, FF, FF, FF, FF, FF, FF, FF, FF, FF, FF, FF, FF, FF, FF      ................
    1804:    DB      FF, FF, FF, FF, FF, FF, FF, FF, FF, FF, FF, FF, FF, FF, FF, FF      ................
    1814:    DB      FF, FF, FF, FF, FF, FF, FF, FF, FF, FF, FF, FF, FF, FF, FF, FF      ................
    1824:    DB      FF, FF, FF, FF, FF, FF, FF, FF, FF, FF, FF, FF, FF, FF, FF, FF      ................
    1834:    DB      FF, FF, FF, FF, FF, FF, FF, FF, FF, FF, FF, FF, FF, FF, FF, FF      ................
    1844:    DB      FF, FF, FF, FF, FF, FF, FF, FF, FF, FF, FF, FF, FF, FF, FF, FF      ................
    1854:    DB      FF, FF, FF, FF, FF, FF, FF, FF, FF, FF, FF, FF, FF, FF, FF, FF      ................
    1864:    DB      FF, FF, FF, FF, FF, FF, FF, FF, FF, FF, FF, FF, FF, FF, FF, FF      ................
    1874:    DB      FF, FF, FF, FF, FF, FF, FF, FF, FF, FF, FF, FF, FF, FF, FF, FF      ................
    1884:    DB      FF, FF, FF, FF, FF, FF, FF, FF, FF, FF, FF, FF, FF, FF, FF, FF      ................
    1894:    DB      FF, FF, FF, FF, FF, FF, FF, FF, FF, FF, FF, FF, FF, FF, FF, FF      ................
    18A4:    DB      FF, FF, FF, FF, FF, FF, FF, FF, FF, FF, FF, FF, FF, FF, FF, FF      ................
    18B4:    DB      FF, FF, FF, FF, FF, FF, FF, FF, FF, FF, FF, FF, FF, FF, FF, FF      ................
    18C4:    DB      FF, FF, FF, FF, FF, FF, FF, FF, FF, FF, FF, FF, FF, FF, FF, FF      ................
    18D4:    DB      FF, FF, FF, FF, FF, FF, FF, FF, FF, FF, FF, FF, FF, FF, FF, FF      ................
    18E4:    DB      FF, FF, FF, FF, FF, FF, FF, FF, FF, FF, FF, FF, FF, FF, FF, FF      ................
    18F4:    DB      FF, FF, FF, FF, FF, FF, FF, FF, FF, FF, FF, FF, FF, FF, FF, FF      ................
    1904:    DB      FF, FF, FF, FF, FF, FF, FF, FF, FF, FF, FF, FF, FF, FF, FF, FF      ................
    1914:    DB      FF, FF, FF, FF, FF, FF, FF, FF, FF, FF, FF, FF, FF, FF, FF, FF      ................
    1924:    DB      FF, FF, FF, FF, FF, FF, FF, FF, FF, FF, FF, FF, FF, FF, FF, FF      ................
    1934:    DB      FF, FF, FF, FF, FF, FF, FF, FF, FF, FF, FF, FF, FF, FF, FF, FF      ................
    1944:    DB      FF, FF, FF, FF, FF, FF, FF, FF, FF, FF, FF, FF, FF, FF, FF, FF      ................
    1954:    DB      FF, FF, FF, FF, FF, FF, FF, FF, FF, FF, FF, FF, FF, FF, FF, FF      ................
    1964:    DB      FF, FF, FF, FF, FF, FF, FF, FF, FF, FF, FF, FF, FF, FF, FF, FF      ................
    1974:    DB      FF, FF, FF, FF, FF, FF, FF, FF, FF, FF, FF, FF, FF, FF, FF, FF      ................
    1984:    DB      FF, FF, FF, FF, FF, FF, FF, FF, FF, FF, FF, FF, FF, FF, FF, FF      ................
    1994:    DB      FF, FF, FF, FF, FF, FF, FF, FF, FF, FF, FF, FF, FF, FF, FF, FF      ................
    19A4:    DB      FF, FF, FF, FF, FF, FF, FF, FF, FF, FF, FF, FF, FF, FF, FF, FF      ................
    19B4:    DB      FF, FF, FF, FF, FF, FF, FF, FF, FF, FF, FF, FF, FF, FF, FF, FF      ................
    19C4:    DB      FF, FF, FF, FF, FF, FF, FF, FF, FF, FF, FF, FF, FF, FF, FF, FF      ................
    19D4:    DB      FF, FF, FF, FF, FF, FF, FF, FF, FF, FF, FF, FF, FF, FF, FF, FF      ................
    19E4:    DB      FF, FF, FF, FF, FF, FF, FF, FF, FF, FF, FF, FF, FF, FF, FF, FF      ................
    19F4:    DB      FF, FF, FF, FF, FF, FF, FF, FF, FF, FF, FF, FF, FF, FF, FF, FF      ................
    1A04:    DB      FF, FF, FF, FF, FF, FF, FF, FF, FF, FF, FF, FF, FF, FF, FF, FF      ................
    1A14:    DB      FF, FF, FF, FF, FF, FF, FF, FF, FF, FF, FF, FF, FF, FF, FF, FF      ................
    1A24:    DB      FF, FF, FF, FF, FF, FF, FF, FF, FF, FF, FF, FF, FF, FF, FF, FF      ................
    1A34:    DB      FF, FF, FF, FF, FF, FF, FF, FF, FF, FF, FF, FF, FF, FF, FF, FF      ................
    1A44:    DB      FF, FF, FF, FF, FF, FF, FF, FF, FF, FF, FF, FF, FF, FF, FF, FF      ................
    1A54:    DB      FF, FF, FF, FF, FF, FF, FF, FF, FF, FF, FF, FF, FF, FF, FF, FF      ................
    1A64:    DB      FF, FF, FF, FF, FF, FF, FF, FF, FF, FF, FF, FF, FF, FF, FF, FF      ................
    1A74:    DB      FF, FF, FF, FF, FF, FF, FF, FF, FF, FF, FF, FF, FF, FF, FF, FF      ................
    1A84:    DB      FF, FF, FF, FF, FF, FF, FF, FF, FF, FF, FF, FF, FF, FF, FF, FF      ................
    1A94:    DB      FF, FF, FF, FF, FF, FF, FF, FF, FF, FF, FF, FF, FF, FF, FF, FF      ................
    1AA4:    DB      FF, FF, FF, FF, FF, FF, FF, FF, FF, FF, FF, FF, FF, FF, FF, FF      ................
    1AB4:    DB      FF, FF, FF, FF, FF, FF, FF, FF, FF, FF, FF, FF, FF, FF, FF, FF      ................
    1AC4:    DB      FF, FF, FF, FF, FF, FF, FF, FF, FF, FF, FF, FF, FF, FF, FF, FF      ................
    1AD4:    DB      FF, FF, FF, FF, FF, FF, FF, FF, FF, FF, FF, FF, FF, FF, FF, FF      ................
    1AE4:    DB      FF, FF, FF, FF, FF, FF, FF, FF, FF, FF, FF, FF, FF, FF, FF, FF      ................
    1AF4:    DB      FF, FF, FF, FF, FF, FF, FF, FF, FF, FF, FF, FF, FF, FF, FF, FF      ................
    1B04:    DB      FF, FF, FF, FF, FF, FF, FF, FF, FF, FF, FF, FF, FF, FF, FF, FF      ................
    1B14:    DB      FF, FF, FF, FF, FF, FF, FF, FF, FF, FF, FF, FF, FF, FF, FF, FF      ................
    1B24:    DB      FF, FF, FF, FF, FF, FF, FF, FF, FF, FF, FF, FF, FF, FF, FF, FF      ................
    1B34:    DB      FF, FF, FF, FF, FF, FF, FF, FF, FF, FF, FF, FF, FF, FF, FF, FF      ................
    1B44:    DB      FF, FF, FF, FF, FF, FF, FF, FF, FF, FF, FF, FF, FF, FF, FF, FF      ................
    1B54:    DB      FF, FF, FF, FF, FF, FF, FF, FF, FF, FF, FF, FF, FF, FF, FF, FF      ................
    1B64:    DB      FF, FF, FF, FF, FF, FF, FF, FF, FF, FF, FF, FF, FF, FF, FF, FF      ................
    1B74:    DB      FF, FF, FF, FF, FF, FF, FF, FF, FF, FF, FF, FF, FF, FF, FF, FF      ................
    1B84:    DB      FF, FF, FF, FF, FF, FF, FF, FF, FF, FF, FF, FF, FF, FF, FF, FF      ................
    1B94:    DB      FF, FF, FF, FF, FF, FF, FF, FF, FF, FF, FF, FF, FF, FF, FF, FF      ................
    1BA4:    DB      FF, FF, FF, FF, FF, FF, FF, FF, FF, FF, FF, FF, FF, FF, FF, FF      ................
    1BB4:    DB      FF, FF, FF, FF, FF, FF, FF, FF, FF, FF, FF, FF, FF, FF, FF, FF      ................
    1BC4:    DB      FF, FF, FF, FF, FF, FF, FF, FF, FF, FF, FF, FF, FF, FF, FF, FF      ................
    1BD4:    DB      FF, FF, FF, FF, FF, FF, FF, FF, FF, FF, FF, FF, FF, FF, FF, FF      ................
    1BE4:    DB      FF, FF, FF, FF, FF, FF, FF, FF, FF, FF, FF, FF, FF, FF, FF, FF      ................
    1BF4:    DB      FF, FF, FF, FF, FF, FF, FF, FF, FF, FF, FF, FF, FF, FF, FF, FF      ................
    1C04:    DB      FF, FF, FF, FF, FF, FF, FF, FF, FF, FF, FF, FF, FF, FF, FF, FF      ................
    1C14:    DB      FF, FF, FF, FF, FF, FF, FF, FF, FF, FF, FF, FF, FF, FF, FF, FF      ................
    1C24:    DB      FF, FF, FF, FF, FF, FF, FF, FF, FF, FF, FF, FF, FF, FF, FF, FF      ................
    1C34:    DB      FF, FF, FF, FF, FF, FF, FF, FF, FF, FF, FF, FF, FF, FF, FF, FF      ................
    1C44:    DB      FF, FF, FF, FF, FF, FF, FF, FF, FF, FF, FF, FF, FF, FF, FF, FF      ................
    1C54:    DB      FF, FF, FF, FF, FF, FF, FF, FF, FF, FF, FF, FF, FF, FF, FF, FF      ................
    1C64:    DB      FF, FF, FF, FF, FF, FF, FF, FF, FF, FF, FF, FF, FF, FF, FF, FF      ................
    1C74:    DB      FF, FF, FF, FF, FF, FF, FF, FF, FF, FF, FF, FF, FF, FF, FF, FF      ................
    1C84:    DB      FF, FF, FF, FF, FF, FF, FF, FF, FF, FF, FF, FF, FF, FF, FF, FF      ................
    1C94:    DB      FF, FF, FF, FF, FF, FF, FF, FF, FF, FF, FF, FF, FF, FF, FF, FF      ................
    1CA4:    DB      FF, FF, FF, FF, FF, FF, FF, FF, FF, FF, FF, FF, FF, FF, FF, FF      ................
    1CB4:    DB      FF, FF, FF, FF, FF, FF, FF, FF, FF, FF, FF, FF, FF, FF, FF, FF      ................
    1CC4:    DB      FF, FF, FF, FF, FF, FF, FF, FF, FF, FF, FF, FF, FF, FF, FF, FF      ................
    1CD4:    DB      FF, FF, FF, FF, FF, FF, FF, FF, FF, FF, FF, FF, FF, FF, FF, FF      ................
    1CE4:    DB      FF, FF, FF, FF, FF, FF, FF, FF, FF, FF, FF, FF, FF, FF, FF, FF      ................
    1CF4:    DB      FF, FF, FF, FF, FF, FF, FF, FF, FF, FF, FF, FF, FF, FF, FF, FF      ................
    1D04:    DB      FF, FF, FF, FF, FF, FF, FF, FF, FF, FF, FF, FF, FF, FF, FF, FF      ................
    1D14:    DB      FF, FF, FF, FF, FF, FF, FF, FF, FF, FF, FF, FF, FF, FF, FF, FF      ................
    1D24:    DB      FF, FF, FF, FF, FF, FF, FF, FF, FF, FF, FF, FF, FF, FF, FF, FF      ................
    1D34:    DB      FF, FF, FF, FF, FF, FF, FF, FF, FF, FF, FF, FF, FF, FF, FF, FF      ................
    1D44:    DB      FF, FF, FF, FF, FF, FF, FF, FF, FF, FF, FF, FF, FF, FF, FF, FF      ................
    1D54:    DB      FF, FF, FF, FF, FF, FF, FF, FF, FF, FF, FF, FF, FF, FF, FF, FF      ................
    1D64:    DB      FF, FF, FF, FF, FF, FF, FF, FF, FF, FF, FF, FF, FF, FF, FF, FF      ................
    1D74:    DB      FF, FF, FF, FF, FF, FF, FF, FF, FF, FF, FF, FF, FF, FF, FF, FF      ................
    1D84:    DB      FF, FF, FF, FF, FF, FF, FF, FF, FF, FF, FF, FF, FF, FF, FF, FF      ................
    1D94:    DB      FF, FF, FF, FF, FF, FF, FF, FF, FF, FF, FF, FF, FF, FF, FF, FF      ................
    1DA4:    DB      FF, FF, FF, FF, FF, FF, FF, FF, FF, FF, FF, FF, FF, FF, FF, FF      ................
    1DB4:    DB      FF, FF, FF, FF, FF, FF, FF, FF, FF, FF, FF, FF, FF, FF, FF, FF      ................
    1DC4:    DB      FF, FF, FF, FF, FF, FF, FF, FF, FF, FF, FF, FF, FF, FF, FF, FF      ................
    1DD4:    DB      FF, FF, FF, FF, FF, FF, FF, FF, FF, FF, FF, FF, FF, FF, FF, FF      ................
    1DE4:    DB      FF, FF, FF, FF, FF, FF, FF, FF, FF, FF, FF, FF, FF, FF, FF, FF      ................
    1DF4:    DB      FF, FF, FF, FF, FF, FF, FF, FF, FF, FF, FF, FF, FF, FF, FF, FF      ................
    1E04:    DB      FF, FF, FF, FF, FF, FF, FF, FF, FF, FF, FF, FF, FF, FF, FF, FF      ................
    1E14:    DB      FF, FF, FF, FF, FF, FF, FF, FF, FF, FF, FF, FF, FF, FF, FF, FF      ................
    1E24:    DB      FF, FF, FF, FF, FF, FF, FF, FF, FF, FF, FF, FF, FF, FF, FF, FF      ................
    1E34:    DB      FF, FF, FF, FF, FF, FF, FF, FF, FF, FF, FF, FF, FF, FF, FF, FF      ................
    1E44:    DB      FF, FF, FF, FF, FF, FF, FF, FF, FF, FF, FF, FF, FF, FF, FF, FF      ................
    1E54:    DB      FF, FF, FF, FF, FF, FF, FF, FF, FF, FF, FF, FF, FF, FF, FF, FF      ................
    1E64:    DB      FF, FF, FF, FF, FF, FF, FF, FF, FF, FF, FF, FF, FF, FF, FF, FF      ................
    1E74:    DB      FF, FF, FF, FF, FF, FF, FF, FF, FF, FF, FF, FF, FF, FF, FF, FF      ................
    1E84:    DB      FF, FF, FF, FF, FF, FF, FF, FF, FF, FF, FF, FF, FF, FF, FF, FF      ................
    1E94:    DB      FF, FF, FF, FF, FF, FF, FF, FF, FF, FF, FF, FF, FF, FF, FF, FF      ................
    1EA4:    DB      FF, FF, FF, FF, FF, FF, FF, FF, FF, FF, FF, FF, FF, FF, FF, FF      ................
    1EB4:    DB      FF, FF, FF, FF, FF, FF, FF, FF, FF, FF, FF, FF, FF, FF, FF, FF      ................
    1EC4:    DB      FF, FF, FF, FF, FF, FF, FF, FF, FF, FF, FF, FF, FF, FF, FF, FF      ................
    1ED4:    DB      FF, FF, FF, FF, FF, FF, FF, FF, FF, FF, FF, FF, FF, FF, FF, FF      ................
    1EE4:    DB      FF, FF, FF, FF, FF, FF, FF, FF, FF, FF, FF, FF, FF, FF, FF, FF      ................
    1EF4:    DB      FF, FF, FF, FF, FF, FF, FF, FF, FF, FF, FF, FF, FF, FF, FF, FF      ................
    1F04:    DB      FF, FF, FF, FF, FF, FF, FF, FF, FF, FF, FF, FF, FF, FF, FF, FF      ................
    1F14:    DB      FF, FF, FF, FF, FF, FF, FF, FF, FF, FF, FF, FF, FF, FF, FF, FF      ................
    1F24:    DB      FF, FF, FF, FF, FF, FF, FF, FF, FF, FF, FF, FF, FF, FF, FF, FF      ................
    1F34:    DB      FF, FF, FF, FF, FF, FF, FF, FF, FF, FF, FF, FF, FF, FF, FF, FF      ................
    1F44:    DB      FF, FF, FF, FF, FF, FF, FF, FF, FF, FF, FF, FF, FF, FF, FF, FF      ................
    1F54:    DB      FF, FF, FF, FF, FF, FF, FF, FF, FF, FF, FF, FF, FF, FF, FF, FF      ................
    1F64:    DB      FF, FF, FF, FF, FF, FF, FF, FF, FF, FF, FF, FF, FF, FF, FF, FF      ................
    1F74:    DB      FF, FF, FF, FF, FF, FF, FF, FF, FF, FF, FF, FF, FF, FF, FF, FF      ................
    1F84:    DB      FF, FF, FF, FF, FF, FF, FF, FF, FF, FF, FF, FF, FF, FF, FF, FF      ................
    1F94:    DB      FF, FF, FF, FF, FF, FF, FF, FF, FF, FF, FF, FF, FF, FF, FF, FF      ................
    1FA4:    DB      FF, FF, FF, FF, FF, FF, FF, FF, FF, FF, FF, FF, FF, FF, FF, FF      ................
    1FB4:    DB      FF, FF, FF, FF, FF, FF, FF, FF, FF, FF, FF, FF, FF, FF, FF, FF      ................
    1FC4:    DB      FF, FF, FF, FF, FF, FF, FF, FF, FF, FF, FF, FF, FF, FF, FF, FF      ................
    1FD4:    DB      FF, FF, FF, FF, FF, FF, FF, FF, FF, FF, FF, FF, FF, FF, FF, FF      ................
    1FE4:    DB      FF, FF, FF, FF, FF, FF, FF, FF, FF, FF, FF, FF, FF, FF, FF, FF      ................
    1FF4:    DB      FF, FF, FF, FF, FF, FF, FF, FF, FF, FF, FF, FF, 00, 22, 01, 22      ............."."
    2004:    DB      0C, 22, 17, 22, 22, 22, 2D, 22, 38, 22, 43, 22, 4E, 22, 59, 22      ."."""-"8"C"N"Y"
    2014:    DB      64, 22, 6F, 22, 7A, 22, 85, 22, 90, 22, 9B, 22, A6, 22, B1, 22      d"o"z"."."."."."
    2024:    DB      BC, 22, 45, 27, 50, 27, 5B, 27, 66, 27, C7, 22, CD, 22, D8, 22      ."E'P'['f'."."."
    2034:    DB      DE, 22, E9, 22, EF, 22, FA, 22, 00, 23, 0B, 23, 11, 23, 1C, 23      .".".".".#.#.#.#
    2044:    DB      22, 23, 2D, 23, 3E, 23, 5A, 23, 60, 23, 4F, 23, 00, 22, 76, 23      "#-#>#Z#`#O#."v#
    2054:    DB      7C, 23, 6B, 23, 00, 22, 92, 23, 98, 23, 87, 23, 00, 22, AE, 23      |#k#.".#.#.#.".#
    2064:    DB      B4, 23, A3, 23, 00, 22, CA, 23, D0, 23, BF, 23, 00, 22, DB, 23      .#.#.".#.#.#.".#
    2074:    DB      E6, 23, 71, 27, 7C, 27, 87, 27, 92, 27, F1, 23, FC, 23, 07, 24      .#q'|'.'.'.#.#.$
    2084:    DB      12, 24, 9D, 27, A8, 27, 00, 22, 00, 22, 1D, 24, 28, 24, 33, 24      .$.'.'.".".$($3$
    2094:    DB      3E, 24, 49, 24, 54, 24, 5F, 24, 6A, 24, 00, 22, 00, 22, 00, 22      >$I$T$_$j$."."."
    20A4:    DB      00, 22, 75, 24, 80, 24, 8B, 24, 96, 24, A1, 24, AC, 24, 00, 22      ."u$.$.$.$.$.$."
    20B4:    DB      00, 22, 00, 22, 00, 22, B7, 24, C7, 24, D6, 24, DC, 24, E7, 24      .".".".$.$.$.$.$
    20C4:    DB      ED, 24, F8, 24, FE, 24, 09, 25, 0F, 25, 1A, 25, 20, 25, 2B, 25      .$.$.$.%.%.% %+%
    20D4:    DB      36, 25, 41, 25, 47, 25, 52, 25, 5D, 25, 68, 25, 6E, 25, 79, 25      6%A%G%R%]%h%n%y%
    20E4:    DB      84, 25, 8F, 25, 9A, 25, 00, 22, 00, 22, A5, 25, AB, 25, B6, 25      .%.%.%.".".%.%.%
    20F4:    DB      BC, 25, C7, 25, CD, 25, D8, 25, DE, 25, E9, 25, EF, 25, FA, 25      .%.%.%.%.%.%.%.%
    2104:    DB      00, 26, 0B, 26, 11, 26, 1C, 26, 22, 26, 2D, 26, 33, 26, 3E, 26      .&.&.&.&"&-&3&>&
    2114:    DB      44, 26, 4F, 26, 5E, 26, 79, 26, 7F, 26, 8A, 26, 90, 26, 9B, 26      D&O&^&y&.&.&.&.&
    2124:    DB      A1, 26, AC, 26, B2, 26, BD, 26, C3, 26, CE, 26, D4, 26, DF, 26      .&.&.&.&.&.&.&.&
    2134:    DB      E5, 26, F0, 26, F6, 26, 01, 27, 07, 27, 12, 27, 18, 27, 23, 27      .&.&.&.'.'.'.'#'
    2144:    DB      29, 27, 34, 27, 3A, 27, 5C, 2D, 00, 22, 00, 22, 00, 22, B3, 27      )'4':'\-.".".".'
    2154:    DB      C0, 27, ED, 27, 34, 35, EA, 35, 05, 36, 20, 36, 3B, 36, 56, 36      .'.'45.5.6 6;6V6
    2164:    DB      71, 36, 8C, 36, A7, 36, C2, 36, DD, 36, F8, 36, A2, 09, BB, 09      q6.6.6.6.6.6....
    2174:    DB      D4, 09, 36, 0A, 3E, 0A, 2F, 28, 30, 28, 37, 10, F5, 11, 00, 22      ..6.>./(0(7...."
    2184:    DB      00, 22, 31, 28, 51, 28, 74, 28, 7A, 28, 7F, 28, 85, 28, 8A, 28      ."1(Q(t(z(.(.(.(
    2194:    DB      90, 28, 95, 28, D7, 28, 19, 29, 22, 29, 2B, 29, 34, 29, 3D, 29      .(.(.(.)")+)4)=)
    21A4:    DB      91, 29, 7F, 29, 88, 29, 9C, 29, 9D, 29, 9E, 29, B2, 29, BB, 29      .).).).).).).).)
    21B4:    DB      BF, 29, C3, 29, E1, 29, F8, 29, FC, 29, 00, 2A, 04, 2A, 08, 2A      .).).).).).*.*.*
    21C4:    DB      0C, 2A, 10, 2A, 1D, 2A, 34, 2A, 35, 2A, 36, 2A, 97, 29, 03, 2B      .*.*.*4*5*6*.).+
    21D4:    DB      45, 2A, B0, 2A, 87, 2C, EB, 2B, 86, 2B, C7, 2B, 00, 22, 22, 2A      E*.*.,.+.+.+.""*
    21E4:    DB      2F, 2A, 3A, 2A, 40, 2A, 8C, 2D, 97, 2D, C4, 2D, D9, 2D, 9D, 2D      /*:*@*.-.-.-.-.-
    21F4:    DB      A7, 2D, C3, 2D, 00, 22, CD, 27, D3, 27, 00, 22                      .-.-.".'.'."

sub_2200:
    2200:    C9             RET      
sub_2201:
    2201:    21 0B C1       LD       HL, #$C10B
    2204:    CB BE          RES      7, (HL)
    2206:    21 03 C1       LD       HL, #$C103
    2209:    CB FE          SET      7, (HL)
    220B:    C9             RET      
sub_220C:
    220C:    21 0B C1       LD       HL, #$C10B
    220F:    CB FE          SET      7, (HL)
    2211:    21 03 C1       LD       HL, #$C103
    2214:    CB BE          RES      7, (HL)
    2216:    C9             RET      
sub_2217:
    2217:    21 0B C1       LD       HL, #$C10B
    221A:    CB B6          RES      6, (HL)
    221C:    21 03 C1       LD       HL, #$C103
    221F:    CB F6          SET      6, (HL)
    2221:    C9             RET      
sub_2222:
    2222:    21 0B C1       LD       HL, #$C10B
    2225:    CB F6          SET      6, (HL)
    2227:    21 03 C1       LD       HL, #$C103
    222A:    CB B6          RES      6, (HL)
    222C:    C9             RET      
sub_222D:
    222D:    21 0B C1       LD       HL, #$C10B
    2230:    CB AE          RES      5, (HL)
    2232:    21 03 C1       LD       HL, #$C103
    2235:    CB EE          SET      5, (HL)
    2237:    C9             RET      
sub_2238:
    2238:    21 0B C1       LD       HL, #$C10B
    223B:    CB EE          SET      5, (HL)
    223D:    21 03 C1       LD       HL, #$C103
    2240:    CB AE          RES      5, (HL)
    2242:    C9             RET      
sub_2243:
    2243:    21 0E C1       LD       HL, #$C10E
    2246:    CB AE          RES      5, (HL)
    2248:    21 06 C1       LD       HL, #$C106
    224B:    CB EE          SET      5, (HL)
    224D:    C9             RET      
sub_224E:
    224E:    21 0E C1       LD       HL, #$C10E
    2251:    CB EE          SET      5, (HL)
    2253:    21 06 C1       LD       HL, #$C106
    2256:    CB AE          RES      5, (HL)
    2258:    C9             RET      
sub_2259:
    2259:    21 0E C1       LD       HL, #$C10E
    225C:    CB B6          RES      6, (HL)
    225E:    21 06 C1       LD       HL, #$C106
    2261:    CB F6          SET      6, (HL)
    2263:    C9             RET      
sub_2264:
    2264:    21 0E C1       LD       HL, #$C10E
    2267:    CB F6          SET      6, (HL)
    2269:    21 06 C1       LD       HL, #$C106
    226C:    CB B6          RES      6, (HL)
    226E:    C9             RET      
sub_226F:
    226F:    21 0C C1       LD       HL, #$C10C
    2272:    CB A6          RES      4, (HL)
    2274:    21 04 C1       LD       HL, #$C104
    2277:    CB E6          SET      4, (HL)
    2279:    C9             RET      
sub_227A:
    227A:    21 0C C1       LD       HL, #$C10C
    227D:    CB E6          SET      4, (HL)
    227F:    21 04 C1       LD       HL, #$C104
    2282:    CB A6          RES      4, (HL)
    2284:    C9             RET      
sub_2285:
    2285:    21 0C C1       LD       HL, #$C10C
    2288:    CB AE          RES      5, (HL)
    228A:    21 04 C1       LD       HL, #$C104
    228D:    CB EE          SET      5, (HL)
    228F:    C9             RET      
sub_2290:
    2290:    21 0C C1       LD       HL, #$C10C
    2293:    CB EE          SET      5, (HL)
    2295:    21 04 C1       LD       HL, #$C104
    2298:    CB AE          RES      5, (HL)
    229A:    C9             RET      
sub_229B:
    229B:    21 0C C1       LD       HL, #$C10C
    229E:    CB B6          RES      6, (HL)
    22A0:    21 04 C1       LD       HL, #$C104
    22A3:    CB F6          SET      6, (HL)
    22A5:    C9             RET      
sub_22A6:
    22A6:    21 0C C1       LD       HL, #$C10C
    22A9:    CB F6          SET      6, (HL)
    22AB:    21 04 C1       LD       HL, #$C104
    22AE:    CB B6          RES      6, (HL)
    22B0:    C9             RET      
sub_22B1:
    22B1:    21 09 C1       LD       HL, #$C109
    22B4:    CB BE          RES      7, (HL)
    22B6:    21 01 C1       LD       HL, #$C101
    22B9:    CB FE          SET      7, (HL)
    22BB:    C9             RET      
sub_22BC:
    22BC:    21 09 C1       LD       HL, #$C109
    22BF:    CB FE          SET      7, (HL)
    22C1:    21 01 C1       LD       HL, #$C101
    22C4:    CB BE          RES      7, (HL)
    22C6:    C9             RET      
sub_22C7:
    22C7:    21 01 C1       LD       HL, #$C101
    22CA:    CB C6          SET      0, (HL)
    22CC:    C9             RET      
sub_22CD:
    22CD:    21 09 C1       LD       HL, #$C109
    22D0:    CB C6          SET      0, (HL)
    22D2:    21 01 C1       LD       HL, #$C101
    22D5:    CB 86          RES      0, (HL)
    22D7:    C9             RET      
sub_22D8:
    22D8:    21 01 C1       LD       HL, #$C101
    22DB:    CB CE          SET      1, (HL)
    22DD:    C9             RET      
sub_22DE:
    22DE:    21 09 C1       LD       HL, #$C109
    22E1:    CB CE          SET      1, (HL)
    22E3:    21 01 C1       LD       HL, #$C101
    22E6:    CB 8E          RES      1, (HL)
    22E8:    C9             RET      
sub_22E9:
    22E9:    21 01 C1       LD       HL, #$C101
    22EC:    CB D6          SET      2, (HL)
    22EE:    C9             RET      
sub_22EF:
    22EF:    21 09 C1       LD       HL, #$C109
    22F2:    CB D6          SET      2, (HL)
    22F4:    21 01 C1       LD       HL, #$C101
    22F7:    CB 96          RES      2, (HL)
    22F9:    C9             RET      
sub_22FA:
    22FA:    21 01 C1       LD       HL, #$C101
    22FD:    CB DE          SET      3, (HL)
    22FF:    C9             RET      
sub_2300:
    2300:    21 09 C1       LD       HL, #$C109
    2303:    CB DE          SET      3, (HL)
    2305:    21 01 C1       LD       HL, #$C101
    2308:    CB 9E          RES      3, (HL)
    230A:    C9             RET      
sub_230B:
    230B:    21 01 C1       LD       HL, #$C101
    230E:    CB E6          SET      4, (HL)
    2310:    C9             RET      
sub_2311:
    2311:    21 09 C1       LD       HL, #$C109
    2314:    CB E6          SET      4, (HL)
    2316:    21 01 C1       LD       HL, #$C101
    2319:    CB A6          RES      4, (HL)
    231B:    C9             RET      
sub_231C:
    231C:    21 01 C1       LD       HL, #$C101
    231F:    CB EE          SET      5, (HL)
    2321:    C9             RET      
sub_2322:
    2322:    21 09 C1       LD       HL, #$C109
    2325:    CB EE          SET      5, (HL)
    2327:    21 01 C1       LD       HL, #$C101
    232A:    CB AE          RES      5, (HL)
    232C:    C9             RET      
sub_232D:
    232D:    3A 09 C1       LD       A, ($C109)
    2330:    E6 C0          AND      A, #$C0
    2332:    32 09 C1       LD       ($C109), A
    2335:    3A 01 C1       LD       A, ($C101)
    2338:    F6 3F          OR       A, #$3F
    233A:    32 01 C1       LD       ($C101), A
    233D:    C9             RET      
sub_233E:
    233E:    3A 09 C1       LD       A, ($C109)
    2341:    F6 3F          OR       A, #$3F
    2343:    32 09 C1       LD       ($C109), A
    2346:    3A 01 C1       LD       A, ($C101)
    2349:    E6 C0          AND      A, #$C0
    234B:    32 01 C1       LD       ($C101), A
    234E:    C9             RET      
sub_234F:
    234F:    21 0D C1       LD       HL, #$C10D
    2352:    CB 86          RES      0, (HL)
    2354:    21 05 C1       LD       HL, #$C105
    2357:    CB C6          SET      0, (HL)
    2359:    C9             RET      
sub_235A:
    235A:    21 05 C1       LD       HL, #$C105
    235D:    CB C6          SET      0, (HL)
    235F:    C9             RET      
sub_2360:
    2360:    21 0D C1       LD       HL, #$C10D
    2363:    CB C6          SET      0, (HL)
    2365:    21 05 C1       LD       HL, #$C105
    2368:    CB 86          RES      0, (HL)
    236A:    C9             RET      
sub_236B:
    236B:    21 0D C1       LD       HL, #$C10D
    236E:    CB 8E          RES      1, (HL)
    2370:    21 05 C1       LD       HL, #$C105
    2373:    CB CE          SET      1, (HL)
    2375:    C9             RET      
sub_2376:
    2376:    21 05 C1       LD       HL, #$C105
    2379:    CB CE          SET      1, (HL)
    237B:    C9             RET      
sub_237C:
    237C:    21 0D C1       LD       HL, #$C10D
    237F:    CB CE          SET      1, (HL)
    2381:    21 05 C1       LD       HL, #$C105
    2384:    CB 8E          RES      1, (HL)
    2386:    C9             RET      
sub_2387:
    2387:    21 0D C1       LD       HL, #$C10D
    238A:    CB AE          RES      5, (HL)
    238C:    21 05 C1       LD       HL, #$C105
    238F:    CB EE          SET      5, (HL)
    2391:    C9             RET      
sub_2392:
    2392:    21 05 C1       LD       HL, #$C105
    2395:    CB EE          SET      5, (HL)
    2397:    C9             RET      
sub_2398:
    2398:    21 0D C1       LD       HL, #$C10D
    239B:    CB EE          SET      5, (HL)
    239D:    21 05 C1       LD       HL, #$C105
    23A0:    CB AE          RES      5, (HL)
    23A2:    C9             RET      
sub_23A3:
    23A3:    21 0D C1       LD       HL, #$C10D
    23A6:    CB 9E          RES      3, (HL)
    23A8:    21 05 C1       LD       HL, #$C105
    23AB:    CB DE          SET      3, (HL)
    23AD:    C9             RET      
sub_23AE:
    23AE:    21 05 C1       LD       HL, #$C105
    23B1:    CB DE          SET      3, (HL)
    23B3:    C9             RET      
sub_23B4:
    23B4:    21 0D C1       LD       HL, #$C10D
    23B7:    CB DE          SET      3, (HL)
    23B9:    21 05 C1       LD       HL, #$C105
    23BC:    CB 9E          RES      3, (HL)
    23BE:    C9             RET      
sub_23BF:
    23BF:    21 0D C1       LD       HL, #$C10D
    23C2:    CB A6          RES      4, (HL)
    23C4:    21 05 C1       LD       HL, #$C105
    23C7:    CB E6          SET      4, (HL)
    23C9:    C9             RET      
sub_23CA:
    23CA:    21 05 C1       LD       HL, #$C105
    23CD:    CB E6          SET      4, (HL)
    23CF:    C9             RET      
sub_23D0:
    23D0:    21 0D C1       LD       HL, #$C10D
    23D3:    CB E6          SET      4, (HL)
    23D5:    21 05 C1       LD       HL, #$C105
    23D8:    CB A6          RES      4, (HL)
    23DA:    C9             RET      
sub_23DB:
    23DB:    21 0D C1       LD       HL, #$C10D
    23DE:    CB 96          RES      2, (HL)
    23E0:    21 05 C1       LD       HL, #$C105
    23E3:    CB D6          SET      2, (HL)
    23E5:    C9             RET      
sub_23E6:
    23E6:    21 0D C1       LD       HL, #$C10D
    23E9:    CB D6          SET      2, (HL)
    23EB:    21 05 C1       LD       HL, #$C105
    23EE:    CB 96          RES      2, (HL)
    23F0:    C9             RET      
sub_23F1:
    23F1:    21 0D C1       LD       HL, #$C10D
    23F4:    CB BE          RES      7, (HL)
    23F6:    21 05 C1       LD       HL, #$C105
    23F9:    CB FE          SET      7, (HL)
    23FB:    C9             RET      
sub_23FC:
    23FC:    21 0D C1       LD       HL, #$C10D
    23FF:    CB FE          SET      7, (HL)
    2401:    21 05 C1       LD       HL, #$C105
    2404:    CB BE          RES      7, (HL)
    2406:    C9             RET      
sub_2407:
    2407:    21 08 C1       LD       HL, #$C108
    240A:    CB B6          RES      6, (HL)
    240C:    21 00 C1       LD       HL, #$C100
    240F:    CB F6          SET      6, (HL)
    2411:    C9             RET      
sub_2412:
    2412:    21 08 C1       LD       HL, #$C108
    2415:    CB F6          SET      6, (HL)
    2417:    21 00 C1       LD       HL, #$C100
    241A:    CB B6          RES      6, (HL)
    241C:    C9             RET      
sub_241D:
    241D:    21 08 C1       LD       HL, #$C108
    2420:    CB 9E          RES      3, (HL)
    2422:    21 00 C1       LD       HL, #$C100
    2425:    CB DE          SET      3, (HL)
    2427:    C9             RET      
sub_2428:
    2428:    21 08 C1       LD       HL, #$C108
    242B:    CB DE          SET      3, (HL)
    242D:    21 00 C1       LD       HL, #$C100
    2430:    CB 9E          RES      3, (HL)
    2432:    C9             RET      
sub_2433:
    2433:    21 08 C1       LD       HL, #$C108
    2436:    CB 96          RES      2, (HL)
    2438:    21 00 C1       LD       HL, #$C100
    243B:    CB D6          SET      2, (HL)
    243D:    C9             RET      
sub_243E:
    243E:    21 08 C1       LD       HL, #$C108
    2441:    CB D6          SET      2, (HL)
    2443:    21 00 C1       LD       HL, #$C100
    2446:    CB 96          RES      2, (HL)
    2448:    C9             RET      
sub_2449:
    2449:    21 08 C1       LD       HL, #$C108
    244C:    CB AE          RES      5, (HL)
    244E:    21 00 C1       LD       HL, #$C100
    2451:    CB EE          SET      5, (HL)
    2453:    C9             RET      
sub_2454:
    2454:    21 08 C1       LD       HL, #$C108
    2457:    CB EE          SET      5, (HL)
    2459:    21 00 C1       LD       HL, #$C100
    245C:    CB AE          RES      5, (HL)
    245E:    C9             RET      
sub_245F:
    245F:    21 08 C1       LD       HL, #$C108
    2462:    CB A6          RES      4, (HL)
    2464:    21 00 C1       LD       HL, #$C100
    2467:    CB E6          SET      4, (HL)
    2469:    C9             RET      
sub_246A:
    246A:    21 08 C1       LD       HL, #$C108
    246D:    CB E6          SET      4, (HL)
    246F:    21 00 C1       LD       HL, #$C100
    2472:    CB A6          RES      4, (HL)
    2474:    C9             RET      
sub_2475:
    2475:    21 09 C1       LD       HL, #$C109
    2478:    CB B6          RES      6, (HL)
    247A:    21 01 C1       LD       HL, #$C101
    247D:    CB F6          SET      6, (HL)
    247F:    C9             RET      
sub_2480:
    2480:    21 09 C1       LD       HL, #$C109
    2483:    CB F6          SET      6, (HL)
    2485:    21 01 C1       LD       HL, #$C101
    2488:    CB B6          RES      6, (HL)
    248A:    C9             RET      
sub_248B:
    248B:    21 0B C1       LD       HL, #$C10B
    248E:    CB A6          RES      4, (HL)
    2490:    21 03 C1       LD       HL, #$C103
    2493:    CB E6          SET      4, (HL)
    2495:    C9             RET      
sub_2496:
    2496:    21 0B C1       LD       HL, #$C10B
    2499:    CB E6          SET      4, (HL)
    249B:    21 03 C1       LD       HL, #$C103
    249E:    CB A6          RES      4, (HL)
    24A0:    C9             RET      
sub_24A1:
    24A1:    21 0D C1       LD       HL, #$C10D
    24A4:    CB B6          RES      6, (HL)
    24A6:    21 05 C1       LD       HL, #$C105
    24A9:    CB F6          SET      6, (HL)
    24AB:    C9             RET      
sub_24AC:
    24AC:    21 0D C1       LD       HL, #$C10D
    24AF:    CB F6          SET      6, (HL)
    24B1:    21 05 C1       LD       HL, #$C105
    24B4:    CB B6          RES      6, (HL)
    24B6:    C9             RET      
sub_24B7:
    24B7:    3E FF          LD       A, #$FF
    24B9:    32 27 C1       LD       ($C127), A
    24BC:    21 0E C1       LD       HL, #$C10E
    24BF:    CB BE          RES      7, (HL)
    24C1:    21 06 C1       LD       HL, #$C106
    24C4:    CB FE          SET      7, (HL)
    24C6:    C9             RET      
sub_24C7:
    24C7:    AF             XOR      A, A
    24C8:    32 27 C1       LD       ($C127), A
    24CB:    21 0E C1       LD       HL, #$C10E
    24CE:    CB FE          SET      7, (HL)
    24D0:    21 06 C1       LD       HL, #$C106
    24D3:    CB BE          RES      7, (HL)
    24D5:    C9             RET      
sub_24D6:
    24D6:    21 06 C1       LD       HL, #$C106
    24D9:    CB E6          SET      4, (HL)
    24DB:    C9             RET      
sub_24DC:
    24DC:    21 0E C1       LD       HL, #$C10E
    24DF:    CB E6          SET      4, (HL)
    24E1:    21 06 C1       LD       HL, #$C106
    24E4:    CB A6          RES      4, (HL)
    24E6:    C9             RET      
sub_24E7:
    24E7:    21 06 C1       LD       HL, #$C106
    24EA:    CB DE          SET      3, (HL)
    24EC:    C9             RET      
sub_24ED:
    24ED:    21 0E C1       LD       HL, #$C10E
    24F0:    CB DE          SET      3, (HL)
    24F2:    21 06 C1       LD       HL, #$C106
    24F5:    CB 9E          RES      3, (HL)
    24F7:    C9             RET      
sub_24F8:
    24F8:    21 06 C1       LD       HL, #$C106
    24FB:    CB C6          SET      0, (HL)
    24FD:    C9             RET      
sub_24FE:
    24FE:    21 0E C1       LD       HL, #$C10E
    2501:    CB C6          SET      0, (HL)
    2503:    21 06 C1       LD       HL, #$C106
    2506:    CB 86          RES      0, (HL)
    2508:    C9             RET      
sub_2509:
    2509:    21 06 C1       LD       HL, #$C106
    250C:    CB CE          SET      1, (HL)
    250E:    C9             RET      
sub_250F:
    250F:    21 0E C1       LD       HL, #$C10E
    2512:    CB CE          SET      1, (HL)
    2514:    21 06 C1       LD       HL, #$C106
    2517:    CB 8E          RES      1, (HL)
    2519:    C9             RET      
sub_251A:
    251A:    21 06 C1       LD       HL, #$C106
    251D:    CB D6          SET      2, (HL)
    251F:    C9             RET      
sub_2520:
    2520:    21 0E C1       LD       HL, #$C10E
    2523:    CB D6          SET      2, (HL)
    2525:    21 06 C1       LD       HL, #$C106
    2528:    CB 96          RES      2, (HL)
    252A:    C9             RET      
sub_252B:
    252B:    21 0C C1       LD       HL, #$C10C
    252E:    CB BE          RES      7, (HL)
    2530:    21 04 C1       LD       HL, #$C104
    2533:    CB FE          SET      7, (HL)
    2535:    C9             RET      
sub_2536:
    2536:    21 0C C1       LD       HL, #$C10C
    2539:    CB FE          SET      7, (HL)
    253B:    21 04 C1       LD       HL, #$C104
    253E:    CB BE          RES      7, (HL)
    2540:    C9             RET      
sub_2541:
    2541:    21 04 C1       LD       HL, #$C104
    2544:    CB C6          SET      0, (HL)
    2546:    C9             RET      
sub_2547:
    2547:    21 0C C1       LD       HL, #$C10C
    254A:    CB C6          SET      0, (HL)
    254C:    21 04 C1       LD       HL, #$C104
    254F:    CB 86          RES      0, (HL)
    2551:    C9             RET      
sub_2552:
    2552:    21 0C C1       LD       HL, #$C10C
    2555:    CB 8E          RES      1, (HL)
    2557:    21 04 C1       LD       HL, #$C104
    255A:    CB CE          SET      1, (HL)
    255C:    C9             RET      
sub_255D:
    255D:    21 0C C1       LD       HL, #$C10C
    2560:    CB CE          SET      1, (HL)
    2562:    21 04 C1       LD       HL, #$C104
    2565:    CB 8E          RES      1, (HL)
    2567:    C9             RET      
sub_2568:
    2568:    21 04 C1       LD       HL, #$C104
    256B:    CB D6          SET      2, (HL)
    256D:    C9             RET      
sub_256E:
    256E:    21 0C C1       LD       HL, #$C10C
    2571:    CB D6          SET      2, (HL)
    2573:    21 04 C1       LD       HL, #$C104
    2576:    CB 96          RES      2, (HL)
    2578:    C9             RET      
sub_2579:
    2579:    21 0C C1       LD       HL, #$C10C
    257C:    CB 9E          RES      3, (HL)
    257E:    21 04 C1       LD       HL, #$C104
    2581:    CB DE          SET      3, (HL)
    2583:    C9             RET      
sub_2584:
    2584:    21 0C C1       LD       HL, #$C10C
    2587:    CB DE          SET      3, (HL)
    2589:    21 04 C1       LD       HL, #$C104
    258C:    CB 9E          RES      3, (HL)
    258E:    C9             RET      
sub_258F:
    258F:    21 08 C1       LD       HL, #$C108
    2592:    CB BE          RES      7, (HL)
    2594:    21 00 C1       LD       HL, #$C100
    2597:    CB FE          SET      7, (HL)
    2599:    C9             RET      
sub_259A:
    259A:    21 08 C1       LD       HL, #$C108
    259D:    CB FE          SET      7, (HL)
    259F:    21 00 C1       LD       HL, #$C100
    25A2:    CB BE          RES      7, (HL)
    25A4:    C9             RET      
sub_25A5:
    25A5:    21 FF C0       LD       HL, #$C0FF
    25A8:    CB C6          SET      0, (HL)
    25AA:    C9             RET      
sub_25AB:
    25AB:    21 07 C1       LD       HL, #$C107
    25AE:    CB C6          SET      0, (HL)
    25B0:    21 FF C0       LD       HL, #$C0FF
    25B3:    CB 86          RES      0, (HL)
    25B5:    C9             RET      
sub_25B6:
    25B6:    21 FF C0       LD       HL, #$C0FF
    25B9:    CB CE          SET      1, (HL)
    25BB:    C9             RET      
sub_25BC:
    25BC:    21 07 C1       LD       HL, #$C107
    25BF:    CB CE          SET      1, (HL)
    25C1:    21 FF C0       LD       HL, #$C0FF
    25C4:    CB 8E          RES      1, (HL)
    25C6:    C9             RET      
sub_25C7:
    25C7:    21 FF C0       LD       HL, #$C0FF
    25CA:    CB D6          SET      2, (HL)
    25CC:    C9             RET      
sub_25CD:
    25CD:    21 07 C1       LD       HL, #$C107
    25D0:    CB D6          SET      2, (HL)
    25D2:    21 FF C0       LD       HL, #$C0FF
    25D5:    CB 96          RES      2, (HL)
    25D7:    C9             RET      
sub_25D8:
    25D8:    21 FF C0       LD       HL, #$C0FF
    25DB:    CB DE          SET      3, (HL)
    25DD:    C9             RET      
sub_25DE:
    25DE:    21 07 C1       LD       HL, #$C107
    25E1:    CB DE          SET      3, (HL)
    25E3:    21 FF C0       LD       HL, #$C0FF
    25E6:    CB 9E          RES      3, (HL)
    25E8:    C9             RET      
sub_25E9:
    25E9:    21 FF C0       LD       HL, #$C0FF
    25EC:    CB E6          SET      4, (HL)
    25EE:    C9             RET      
sub_25EF:
    25EF:    21 07 C1       LD       HL, #$C107
    25F2:    CB E6          SET      4, (HL)
    25F4:    21 FF C0       LD       HL, #$C0FF
    25F7:    CB A6          RES      4, (HL)
    25F9:    C9             RET      
sub_25FA:
    25FA:    21 FF C0       LD       HL, #$C0FF
    25FD:    CB EE          SET      5, (HL)
    25FF:    C9             RET      
sub_2600:
    2600:    21 07 C1       LD       HL, #$C107
    2603:    CB EE          SET      5, (HL)
    2605:    21 FF C0       LD       HL, #$C0FF
    2608:    CB AE          RES      5, (HL)
    260A:    C9             RET      
sub_260B:
    260B:    21 FF C0       LD       HL, #$C0FF
    260E:    CB F6          SET      6, (HL)
    2610:    C9             RET      
sub_2611:
    2611:    21 07 C1       LD       HL, #$C107
    2614:    CB F6          SET      6, (HL)
    2616:    21 FF C0       LD       HL, #$C0FF
    2619:    CB B6          RES      6, (HL)
    261B:    C9             RET      
sub_261C:
    261C:    21 FF C0       LD       HL, #$C0FF
    261F:    CB FE          SET      7, (HL)
    2621:    C9             RET      
sub_2622:
    2622:    21 07 C1       LD       HL, #$C107
    2625:    CB FE          SET      7, (HL)
    2627:    21 FF C0       LD       HL, #$C0FF
    262A:    CB BE          RES      7, (HL)
    262C:    C9             RET      
sub_262D:
    262D:    21 00 C1       LD       HL, #$C100
    2630:    CB C6          SET      0, (HL)
    2632:    C9             RET      
sub_2633:
    2633:    21 08 C1       LD       HL, #$C108
    2636:    CB C6          SET      0, (HL)
    2638:    21 00 C1       LD       HL, #$C100
    263B:    CB 86          RES      0, (HL)
    263D:    C9             RET      
sub_263E:
    263E:    21 00 C1       LD       HL, #$C100
    2641:    CB CE          SET      1, (HL)
    2643:    C9             RET      
sub_2644:
    2644:    21 08 C1       LD       HL, #$C108
    2647:    CB CE          SET      1, (HL)
    2649:    21 00 C1       LD       HL, #$C100
    264C:    CB 8E          RES      1, (HL)
    264E:    C9             RET      
sub_264F:
    264F:    F3             DI       
    2650:    21 FF C0       LD       HL, #$C0FF
    2653:    36 FF          LD       (HL), #$FF
    2655:    21 00 C1       LD       HL, #$C100
    2658:    CB C6          SET      0, (HL)
    265A:    CB CE          SET      1, (HL)
    265C:    FB             EI       
    265D:    C9             RET      
sub_265E:
    265E:    F3             DI       
    265F:    21 FF C0       LD       HL, #$C0FF
    2662:    36 00          LD       (HL), #$00
    2664:    21 00 C1       LD       HL, #$C100
    2667:    CB 86          RES      0, (HL)
    2669:    CB 8E          RES      1, (HL)
    266B:    21 07 C1       LD       HL, #$C107
    266E:    36 FF          LD       (HL), #$FF
    2670:    21 08 C1       LD       HL, #$C108
    2673:    CB C6          SET      0, (HL)
    2675:    CB CE          SET      1, (HL)
    2677:    FB             EI       
    2678:    C9             RET      
sub_2679:
    2679:    21 02 C1       LD       HL, #$C102
    267C:    CB C6          SET      0, (HL)
    267E:    C9             RET      
sub_267F:
    267F:    21 0A C1       LD       HL, #$C10A
    2682:    CB C6          SET      0, (HL)
    2684:    21 02 C1       LD       HL, #$C102
    2687:    CB 86          RES      0, (HL)
    2689:    C9             RET      
sub_268A:
    268A:    21 02 C1       LD       HL, #$C102
    268D:    CB CE          SET      1, (HL)
    268F:    C9             RET      
sub_2690:
    2690:    21 0A C1       LD       HL, #$C10A
    2693:    CB CE          SET      1, (HL)
    2695:    21 02 C1       LD       HL, #$C102
    2698:    CB 8E          RES      1, (HL)
    269A:    C9             RET      
sub_269B:
    269B:    21 02 C1       LD       HL, #$C102
    269E:    CB D6          SET      2, (HL)
    26A0:    C9             RET      
sub_26A1:
    26A1:    21 0A C1       LD       HL, #$C10A
    26A4:    CB D6          SET      2, (HL)
    26A6:    21 02 C1       LD       HL, #$C102
    26A9:    CB 96          RES      2, (HL)
    26AB:    C9             RET      
sub_26AC:
    26AC:    21 02 C1       LD       HL, #$C102
    26AF:    CB DE          SET      3, (HL)
    26B1:    C9             RET      
sub_26B2:
    26B2:    21 0A C1       LD       HL, #$C10A
    26B5:    CB DE          SET      3, (HL)
    26B7:    21 02 C1       LD       HL, #$C102
    26BA:    CB 9E          RES      3, (HL)
    26BC:    C9             RET      
sub_26BD:
    26BD:    21 02 C1       LD       HL, #$C102
    26C0:    CB E6          SET      4, (HL)
    26C2:    C9             RET      
sub_26C3:
    26C3:    21 0A C1       LD       HL, #$C10A
    26C6:    CB E6          SET      4, (HL)
    26C8:    21 02 C1       LD       HL, #$C102
    26CB:    CB A6          RES      4, (HL)
    26CD:    C9             RET      
sub_26CE:
    26CE:    21 02 C1       LD       HL, #$C102
    26D1:    CB EE          SET      5, (HL)
    26D3:    C9             RET      
sub_26D4:
    26D4:    21 0A C1       LD       HL, #$C10A
    26D7:    CB EE          SET      5, (HL)
    26D9:    21 02 C1       LD       HL, #$C102
    26DC:    CB AE          RES      5, (HL)
    26DE:    C9             RET      
sub_26DF:
    26DF:    21 02 C1       LD       HL, #$C102
    26E2:    CB F6          SET      6, (HL)
    26E4:    C9             RET      
sub_26E5:
    26E5:    21 0A C1       LD       HL, #$C10A
    26E8:    CB F6          SET      6, (HL)
    26EA:    21 02 C1       LD       HL, #$C102
    26ED:    CB B6          RES      6, (HL)
    26EF:    C9             RET      
sub_26F0:
    26F0:    21 02 C1       LD       HL, #$C102
    26F3:    CB FE          SET      7, (HL)
    26F5:    C9             RET      
sub_26F6:
    26F6:    21 0A C1       LD       HL, #$C10A
    26F9:    CB FE          SET      7, (HL)
    26FB:    21 02 C1       LD       HL, #$C102
    26FE:    CB BE          RES      7, (HL)
    2700:    C9             RET      
sub_2701:
    2701:    21 03 C1       LD       HL, #$C103
    2704:    CB C6          SET      0, (HL)
    2706:    C9             RET      
sub_2707:
    2707:    21 0B C1       LD       HL, #$C10B
    270A:    CB C6          SET      0, (HL)
    270C:    21 03 C1       LD       HL, #$C103
    270F:    CB 86          RES      0, (HL)
    2711:    C9             RET      
sub_2712:
    2712:    21 03 C1       LD       HL, #$C103
    2715:    CB CE          SET      1, (HL)
    2717:    C9             RET      
sub_2718:
    2718:    21 0B C1       LD       HL, #$C10B
    271B:    CB CE          SET      1, (HL)
    271D:    21 03 C1       LD       HL, #$C103
    2720:    CB 8E          RES      1, (HL)
    2722:    C9             RET      
sub_2723:
    2723:    21 03 C1       LD       HL, #$C103
    2726:    CB D6          SET      2, (HL)
    2728:    C9             RET      
sub_2729:
    2729:    21 0B C1       LD       HL, #$C10B
    272C:    CB D6          SET      2, (HL)
    272E:    21 03 C1       LD       HL, #$C103
    2731:    CB 96          RES      2, (HL)
    2733:    C9             RET      
sub_2734:
    2734:    21 03 C1       LD       HL, #$C103
    2737:    CB DE          SET      3, (HL)
    2739:    C9             RET      
sub_273A:
    273A:    21 0B C1       LD       HL, #$C10B
    273D:    CB DE          SET      3, (HL)
    273F:    21 03 C1       LD       HL, #$C103
    2742:    CB 9E          RES      3, (HL)
    2744:    C9             RET      
sub_2745:
    2745:    21 0A C1       LD       HL, #$C10A
    2748:    CB 86          RES      0, (HL)
    274A:    21 02 C1       LD       HL, #$C102
    274D:    CB C6          SET      0, (HL)
    274F:    C9             RET      
sub_2750:
    2750:    21 0A C1       LD       HL, #$C10A
    2753:    CB 8E          RES      1, (HL)
    2755:    21 02 C1       LD       HL, #$C102
    2758:    CB CE          SET      1, (HL)
    275A:    C9             RET      
sub_275B:
    275B:    21 0A C1       LD       HL, #$C10A
    275E:    CB 96          RES      2, (HL)
    2760:    21 02 C1       LD       HL, #$C102
    2763:    CB D6          SET      2, (HL)
    2765:    C9             RET      
sub_2766:
    2766:    21 0A C1       LD       HL, #$C10A
    2769:    CB 9E          RES      3, (HL)
    276B:    21 02 C1       LD       HL, #$C102
    276E:    CB DE          SET      3, (HL)
    2770:    C9             RET      
sub_2771:
    2771:    21 0A C1       LD       HL, #$C10A
    2774:    CB A6          RES      4, (HL)
    2776:    21 02 C1       LD       HL, #$C102
    2779:    CB E6          SET      4, (HL)
    277B:    C9             RET      
sub_277C:
    277C:    21 0A C1       LD       HL, #$C10A
    277F:    CB AE          RES      5, (HL)
    2781:    21 02 C1       LD       HL, #$C102
    2784:    CB EE          SET      5, (HL)
    2786:    C9             RET      
sub_2787:
    2787:    21 0A C1       LD       HL, #$C10A
    278A:    CB B6          RES      6, (HL)
    278C:    21 02 C1       LD       HL, #$C102
    278F:    CB F6          SET      6, (HL)
    2791:    C9             RET      
sub_2792:
    2792:    21 0A C1       LD       HL, #$C10A
    2795:    CB BE          RES      7, (HL)
    2797:    21 02 C1       LD       HL, #$C102
    279A:    CB FE          SET      7, (HL)
    279C:    C9             RET      
sub_279D:
    279D:    21 0B C1       LD       HL, #$C10B
    27A0:    CB 86          RES      0, (HL)
    27A2:    21 03 C1       LD       HL, #$C103
    27A5:    CB C6          SET      0, (HL)
    27A7:    C9             RET      
sub_27A8:
    27A8:    21 0B C1       LD       HL, #$C10B
    27AB:    CB 8E          RES      1, (HL)
    27AD:    21 03 C1       LD       HL, #$C103
    27B0:    CB CE          SET      1, (HL)
    27B2:    C9             RET      
port87_bit5_clear:
    27B3:    F3             DI       
    27B4:    3A 07 C0       LD       A, ($C007)
    27B7:    E6 DF          AND      A, #$DF
    27B9:    32 07 C0       LD       ($C007), A
    27BC:    D3 87          OUT      ($87), A
    27BE:    FB             EI       
    27BF:    C9             RET      
port87_bit5_set:
    27C0:    F3             DI       
    27C1:    3A 07 C0       LD       A, ($C007)
    27C4:    F6 20          OR       A, #$20
    27C6:    32 07 C0       LD       ($C007), A
    27C9:    D3 87          OUT      ($87), A
    27CB:    FB             EI       
    27CC:    C9             RET      
sub_27CD:
    27CD:    3E FF          LD       A, #$FF
    27CF:    32 22 C0       LD       ($C022), A
    27D2:    C9             RET      
sub_27D3:
    27D3:    AF             XOR      A, A
    27D4:    32 22 C0       LD       ($C022), A
    27D7:    CD B3 27       CALL     port87_bit5_clear
    27DA:    C9             RET      
sub_27DB:
    27DB:    21 3C 00       LD       HL, #$003C
    27DE:    22 4C C0       LD       ($C04C), HL
    27E1:    3E FF          LD       A, #$FF
    27E3:    32 4E C0       LD       ($C04E), A
sub_27E6:
    27E6:    3A 4E C0       LD       A, ($C04E)
    27E9:    A7             AND      A, A
    27EA:    20 FA          JR       NZ, sub_27E6
    27EC:    C9             RET      
sub_27ED:
    27ED:    F3             DI       
    27EE:    3A 06 C1       LD       A, ($C106)
    27F1:    E6 80          AND      A, #$80
    27F3:    06 08          LD       B, #$08
    27F5:    21 07 C1       LD       HL, #$C107
    27F8:    36 FF          LD       (HL), #$FF
    27FA:    23             INC      HL
    27FB:    10 FB          DJNZ     $27F8
    27FD:    2F             CPL      
    27FE:    21 0E C1       LD       HL, #$C10E
    2801:    A6             AND      A, (HL)
    2802:    77             LD       (HL), A
    2803:    06 08          LD       B, #$08
    2805:    21 FF C0       LD       HL, #$C0FF
    2808:    36 00          LD       (HL), #$00
    280A:    23             INC      HL
    280B:    10 FB          DJNZ     $2808
    280D:    2F             CPL      
    280E:    21 06 C1       LD       HL, #$C106
    2811:    B6             OR       A, (HL)
    2812:    77             LD       (HL), A
    2813:    AF             XOR      A, A
    2814:    32 19 C1       LD       ($C119), A
    2817:    3A 68 C0       LD       A, ($C068)
    281A:    A7             AND      A, A
    281B:    C2 2D 28       JP       NZ, $282D
    281E:    CD D6 24       CALL     sub_24D6
    2821:    CD E7 24       CALL     sub_24E7
    2824:    CD F8 24       CALL     sub_24F8
    2827:    CD 09 25       CALL     sub_2509
    282A:    CD 1A 25       CALL     sub_251A
    282D:    FB             EI       
    282E:    C9             RET      
sub_282F:
    282F:    C9             RET      
sub_2830:
    2830:    C9             RET      
sub_2831:
    2831:    F3             DI       
    2832:    3A 07 C0       LD       A, ($C007)
    2835:    E6 EF          AND      A, #$EF
    2837:    32 07 C0       LD       ($C007), A
    283A:    D3 87          OUT      ($87), A
    283C:    3E FF          LD       A, #$FF
    283E:    32 56 C0       LD       ($C056), A
    2841:    3E FF          LD       A, #$FF
    2843:    32 5F C0       LD       ($C05F), A
    2846:    AF             XOR      A, A
    2847:    32 19 C1       LD       ($C119), A
    284A:    3E FF          LD       A, #$FF
    284C:    32 55 C0       LD       ($C055), A
    284F:    FB             EI       
    2850:    C9             RET      
sub_2851:
    2851:    F3             DI       
    2852:    AF             XOR      A, A
    2853:    32 56 C0       LD       ($C056), A
    2856:    3E FF          LD       A, #$FF
    2858:    32 5F C0       LD       ($C05F), A
    285B:    32 55 C0       LD       ($C055), A
    285E:    3A 07 C0       LD       A, ($C007)
    2861:    F6 10          OR       A, #$10
    2863:    32 07 C0       LD       ($C007), A
    2866:    D3 87          OUT      ($87), A
    2868:    3A 68 C0       LD       A, ($C068)
    286B:    A7             AND      A, A
    286C:    C2 72 28       JP       NZ, $2872
    286F:    CD A7 36       CALL     sub_36A7
    2872:    FB             EI       
    2873:    C9             RET      
sub_2874:
    2874:    3E FF          LD       A, #$FF
    2876:    32 69 C0       LD       ($C069), A
    2879:    C9             RET      
sub_287A:
    287A:    AF             XOR      A, A
    287B:    32 69 C0       LD       ($C069), A
    287E:    C9             RET      
sub_287F:
    287F:    3E FF          LD       A, #$FF
    2881:    32 6A C0       LD       ($C06A), A
    2884:    C9             RET      
sub_2885:
    2885:    AF             XOR      A, A
    2886:    32 6A C0       LD       ($C06A), A
    2889:    C9             RET      
sub_288A:
    288A:    3E FF          LD       A, #$FF
    288C:    32 55 C0       LD       ($C055), A
    288F:    C9             RET      
sub_2890:
    2890:    AF             XOR      A, A
    2891:    32 55 C0       LD       ($C055), A
    2894:    C9             RET      
sub_2895:
    2895:    3A 68 C0       LD       A, ($C068)
    2898:    A7             AND      A, A
    2899:    C8             RET      Z
    289A:    CD C7 05       CALL     sub_05C7
    289D:    CD A1 28       CALL     sub_28A1
    28A0:    C9             RET      
sub_28A1:
    28A1:    21 64 00       LD       HL, #$0064
    28A4:    22 4C C0       LD       ($C04C), HL
    28A7:    3E FF          LD       A, #$FF
    28A9:    32 4E C0       LD       ($C04E), A
    28AC:    CD 73 2E       CALL     sw_strobe_col0
    28AF:    CD ED 32       CALL     sub_32ED
    28B2:    3A DB C0       LD       A, ($C0DB)
    28B5:    CB 77          BIT      6, A
    28B7:    CA C1 28       JP       Z, $28C1
    28BA:    3A 4E C0       LD       A, ($C04E)
    28BD:    A7             AND      A, A
    28BE:    C2 AC 28       JP       NZ, $28AC
    28C1:    CD 13 06       CALL     sub_0613
    28C4:    21 64 00       LD       HL, #$0064
    28C7:    22 4C C0       LD       ($C04C), HL
    28CA:    3E FF          LD       A, #$FF
    28CC:    32 4E C0       LD       ($C04E), A
    28CF:    3A 4E C0       LD       A, ($C04E)
    28D2:    A7             AND      A, A
    28D3:    C2 CF 28       JP       NZ, $28CF
    28D6:    C9             RET      
sub_28D7:
    28D7:    3A 68 C0       LD       A, ($C068)
    28DA:    A7             AND      A, A
    28DB:    C8             RET      Z
    28DC:    CD ED 05       CALL     sub_05ED
    28DF:    CD E3 28       CALL     sub_28E3
    28E2:    C9             RET      
sub_28E3:
    28E3:    21 64 00       LD       HL, #$0064
    28E6:    22 4C C0       LD       ($C04C), HL
    28E9:    3E FF          LD       A, #$FF
    28EB:    32 4E C0       LD       ($C04E), A
    28EE:    CD 73 2E       CALL     sw_strobe_col0
    28F1:    CD ED 32       CALL     sub_32ED
    28F4:    3A DB C0       LD       A, ($C0DB)
    28F7:    CB 7F          BIT      7, A
    28F9:    CA 03 29       JP       Z, $2903
    28FC:    3A 4E C0       LD       A, ($C04E)
    28FF:    A7             AND      A, A
    2900:    C2 EE 28       JP       NZ, $28EE
    2903:    CD 30 06       CALL     sub_0630
    2906:    21 64 00       LD       HL, #$0064
    2909:    22 4C C0       LD       ($C04C), HL
    290C:    3E FF          LD       A, #$FF
    290E:    32 4E C0       LD       ($C04E), A
    2911:    3A 4E C0       LD       A, ($C04E)
    2914:    A7             AND      A, A
    2915:    C2 11 29       JP       NZ, $2911
    2918:    C9             RET      
sub_2919:
    2919:    3A 68 C0       LD       A, ($C068)
    291C:    A7             AND      A, A
    291D:    C8             RET      Z
    291E:    CD 13 06       CALL     sub_0613
    2921:    C9             RET      
sub_2922:
    2922:    CD 4D 06       CALL     sub_064D
    2925:    3E 1E          LD       A, #$1E
    2927:    32 5F C0       LD       ($C05F), A
    292A:    C9             RET      
sub_292B:
    292B:    3A 68 C0       LD       A, ($C068)
    292E:    A7             AND      A, A
    292F:    C8             RET      Z
    2930:    CD 30 06       CALL     sub_0630
    2933:    C9             RET      
sub_2934:
    2934:    CD 66 06       CALL     sub_0666
    2937:    3E 1E          LD       A, #$1E
    2939:    32 5F C0       LD       ($C05F), A
    293C:    C9             RET      
sub_293D:
    293D:    3A 68 C0       LD       A, ($C068)
    2940:    A7             AND      A, A
    2941:    C8             RET      Z
    2942:    CD 7F 06       CALL     sub_067F
    2945:    CD 49 29       CALL     sub_2949
    2948:    C9             RET      
sub_2949:
    2949:    21 64 00       LD       HL, #$0064
    294C:    22 4C C0       LD       ($C04C), HL
    294F:    3E FF          LD       A, #$FF
    2951:    32 4E C0       LD       ($C04E), A
    2954:    CD 83 2E       CALL     sw_strobe_col1
    2957:    CD F9 32       CALL     sub_32F9
    295A:    3A DC C0       LD       A, ($C0DC)
    295D:    CB 57          BIT      2, A
    295F:    CA 69 29       JP       Z, $2969
    2962:    3A 4E C0       LD       A, ($C04E)
    2965:    A7             AND      A, A
    2966:    C2 54 29       JP       NZ, $2954
    2969:    CD A5 06       CALL     sub_06A5
    296C:    21 64 00       LD       HL, #$0064
    296F:    22 4C C0       LD       ($C04C), HL
    2972:    3E FF          LD       A, #$FF
    2974:    32 4E C0       LD       ($C04E), A
    2977:    3A 4E C0       LD       A, ($C04E)
    297A:    A7             AND      A, A
    297B:    C2 77 29       JP       NZ, $2977
    297E:    C9             RET      
sub_297F:
    297F:    3A 68 C0       LD       A, ($C068)
    2982:    A7             AND      A, A
    2983:    C8             RET      Z
    2984:    CD A5 06       CALL     sub_06A5
    2987:    C9             RET      
sub_2988:
    2988:    CD C2 06       CALL     sub_06C2
    298B:    3E 1E          LD       A, #$1E
    298D:    32 5F C0       LD       ($C05F), A
    2990:    C9             RET      
sub_2991:
    2991:    3E FF          LD       A, #$FF
    2993:    32 5A C0       LD       ($C05A), A
    2996:    C9             RET      
sub_2997:
    2997:    AF             XOR      A, A
    2998:    32 5A C0       LD       ($C05A), A
    299B:    C9             RET      
sub_299C:
    299C:    C9             RET      
sub_299D:
    299D:    C9             RET      
sub_299E:
    299E:    21 14 00       LD       HL, #$0014
    29A1:    22 4F C0       LD       ($C04F), HL
    29A4:    3E FF          LD       A, #$FF
    29A6:    32 51 C0       LD       ($C051), A
    29A9:    CD A7 08       CALL     sub_08A7
    29AC:    3A 51 C0       LD       A, ($C051)
    29AF:    A7             AND      A, A
    29B0:    20 FA          JR       NZ, $29AC
sub_29B2:
    29B2:    CD C5 08       CALL     sub_08C5
    29B5:    3E 1E          LD       A, #$1E
    29B7:    32 5F C0       LD       ($C05F), A
    29BA:    C9             RET      
sub_29BB:
    29BB:    CD 89 07       CALL     sub_0789
    29BE:    C9             RET      
sub_29BF:
    29BF:    CD A6 07       CALL     sub_07A6
    29C2:    C9             RET      
sub_29C3:
    29C3:    21 14 00       LD       HL, #$0014
    29C6:    22 4F C0       LD       ($C04F), HL
    29C9:    3E FF          LD       A, #$FF
    29CB:    32 51 C0       LD       ($C051), A
    29CE:    CD D3 08       CALL     sub_08D3
    29D1:    3A 51 C0       LD       A, ($C051)
    29D4:    A7             AND      A, A
    29D5:    C2 D1 29       JP       NZ, $29D1
    29D8:    CD F1 08       CALL     sub_08F1
    29DB:    3E 1E          LD       A, #$1E
    29DD:    32 5F C0       LD       ($C05F), A
    29E0:    C9             RET      
sub_29E1:
    29E1:    21 2C 01       LD       HL, #$012C
    29E4:    22 4F C0       LD       ($C04F), HL
    29E7:    3E FF          LD       A, #$FF
    29E9:    32 51 C0       LD       ($C051), A
    29EC:    CD E0 07       CALL     sub_07E0
    29EF:    3A 68 C0       LD       A, ($C068)
    29F2:    A7             AND      A, A
    29F3:    C0             RET      NZ
    29F4:    CD 2E 37       CALL     sub_372E
    29F7:    C9             RET      
sub_29F8:
    29F8:    CD DB 06       CALL     sub_06DB
    29FB:    C9             RET      
sub_29FC:
    29FC:    CD F8 06       CALL     sub_06F8
    29FF:    C9             RET      
sub_2A00:
    2A00:    CD 15 07       CALL     sub_0715
    2A03:    C9             RET      
sub_2A04:
    2A04:    CD 32 07       CALL     sub_0732
    2A07:    C9             RET      
sub_2A08:
    2A08:    CD 4F 07       CALL     sub_074F
    2A0B:    C9             RET      
sub_2A0C:
    2A0C:    CD C3 07       CALL     sub_07C3
    2A0F:    C9             RET      
sub_2A10:
    2A10:    3A 68 C0       LD       A, ($C068)
    2A13:    A7             AND      A, A
    2A14:    C2 FF 08       JP       NZ, sub_08FF
    2A17:    3E FF          LD       A, #$FF
    2A19:    32 5D C0       LD       ($C05D), A
    2A1C:    C9             RET      
sub_2A1D:
    2A1D:    AF             XOR      A, A
    2A1E:    32 5D C0       LD       ($C05D), A
    2A21:    C9             RET      
sub_2A22:
    2A22:    3A 68 C0       LD       A, ($C068)
    2A25:    A7             AND      A, A
    2A26:    C2 57 09       JP       NZ, sub_0957
    2A29:    3E FF          LD       A, #$FF
    2A2B:    32 5C C0       LD       ($C05C), A
    2A2E:    C9             RET      
sub_2A2F:
    2A2F:    AF             XOR      A, A
    2A30:    32 5C C0       LD       ($C05C), A
    2A33:    C9             RET      
sub_2A34:
    2A34:    C9             RET      
sub_2A35:
    2A35:    C9             RET      
sub_2A36:
    2A36:    CD 6C 07       CALL     sub_076C
    2A39:    C9             RET      
sub_2A3A:
    2A3A:    3E FF          LD       A, #$FF
    2A3C:    32 54 C0       LD       ($C054), A
    2A3F:    C9             RET      
sub_2A40:
    2A40:    AF             XOR      A, A
    2A41:    32 54 C0       LD       ($C054), A
    2A44:    C9             RET      
sub_2A45:
    2A45:    CD 73 2E       CALL     sw_strobe_col0
    2A48:    CD 5E 13       CALL     sub_135E
    2A4B:    CD ED 32       CALL     sub_32ED
    2A4E:    21 70 C0       LD       HL, #$C070
    2A51:    36 00          LD       (HL), #$00
    2A53:    3A DB C0       LD       A, ($C0DB)
    2A56:    CB 47          BIT      0, A
    2A58:    C2 5C 2A       JP       NZ, $2A5C
    2A5B:    34             INC      (HL)
    2A5C:    CB 4F          BIT      1, A
    2A5E:    C2 62 2A       JP       NZ, $2A62
    2A61:    34             INC      (HL)
    2A62:    CB 57          BIT      2, A
    2A64:    C2 68 2A       JP       NZ, $2A68
    2A67:    34             INC      (HL)
    2A68:    7E             LD       A, (HL)
    2A69:    FE 01          CP       #$01
    2A6B:    CA 88 2A       JP       Z, $2A88
    2A6E:    FE 02          CP       #$02
    2A70:    CA 98 2A       JP       Z, $2A98
    2A73:    FE 03          CP       #$03
    2A75:    CA A8 2A       JP       Z, $2AA8
    2A78:    3A DB C0       LD       A, ($C0DB)
    2A7B:    CB 5F          BIT      3, A
    2A7D:    CA 90 2A       JP       Z, $2A90
    2A80:    3E 48          LD       A, #$48
    2A82:    32 FC C0       LD       ($C0FC), A
    2A85:    C3 16 01       JP       host_send_c0fc
    2A88:    3A DB C0       LD       A, ($C0DB)
    2A8B:    CB 5F          BIT      3, A
    2A8D:    CA A0 2A       JP       Z, $2AA0
    2A90:    3E 38          LD       A, #$38
    2A92:    32 FC C0       LD       ($C0FC), A
    2A95:    C3 16 01       JP       host_send_c0fc
    2A98:    3A DB C0       LD       A, ($C0DB)
    2A9B:    CB 5F          BIT      3, A
    2A9D:    CA A8 2A       JP       Z, $2AA8
    2AA0:    3E 39          LD       A, #$39
    2AA2:    32 FC C0       LD       ($C0FC), A
    2AA5:    C3 16 01       JP       host_send_c0fc
    2AA8:    3E 3A          LD       A, #$3A
    2AAA:    32 FC C0       LD       ($C0FC), A
    2AAD:    C3 16 01       JP       host_send_c0fc
sub_2AB0:
    2AB0:    CD B3 2E       CALL     sw_strobe_col4
    2AB3:    CD 5E 13       CALL     sub_135E
    2AB6:    CD 1D 33       CALL     sub_331D
    2AB9:    21 6F C0       LD       HL, #$C06F
    2ABC:    36 00          LD       (HL), #$00
    2ABE:    3A DF C0       LD       A, ($C0DF)
    2AC1:    CB 47          BIT      0, A
    2AC3:    C2 C7 2A       JP       NZ, $2AC7
    2AC6:    34             INC      (HL)
    2AC7:    CB 4F          BIT      1, A
    2AC9:    C2 CD 2A       JP       NZ, $2ACD
    2ACC:    34             INC      (HL)
    2ACD:    CB 57          BIT      2, A
    2ACF:    C2 D3 2A       JP       NZ, $2AD3
    2AD2:    34             INC      (HL)
    2AD3:    7E             LD       A, (HL)
    2AD4:    FE 01          CP       #$01
    2AD6:    CA EB 2A       JP       Z, $2AEB
    2AD9:    FE 02          CP       #$02
    2ADB:    CA F3 2A       JP       Z, $2AF3
    2ADE:    FE 03          CP       #$03
    2AE0:    CA EB 2A       JP       Z, $2AEB
    2AE3:    3E 49          LD       A, #$49
    2AE5:    32 FC C0       LD       ($C0FC), A
    2AE8:    C3 16 01       JP       host_send_c0fc
    2AEB:    3E 3B          LD       A, #$3B
    2AED:    32 FC C0       LD       ($C0FC), A
    2AF0:    C3 16 01       JP       host_send_c0fc
    2AF3:    3E 3C          LD       A, #$3C
    2AF5:    32 FC C0       LD       ($C0FC), A
    2AF8:    C3 16 01       JP       host_send_c0fc
sub_2AFB:
    2AFB:    3E 3D          LD       A, #$3D
    2AFD:    32 FC C0       LD       ($C0FC), A
    2B00:    C3 16 01       JP       host_send_c0fc
sub_2B03:
    2B03:    CD 73 2E       CALL     sw_strobe_col0
    2B06:    CD 5E 13       CALL     sub_135E
    2B09:    CD ED 32       CALL     sub_32ED
    2B0C:    3A DB C0       LD       A, ($C0DB)
    2B0F:    CB 5F          BIT      3, A
    2B11:    CA 63 2B       JP       Z, $2B63
    2B14:    3E 05          LD       A, #$05
    2B16:    32 48 C0       LD       ($C048), A
    2B19:    21 E8 03       LD       HL, #$03E8
    2B1C:    22 4C C0       LD       ($C04C), HL
    2B1F:    3E FF          LD       A, #$FF
    2B21:    22 4E C0       LD       ($C04E), HL
    2B24:    CD A7 08       CALL     sub_08A7
    2B27:    CD 73 2E       CALL     sw_strobe_col0
    2B2A:    CD 5E 13       CALL     sub_135E
    2B2D:    CD ED 32       CALL     sub_32ED
    2B30:    3A DB C0       LD       A, ($C0DB)
    2B33:    CB 5F          BIT      3, A
    2B35:    CA 63 2B       JP       Z, $2B63
    2B38:    3A 4E C0       LD       A, ($C04E)
    2B3B:    A7             AND      A, A
    2B3C:    CA 42 2B       JP       Z, $2B42
    2B3F:    C3 27 2B       JP       $2B27
    2B42:    CD C5 08       CALL     sub_08C5
    2B45:    3E 1E          LD       A, #$1E
    2B47:    32 5F C0       LD       ($C05F), A
    2B4A:    3A 48 C0       LD       A, ($C048)
    2B4D:    A7             AND      A, A
    2B4E:    CA 5B 2B       JP       Z, $2B5B
    2B51:    3D             DEC      A
    2B52:    32 48 C0       LD       ($C048), A
    2B55:    CD 73 2B       CALL     sub_2B73
    2B58:    C3 19 2B       JP       $2B19
    2B5B:    3E 4A          LD       A, #$4A
    2B5D:    32 FC C0       LD       ($C0FC), A
    2B60:    C3 16 01       JP       host_send_c0fc
    2B63:    CD C5 08       CALL     sub_08C5
    2B66:    3E 1E          LD       A, #$1E
    2B68:    32 5F C0       LD       ($C05F), A
    2B6B:    3E 45          LD       A, #$45
    2B6D:    32 FC C0       LD       ($C0FC), A
    2B70:    C3 16 01       JP       host_send_c0fc
sub_2B73:
    2B73:    21 64 00       LD       HL, #$0064
    2B76:    22 4F C0       LD       ($C04F), HL
    2B79:    3E FF          LD       A, #$FF
    2B7B:    32 51 C0       LD       ($C051), A
    2B7E:    3A 51 C0       LD       A, ($C051)
    2B81:    A7             AND      A, A
    2B82:    C2 7E 2B       JP       NZ, $2B7E
    2B85:    C9             RET      
sub_2B86:
    2B86:    CD B3 2E       CALL     sw_strobe_col4
    2B89:    CD 5E 13       CALL     sub_135E
    2B8C:    CD 1D 33       CALL     sub_331D
    2B8F:    3A DF C0       LD       A, ($C0DF)
    2B92:    CB 47          BIT      0, A
    2B94:    C2 C6 2B       JP       NZ, $2BC6
    2B97:    CD C3 07       CALL     sub_07C3
    2B9A:    CD B3 2E       CALL     sw_strobe_col4
    2B9D:    CD 5E 13       CALL     sub_135E
    2BA0:    CD 1D 33       CALL     sub_331D
    2BA3:    3A DF C0       LD       A, ($C0DF)
    2BA6:    CB 47          BIT      0, A
    2BA8:    CA 9A 2B       JP       Z, $2B9A
    2BAB:    3A 17 C0       LD       A, ($C017)
    2BAE:    A7             AND      A, A
    2BAF:    CA C6 2B       JP       Z, $2BC6
    2BB2:    CD B3 2E       CALL     sw_strobe_col4
    2BB5:    CD 5E 13       CALL     sub_135E
    2BB8:    CD 1D 33       CALL     sub_331D
    2BBB:    3A DF C0       LD       A, ($C0DF)
    2BBE:    CB 47          BIT      0, A
    2BC0:    C2 AB 2B       JP       NZ, $2BAB
    2BC3:    CD 85 08       CALL     sub_0885
    2BC6:    C9             RET      
sub_2BC7:
    2BC7:    CD 1F 2C       CALL     sub_2C1F
    2BCA:    A7             AND      A, A
    2BCB:    CA 17 2C       JP       Z, $2C17
    2BCE:    CD 41 2C       CALL     sub_2C41
    2BD1:    A7             AND      A, A
    2BD2:    CA C7 2B       JP       Z, sub_2BC7
    2BD5:    CD 65 2C       CALL     sub_2C65
    2BD8:    A7             AND      A, A
    2BD9:    CA C7 2B       JP       Z, sub_2BC7
    2BDC:    CD FB 2C       CALL     sub_2CFB
    2BDF:    21 20 03       LD       HL, #$0320
    2BE2:    22 4C C0       LD       ($C04C), HL
    2BE5:    CD 41 2D       CALL     sub_2D41
    2BE8:    C3 C7 2B       JP       sub_2BC7
sub_2BEB:
    2BEB:    DB 04          IN       A, ($04)
    2BED:    CB 6F          BIT      5, A
    2BEF:    CA 17 2C       JP       Z, $2C17
    2BF2:    CD 1F 2C       CALL     sub_2C1F
    2BF5:    A7             AND      A, A
    2BF6:    C2 FF 2B       JP       NZ, $2BFF
    2BF9:    CD 51 28       CALL     sub_2851
    2BFC:    C3 17 2C       JP       $2C17
    2BFF:    CD 31 28       CALL     sub_2831
    2C02:    CD 41 2C       CALL     sub_2C41
    2C05:    A7             AND      A, A
    2C06:    CA EB 2B       JP       Z, sub_2BEB
    2C09:    3E 46          LD       A, #$46
    2C0B:    32 FC C0       LD       ($C0FC), A
    2C0E:    CD 16 01       CALL     host_send_c0fc
    2C11:    CD FB 2C       CALL     sub_2CFB
    2C14:    C3 EB 2B       JP       sub_2BEB
    2C17:    3E 45          LD       A, #$45
    2C19:    32 FC C0       LD       ($C0FC), A
    2C1C:    C3 16 01       JP       host_send_c0fc
sub_2C1F:
    2C1F:    CD 73 2E       CALL     sw_strobe_col0
    2C22:    CD 5E 13       CALL     sub_135E
    2C25:    CD ED 32       CALL     sub_32ED
    2C28:    3A DB C0       LD       A, ($C0DB)
    2C2B:    E6 07          AND      A, #$07
    2C2D:    FE 00          CP       #$00
    2C2F:    CA 3F 2C       JP       Z, $2C3F
    2C32:    3A DB C0       LD       A, ($C0DB)
    2C35:    E6 0E          AND      A, #$0E
    2C37:    FE 00          CP       #$00
    2C39:    CA 3F 2C       JP       Z, $2C3F
    2C3C:    3E FF          LD       A, #$FF
    2C3E:    C9             RET      
    2C3F:    AF             XOR      A, A
    2C40:    C9             RET      
sub_2C41:
    2C41:    CD B3 2E       CALL     sw_strobe_col4
    2C44:    CD 5E 13       CALL     sub_135E
    2C47:    CD 1D 33       CALL     sub_331D
    2C4A:    3A DF C0       LD       A, ($C0DF)
    2C4D:    E6 07          AND      A, #$07
    2C4F:    FE 07          CP       #$07
    2C51:    CA 5C 2C       JP       Z, $2C5C
    2C54:    CD C3 07       CALL     sub_07C3
    2C57:    CD 3B 2D       CALL     sub_2D3B
    2C5A:    AF             XOR      A, A
    2C5B:    C9             RET      
    2C5C:    CD C3 07       CALL     sub_07C3
    2C5F:    CD 3B 2D       CALL     sub_2D3B
    2C62:    3E FF          LD       A, #$FF
    2C64:    C9             RET      
sub_2C65:
    2C65:    CD A3 2E       CALL     sw_strobe_col3
    2C68:    CD 5E 13       CALL     sub_135E
    2C6B:    CD 11 33       CALL     sub_3311
    2C6E:    3A DE C0       LD       A, ($C0DE)
    2C71:    CB 47          BIT      0, A
    2C73:    CA 79 2C       JP       Z, $2C79
    2C76:    3E FF          LD       A, #$FF
    2C78:    C9             RET      
    2C79:    CD E1 29       CALL     sub_29E1
    2C7C:    21 20 03       LD       HL, #$0320
    2C7F:    22 4C C0       LD       ($C04C), HL
    2C82:    CD 41 2D       CALL     sub_2D41
    2C85:    AF             XOR      A, A
    2C86:    C9             RET      
sub_2C87:
    2C87:    CD C7 2C       CALL     sub_2CC7
    2C8A:    CD 57 09       CALL     sub_0957
    2C8D:    CD C7 2C       CALL     sub_2CC7
    2C90:    CD FF 08       CALL     sub_08FF
    2C93:    CD C7 2C       CALL     sub_2CC7
    2C96:    CD DB 06       CALL     sub_06DB
    2C99:    CD C7 2C       CALL     sub_2CC7
    2C9C:    CD F8 06       CALL     sub_06F8
    2C9F:    CD C7 2C       CALL     sub_2CC7
    2CA2:    CD 15 07       CALL     sub_0715
    2CA5:    CD C7 2C       CALL     sub_2CC7
    2CA8:    CD 32 07       CALL     sub_0732
    2CAB:    CD C7 2C       CALL     sub_2CC7
    2CAE:    CD 4F 07       CALL     sub_074F
    2CB1:    CD C7 2C       CALL     sub_2CC7
    2CB4:    CD E0 07       CALL     sub_07E0
    2CB7:    CD C7 2C       CALL     sub_2CC7
    2CBA:    CD 89 07       CALL     sub_0789
    2CBD:    CD C7 2C       CALL     sub_2CC7
    2CC0:    CD A6 07       CALL     sub_07A6
    2CC3:    CD C7 2C       CALL     sub_2CC7
    2CC6:    C9             RET      
sub_2CC7:
    2CC7:    21 96 00       LD       HL, #$0096
    2CCA:    22 4C C0       LD       ($C04C), HL
    2CCD:    AF             XOR      A, A
    2CCE:    32 FB C0       LD       ($C0FB), A
    2CD1:    3E FF          LD       A, #$FF
    2CD3:    32 4E C0       LD       ($C04E), A
    2CD6:    3A 4E C0       LD       A, ($C04E)
    2CD9:    A7             AND      A, A
    2CDA:    C8             RET      Z
    2CDB:    CD BF 0D       CALL     direct_input_scan
    2CDE:    CD 62 2E       CALL     input_port03_read_tick
    2CE1:    3A FB C0       LD       A, ($C0FB)
    2CE4:    A7             AND      A, A
    2CE5:    C2 F9 2C       JP       NZ, $2CF9
    2CE8:    DB 03          IN       A, ($03)
    2CEA:    CB 5F          BIT      3, A
    2CEC:    CA F9 2C       JP       Z, $2CF9
    2CEF:    DB 03          IN       A, ($03)
    2CF1:    CB 57          BIT      2, A
    2CF3:    CA F9 2C       JP       Z, $2CF9
    2CF6:    C3 D6 2C       JP       $2CD6
    2CF9:    E1             POP      HL
    2CFA:    C9             RET      
sub_2CFB:
    2CFB:    CD 3B 2D       CALL     sub_2D3B
    2CFE:    CD 57 09       CALL     sub_0957
    2D01:    CD 3B 2D       CALL     sub_2D3B
    2D04:    CD FF 08       CALL     sub_08FF
    2D07:    CD 3B 2D       CALL     sub_2D3B
    2D0A:    CD DB 06       CALL     sub_06DB
    2D0D:    CD 3B 2D       CALL     sub_2D3B
    2D10:    CD F8 06       CALL     sub_06F8
    2D13:    CD 3B 2D       CALL     sub_2D3B
    2D16:    CD 15 07       CALL     sub_0715
    2D19:    CD 3B 2D       CALL     sub_2D3B
    2D1C:    CD 32 07       CALL     sub_0732
    2D1F:    CD 3B 2D       CALL     sub_2D3B
    2D22:    CD 4F 07       CALL     sub_074F
    2D25:    CD 3B 2D       CALL     sub_2D3B
    2D28:    CD E0 07       CALL     sub_07E0
    2D2B:    CD 3B 2D       CALL     sub_2D3B
    2D2E:    CD 89 07       CALL     sub_0789
    2D31:    CD 3B 2D       CALL     sub_2D3B
    2D34:    CD A6 07       CALL     sub_07A6
    2D37:    CD 3B 2D       CALL     sub_2D3B
    2D3A:    C9             RET      
sub_2D3B:
    2D3B:    21 96 00       LD       HL, #$0096
    2D3E:    22 4C C0       LD       ($C04C), HL
sub_2D41:
    2D41:    3E FF          LD       A, #$FF
    2D43:    32 4E C0       LD       ($C04E), A
    2D46:    3A 4E C0       LD       A, ($C04E)
    2D49:    A7             AND      A, A
    2D4A:    C8             RET      Z
    2D4B:    CD BF 0D       CALL     direct_input_scan
    2D4E:    CD 1F 2C       CALL     sub_2C1F
    2D51:    A7             AND      A, A
    2D52:    CA 58 2D       JP       Z, $2D58
    2D55:    C3 46 2D       JP       $2D46
    2D58:    E1             POP      HL
    2D59:    C3 17 2C       JP       $2C17
sub_2D5C:
    2D5C:    F3             DI       
    2D5D:    CD 5A 23       CALL     sub_235A
    2D60:    CD 76 23       CALL     sub_2376
    2D63:    CD 92 23       CALL     sub_2392
    2D66:    CD AE 23       CALL     sub_23AE
    2D69:    CD CA 23       CALL     sub_23CA
    2D6C:    CD 17 22       CALL     sub_2217
    2D6F:    CD 2D 22       CALL     sub_222D
    2D72:    CD 43 22       CALL     sub_2243
    2D75:    CD 34 27       CALL     sub_2734
    2D78:    CD 79 26       CALL     sub_2679
    2D7B:    CD D6 24       CALL     sub_24D6
    2D7E:    CD E7 24       CALL     sub_24E7
    2D81:    CD F8 24       CALL     sub_24F8
    2D84:    CD 09 25       CALL     sub_2509
    2D87:    CD 1A 25       CALL     sub_251A
    2D8A:    FB             EI       
    2D8B:    C9             RET      
sub_2D8C:
    2D8C:    3A 3B 00       LD       A, (___BDATA_0002)
    2D8F:    F6 F0          OR       A, #$F0
    2D91:    32 FC C0       LD       ($C0FC), A
    2D94:    C3 16 01       JP       host_send_c0fc
sub_2D97:
    2D97:    3E A5          LD       A, #$A5
    2D99:    32 52 C0       LD       ($C052), A
    2D9C:    C9             RET      
sub_2D9D:
    2D9D:    DB 04          IN       A, ($04)
    2D9F:    F6 F0          OR       A, #$F0
    2DA1:    32 FC C0       LD       ($C0FC), A
    2DA4:    C3 16 01       JP       host_send_c0fc
sub_2DA7:
    2DA7:    2A 72 C0       LD       HL, ($C072)
    2DAA:    7E             LD       A, (HL)
    2DAB:    A7             AND      A, A
    2DAC:    CA A7 2D       JP       Z, sub_2DA7
    2DAF:    36 00          LD       (HL), #$00
    2DB1:    23             INC      HL
    2DB2:    22 72 C0       LD       ($C072), HL
    2DB5:    FE FB          CP       #$FB
    2DB7:    CA C3 2D       JP       Z, sub_2DC3
    2DBA:    32 FC C0       LD       ($C0FC), A
    2DBD:    CD 16 01       CALL     host_send_c0fc
    2DC0:    C3 A7 2D       JP       sub_2DA7
sub_2DC3:
    2DC3:    C9             RET      
sub_2DC4:
    2DC4:    E1             POP      HL
    2DC5:    3E FF          LD       A, #$FF
    2DC7:    32 68 C0       LD       ($C068), A
    2DCA:    CD 34 35       CALL     sub_3534
    2DCD:    CD C0 27       CALL     port87_bit5_set
    2DD0:    CD ED 27       CALL     sub_27ED
    2DD3:    CD C7 24       CALL     sub_24C7
    2DD6:    C3 E1 2D       JP       sub_2DE1
sub_2DD9:
    2DD9:    AF             XOR      A, A
    2DDA:    32 68 C0       LD       ($C068), A
    2DDD:    F3             DI       
    2DDE:    C3 00 04       JP       boot
sub_2DE1:
    2DE1:    3E FF          LD       A, #$FF
    2DE3:    32 4E C0       LD       ($C04E), A
    2DE6:    21 01 00       LD       HL, #$0001
    2DE9:    22 4C C0       LD       ($C04C), HL
    2DEC:    CD 10 2E       CALL     sub_2E10
    2DEF:    CD BF 0D       CALL     direct_input_scan
    2DF2:    CD D5 16       CALL     host_cmd_dispatch
    2DF5:    DB 03          IN       A, ($03)
    2DF7:    CB 57          BIT      2, A
    2DF9:    CC D8 12       CALL     Z, sub_12D8
    2DFC:    DB 03          IN       A, ($03)
    2DFE:    CB 5F          BIT      3, A
    2E00:    CC 92 12       CALL     Z, sub_1292
    2E03:    3A E3 C0       LD       A, ($C0E3)
    2E06:    F6 EC          OR       A, #$EC
    2E08:    FE FF          CP       #$FF
    2E0A:    C4 42 12       CALL     NZ, sub_1242
    2E0D:    C3 EC 2D       JP       $2DEC
sub_2E10:
    2E10:    3A 4E C0       LD       A, ($C04E)
    2E13:    A7             AND      A, A
    2E14:    C0             RET      NZ
    2E15:    CD 62 2E       CALL     input_port03_read_tick
    2E18:    3E FF          LD       A, #$FF
    2E1A:    32 4E C0       LD       ($C04E), A
    2E1D:    21 01 00       LD       HL, #$0001
    2E20:    22 4C C0       LD       ($C04C), HL
    2E23:    C9             RET      
sub_2E24:
    2E24:    3E 47          LD       A, #$47
    2E26:    32 FC C0       LD       ($C0FC), A
    2E29:    CD 16 01       CALL     host_send_c0fc
    2E2C:    21 90 01       LD       HL, #$0190
    2E2F:    22 4C C0       LD       ($C04C), HL
    2E32:    3E FF          LD       A, #$FF
    2E34:    32 4E C0       LD       ($C04E), A
    2E37:    3A 4E C0       LD       A, ($C04E)
    2E3A:    A7             AND      A, A
    2E3B:    C2 37 2E       JP       NZ, $2E37
    2E3E:    C9             RET      
selftest_wait_reset:
    2E3F:    CD DD 36       CALL     sub_36DD
    2E42:    DB 04          IN       A, ($04)
    2E44:    CB 7F          BIT      7, A
    2E46:    CA 42 2E       JP       Z, $2E42
    2E49:    F3             DI       
    2E4A:    CD 34 35       CALL     sub_3534
    2E4D:    C3 00 04       JP       boot
sub_2E50:
    2E50:    CD 8C 36       CALL     sub_368C
    2E53:    C9             RET      
input_port03_read:
    2E54:    DB 03          IN       A, ($03)
    2E56:    21 F7 C0       LD       HL, #$C0F7
    2E59:    2F             CPL      
    2E5A:    77             LD       (HL), A
    2E5B:    2F             CPL      
    2E5C:    23             INC      HL
    2E5D:    B6             OR       A, (HL)
    2E5E:    32 E3 C0       LD       ($C0E3), A
    2E61:    C9             RET      
input_port03_read_tick:
    2E62:    DB 03          IN       A, ($03)
    2E64:    21 F7 C0       LD       HL, #$C0F7
    2E67:    2F             CPL      
    2E68:    77             LD       (HL), A
    2E69:    2F             CPL      
    2E6A:    23             INC      HL
    2E6B:    B6             OR       A, (HL)
    2E6C:    32 E3 C0       LD       ($C0E3), A
    2E6F:    2A E5 C0       LD       HL, ($C0E5)
    2E72:    E9             JP       (HL)
sw_strobe_col0:
    2E73:    3E 01          LD       A, #$01
    2E75:    D3 82          OUT      ($82), A
    2E77:    21 D3 2E       LD       HL, sw_read_col0
    2E7A:    22 E5 C0       LD       ($C0E5), HL
    2E7D:    3E 02          LD       A, #$02
    2E7F:    32 F9 C0       LD       ($C0F9), A
    2E82:    C9             RET      
sw_strobe_col1:
    2E83:    3E 02          LD       A, #$02
    2E85:    D3 82          OUT      ($82), A
    2E87:    21 01 2F       LD       HL, sw_read_col1
    2E8A:    22 E5 C0       LD       ($C0E5), HL
    2E8D:    3E 02          LD       A, #$02
    2E8F:    32 F9 C0       LD       ($C0F9), A
    2E92:    C9             RET      
sw_strobe_col2:
    2E93:    3E 04          LD       A, #$04
    2E95:    D3 82          OUT      ($82), A
    2E97:    21 2F 2F       LD       HL, sw_read_col2
    2E9A:    22 E5 C0       LD       ($C0E5), HL
    2E9D:    3E 02          LD       A, #$02
    2E9F:    32 F9 C0       LD       ($C0F9), A
    2EA2:    C9             RET      
sw_strobe_col3:
    2EA3:    3E 08          LD       A, #$08
    2EA5:    D3 82          OUT      ($82), A
    2EA7:    21 5D 2F       LD       HL, sw_read_col3
    2EAA:    22 E5 C0       LD       ($C0E5), HL
    2EAD:    3E 02          LD       A, #$02
    2EAF:    32 F9 C0       LD       ($C0F9), A
    2EB2:    C9             RET      
sw_strobe_col4:
    2EB3:    3E 10          LD       A, #$10
    2EB5:    D3 82          OUT      ($82), A
    2EB7:    21 8B 2F       LD       HL, sw_read_col4
    2EBA:    22 E5 C0       LD       ($C0E5), HL
    2EBD:    3E 02          LD       A, #$02
    2EBF:    32 F9 C0       LD       ($C0F9), A
    2EC2:    C9             RET      
sw_strobe_col5:
    2EC3:    3E 20          LD       A, #$20
    2EC5:    D3 82          OUT      ($82), A
    2EC7:    21 B9 2F       LD       HL, sw_read_col5
    2ECA:    22 E5 C0       LD       ($C0E5), HL
    2ECD:    3E 02          LD       A, #$02
    2ECF:    32 F9 C0       LD       ($C0F9), A
    2ED2:    C9             RET      
sw_read_col0:
    2ED3:    3A F9 C0       LD       A, ($C0F9)
    2ED6:    A7             AND      A, A
    2ED7:    CA DF 2E       JP       Z, $2EDF
    2EDA:    3D             DEC      A
    2EDB:    32 F9 C0       LD       ($C0F9), A
    2EDE:    C9             RET      
    2EDF:    3E 02          LD       A, #$02
    2EE1:    32 F9 C0       LD       ($C0F9), A
    2EE4:    DB 02          IN       A, ($02)
    2EE6:    21 E7 C0       LD       HL, #$C0E7
    2EE9:    2F             CPL      
    2EEA:    77             LD       (HL), A
    2EEB:    2F             CPL      
    2EEC:    23             INC      HL
    2EED:    B6             OR       A, (HL)
    2EEE:    32 DB C0       LD       ($C0DB), A
    2EF1:    FE FF          CP       #$FF
    2EF3:    C4 E7 2F       CALL     NZ, sw_col0_changed
    2EF6:    3E 02          LD       A, #$02
    2EF8:    D3 82          OUT      ($82), A
    2EFA:    21 01 2F       LD       HL, sw_read_col1
    2EFD:    22 E5 C0       LD       ($C0E5), HL
    2F00:    C9             RET      
sw_read_col1:
    2F01:    3A F9 C0       LD       A, ($C0F9)
    2F04:    A7             AND      A, A
    2F05:    CA 0D 2F       JP       Z, $2F0D
    2F08:    3D             DEC      A
    2F09:    32 F9 C0       LD       ($C0F9), A
    2F0C:    C9             RET      
    2F0D:    3E 02          LD       A, #$02
    2F0F:    32 F9 C0       LD       ($C0F9), A
    2F12:    DB 02          IN       A, ($02)
    2F14:    21 E9 C0       LD       HL, #$C0E9
    2F17:    2F             CPL      
    2F18:    77             LD       (HL), A
    2F19:    2F             CPL      
    2F1A:    23             INC      HL
    2F1B:    B6             OR       A, (HL)
    2F1C:    32 DC C0       LD       ($C0DC), A
    2F1F:    FE FF          CP       #$FF
    2F21:    C4 28 30       CALL     NZ, sw_col1_changed
    2F24:    3E 04          LD       A, #$04
    2F26:    D3 82          OUT      ($82), A
    2F28:    21 2F 2F       LD       HL, sw_read_col2
    2F2B:    22 E5 C0       LD       ($C0E5), HL
    2F2E:    C9             RET      
sw_read_col2:
    2F2F:    3A F9 C0       LD       A, ($C0F9)
    2F32:    A7             AND      A, A
    2F33:    CA 3B 2F       JP       Z, $2F3B
    2F36:    3D             DEC      A
    2F37:    32 F9 C0       LD       ($C0F9), A
    2F3A:    C9             RET      
    2F3B:    3E 02          LD       A, #$02
    2F3D:    32 F9 C0       LD       ($C0F9), A
    2F40:    DB 02          IN       A, ($02)
    2F42:    21 EB C0       LD       HL, #$C0EB
    2F45:    2F             CPL      
    2F46:    77             LD       (HL), A
    2F47:    2F             CPL      
    2F48:    23             INC      HL
    2F49:    B6             OR       A, (HL)
    2F4A:    32 DD C0       LD       ($C0DD), A
    2F4D:    FE FF          CP       #$FF
    2F4F:    C4 69 30       CALL     NZ, sw_col2_changed
    2F52:    3E 08          LD       A, #$08
    2F54:    D3 82          OUT      ($82), A
    2F56:    21 5D 2F       LD       HL, sw_read_col3
    2F59:    22 E5 C0       LD       ($C0E5), HL
    2F5C:    C9             RET      
sw_read_col3:
    2F5D:    3A F9 C0       LD       A, ($C0F9)
    2F60:    A7             AND      A, A
    2F61:    CA 69 2F       JP       Z, $2F69
    2F64:    3D             DEC      A
    2F65:    32 F9 C0       LD       ($C0F9), A
    2F68:    C9             RET      
    2F69:    3E 02          LD       A, #$02
    2F6B:    32 F9 C0       LD       ($C0F9), A
    2F6E:    DB 02          IN       A, ($02)
    2F70:    21 ED C0       LD       HL, #$C0ED
    2F73:    2F             CPL      
    2F74:    77             LD       (HL), A
    2F75:    2F             CPL      
    2F76:    23             INC      HL
    2F77:    B6             OR       A, (HL)
    2F78:    32 DE C0       LD       ($C0DE), A
    2F7B:    FE FF          CP       #$FF
    2F7D:    C4 AA 30       CALL     NZ, sw_col3_changed
    2F80:    3E 10          LD       A, #$10
    2F82:    D3 82          OUT      ($82), A
    2F84:    21 8B 2F       LD       HL, sw_read_col4
    2F87:    22 E5 C0       LD       ($C0E5), HL
    2F8A:    C9             RET      
sw_read_col4:
    2F8B:    3A F9 C0       LD       A, ($C0F9)
    2F8E:    A7             AND      A, A
    2F8F:    CA 97 2F       JP       Z, $2F97
    2F92:    3D             DEC      A
    2F93:    32 F9 C0       LD       ($C0F9), A
    2F96:    C9             RET      
    2F97:    3E 02          LD       A, #$02
    2F99:    32 F9 C0       LD       ($C0F9), A
    2F9C:    DB 02          IN       A, ($02)
    2F9E:    21 EF C0       LD       HL, #$C0EF
    2FA1:    2F             CPL      
    2FA2:    77             LD       (HL), A
    2FA3:    2F             CPL      
    2FA4:    23             INC      HL
    2FA5:    B6             OR       A, (HL)
    2FA6:    32 DF C0       LD       ($C0DF), A
    2FA9:    FE FF          CP       #$FF
    2FAB:    C4 EB 30       CALL     NZ, sw_col4_changed
    2FAE:    3E 20          LD       A, #$20
    2FB0:    D3 82          OUT      ($82), A
    2FB2:    21 B9 2F       LD       HL, sw_read_col5
    2FB5:    22 E5 C0       LD       ($C0E5), HL
    2FB8:    C9             RET      
sw_read_col5:
    2FB9:    3A F9 C0       LD       A, ($C0F9)
    2FBC:    A7             AND      A, A
    2FBD:    CA C5 2F       JP       Z, $2FC5
    2FC0:    3D             DEC      A
    2FC1:    32 F9 C0       LD       ($C0F9), A
    2FC4:    C9             RET      
    2FC5:    3E 02          LD       A, #$02
    2FC7:    32 F9 C0       LD       ($C0F9), A
    2FCA:    DB 02          IN       A, ($02)
    2FCC:    21 F1 C0       LD       HL, #$C0F1
    2FCF:    2F             CPL      
    2FD0:    77             LD       (HL), A
    2FD1:    2F             CPL      
    2FD2:    23             INC      HL
    2FD3:    B6             OR       A, (HL)
    2FD4:    32 E0 C0       LD       ($C0E0), A
    2FD7:    FE FF          CP       #$FF
    2FD9:    C4 2C 31       CALL     NZ, sw_col5_changed
    2FDC:    3E 01          LD       A, #$01
    2FDE:    D3 82          OUT      ($82), A
    2FE0:    21 D3 2E       LD       HL, sw_read_col0
    2FE3:    22 E5 C0       LD       ($C0E5), HL
    2FE6:    C9             RET      
sw_col0_changed:
    2FE7:    3A DB C0       LD       A, ($C0DB)
    2FEA:    CB 47          BIT      0, A
    2FEC:    CC 6D 31       CALL     Z, $316D
    2FEF:    3A DB C0       LD       A, ($C0DB)
    2FF2:    CB 4F          BIT      1, A
    2FF4:    CC 75 31       CALL     Z, $3175
    2FF7:    3A DB C0       LD       A, ($C0DB)
    2FFA:    CB 57          BIT      2, A
    2FFC:    CC 7D 31       CALL     Z, $317D
    2FFF:    3A DB C0       LD       A, ($C0DB)
    3002:    CB 5F          BIT      3, A
    3004:    CC 85 31       CALL     Z, $3185
    3007:    3A DB C0       LD       A, ($C0DB)
    300A:    CB 67          BIT      4, A
    300C:    CC 8D 31       CALL     Z, $318D
    300F:    3A DB C0       LD       A, ($C0DB)
    3012:    CB 6F          BIT      5, A
    3014:    CC 95 31       CALL     Z, $3195
    3017:    3A DB C0       LD       A, ($C0DB)
    301A:    CB 77          BIT      6, A
    301C:    CC 9D 31       CALL     Z, $319D
    301F:    3A DB C0       LD       A, ($C0DB)
    3022:    CB 7F          BIT      7, A
    3024:    CA A5 31       JP       Z, $31A5
    3027:    C9             RET      
sw_col1_changed:
    3028:    3A DC C0       LD       A, ($C0DC)
    302B:    CB 47          BIT      0, A
    302D:    CC AD 31       CALL     Z, $31AD
    3030:    3A DC C0       LD       A, ($C0DC)
    3033:    CB 4F          BIT      1, A
    3035:    CC B5 31       CALL     Z, $31B5
    3038:    3A DC C0       LD       A, ($C0DC)
    303B:    CB 57          BIT      2, A
    303D:    CC BD 31       CALL     Z, $31BD
    3040:    3A DC C0       LD       A, ($C0DC)
    3043:    CB 5F          BIT      3, A
    3045:    CC C5 31       CALL     Z, $31C5
    3048:    3A DC C0       LD       A, ($C0DC)
    304B:    CB 67          BIT      4, A
    304D:    CC CD 31       CALL     Z, $31CD
    3050:    3A DC C0       LD       A, ($C0DC)
    3053:    CB 6F          BIT      5, A
    3055:    CC D5 31       CALL     Z, $31D5
    3058:    3A DC C0       LD       A, ($C0DC)
    305B:    CB 77          BIT      6, A
    305D:    CC DD 31       CALL     Z, $31DD
    3060:    3A DC C0       LD       A, ($C0DC)
    3063:    CB 7F          BIT      7, A
    3065:    CA E5 31       JP       Z, $31E5
    3068:    C9             RET      
sw_col2_changed:
    3069:    3A DD C0       LD       A, ($C0DD)
    306C:    CB 47          BIT      0, A
    306E:    CC ED 31       CALL     Z, $31ED
    3071:    3A DD C0       LD       A, ($C0DD)
    3074:    CB 4F          BIT      1, A
    3076:    CC F5 31       CALL     Z, $31F5
    3079:    3A DD C0       LD       A, ($C0DD)
    307C:    CB 57          BIT      2, A
    307E:    CC FD 31       CALL     Z, $31FD
    3081:    3A DD C0       LD       A, ($C0DD)
    3084:    CB 5F          BIT      3, A
    3086:    CC 05 32       CALL     Z, $3205
    3089:    3A DD C0       LD       A, ($C0DD)
    308C:    CB 67          BIT      4, A
    308E:    CC 0D 32       CALL     Z, $320D
    3091:    3A DD C0       LD       A, ($C0DD)
    3094:    CB 6F          BIT      5, A
    3096:    CC 15 32       CALL     Z, $3215
    3099:    3A DD C0       LD       A, ($C0DD)
    309C:    CB 77          BIT      6, A
    309E:    CC 1D 32       CALL     Z, $321D
    30A1:    3A DD C0       LD       A, ($C0DD)
    30A4:    CB 7F          BIT      7, A
    30A6:    CA 25 32       JP       Z, $3225
    30A9:    C9             RET      
sw_col3_changed:
    30AA:    3A DE C0       LD       A, ($C0DE)
    30AD:    CB 47          BIT      0, A
    30AF:    CC 2D 32       CALL     Z, $322D
    30B2:    3A DE C0       LD       A, ($C0DE)
    30B5:    CB 4F          BIT      1, A
    30B7:    CC 35 32       CALL     Z, $3235
    30BA:    3A DE C0       LD       A, ($C0DE)
    30BD:    CB 57          BIT      2, A
    30BF:    CC 3D 32       CALL     Z, $323D
    30C2:    3A DE C0       LD       A, ($C0DE)
    30C5:    CB 5F          BIT      3, A
    30C7:    CC 45 32       CALL     Z, $3245
    30CA:    3A DE C0       LD       A, ($C0DE)
    30CD:    CB 67          BIT      4, A
    30CF:    CC 4D 32       CALL     Z, $324D
    30D2:    3A DE C0       LD       A, ($C0DE)
    30D5:    CB 6F          BIT      5, A
    30D7:    CC 55 32       CALL     Z, $3255
    30DA:    3A DE C0       LD       A, ($C0DE)
    30DD:    CB 77          BIT      6, A
    30DF:    CC 5D 32       CALL     Z, $325D
    30E2:    3A DE C0       LD       A, ($C0DE)
    30E5:    CB 7F          BIT      7, A
    30E7:    CA 65 32       JP       Z, $3265
    30EA:    C9             RET      
sw_col4_changed:
    30EB:    3A DF C0       LD       A, ($C0DF)
    30EE:    CB 47          BIT      0, A
    30F0:    CC 6D 32       CALL     Z, $326D
    30F3:    3A DF C0       LD       A, ($C0DF)
    30F6:    CB 4F          BIT      1, A
    30F8:    CC 75 32       CALL     Z, $3275
    30FB:    3A DF C0       LD       A, ($C0DF)
    30FE:    CB 57          BIT      2, A
    3100:    CC 7D 32       CALL     Z, $327D
    3103:    3A DF C0       LD       A, ($C0DF)
    3106:    CB 5F          BIT      3, A
    3108:    CC 85 32       CALL     Z, $3285
    310B:    3A DF C0       LD       A, ($C0DF)
    310E:    CB 67          BIT      4, A
    3110:    CC 8D 32       CALL     Z, $328D
    3113:    3A DF C0       LD       A, ($C0DF)
    3116:    CB 6F          BIT      5, A
    3118:    CC 95 32       CALL     Z, $3295
    311B:    3A DF C0       LD       A, ($C0DF)
    311E:    CB 77          BIT      6, A
    3120:    CC 9D 32       CALL     Z, $329D
    3123:    3A DF C0       LD       A, ($C0DF)
    3126:    CB 7F          BIT      7, A
    3128:    CA A5 32       JP       Z, $32A5
    312B:    C9             RET      
sw_col5_changed:
    312C:    3A E0 C0       LD       A, ($C0E0)
    312F:    CB 47          BIT      0, A
    3131:    CC AD 32       CALL     Z, $32AD
    3134:    3A E0 C0       LD       A, ($C0E0)
    3137:    CB 4F          BIT      1, A
    3139:    CC B5 32       CALL     Z, $32B5
    313C:    3A E0 C0       LD       A, ($C0E0)
    313F:    CB 57          BIT      2, A
    3141:    CC BD 32       CALL     Z, $32BD
    3144:    3A E0 C0       LD       A, ($C0E0)
    3147:    CB 5F          BIT      3, A
    3149:    CC C5 32       CALL     Z, $32C5
    314C:    3A E0 C0       LD       A, ($C0E0)
    314F:    CB 67          BIT      4, A
    3151:    CC CD 32       CALL     Z, $32CD
    3154:    3A E0 C0       LD       A, ($C0E0)
    3157:    CB 6F          BIT      5, A
    3159:    CC D5 32       CALL     Z, $32D5
    315C:    3A E0 C0       LD       A, ($C0E0)
    315F:    CB 77          BIT      6, A
    3161:    CC DD 32       CALL     Z, $32DD
    3164:    3A E0 C0       LD       A, ($C0E0)
    3167:    CB 7F          BIT      7, A
    3169:    CA E5 32       JP       Z, $32E5
    316C:    C9             RET      
    316D:    3E 0A          LD       A, #$0A
    316F:    32 FC C0       LD       ($C0FC), A
    3172:    C3 1E 16       JP       sub_161E
    3175:    3E 0B          LD       A, #$0B
    3177:    32 FC C0       LD       ($C0FC), A
    317A:    C3 4A 16       JP       sub_164A
    317D:    3E 0C          LD       A, #$0C
    317F:    32 FC C0       LD       ($C0FC), A
    3182:    C3 5A 16       JP       sub_165A
    3185:    3E 0D          LD       A, #$0D
    3187:    32 FC C0       LD       ($C0FC), A
    318A:    C3 6A 16       JP       sub_166A
    318D:    3E 0E          LD       A, #$0E
    318F:    32 FC C0       LD       ($C0FC), A
    3192:    C3 A5 13       JP       sub_13A5
    3195:    3E 0F          LD       A, #$0F
    3197:    32 FC C0       LD       ($C0FC), A
    319A:    C3 98 13       JP       sub_1398
    319D:    3E 10          LD       A, #$10
    319F:    32 FC C0       LD       ($C0FC), A
    31A2:    C3 F7 15       JP       sub_15F7
    31A5:    3E 11          LD       A, #$11
    31A7:    32 FC C0       LD       ($C0FC), A
    31AA:    C3 04 16       JP       sub_1604
    31AD:    3E 12          LD       A, #$12
    31AF:    32 FC C0       LD       ($C0FC), A
    31B2:    C3 F6 13       JP       sub_13F6
    31B5:    3E 13          LD       A, #$13
    31B7:    32 FC C0       LD       ($C0FC), A
    31BA:    C3 48 13       JP       sub_1348
    31BD:    3E 14          LD       A, #$14
    31BF:    32 FC C0       LD       ($C0FC), A
    31C2:    C3 11 16       JP       sub_1611
    31C5:    3E 15          LD       A, #$15
    31C7:    32 FC C0       LD       ($C0FC), A
    31CA:    C3 E7 15       JP       sub_15E7
    31CD:    3E 16          LD       A, #$16
    31CF:    32 FC C0       LD       ($C0FC), A
    31D2:    C3 D7 15       JP       sub_15D7
    31D5:    3E 17          LD       A, #$17
    31D7:    32 FC C0       LD       ($C0FC), A
    31DA:    C3 8B 13       JP       sub_138B
    31DD:    3E 18          LD       A, #$18
    31DF:    32 FC C0       LD       ($C0FC), A
    31E2:    C3 7E 13       JP       sub_137E
    31E5:    3E 19          LD       A, #$19
    31E7:    32 FC C0       LD       ($C0FC), A
    31EA:    C3 71 13       JP       sub_1371
    31ED:    3E 1A          LD       A, #$1A
    31EF:    32 FC C0       LD       ($C0FC), A
    31F2:    C3 B2 13       JP       sub_13B2
    31F5:    3E 1B          LD       A, #$1B
    31F7:    32 FC C0       LD       ($C0FC), A
    31FA:    C3 4D 14       JP       sub_144D
    31FD:    3E 1C          LD       A, #$1C
    31FF:    32 FC C0       LD       ($C0FC), A
    3202:    C3 5A 14       JP       sub_145A
    3205:    3E 1D          LD       A, #$1D
    3207:    32 FC C0       LD       ($C0FC), A
    320A:    C3 67 14       JP       sub_1467
    320D:    3E 1E          LD       A, #$1E
    320F:    32 FC C0       LD       ($C0FC), A
    3212:    C3 74 14       JP       sub_1474
    3215:    3E 1F          LD       A, #$1F
    3217:    32 FC C0       LD       ($C0FC), A
    321A:    C3 81 14       JP       sub_1481
    321D:    3E 20          LD       A, #$20
    321F:    32 FC C0       LD       ($C0FC), A
    3222:    C3 40 14       JP       sub_1440
    3225:    3E 21          LD       A, #$21
    3227:    32 FC C0       LD       ($C0FC), A
    322A:    C3 CC 15       JP       sub_15CC
    322D:    3E 22          LD       A, #$22
    322F:    32 FC C0       LD       ($C0FC), A
    3232:    C3 B9 15       JP       sub_15B9
    3235:    3E 23          LD       A, #$23
    3237:    32 FC C0       LD       ($C0FC), A
    323A:    C3 05 15       JP       sub_1505
    323D:    3E 24          LD       A, #$24
    323F:    32 FC C0       LD       ($C0FC), A
    3242:    C3 8E 14       JP       sub_148E
    3245:    3E 25          LD       A, #$25
    3247:    32 FC C0       LD       ($C0FC), A
    324A:    C3 4D 15       JP       sub_154D
    324D:    3E 26          LD       A, #$26
    324F:    32 FC C0       LD       ($C0FC), A
    3252:    C3 29 15       JP       sub_1529
    3255:    3E 27          LD       A, #$27
    3257:    32 FC C0       LD       ($C0FC), A
    325A:    C3 95 15       JP       sub_1595
    325D:    3E 28          LD       A, #$28
    325F:    32 FC C0       LD       ($C0FC), A
    3262:    C3 71 15       JP       sub_1571
    3265:    3E 29          LD       A, #$29
    3267:    32 FC C0       LD       ($C0FC), A
    326A:    C3 A8 14       JP       sub_14A8
    326D:    3E 2A          LD       A, #$2A
    326F:    32 FC C0       LD       ($C0FC), A
    3272:    C3 C5 16       JP       sub_16C5
    3275:    3E 2B          LD       A, #$2B
    3277:    32 FC C0       LD       ($C0FC), A
    327A:    C3 B5 16       JP       sub_16B5
    327D:    3E 2C          LD       A, #$2C
    327F:    32 FC C0       LD       ($C0FC), A
    3282:    C3 9E 16       JP       sub_169E
    3285:    3E 2D          LD       A, #$2D
    3287:    32 FC C0       LD       ($C0FC), A
    328A:    C3 E1 14       JP       sub_14E1
    328D:    3E 2E          LD       A, #$2E
    328F:    32 FC C0       LD       ($C0FC), A
    3292:    C3 9B 14       JP       sub_149B
    3295:    3E 2F          LD       A, #$2F
    3297:    32 FC C0       LD       ($C0FC), A
    329A:    C3 E6 13       JP       sub_13E6
    329D:    3E 30          LD       A, #$30
    329F:    32 FC C0       LD       ($C0FC), A
    32A2:    C3 B5 14       JP       sub_14B5
    32A5:    3E 31          LD       A, #$31
    32A7:    32 FC C0       LD       ($C0FC), A
    32AA:    C3 77 16       JP       sub_1677
    32AD:    3E 34          LD       A, #$34
    32AF:    32 FC C0       LD       ($C0FC), A
    32B2:    C3 EE 14       JP       sub_14EE
    32B5:    3E 35          LD       A, #$35
    32B7:    32 FC C0       LD       ($C0FC), A
    32BA:    C3 D9 13       JP       sub_13D9
    32BD:    3E 36          LD       A, #$36
    32BF:    32 FC C0       LD       ($C0FC), A
    32C2:    C3 CC 13       JP       sub_13CC
    32C5:    3E 37          LD       A, #$37
    32C7:    32 FC C0       LD       ($C0FC), A
    32CA:    C3 BF 13       JP       sub_13BF
    32CD:    3E 38          LD       A, #$38
    32CF:    32 FC C0       LD       ($C0FC), A
    32D2:    C3 48 13       JP       sub_1348
    32D5:    3E 39          LD       A, #$39
    32D7:    32 FC C0       LD       ($C0FC), A
    32DA:    C3 48 13       JP       sub_1348
    32DD:    3E 3A          LD       A, #$3A
    32DF:    32 FC C0       LD       ($C0FC), A
    32E2:    C3 48 13       JP       sub_1348
    32E5:    3E 3B          LD       A, #$3B
    32E7:    32 FC C0       LD       ($C0FC), A
    32EA:    C3 48 13       JP       sub_1348
sub_32ED:
    32ED:    21 73 2E       LD       HL, sw_strobe_col0
    32F0:    22 E5 C0       LD       ($C0E5), HL
    32F3:    DB 02          IN       A, ($02)
    32F5:    32 DB C0       LD       ($C0DB), A
    32F8:    C9             RET      
sub_32F9:
    32F9:    21 73 2E       LD       HL, sw_strobe_col0
    32FC:    22 E5 C0       LD       ($C0E5), HL
    32FF:    DB 02          IN       A, ($02)
    3301:    32 DC C0       LD       ($C0DC), A
    3304:    C9             RET      
sub_3305:
    3305:    21 73 2E       LD       HL, sw_strobe_col0
    3308:    22 E5 C0       LD       ($C0E5), HL
    330B:    DB 02          IN       A, ($02)
    330D:    32 DD C0       LD       ($C0DD), A
    3310:    C9             RET      
sub_3311:
    3311:    21 73 2E       LD       HL, sw_strobe_col0
    3314:    22 E5 C0       LD       ($C0E5), HL
    3317:    DB 02          IN       A, ($02)
    3319:    32 DE C0       LD       ($C0DE), A
    331C:    C9             RET      
sub_331D:
    331D:    21 73 2E       LD       HL, sw_strobe_col0
    3320:    22 E5 C0       LD       ($C0E5), HL
    3323:    DB 02          IN       A, ($02)
    3325:    32 DF C0       LD       ($C0DF), A
    3328:    C9             RET      
sub_3329:
    3329:    21 C3 2E       LD       HL, sw_strobe_col5
    332C:    22 E5 C0       LD       ($C0E5), HL
    332F:    DB 02          IN       A, ($02)
    3331:    32 E0 C0       LD       ($C0E0), A
    3334:    C9             RET      
sub_3335:
    3335:    3A FA C0       LD       A, ($C0FA)
    3338:    A7             AND      A, A
    3339:    CA 41 33       JP       Z, $3341
    333C:    3D             DEC      A
    333D:    32 FA C0       LD       ($C0FA), A
    3340:    C9             RET      
    3341:    3A E7 C0       LD       A, ($C0E7)
    3344:    21 E8 C0       LD       HL, #$C0E8
    3347:    A6             AND      A, (HL)
    3348:    77             LD       (HL), A
    3349:    3A E9 C0       LD       A, ($C0E9)
    334C:    21 EA C0       LD       HL, #$C0EA
    334F:    A6             AND      A, (HL)
    3350:    77             LD       (HL), A
    3351:    3A EB C0       LD       A, ($C0EB)
    3354:    21 EC C0       LD       HL, #$C0EC
    3357:    A6             AND      A, (HL)
    3358:    77             LD       (HL), A
    3359:    3A ED C0       LD       A, ($C0ED)
    335C:    21 EE C0       LD       HL, #$C0EE
    335F:    A6             AND      A, (HL)
    3360:    77             LD       (HL), A
    3361:    3A EF C0       LD       A, ($C0EF)
    3364:    21 F0 C0       LD       HL, #$C0F0
    3367:    A6             AND      A, (HL)
    3368:    77             LD       (HL), A
    3369:    3A F1 C0       LD       A, ($C0F1)
    336C:    21 F2 C0       LD       HL, #$C0F2
    336F:    A6             AND      A, (HL)
    3370:    77             LD       (HL), A
    3371:    3A F7 C0       LD       A, ($C0F7)
    3374:    21 F8 C0       LD       HL, #$C0F8
    3377:    A6             AND      A, (HL)
    3378:    77             LD       (HL), A
    3379:    C9             RET      


___BDATA_0010:
    337A:    DB      FF, 14, 14, 14, 14, 14, 14, 1E, 14                                  .........

sub_3383:
    3383:    21 E8 C0       LD       HL, #$C0E8
    3386:    B6             OR       A, (HL)
    3387:    77             LD       (HL), A
    3388:    21 DB C0       LD       HL, #$C0DB
    338B:    B6             OR       A, (HL)
    338C:    77             LD       (HL), A
    338D:    3A 7A 33       LD       A, (___BDATA_0010)
    3390:    32 FA C0       LD       ($C0FA), A
    3393:    C9             RET      
sub_3394:
    3394:    21 E8 C0       LD       HL, #$C0E8
    3397:    B6             OR       A, (HL)
    3398:    77             LD       (HL), A
    3399:    21 DB C0       LD       HL, #$C0DB
    339C:    B6             OR       A, (HL)
    339D:    77             LD       (HL), A
    339E:    3A 7B 33       LD       A, ($337B)
    33A1:    32 FA C0       LD       ($C0FA), A
    33A4:    C9             RET      
sub_33A5:
    33A5:    21 EA C0       LD       HL, #$C0EA
    33A8:    B6             OR       A, (HL)
    33A9:    77             LD       (HL), A
    33AA:    21 DC C0       LD       HL, #$C0DC
    33AD:    B6             OR       A, (HL)
    33AE:    77             LD       (HL), A
    33AF:    3A 7C 33       LD       A, ($337C)
    33B2:    32 FA C0       LD       ($C0FA), A
    33B5:    C9             RET      
sub_33B6:
    33B6:    21 EC C0       LD       HL, #$C0EC
    33B9:    B6             OR       A, (HL)
    33BA:    77             LD       (HL), A
    33BB:    21 DD C0       LD       HL, #$C0DD
    33BE:    B6             OR       A, (HL)
    33BF:    77             LD       (HL), A
    33C0:    3A 7D 33       LD       A, ($337D)
    33C3:    32 FA C0       LD       ($C0FA), A
    33C6:    C9             RET      
sub_33C7:
    33C7:    21 EE C0       LD       HL, #$C0EE
    33CA:    B6             OR       A, (HL)
    33CB:    77             LD       (HL), A
    33CC:    21 DE C0       LD       HL, #$C0DE
    33CF:    B6             OR       A, (HL)
    33D0:    77             LD       (HL), A
    33D1:    3A 7E 33       LD       A, ($337E)
    33D4:    32 FA C0       LD       ($C0FA), A
    33D7:    C9             RET      
sub_33D8:
    33D8:    21 F0 C0       LD       HL, #$C0F0
    33DB:    B6             OR       A, (HL)
    33DC:    77             LD       (HL), A
    33DD:    21 DF C0       LD       HL, #$C0DF
    33E0:    B6             OR       A, (HL)
    33E1:    77             LD       (HL), A
    33E2:    3A 7F 33       LD       A, ($337F)
    33E5:    32 FA C0       LD       ($C0FA), A
    33E8:    C9             RET      
sub_33E9:
    33E9:    21 F2 C0       LD       HL, #$C0F2
    33EC:    B6             OR       A, (HL)
    33ED:    77             LD       (HL), A
    33EE:    21 E0 C0       LD       HL, #$C0E0
    33F1:    B6             OR       A, (HL)
    33F2:    77             LD       (HL), A
    33F3:    3A 80 33       LD       A, ($3380)
    33F6:    32 FA C0       LD       ($C0FA), A
    33F9:    C9             RET      
sub_33FA:
    33FA:    21 F8 C0       LD       HL, #$C0F8
    33FD:    B6             OR       A, (HL)
    33FE:    77             LD       (HL), A
    33FF:    21 E3 C0       LD       HL, #$C0E3
    3402:    B6             OR       A, (HL)
    3403:    77             LD       (HL), A
    3404:    3A 81 33       LD       A, ($3381)
    3407:    32 FA C0       LD       ($C0FA), A
    340A:    C9             RET      
sub_340B:
    340B:    21 F8 C0       LD       HL, #$C0F8
    340E:    B6             OR       A, (HL)
    340F:    77             LD       (HL), A
    3410:    21 E3 C0       LD       HL, #$C0E3
    3413:    B6             OR       A, (HL)
    3414:    77             LD       (HL), A
    3415:    3A 82 33       LD       A, ($3382)
    3418:    32 FA C0       LD       ($C0FA), A
    341B:    C9             RET      
sub_341C:
    341C:    21 E8 C0       LD       HL, #$C0E8
    341F:    A6             AND      A, (HL)
    3420:    77             LD       (HL), A
    3421:    C9             RET      
sub_3422:
    3422:    21 EA C0       LD       HL, #$C0EA
    3425:    A6             AND      A, (HL)
    3426:    77             LD       (HL), A
    3427:    C9             RET      
sub_3428:
    3428:    21 EC C0       LD       HL, #$C0EC
    342B:    A6             AND      A, (HL)
    342C:    77             LD       (HL), A
    342D:    C9             RET      
sub_342E:
    342E:    21 EE C0       LD       HL, #$C0EE
    3431:    A6             AND      A, (HL)
    3432:    77             LD       (HL), A
    3433:    C9             RET      
sub_3434:
    3434:    21 F0 C0       LD       HL, #$C0F0
    3437:    A6             AND      A, (HL)
    3438:    77             LD       (HL), A
    3439:    C9             RET      
sub_343A:
    343A:    21 F2 C0       LD       HL, #$C0F2
    343D:    A6             AND      A, (HL)
    343E:    77             LD       (HL), A
    343F:    C9             RET      
sub_3440:
    3440:    21 F8 C0       LD       HL, #$C0F8
    3443:    A6             AND      A, (HL)
    3444:    77             LD       (HL), A
    3445:    C9             RET      
lamp_scan_tick:
    3446:    3A 22 C1       LD       A, ($C122)
    3449:    A7             AND      A, A
    344A:    C4 A9 37       CALL     NZ, anim24_dispatch
    344D:    CD D7 34       CALL     sub_34D7
    3450:    CD 3A 35       CALL     sub_353A
    3453:    2A 17 C1       LD       HL, ($C117)
    3456:    E9             JP       (HL)
lamp_col0_out:
    3457:    21 67 34       LD       HL, lamp_col1_out
    345A:    22 17 C1       LD       ($C117), HL
    345D:    3A 0F C1       LD       A, ($C10F)
    3460:    D3 84          OUT      ($84), A
    3462:    3E 01          LD       A, #$01
    3464:    D3 83          OUT      ($83), A
    3466:    C9             RET      
lamp_col1_out:
    3467:    21 77 34       LD       HL, lamp_col2_out
    346A:    22 17 C1       LD       ($C117), HL
    346D:    3A 10 C1       LD       A, ($C110)
    3470:    D3 84          OUT      ($84), A
    3472:    3E 02          LD       A, #$02
    3474:    D3 83          OUT      ($83), A
    3476:    C9             RET      
lamp_col2_out:
    3477:    21 87 34       LD       HL, lamp_col3_out
    347A:    22 17 C1       LD       ($C117), HL
    347D:    3A 11 C1       LD       A, ($C111)
    3480:    D3 84          OUT      ($84), A
    3482:    3E 04          LD       A, #$04
    3484:    D3 83          OUT      ($83), A
    3486:    C9             RET      
lamp_col3_out:
    3487:    21 97 34       LD       HL, lamp_col4_out
    348A:    22 17 C1       LD       ($C117), HL
    348D:    3A 12 C1       LD       A, ($C112)
    3490:    D3 84          OUT      ($84), A
    3492:    3E 08          LD       A, #$08
    3494:    D3 83          OUT      ($83), A
    3496:    C9             RET      
lamp_col4_out:
    3497:    21 A7 34       LD       HL, lamp_col5_out
    349A:    22 17 C1       LD       ($C117), HL
    349D:    3A 13 C1       LD       A, ($C113)
    34A0:    D3 84          OUT      ($84), A
    34A2:    3E 10          LD       A, #$10
    34A4:    D3 83          OUT      ($83), A
    34A6:    C9             RET      
lamp_col5_out:
    34A7:    21 B7 34       LD       HL, lamp_col6_out
    34AA:    22 17 C1       LD       ($C117), HL
    34AD:    3A 14 C1       LD       A, ($C114)
    34B0:    D3 84          OUT      ($84), A
    34B2:    3E 20          LD       A, #$20
    34B4:    D3 83          OUT      ($83), A
    34B6:    C9             RET      
lamp_col6_out:
    34B7:    21 C7 34       LD       HL, lamp_col7_out
    34BA:    22 17 C1       LD       ($C117), HL
    34BD:    3A 15 C1       LD       A, ($C115)
    34C0:    D3 84          OUT      ($84), A
    34C2:    3E 40          LD       A, #$40
    34C4:    D3 83          OUT      ($83), A
    34C6:    C9             RET      
lamp_col7_out:
    34C7:    21 57 34       LD       HL, lamp_col0_out
    34CA:    22 17 C1       LD       ($C117), HL
    34CD:    3A 16 C1       LD       A, ($C116)
    34D0:    D3 84          OUT      ($84), A
    34D2:    3E 80          LD       A, #$80
    34D4:    D3 83          OUT      ($83), A
    34D6:    C9             RET      
sub_34D7:
    34D7:    3A 19 C1       LD       A, ($C119)
    34DA:    A7             AND      A, A
    34DB:    C8             RET      Z
    34DC:    3A 1D C1       LD       A, ($C11D)
    34DF:    3D             DEC      A
    34E0:    32 1D C1       LD       ($C11D), A
    34E3:    C2 04 35       JP       NZ, $3504
    34E6:    3A 1A C1       LD       A, ($C11A)
    34E9:    32 1D C1       LD       ($C11D), A
    34EC:    3A 1B C1       LD       A, ($C11B)
    34EF:    3D             DEC      A
    34F0:    32 1B C1       LD       ($C11B), A
    34F3:    CA 24 35       JP       Z, $3524
    34F6:    2A 1E C1       LD       HL, ($C11E)
    34F9:    11 0F C1       LD       DE, #$C10F
    34FC:    01 08 00       LD       BC, rst08_landing
    34FF:    ED B0          LDIR     
    3501:    22 1E C1       LD       ($C11E), HL
    3504:    3A 27 C1       LD       A, ($C127)
    3507:    A7             AND      A, A
    3508:    C2 11 35       JP       NZ, $3511
    350B:    21 16 C1       LD       HL, #$C116
    350E:    CB BE          RES      7, (HL)
    3510:    C9             RET      
    3511:    3A 21 C1       LD       A, ($C121)
    3514:    A7             AND      A, A
    3515:    C2 1E 35       JP       NZ, $351E
    3518:    21 16 C1       LD       HL, #$C116
    351B:    CB BE          RES      7, (HL)
    351D:    C9             RET      
    351E:    21 16 C1       LD       HL, #$C116
    3521:    CB FE          SET      7, (HL)
    3523:    C9             RET      
    3524:    AF             XOR      A, A
    3525:    32 19 C1       LD       ($C119), A
    3528:    21 FF C0       LD       HL, #$C0FF
    352B:    11 0F C1       LD       DE, #$C10F
    352E:    01 08 00       LD       BC, rst08_landing
    3531:    ED B0          LDIR     
    3533:    C9             RET      
sub_3534:
    3534:    F3             DI       
    3535:    CD 24 35       CALL     $3524
    3538:    FB             EI       
    3539:    C9             RET      
sub_353A:
    353A:    3A 19 C1       LD       A, ($C119)
    353D:    A7             AND      A, A
    353E:    C2 AC 35       JP       NZ, $35AC
    3541:    21 20 C1       LD       HL, #$C120
    3544:    35             DEC      (HL)
    3545:    C0             RET      NZ
    3546:    36 4B          LD       (HL), #$4B
    3548:    3A 21 C1       LD       A, ($C121)
    354B:    A7             AND      A, A
    354C:    CA 94 35       JP       Z, $3594
    354F:    AF             XOR      A, A
    3550:    32 21 C1       LD       ($C121), A
    3553:    01 FF C0       LD       BC, #$C0FF
    3556:    21 07 C1       LD       HL, #$C107
    3559:    11 0F C1       LD       DE, #$C10F
    355C:    0A             LD       A, (BC)
    355D:    A6             AND      A, (HL)
    355E:    12             LD       (DE), A
    355F:    03             INC      BC
    3560:    23             INC      HL
    3561:    13             INC      DE
    3562:    0A             LD       A, (BC)
    3563:    A6             AND      A, (HL)
    3564:    12             LD       (DE), A
    3565:    03             INC      BC
    3566:    23             INC      HL
    3567:    13             INC      DE
    3568:    0A             LD       A, (BC)
    3569:    A6             AND      A, (HL)
    356A:    12             LD       (DE), A
    356B:    03             INC      BC
    356C:    23             INC      HL
    356D:    13             INC      DE
    356E:    0A             LD       A, (BC)
    356F:    A6             AND      A, (HL)
    3570:    12             LD       (DE), A
    3571:    03             INC      BC
    3572:    23             INC      HL
    3573:    13             INC      DE
    3574:    0A             LD       A, (BC)
    3575:    A6             AND      A, (HL)
    3576:    12             LD       (DE), A
    3577:    03             INC      BC
    3578:    23             INC      HL
    3579:    13             INC      DE
    357A:    0A             LD       A, (BC)
    357B:    A6             AND      A, (HL)
    357C:    12             LD       (DE), A
    357D:    03             INC      BC
    357E:    23             INC      HL
    357F:    13             INC      DE
    3580:    0A             LD       A, (BC)
    3581:    A6             AND      A, (HL)
    3582:    12             LD       (DE), A
    3583:    03             INC      BC
    3584:    23             INC      HL
    3585:    13             INC      DE
    3586:    0A             LD       A, (BC)
    3587:    A6             AND      A, (HL)
    3588:    12             LD       (DE), A
    3589:    03             INC      BC
    358A:    23             INC      HL
    358B:    13             INC      DE
    358C:    3A 22 C0       LD       A, ($C022)
    358F:    A7             AND      A, A
    3590:    C4 C0 27       CALL     NZ, port87_bit5_set
    3593:    C9             RET      
    3594:    3E FF          LD       A, #$FF
    3596:    32 21 C1       LD       ($C121), A
    3599:    21 FF C0       LD       HL, #$C0FF
    359C:    11 0F C1       LD       DE, #$C10F
    359F:    01 08 00       LD       BC, rst08_landing
    35A2:    ED B0          LDIR     
    35A4:    3A 22 C0       LD       A, ($C022)
    35A7:    A7             AND      A, A
    35A8:    C4 B3 27       CALL     NZ, port87_bit5_clear
    35AB:    C9             RET      
    35AC:    21 20 C1       LD       HL, #$C120
    35AF:    35             DEC      (HL)
    35B0:    C0             RET      NZ
    35B1:    36 4B          LD       (HL), #$4B
    35B3:    3A 21 C1       LD       A, ($C121)
    35B6:    A7             AND      A, A
    35B7:    CA CB 35       JP       Z, $35CB
    35BA:    AF             XOR      A, A
    35BB:    32 21 C1       LD       ($C121), A
    35BE:    21 16 C1       LD       HL, #$C116
    35C1:    CB BE          RES      7, (HL)
    35C3:    3A 22 C0       LD       A, ($C022)
    35C6:    A7             AND      A, A
    35C7:    C4 C0 27       CALL     NZ, port87_bit5_set
    35CA:    C9             RET      
    35CB:    3E FF          LD       A, #$FF
    35CD:    32 21 C1       LD       ($C121), A
    35D0:    3A 27 C1       LD       A, ($C127)
    35D3:    A7             AND      A, A
    35D4:    C2 E4 35       JP       NZ, $35E4
    35D7:    21 16 C1       LD       HL, #$C116
    35DA:    CB BE          RES      7, (HL)
    35DC:    3A 22 C0       LD       A, ($C022)
    35DF:    A7             AND      A, A
    35E0:    C4 B3 27       CALL     NZ, port87_bit5_clear
    35E3:    C9             RET      
    35E4:    21 16 C1       LD       HL, #$C116
    35E7:    CB FE          SET      7, (HL)
    35E9:    C9             RET      
sub_35EA:
    35EA:    F3             DI       
    35EB:    21 AE 39       LD       HL, #$39AE
    35EE:    7E             LD       A, (HL)
    35EF:    32 1B C1       LD       ($C11B), A
    35F2:    23             INC      HL
    35F3:    7E             LD       A, (HL)
    35F4:    32 1A C1       LD       ($C11A), A
    35F7:    32 1D C1       LD       ($C11D), A
    35FA:    23             INC      HL
    35FB:    22 1E C1       LD       ($C11E), HL
    35FE:    3E FF          LD       A, #$FF
    3600:    32 19 C1       LD       ($C119), A
    3603:    FB             EI       
    3604:    C9             RET      
sub_3605:
    3605:    F3             DI       
    3606:    21 CC 38       LD       HL, #$38CC
    3609:    7E             LD       A, (HL)
    360A:    32 1B C1       LD       ($C11B), A
    360D:    23             INC      HL
    360E:    7E             LD       A, (HL)
    360F:    32 1A C1       LD       ($C11A), A
    3612:    32 1D C1       LD       ($C11D), A
    3615:    23             INC      HL
    3616:    22 1E C1       LD       ($C11E), HL
    3619:    3E FF          LD       A, #$FF
    361B:    32 19 C1       LD       ($C119), A
    361E:    FB             EI       
    361F:    C9             RET      
sub_3620:
    3620:    F3             DI       
    3621:    21 7A 3B       LD       HL, #$3B7A
    3624:    7E             LD       A, (HL)
    3625:    32 1B C1       LD       ($C11B), A
    3628:    23             INC      HL
    3629:    7E             LD       A, (HL)
    362A:    32 1A C1       LD       ($C11A), A
    362D:    32 1D C1       LD       ($C11D), A
    3630:    23             INC      HL
    3631:    22 1E C1       LD       ($C11E), HL
    3634:    3E FF          LD       A, #$FF
    3636:    32 19 C1       LD       ($C119), A
    3639:    FB             EI       
    363A:    C9             RET      
sub_363B:
    363B:    F3             DI       
    363C:    21 90 3A       LD       HL, #$3A90
    363F:    7E             LD       A, (HL)
    3640:    32 1B C1       LD       ($C11B), A
    3643:    23             INC      HL
    3644:    7E             LD       A, (HL)
    3645:    32 1A C1       LD       ($C11A), A
    3648:    32 1D C1       LD       ($C11D), A
    364B:    23             INC      HL
    364C:    22 1E C1       LD       ($C11E), HL
    364F:    3E FF          LD       A, #$FF
    3651:    32 19 C1       LD       ($C119), A
    3654:    FB             EI       
    3655:    C9             RET      
sub_3656:
    3656:    F3             DI       
    3657:    21 5C 3C       LD       HL, #$3C5C
    365A:    7E             LD       A, (HL)
    365B:    32 1B C1       LD       ($C11B), A
    365E:    23             INC      HL
    365F:    7E             LD       A, (HL)
    3660:    32 1A C1       LD       ($C11A), A
    3663:    32 1D C1       LD       ($C11D), A
    3666:    23             INC      HL
    3667:    22 1E C1       LD       ($C11E), HL
    366A:    3E FF          LD       A, #$FF
    366C:    32 19 C1       LD       ($C119), A
    366F:    FB             EI       
    3670:    C9             RET      
sub_3671:
    3671:    F3             DI       
    3672:    21 9E 3D       LD       HL, #$3D9E
    3675:    7E             LD       A, (HL)
    3676:    32 1B C1       LD       ($C11B), A
    3679:    23             INC      HL
    367A:    7E             LD       A, (HL)
    367B:    32 1A C1       LD       ($C11A), A
    367E:    32 1D C1       LD       ($C11D), A
    3681:    23             INC      HL
    3682:    22 1E C1       LD       ($C11E), HL
    3685:    3E FF          LD       A, #$FF
    3687:    32 19 C1       LD       ($C119), A
    368A:    FB             EI       
    368B:    C9             RET      
sub_368C:
    368C:    F3             DI       
    368D:    21 B0 3E       LD       HL, #$3EB0
    3690:    7E             LD       A, (HL)
    3691:    32 1B C1       LD       ($C11B), A
    3694:    23             INC      HL
    3695:    7E             LD       A, (HL)
    3696:    32 1A C1       LD       ($C11A), A
    3699:    32 1D C1       LD       ($C11D), A
    369C:    23             INC      HL
    369D:    22 1E C1       LD       ($C11E), HL
    36A0:    3E FF          LD       A, #$FF
    36A2:    32 19 C1       LD       ($C119), A
    36A5:    FB             EI       
    36A6:    C9             RET      
sub_36A7:
    36A7:    F3             DI       
    36A8:    21 EA 3E       LD       HL, #$3EEA
    36AB:    7E             LD       A, (HL)
    36AC:    32 1B C1       LD       ($C11B), A
    36AF:    23             INC      HL
    36B0:    7E             LD       A, (HL)
    36B1:    32 1A C1       LD       ($C11A), A
    36B4:    32 1D C1       LD       ($C11D), A
    36B7:    23             INC      HL
    36B8:    22 1E C1       LD       ($C11E), HL
    36BB:    3E FF          LD       A, #$FF
    36BD:    32 19 C1       LD       ($C119), A
    36C0:    FB             EI       
    36C1:    C9             RET      
sub_36C2:
    36C2:    F3             DI       
    36C3:    21 FC 41       LD       HL, #$41FC
    36C6:    7E             LD       A, (HL)
    36C7:    32 1B C1       LD       ($C11B), A
    36CA:    23             INC      HL
    36CB:    7E             LD       A, (HL)
    36CC:    32 1A C1       LD       ($C11A), A
    36CF:    32 1D C1       LD       ($C11D), A
    36D2:    23             INC      HL
    36D3:    22 1E C1       LD       ($C11E), HL
    36D6:    3E FF          LD       A, #$FF
    36D8:    32 19 C1       LD       ($C119), A
    36DB:    FB             EI       
    36DC:    C9             RET      
sub_36DD:
    36DD:    F3             DI       
    36DE:    21 1E 45       LD       HL, #$451E
    36E1:    7E             LD       A, (HL)
    36E2:    32 1B C1       LD       ($C11B), A
    36E5:    23             INC      HL
    36E6:    7E             LD       A, (HL)
    36E7:    32 1A C1       LD       ($C11A), A
    36EA:    32 1D C1       LD       ($C11D), A
    36ED:    23             INC      HL
    36EE:    22 1E C1       LD       ($C11E), HL
    36F1:    3E FF          LD       A, #$FF
    36F3:    32 19 C1       LD       ($C119), A
    36F6:    FB             EI       
    36F7:    C9             RET      
sub_36F8:
    36F8:    F3             DI       
    36F9:    21 68 4B       LD       HL, #$4B68
    36FC:    7E             LD       A, (HL)
    36FD:    32 1B C1       LD       ($C11B), A
    3700:    23             INC      HL
    3701:    7E             LD       A, (HL)
    3702:    32 1A C1       LD       ($C11A), A
    3705:    32 1D C1       LD       ($C11D), A
    3708:    23             INC      HL
    3709:    22 1E C1       LD       ($C11E), HL
    370C:    3E FF          LD       A, #$FF
    370E:    32 19 C1       LD       ($C119), A
    3711:    FB             EI       
    3712:    C9             RET      
sub_3713:
    3713:    F3             DI       
    3714:    21 F0 4D       LD       HL, #$4DF0
    3717:    7E             LD       A, (HL)
    3718:    32 1B C1       LD       ($C11B), A
    371B:    23             INC      HL
    371C:    7E             LD       A, (HL)
    371D:    32 1A C1       LD       ($C11A), A
    3720:    32 1D C1       LD       ($C11D), A
    3723:    23             INC      HL
    3724:    22 1E C1       LD       ($C11E), HL
    3727:    3E FF          LD       A, #$FF
    3729:    32 19 C1       LD       ($C119), A
    372C:    FB             EI       
    372D:    C9             RET      
sub_372E:
    372E:    F3             DI       
    372F:    21 EA 4E       LD       HL, #$4EEA
    3732:    7E             LD       A, (HL)
    3733:    32 1B C1       LD       ($C11B), A
    3736:    23             INC      HL
    3737:    7E             LD       A, (HL)
    3738:    32 1A C1       LD       ($C11A), A
    373B:    32 1D C1       LD       ($C11D), A
    373E:    23             INC      HL
    373F:    22 1E C1       LD       ($C11E), HL
    3742:    3E FF          LD       A, #$FF
    3744:    32 19 C1       LD       ($C119), A
    3747:    FB             EI       
    3748:    C9             RET      
sub_3749:
    3749:    F3             DI       
    374A:    21 24 4C       LD       HL, #$4C24
    374D:    7E             LD       A, (HL)
    374E:    32 1B C1       LD       ($C11B), A
    3751:    23             INC      HL
    3752:    7E             LD       A, (HL)
    3753:    32 1A C1       LD       ($C11A), A
    3756:    32 1D C1       LD       ($C11D), A
    3759:    23             INC      HL
    375A:    22 1E C1       LD       ($C11E), HL
    375D:    3E FF          LD       A, #$FF
    375F:    32 19 C1       LD       ($C119), A
    3762:    FB             EI       
    3763:    C9             RET      
sub_3764:
    3764:    F3             DI       
    3765:    21 A2 4B       LD       HL, #$4BA2
    3768:    7E             LD       A, (HL)
    3769:    32 1B C1       LD       ($C11B), A
    376C:    23             INC      HL
    376D:    7E             LD       A, (HL)
    376E:    32 1A C1       LD       ($C11A), A
    3771:    32 1D C1       LD       ($C11D), A
    3774:    23             INC      HL
    3775:    22 1E C1       LD       ($C11E), HL
    3778:    3E FF          LD       A, #$FF
    377A:    32 19 C1       LD       ($C119), A
    377D:    FB             EI       
    377E:    C9             RET      
sub_377F:
    377F:    F3             DI       
    3780:    21 2E 4D       LD       HL, #$4D2E
    3783:    7E             LD       A, (HL)
    3784:    32 1B C1       LD       ($C11B), A
    3787:    23             INC      HL
    3788:    7E             LD       A, (HL)
    3789:    32 1A C1       LD       ($C11A), A
    378C:    32 1D C1       LD       ($C11D), A
    378F:    23             INC      HL
    3790:    22 1E C1       LD       ($C11E), HL
    3793:    3E FF          LD       A, #$FF
    3795:    32 19 C1       LD       ($C119), A
    3798:    FB             EI       
    3799:    C9             RET      
sub_379A:
    379A:    AF             XOR      A, A
    379B:    32 25 C1       LD       ($C125), A
    379E:    3E 01          LD       A, #$01
    37A0:    32 24 C1       LD       ($C124), A
    37A3:    3E FF          LD       A, #$FF
    37A5:    32 22 C1       LD       ($C122), A
    37A8:    C9             RET      
anim24_dispatch:
    37A9:    3A 24 C1       LD       A, ($C124)
    37AC:    3D             DEC      A
    37AD:    32 24 C1       LD       ($C124), A
    37B0:    C0             RET      NZ
    37B1:    3E 64          LD       A, #$64
    37B3:    32 24 C1       LD       ($C124), A
    37B6:    3A 25 C1       LD       A, ($C125)
    37B9:    FE 17          CP       #$17
    37BB:    DA C2 37       JP       C, $37C2
    37BE:    AF             XOR      A, A
    37BF:    C3 C3 37       JP       $37C3
    37C2:    3C             INC      A
    37C3:    32 25 C1       LD       ($C125), A
    37C6:    21 E2 37       LD       HL, ___BDATA_0011
    37C9:    CB 27          SLA      A
    37CB:    5F             LD       E, A
    37CC:    16 00          LD       D, #$00
    37CE:    19             ADD      HL, DE
    37CF:    5E             LD       E, (HL)
    37D0:    23             INC      HL
    37D1:    56             LD       D, (HL)
    37D2:    EB             EX       DE, HL
    37D3:    E9             JP       (HL)
sub_37D4:
    37D4:    AF             XOR      A, A
    37D5:    32 22 C1       LD       ($C122), A
    37D8:    CD 12 0A       CALL     sub_0A12
    37DB:    CD 1E 0A       CALL     sub_0A1E
    37DE:    CD 2A 0A       CALL     sub_0A2A
    37E1:    C9             RET      


___BDATA_0011:
    37E2:    DB      EE, 09, 12, 0A, FA, 09, 1E, 0A, 06, 0A, 2A, 0A, FA, 09, 1E, 0A      ..........*.....
    37F2:    DB      FA, 09, 1E, 0A, EE, 09, 12, 0A, EE, 09, 12, 0A, 06, 0A, 2A, 0A      ..............*.
    3802:    DB      06, 0A, 2A, 0A, FA, 09, 1E, 0A, EE, 09, 12, 0A, 06, 0A, 2A, 0A      ..*...........*.
                                                                      

anim78_dispatch:
    3812:    3A 1C C1       LD       A, ($C11C)
    3815:    FE 4D          CP       #$4D
    3817:    DA 1E 38       JP       C, $381E
    381A:    AF             XOR      A, A
    381B:    C3 1F 38       JP       $381F
    381E:    3C             INC      A
    381F:    32 1C C1       LD       ($C11C), A
    3822:    21 30 38       LD       HL, ___BDATA_0012
    3825:    CB 27          SLA      A
    3827:    5F             LD       E, A
    3828:    16 00          LD       D, #$00
    382A:    19             ADD      HL, DE
    382B:    5E             LD       E, (HL)
    382C:    23             INC      HL
    382D:    56             LD       D, (HL)
    382E:    EB             EX       DE, HL
    382F:    E9             JP       (HL)


___BDATA_0012:
    3830:    DB      A7, 36, EA, 35, 05, 36, C2, 36, 05, 36, EA, 35, F8, 36, A7, 36      .6.5.6.6.6.5.6.6
    3840:    DB      13, 37, C2, 36, 2E, 37, DD, 36, 20, 36, 20, 36, DD, 36, 3B, 36      .7.6.7.6 6 6.6;6
    3850:    DB      20, 36, 8C, 36, C2, 36, 3B, 36, 20, 36, 56, 36, 71, 36, DD, 36       6.6.6;6 6V6q6.6
    3860:    DB      49, 37, EA, 35, 64, 37, 05, 36, 7F, 37, EA, 35, A7, 36, 8C, 36      I7.5d7.6.7.5.6.6
    3870:    DB      C2, 36, 8C, 36, DD, 36, A7, 36, EA, 35, 05, 36, 20, 36, 3B, 36      .6.6.6.6.5.6 6;6
    3880:    DB      DD, 36, 8C, 36, 13, 37, A7, 36, F8, 36, C2, 36, 7F, 37, DD, 36      .6.6.7.6.6.6.7.6
    3890:    DB      3B, 36, 20, 36, 05, 36, EA, 35, DD, 36, 8C, 36, C2, 36, 8C, 36      ;6 6.6.5.6.6.6.6
    38A0:    DB      EA, 35, 05, 36, 8C, 36, DD, 36, 64, 37, EA, 35, 49, 37, 05, 36      .5.6.6.6d7.5I7.6
    38B0:    DB      2E, 37, 20, 36, EA, 35, 20, 36, 05, 36, 3B, 36, A7, 36, DD, 36      .7 6.5 6.6;6.6.6
    38C0:    DB      EA, 35, 05, 36, 49, 37, 64, 37, 7F, 37, 8C, 36, 1C, 0A, 00, 00      .5.6I7d7.7.6....
    38D0:    DB      00, 00, 00, FE, 01, 00, 00, C0, 61, 00, 00, FE, 01, 00, 00, F8      ........a.......
    38E0:    DB      71, 00, 00, FE, 01, 0C, 00, FF, 79, 00, 00, FE, 81, 1E, 80, FF      q.......y.......
    38F0:    DB      7D, 00, 00, FE, A1, 1F, 98, FF, 7F, 00, 00, FE, B1, 3F, 9E, FF      }............?..
    3900:    DB      FF, 01, 00, FE, FD, 3F, 9E, FF, FF, 01, 20, FE, FF, 3F, 9E, FF      .....?.... ..?..
    3910:    DB      FF, 01, F8, FE, FF, 7F, 9E, FF, FF, 01, FE, FE, FF, 7F, 9E, FF      ................
    3920:    DB      FF, 81, FF, FE, FF, 7F, 9E, FF, FF, E1, FF, FF, FF, FF, 9E, FF      ................
    3930:    DB      FF, F9, FF, FF, FF, FF, 9E, FF, FF, FF, FF, FF, FF, FF, 9E, FF      ................
    3940:    DB      FF, FF, FF, 01, FE, FF, 9E, 3F, 9E, FF, FF, 01, FE, FF, 9E, 07      .......?........
    3950:    DB      8E, FF, FF, 01, FE, F3, 9E, 00, 86, FF, FF, 01, 7E, E1, 1E, 00      ............~...
    3960:    DB      82, FF, FF, 01, 5E, E0, 06, 00, 80, FF, FF, 01, 4E, C0, 00, 00      ....^.......N...
    3970:    DB      00, FE, FF, 01, 02, C0, 00, 00, 00, FE, DF, 01, 00, C0, 00, 00      ................
    3980:    DB      00, FE, 07, 01, 00, 80, 00, 00, 00, FE, 01, 01, 00, 80, 00, 00      ................
    3990:    DB      00, 7E, 00, 01, 00, 80, 00, 00, 00, 1E, 00, 00, 00, 00, 00, 00      .~..............
    39A0:    DB      00, 06, 00, 00, 00, 00, 00, 00, 00, 00, 00, 00, 00, 00, 1C, 0A      ................
    39B0:    DB      00, 00, 00, 06, 00, 00, 00, 00, 00, 00, 00, 1E, 00, 00, 00, 00      ................
    39C0:    DB      00, 00, 00, 7E, 00, 01, 00, 80, 00, 00, 00, FE, 01, 01, 00, 80      ...~............
    39D0:    DB      00, 00, 00, FE, 07, 01, 00, 80, 00, 00, 00, FE, DF, 01, 00, C0      ................
    39E0:    DB      00, 00, 00, FE, FF, 01, 02, C0, 06, 00, 80, FF, FF, 01, 4E, C0      ..............N.
    39F0:    DB      1E, 00, 82, FF, FF, 01, 5E, E0, 9E, 00, 86, FF, FF, 01, 7E, E1      ......^.......~.
    3A00:    DB      9E, 07, 8E, FF, FF, 01, FE, F3, 9E, 3F, 9E, FF, FF, 01, FE, FF      .........?......
    3A10:    DB      9E, FF, FF, FF, FF, 01, FE, FF, 9E, FF, FF, FF, FF, FF, FF, FF      ................
    3A20:    DB      9E, FF, FF, F9, FF, FF, FF, FF, 9E, FF, FF, E1, FF, FF, FF, FF      ................
    3A30:    DB      9E, FF, FF, 81, FF, FE, FF, 7F, 9E, FF, FF, 01, FE, FE, FF, 7F      ................
    3A40:    DB      9E, FF, FF, 01, F8, FE, FF, 7F, 9E, FF, FF, 01, 20, FE, FF, 3F      ............ ..?
    3A50:    DB      9E, FF, FF, 01, 00, FE, FD, 3F, 98, FF, 7F, 00, 00, FE, B1, 3F      .......?.......?
    3A60:    DB      80, FF, 7D, 00, 00, FE, A1, 1F, 00, FF, 79, 00, 00, FE, 81, 1E      ..}.......y.....
    3A70:    DB      00, F8, 71, 00, 00, FE, 01, 0C, 00, C0, 61, 00, 00, FE, 01, 00      ..q.......a.....
    3A80:    DB      00, 00, 00, 00, 00, FE, 01, 00, 00, 00, 00, 00, 00, 00, 00, 00      ................
    3A90:    DB      1D, 18, 00, 00, 00, 00, 00, 00, 00, 00, 00, 00, 00, 00, 00, 00      ................
    3AA0:    DB      00, 20, 00, 00, 00, 00, 00, 00, 20, 22, 40, 00, 00, 00, 01, 20      . ...... "@.... 
    3AB0:    DB      20, 22, 41, 40, 00, 00, 01, 20, 20, 62, 41, 40, 40, 00, 21, 20       "A@...  bA@@.! 
    3AC0:    DB      60, 62, 41, 40, 40, 40, 21, 20, 60, 62, 59, 58, 48, 48, 69, 28      `bA@@@! `bYXHHi(
    3AD0:    DB      68, 6A, 5D, 58, 48, 48, 6D, 6C, 6C, 6E, 5F, 5C, 5C, 6D, 6D, 6C      hj]XHHmlln_\\mml
    3AE0:    DB      6E, EE, DF, 5E, 7E, 6F, 6F, 6E, 6E, EE, DF, 7E, 7E, 7F, 7F, 7E      n..^~oonn..~~..~
    3AF0:    DB      6E, EE, DF, 7E, FE, 7F, 7F, 7E, 6E, EE, FF, 7E, FE, FF, 7F, FE      n..~...~n..~....
    3B00:    DB      6E, EE, FF, 7E, FE, FF, 7F, FE, EE, EE, FF, 7E, FE, FF, 7F, FE      n..~.......~....
    3B10:    DB      EE, CE, FF, 7E, FE, FF, 7F, FE, CE, CC, BF, 7E, FE, FF, 7E, DE      ...~.......~..~.
    3B20:    DB      CE, CC, BE, 3E, FE, FF, 7E, DE, CE, 8C, BE, 3E, BE, FF, 5E, DE      ...>..~....>..^.
    3B30:    DB      8E, 8C, BE, 3E, BE, BF, 5E, DE, 8E, 8C, A6, 26, B6, B7, 16, D6      ...>..^....&....
    3B40:    DB      86, 84, A2, 26, B6, B7, 12, 92, 82, 80, A0, 22, A2, 92, 12, 92      ...&......."....
    3B50:    DB      80, 00, 20, 20, 80, 90, 10, 90, 80, 00, 20, 00, 80, 80, 00, 80      ..  ...... .....
    3B60:    DB      80, 00, 20, 00, 00, 80, 00, 80, 80, 00, 00, 00, 00, 00, 00, 00      .. .............
    3B70:    DB      80, 00, 00, 00, 00, 00, 00, 00, 00, 00, 1C, 18, 00, 00, 00, 00      ................
    3B80:    DB      00, 00, 00, 00, 00, 00, 00, 00, 00, 00, 00, 20, 00, 00, 00, 00      ........... ....
    3B90:    DB      00, 00, 20, 22, 40, 00, 00, 00, 01, 20, 20, 22, 41, 40, 00, 00      .. "@....  "A@..
    3BA0:    DB      01, 20, 20, 62, 41, 40, 40, 00, 21, 20, 60, 62, 41, 40, 40, 40      .  bA@@.! `bA@@@
    3BB0:    DB      21, 20, 60, 62, 59, 58, 48, 48, 69, 28, 68, 6A, 5D, 58, 48, 48      ! `bYXHHi(hj]XHH
    3BC0:    DB      6D, 6C, 6C, 6E, 5F, 5C, 5C, 6D, 6D, 6C, 6E, EE, DF, 5E, 7E, 6F      mlln_\\mmln..^~o
    3BD0:    DB      6F, 6E, 6E, EE, DF, 7E, 7E, 7F, 7F, 7E, 6E, EE, DF, 7E, FE, 7F      onn..~~..~n..~..
    3BE0:    DB      7F, 7E, 6E, EE, FF, 7E, FE, FF, 7F, FE, 6E, EE, FF, 7E, FE, FF      .~n..~....n..~..
    3BF0:    DB      7F, FE, EE, EE, FF, 7E, FE, FF, 7F, FE, 6E, EE, DF, 7E, FE, 7F      .....~....n..~..
    3C00:    DB      7F, 7E, 6E, EE, DF, 5E, FE, 6F, 6F, 6E, 6E, EE, 5F, 5C, DC, 6D      .~n..^.oonn._\.m
    3C10:    DB      6D, 6C, 6E, EE, 5D, 58, C8, 48, 6D, 6C, 6C, 6E, 59, 58, C8, 48      mln.]X.HmllnYX.H
    3C20:    DB      69, 28, 68, 6A, 41, 40, C0, 40, 21, 20, 60, 62, 41, 40, C0, 00      i(hjA@.@! `bA@..
    3C30:    DB      21, 20, 60, 62, 41, 40, 80, 00, 01, 20, 20, 62, 40, 00, 80, 00      ! `bA@...  b@...
    3C40:    DB      01, 20, 20, 22, 00, 00, 80, 00, 00, 00, 20, 22, 00, 00, 80, 00      .  "...... "....
    3C50:    DB      00, 00, 00, 20, 00, 00, 80, 00, 00, 00, 00, 00, 28, 0B, 00, 00      ... ........(...
    3C60:    DB      00, 30, 00, 00, 00, 00, 00, 00, 00, 30, 00, 10, 00, 00, 00, 00      .0.......0......
    3C70:    DB      00, 30, 10, 10, 00, 00, 00, 00, 10, B0, 30, 50, 00, 00, 00, 00      .0........0P....
    3C80:    DB      90, B0, 70, 70, 00, 00, 80, 10, 90, F0, 70, 70, 20, 00, 90, 10      ..pp......pp ...
    3C90:    DB      D0, F0, 70, F0, A0, 00, 90, 50, D0, F0, 70, F0, E0, 28, D0, 50      ..p....P..p..(.P
    3CA0:    DB      D0, F0, 70, F8, E0, 68, D0, 50, D0, F0, 78, F8, E0, 68, D0, 50      ..p..h.P..x..h.P
    3CB0:    DB      D0, F8, 78, F8, E0, 68, D0, 50, D8, F8, 78, F8, E0, 68, D3, 5A      ..x..h.P..x..h.Z
    3CC0:    DB      D8, F8, 78, F8, E0, 68, DB, 5E, DA, F8, 78, F8, E0, 68, DF, 5E      ..x..h.^..x..h.^
    3CD0:    DB      DE, FA, 79, F8, E0, 68, DF, 5E, DE, FE, 7B, F8, E0, 6C, DF, 5E      ..y..h.^..{..l.^
    3CE0:    DB      DE, FF, 7B, FA, E4, 6C, DF, 5E, DE, FF, 7B, FE, E6, 6C, DF, 5E      ..{..l.^..{..l.^
    3CF0:    DB      DE, FF, 7F, FE, E6, 6E, DF, 5E, DE, FF, 7F, FE, E6, EE, DF, 5E      .....n.^.......^
    3D00:    DB      DE, CF, 7F, FE, E6, EE, DF, 5E, DE, CF, 7F, EE, E6, EE, DF, 5E      .......^.......^
    3D10:    DB      DE, CF, 6F, EE, E6, EE, DF, 5E, CE, 4F, 4F, AE, E6, EE, DF, 5E      ..o....^.OO....^
    3D20:    DB      4E, 4F, 0F, 8E, E6, EE, 5F, 4E, 4E, 0F, 0F, 8E, C6, EE, 4F, 4E      NO...._NN.....ON
    3D30:    DB      0E, 0F, 0F, 0E, 46, EE, 4F, 0E, 0E, 0F, 0F, 0E, 06, C6, 0F, 0E      ....F.O.........
    3D40:    DB      0E, 0F, 0F, 06, 06, 86, 0F, 0E, 0E, 0F, 07, 06, 06, 86, 0F, 0E      ................
    3D50:    DB      0E, 07, 07, 06, 06, 86, 0F, 0E, 06, 07, 07, 06, 06, 86, 0C, 04      ................
    3D60:    DB      06, 07, 07, 06, 06, 86, 04, 00, 04, 07, 07, 06, 06, 86, 00, 00      ................
    3D70:    DB      00, 05, 06, 06, 06, 86, 00, 00, 00, 01, 04, 06, 06, 82, 00, 00      ................
    3D80:    DB      00, 00, 04, 04, 02, 82, 00, 00, 00, 00, 04, 00, 00, 82, 00, 00      ................
    3D90:    DB      00, 00, 00, 00, 00, 80, 00, 00, 00, 00, 00, 00, 00, 00, 22, 0B      ..............".
    3DA0:    DB      10, 00, 10, 10, 00, 00, 00, 40, 10, 00, 10, 10, 00, 10, 00, 48      .......@.......H
    3DB0:    DB      10, 00, 10, 10, 10, 10, 08, 48, 11, 00, 10, 10, 10, 18, 08, 48      .......H.......H
    3DC0:    DB      11, 00, 10, 10, 18, 18, 08, 48, 11, 00, 10, 18, 19, 18, 08, 48      .......H.......H
    3DD0:    DB      11, 00, 18, 18, 19, 18, 08, 48, 91, 08, 18, 18, 19, 18, 08, 4A      .......H.......J
    3DE0:    DB      99, 08, 18, 18, 19, 18, 08, 4A, 9F, 08, 98, 18, 19, 18, 08, 4A      .......J.......J
    3DF0:    DB      9F, 0C, 98, 98, 19, 18, 08, 4E, 9F, 0E, 9C, 98, 19, 18, 0C, 4E      .......N.......N
    3E00:    DB      9F, 0E, 9E, 9C, 19, 1C, 0C, 4E, 9F, 0E, 9E, 9F, 1D, 9C, 0C, 4E      .......N.......N
    3E10:    DB      9F, 0E, 9E, 9F, 1F, 9C, 0E, 4E, 9F, 0E, 9E, 9F, 1F, 9E, 8E, 4E      .......N.......N
    3E20:    DB      9F, 0E, 9E, 9F, 1F, 9E, 8E, CE, 8F, 0E, 8E, 8F, 1F, 9E, 8E, 8E      ................
    3E30:    DB      8F, 0E, 8E, 8F, 1F, 8E, 8E, 86, 8F, 0E, 8E, 8F, 0F, 8E, 86, 86      ................
    3E40:    DB      8E, 0E, 8E, 8F, 0F, 86, 86, 86, 8E, 0E, 8E, 8F, 07, 86, 86, 86      ................
    3E50:    DB      8E, 0E, 8E, 87, 06, 86, 86, 86, 8E, 0E, 86, 87, 06, 86, 86, 86      ................
    3E60:    DB      0E, 06, 86, 87, 06, 86, 86, 84, 06, 06, 86, 87, 06, 86, 86, 84      ................
    3E70:    DB      00, 06, 06, 87, 06, 86, 86, 84, 00, 02, 06, 07, 06, 86, 86, 80      ................
    3E80:    DB      00, 00, 02, 07, 06, 86, 82, 80, 00, 00, 00, 03, 06, 82, 82, 80      ................
    3E90:    DB      00, 00, 00, 00, 02, 02, 82, 80, 00, 00, 00, 00, 00, 02, 80, 80      ................
    3EA0:    DB      00, 00, 00, 00, 00, 00, 00, 80, 00, 00, 00, 00, 00, 00, 00, 00      ................
    3EB0:    DB      07, 60, 00, 00, 00, 00, 00, 00, 00, 00, FF, FF, FF, FF, FF, FF      .`..............
    3EC0:    DB      FF, FF, 00, 00, 00, 00, 00, 00, 00, 00, FF, FF, FF, FF, FF, FF      ................
    3ED0:    DB      FF, FF, 00, 00, 00, 00, 00, 00, 00, 00, FF, FF, FF, FF, FF, FF      ................
    3EE0:    DB      FF, FF, 00, 00, 00, 00, 00, 00, 00, 00, 62, 78, 80, 29, 00, 04      ..........bx.)..
    3EF0:    DB      02, 00, 00, 08, 00, 00, A2, 00, 51, 80, 00, 01, 42, 00, 06, 00      ........Q...B...
    3F00:    DB      20, 00, 84, 00, 90, 30, 04, 40, 00, 06, 00, 00, 00, 00, 20, 08       ....0.@...... .
    3F10:    DB      00, 08, 38, 00, 04, 02, 22, 08, 08, 00, 00, 00, C8, 20, 04, 82      ..8..."...... ..
    3F20:    DB      02, 00, 00, 00, 00, 40, 00, A0, 80, 80, 0C, 00, 0C, C4, 00, 04      .....@..........
    3F30:    DB      00, 01, 10, 00, 80, 20, 00, 08, 04, 02, 30, 02, 04, 00, 20, 01      ..... ....0... .
    3F40:    DB      0A, 80, 00, 02, 20, 42, 10, 02, 01, 00, 80, 00, 4A, 04, 02, 00      .... B......J...
    3F50:    DB      10, 20, 20, 00, 02, 00, 44, 20, 00, 20, 81, 00, 18, 02, 44, 02      .  ...D . ....D.
    3F60:    DB      00, 02, 00, 01, 00, 01, 44, 48, 00, 80, 0C, 00, 02, 80, 80, 02      ......DH........
    3F70:    DB      80, 44, 02, 00, 00, 02, 80, 28, 00, 02, 30, 00, 20, 00, 62, 10      .D.....(..0. .b.
    3F80:    DB      40, 05, 00, 00, 00, 30, 12, 00, 80, 02, 20, 00, 02, 00, 44, 02      @....0.... ...D.
    3F90:    DB      04, 04, 05, 00, 00, 04, 00, 0E, 24, 00, 20, 01, 00, 40, 03, 10      ........$. ..@..
    3FA0:    DB      00, 40, 58, 00, 04, 08, 04, 00, 41, 20, 00, 03, 80, 48, 01, 02      .@X.....A ...H..
    3FB0:    DB      08, 00, 90, 00, 40, 00, 44, 01, 05, 12, 00, 00, 08, 40, 40, 05      ....@.D......@@.
    3FC0:    DB      00, 00, 42, 02, 00, 10, 40, 22, 00, 10, 80, 02, 00, 00, 0A, 08      ..B...@"........
    3FD0:    DB      12, A0, 20, 00, 00, 00, 48, 00, 20, 05, 90, 00, 00, 04, 08, 82      .. ...H. .......
    3FE0:    DB      A8, 40, 00, 00, 50, 60, 40, 20, 00, 00, 40, 00, 40, 06, 08, 01      .@..P`@ ..@.@...
    3FF0:    DB      02, 00, 30, 00, 40, 84, 00, 00, 00, 48, 04, 02, 00, C0, 34, 21      ..0.@....H....4!
    4000:    DB      00, 00, 00, 04, 02, 01, 43, 00, 01, 00, 01, 02, 00, 08, 84, 01      ......C.........
    4010:    DB      03, 00, 28, 00, 00, 81, 00, 41, 00, 03, 04, 00, 40, 5D, 00, 40      ..(....A....@].@
    4020:    DB      10, 00, 00, 00, 00, 44, 00, 00, C0, 20, 70, 00, 08, 02, 00, 48      .....D... p....H
    4030:    DB      A2, 00, 00, 00, 24, 40, 00, 08, 10, 40, 20, 08, 12, 00, 44, 41      ....$@...@ ...DA
    4040:    DB      10, 00, 00, 00, 00, 05, 20, 20, 02, 42, 00, 08, 00, 20, 00, 20      ......  .B... . 
    4050:    DB      20, 28, 20, 06, 44, 42, 00, 10, 00, 00, A0, 00, 04, 04, 01, 08       ( .DB..........
    4060:    DB      00, 40, 80, 0C, 80, 24, 40, 41, 40, 08, 00, 00, 90, 00, 06, 01      .@...$@A@.......
    4070:    DB      00, 02, 08, 08, 00, 66, 00, 00, 08, 04, 41, 00, 18, 20, 00, 40      .....f....A.. .@
    4080:    DB      02, 90, 00, 00, 00, 00, 28, 01, 00, 00, 0E, 04, 00, 44, 00, 08      ......(......D..
    4090:    DB      08, 10, 0B, 00, 00, 10, 24, 01, 04, 00, 10, 08, 02, 12, 40, 02      ......$.......@.
    40A0:    DB      20, 02, 00, 04, 02, 08, 03, 00, 00, 04, 80, 02, 02, 04, 08, 01       ...............
    40B0:    DB      18, 00, 20, 04, 40, 81, 02, 10, 00, 02, 20, 00, 88, 01, 00, 00      .. .@..... .....
    40C0:    DB      00, 08, 3C, 00, 00, 01, 04, 21, 00, 20, 11, 04, 00, 04, 00, 28      ..<....!. .....(
    40D0:    DB      11, 80, 80, 00, 04, 00, 00, 11, 48, 81, 10, 00, 80, 00, 24, 00      ........H.....$.
    40E0:    DB      60, 00, 18, 00, 08, 02, 04, 00, 80, 40, 12, 02, 80, 10, 40, 04      `........@....@.
    40F0:    DB      08, 0C, 00, 02, 10, 02, 00, 21, 00, 30, 40, 08, 98, 80, 00, 84      .......!.0@.....
    4100:    DB      00, 20, 02, 00, 02, 02, 00, 04, 03, 00, C0, 00, 10, 84, 08, 0C      . ..............
    4110:    DB      04, 00, 08, 00, 00, 00, 60, 40, 03, A4, 00, 00, 00, 04, 24, 08      ......`@......$.
    4120:    DB      00, 40, 02, 08, 0C, 20, 81, 00, 10, 00, 00, 00, 04, 08, 44, 08      .@... ........D.
    4130:    DB      10, 80, 04, 00, 10, 10, 00, A2, 06, 04, 00, 00, 50, 01, 41, 00      ............P.A.
    4140:    DB      00, 04, 00, 05, 00, 42, 88, 30, 00, 40, 10, 00, 00, 40, 40, 80      .....B.0.@...@@.
    4150:    DB      10, 10, C2, 00, A0, 00, 00, 18, 02, 48, 80, 00, 00, 00, 02, 80      .........H......
    4160:    DB      08, 00, 13, 08, 40, 40, 00, 80, 10, 2C, 02, 00, 00, 32, 00, 08      ....@@...,...2..
    4170:    DB      00, 02, 08, 04, 00, 40, 48, 40, 18, 0C, 00, 00, 00, 40, 10, 49      .....@H@.....@.I
    4180:    DB      02, 00, 00, 0C, 04, 08, 01, 00, 10, 12, 10, 00, 0A, 00, 40, 04      ..............@.
    4190:    DB      82, 00, 80, 00, 10, 82, 08, 01, 05, 00, 00, 01, 24, 80, 00, 01      ............$...
    41A0:    DB      00, 0C, 00, 05, 00, 10, 00, 20, 00, 8A, 08, 02, 80, 14, 20, 60      ....... ...... `
    41B0:    DB      20, 04, 00, 00, 10, 20, 20, 00, 30, 10, 18, 00, 20, 0A, 20, 01       ....  .0... . .
    41C0:    DB      00, 10, 08, 00, 40, 80, 00, 17, 00, 10, 00, 02, 12, 20, 00, 00      ....@........ ..
    41D0:    DB      04, 11, 80, 00, 04, 41, 02, 02, 08, 28, 00, 00, 00, 01, 16, 04      .....A...(......
    41E0:    DB      01, 40, 40, 00, 10, 80, 10, 00, 00, 60, 84, 00, 88, 40, 00, 06      .@@......`...@..
    41F0:    DB      00, 80, 01, 02, 24, 00, 20, 40, 41, 02, 00, 00, 64, 64, 04, 18      ....$. @A...dd..
    4200:    DB      00, 10, 00, 29, 08, 00, 40, 00, 00, 12, 00, 29, 00, 03, 80, 00      ...)..@....)....
    4210:    DB      04, 00, C0, 20, 02, 04, 00, 80, 00, 0A, 04, 20, 08, 09, 00, 21      ... ....... ...!
    4220:    DB      40, 00, 81, 04, A0, 00, A0, 20, 40, 00, 50, 0C, 00, 00, 60, 0D      @...... @.P...`.
    4230:    DB      48, 00, 00, 00, 80, 00, 00, 50, 00, 02, 20, 05, 0C, 00, 06, 10      H......P.. .....
    4240:    DB      18, 00, 01, 00, 00, 02, 02, 00, C0, 20, 19, 00, 04, 00, 40, 00      ......... ....@.
    4250:    DB      82, 04, 02, 10, 18, 00, 40, 00, 08, 01, 30, 00, 40, 0C, 00, 04      ......@...0.@...
    4260:    DB      00, 40, 20, A2, 08, 04, 22, C0, 40, 00, 04, 22, 00, 00, 44, 10      .@ ...".@.."..D.
    4270:    DB      08, 00, 00, 12, 41, 00, 00, 10, 00, 00, 59, 10, 30, 00, 20, 12      ....A.....Y.0. .
    4280:    DB      00, 84, 10, 80, 00, 00, 20, 14, 20, 00, 12, 80, 02, 00, 30, 12      ...... . .....0.
    4290:    DB      00, 20, 00, 01, 02, 02, 80, 00, 22, 02, 08, 00, 18, 00, 00, 00      . ......".......
    42A0:    DB      08, 00, A0, 05, 28, 00, 00, 00, 80, 13, 90, 20, 00, 00, 40, 08      ....(...... ..@.
    42B0:    DB      00, 03, 80, 02, 00, 09, 20, 08, 80, 00, 2D, 00, 04, 00, 00, 01      ...... ...-.....
    42C0:    DB      00, 02, 00, 28, 0C, 08, 00, 82, 00, A0, 40, 00, 20, 0A, 08, 00      ...(......@. ...
    42D0:    DB      44, 10, 01, 03, 40, 00, 00, 20, 39, 50, 00, 00, 00, 04, 08, 02      D...@.. 9P......
    42E0:    DB      01, 00, 10, 00, 20, 06, 00, 14, 08, 38, 00, 04, 20, 00, 08, 00      .... ....8.. ...
    42F0:    DB      01, 00, 04, 00, 24, 0A, 00, 00, 10, 30, 00, 00, 43, 01, 00, 28      ....$....0..C..(
    4300:    DB      20, 14, 00, 80, 40, 00, 32, 04, 00, 00, 01, 48, 00, 00, 00, 08       ...@.2....H....
    4310:    DB      10, 90, 04, 08, 01, 01, 04, 02, 2A, 00, 00, 80, 05, 00, 00, 00      ........*.......
    4320:    DB      00, E0, 85, 01, 40, 00, B2, 01, 00, 00, 00, 41, 00, 02, 02, 40      ....@......A...@
    4330:    DB      00, 00, 4C, 20, 18, 00, 00, 10, 08, 00, 43, 08, 20, 00, 00, 15      ..L ......C. ...
    4340:    DB      0A, 00, 02, 10, 00, 00, 00, 00, 43, 12, 00, 02, 40, 00, 10, 64      ........C...@..d
    4350:    DB      00, 06, 10, 04, 00, 00, 00, 00, 02, 40, 88, 02, 03, 00, 00, 14      .........@......
    4360:    DB      10, 00, 08, 40, 30, 00, 10, 00, 04, 48, 02, 90, 80, 00, A0, 40      ...@0....H.....@
    4370:    DB      00, 00, 06, 40, 00, 08, 00, 00, 24, 40, 00, 10, 48, 01, 00, 40      ...@....$@..H..@
    4380:    DB      0D, 11, 01, 02, 00, 00, 00, 07, 00, 40, 01, 51, 00, 00, 18, 00      .........@.Q....
    4390:    DB      08, 20, 90, 10, 08, 00, 20, 0A, 00, 28, 10, 80, 04, 00, 10, 00      . .... ..(......
    43A0:    DB      0A, 08, 00, 00, 50, 02, 88, 02, 00, 00, C1, 10, 40, 00, 00, 03      ....P.......@...
    43B0:    DB      20, 81, 44, 40, 00, 00, 14, 00, 00, 88, 10, C0, 04, 00, 00, 20       .D@........... 
    43C0:    DB      04, 05, 00, 10, 0A, 00, 02, 01, 00, 40, 2A, 08, 04, 00, 00, 48      .........@*....H
    43D0:    DB      00, 00, 20, 01, 04, 02, 00, 40, 00, 04, 01, 20, 03, 03, 80, 08      .. ....@... ....
    43E0:    DB      48, 00, 20, 00, 44, 00, 80, 00, 00, 02, 12, 08, 52, 00, 00, 04      H. .D.......R...
    43F0:    DB      04, 80, 00, 00, 2A, 04, 00, 8C, 10, 00, 00, 01, 44, 01, 44, 0A      ....*.......D.D.
    4400:    DB      00, 00, 00, 00, 49, 00, 04, 00, 80, 99, 00, 00, 00, 08, 54, 20      ....I.........T 
    4410:    DB      00, 00, 08, 40, 00, 02, 10, 08, 00, 10, 20, 60, 01, 00, 08, 00      ...@...... `....
    4420:    DB      98, 00, 00, 00, 18, 04, 28, 04, 14, 00, 00, 00, 50, 00, 00, 00      ......(.....P...
    4430:    DB      A0, 41, 10, 00, 08, 00, 42, 00, 08, 02, 44, 00, 00, 01, 00, 00      .A....B...D.....
    4440:    DB      00, 00, B0, 80, 62, 00, 08, 00, 01, 50, 00, 24, 10, 02, E0, 00      ....b....P.$....
    4450:    DB      90, 04, 00, 01, 10, 00, 10, 04, 00, 49, 40, 20, 00, 08, 5A, 02      .........I@ ..Z.
    4460:    DB      01, 00, 00, 10, 02, 00, 02, 80, 00, 04, 03, 00, 09, 04, 12, 00      ................
    4470:    DB      00, 25, 00, 10, 12, 00, 08, 00, 02, 44, 04, 22, 01, 00, 10, 12      .%.......D."....
    4480:    DB      20, 0A, 80, 80, 00, 00, 20, 0A, 04, 01, 01, 08, 00, 00, 82, 00       ..... .........
    4490:    DB      08, 82, 20, 80, 00, 00, 10, 40, 00, 20, 40, 04, 00, 03, C0, 00      .. ....@. @.....
    44A0:    DB      02, 41, 28, 00, 40, 00, 00, 00, 02, 10, 20, 30, 04, 08, 84, 00      .A(.@..... 0....
    44B0:    DB      22, 00, 80, 02, 11, 00, 04, 04, 98, 01, 00, 00, 00, 09, 00, 00      "...............
    44C0:    DB      04, 2A, 00, 07, 40, 00, 08, 80, 02, 00, 03, 10, 08, 00, 80, 20      .*..@.......... 
    44D0:    DB      40, 01, 02, 00, 44, 08, 40, 22, 52, 00, 00, 00, 04, 00, 04, 04      @...D.@"R.......
    44E0:    DB      04, 20, 00, 10, 40, 04, 10, 20, 01, 80, 00, 90, 40, 01, 20, 40      . ..@.. ....@. @
    44F0:    DB      20, 10, 44, 00, 0C, 00, 8A, 00, 21, 00, 04, 08, 80, 00, 24, 00       .D.....!.....$.
    4500:    DB      02, 80, 00, 0A, A0, 00, 14, 20, 80, 00, 00, 10, 50, 04, 00, 00      ....... ....P...
    4510:    DB      04, 08, 00, C4, 80, 02, 00, 20, 00, 01, 03, 80, 84, 01, C8, 38      ....... .......8
    4520:    DB      80, 80, 00, 00, 08, 10, 88, 00, 04, 00, 08, 01, 40, 30, 08, 04      ............@0..
    4530:    DB      02, 20, 00, 08, 84, 20, 00, 08, 12, 21, 40, 00, 00, 06, 00, 04      . ... ...!@.....
    4540:    DB      40, 00, 40, 00, 00, 28, 02, 09, 20, 12, 00, 04, 00, 01, 0C, 08      @.@..(.. .......
    4550:    DB      00, 01, 00, 04, 08, 00, 60, 00, 00, 04, 60, 60, A0, 00, 00, 02      ......`...``....
    4560:    DB      08, 00, 00, 00, 28, 40, 12, 00, 02, 02, 00, 08, 00, 04, 09, 01      ....(@..........
    4570:    DB      08, 02, 50, 40, 00, 00, 88, 00, 00, 40, C0, 04, 09, C0, 00, 00      ..P@.....@......
    4580:    DB      00, 00, 40, 02, 03, 40, 0A, 08, 20, 00, 24, 00, 10, 40, 00, 0A      ..@..@.. .$..@..
    4590:    DB      10, 40, 02, 00, 84, 08, 80, 00, 00, 08, 01, 02, 20, 00, 20, 0D      .@.......... . .
    45A0:    DB      40, 04, 40, 04, 00, 82, 10, 00, 10, 00, 60, A0, 00, 42, 80, 00      @.@.......`..B..
    45B0:    DB      80, 00, 71, 00, 02, 80, 01, 00, 02, 00, 80, 02, 10, 0E, 00, 02      ..q.............
    45C0:    DB      96, 12, 01, 00, 80, 00, 00, 00, 00, 00, 00, 00, 9E, 00, 11, 00      ................
    45D0:    DB      88, 24, 09, 04, 20, 00, 00, 00, 84, 22, 40, 02, 00, 80, 00, 00      .$.. ...."@.....
    45E0:    DB      24, 00, 21, 00, 06, 18, 00, 00, 00, 00, 01, 22, 60, 00, 11, 00      $.!........"`...
    45F0:    DB      06, 00, 01, 00, 02, 02, 0A, 08, 40, 20, 08, 00, 8C, 02, 02, 00      ........@ ......
    4600:    DB      04, 00, 01, 30, 40, 50, 10, 00, 32, 20, 84, 08, 00, 00, 04, 00      ...0@P..2 ......
    4610:    DB      04, 44, 00, 00, 45, 01, 00, 08, 00, 00, 00, 62, 80, 28, 11, 00      .D..E......b.(..
    4620:    DB      00, 40, 41, 08, 20, 10, 08, 00, 82, 02, 00, 60, 06, 00, 01, 00      .@A. ......`....
    4630:    DB      10, 00, 00, 19, 00, 81, 00, 04, 10, 00, 11, 22, 10, 00, 00, 00      ..........."....
    4640:    DB      04, 80, 00, 40, 01, 10, 00, 02, 00, 14, 20, 11, 00, 00, 98, 00      ...@...... .....
    4650:    DB      40, 00, 20, 00, A0, 4C, 40, 00, 40, 00, 01, 00, 00, 74, 80, 00      @. ..L@.@....t..
    4660:    DB      60, 10, 04, 00, 01, 00, 01, 02, 02, 48, 88, 10, 20, 08, 00, 00      `........H.. ...
    4670:    DB      00, 00, 00, 00, 00, 00, 00, 00, FF, FF, FF, FF, FF, FF, FF, FF      ................
    4680:    DB      00, 00, 00, 00, 00, 00, 00, 00, FF, FF, FF, FF, FF, FF, FF, FF      ................
    4690:    DB      00, 00, 00, 00, 00, 00, 00, 00, FF, FF, FF, FF, FF, FF, FF, FF      ................
    46A0:    DB      00, 00, 00, 00, 00, 00, 00, 00, 00, 89, 22, 01, 00, 20, 00, 00      ..........".. ..
    46B0:    DB      80, 00, 00, 00, 08, 00, 80, 0B, 08, 30, 40, 00, 24, 10, 10, 00      .........0@.$...
    46C0:    DB      48, 60, 02, 00, 00, 81, 02, 00, 00, 88, 00, 00, 28, 00, 11, 08      H`..........(...
    46D0:    DB      00, 08, 10, 20, 64, 00, 21, 00, 02, 00, 84, 80, 20, 14, 20, 00      ... d.!..... . .
    46E0:    DB      80, 00, 20, 05, 00, 42, 24, 00, 80, 04, 46, 09, 00, 00, 00, 04      .. ..B$...F.....
    46F0:    DB      02, 03, 02, 40, 30, 00, 00, 08, 00, C0, 50, 00, 00, 00, 8C, 00      ...@0.....P.....
    4700:    DB      04, 00, 21, 04, 00, 00, 80, 01, 10, 02, 00, 20, 04, 40, 04, 04      ..!........ .@..
    4710:    DB      80, 04, 80, 01, 20, 22, 00, 00, 04, 00, 10, 80, 22, 21, 01, 00      .... "......"!..
    4720:    DB      00, 00, 01, 88, 02, 90, 28, 00, 00, 40, 20, 10, 88, 08, 80, 00      ......(..@ .....
    4730:    DB      00, 40, 00, 04, 04, 80, 02, 07, 40, 08, 80, 88, 40, 01, 00, 00      .@......@...@...
    4740:    DB      00, 10, 10, 30, 00, 44, 00, 01, 30, 40, 20, 20, 40, 04, 20, 00      ...0.D..0@  @. .
    4750:    DB      A0, 00, 04, 10, 00, 09, 10, 00, 00, 00, C0, 04, 5C, 40, 00, 00      ............\@..
    4760:    DB      10, 80, 10, 24, 08, 00, 12, 00, 24, 00, 80, 40, 20, 00, 30, 01      ...$....$..@ .0.
    4770:    DB      04, 40, 28, 02, 00, 00, 01, 02, 00, 90, 90, 00, 40, 00, 30, 00      .@(.........@.0.
    4780:    DB      1C, 00, 40, 50, 08, 02, 00, 00, 00, 04, 00, 10, 00, C8, 04, 02      ..@P............
    4790:    DB      80, 00, 40, 01, 40, 11, 02, 00, 00, 1C, 00, 02, 80, 40, 00, 04      ..@.@........@..
    47A0:    DB      00, 00, 20, 30, 11, 08, 08, 00, 48, A0, 00, 10, 00, 00, 10, 00      .. 0....H.......
    47B0:    DB      28, 00, 06, 44, 01, 00, 10, 00, 0A, 08, C4, 01, 00, 10, 00, 00      (..D............
    47C0:    DB      60, 00, 21, 00, 20, 00, 01, 09, 04, 41, 0C, 0A, 00, 00, 08, 00      `.!. ....A......
    47D0:    DB      00, 04, 11, 00, 82, 14, 00, 04, 00, 02, 08, 48, 00, 40, 00, 01      ...........H.@..
    47E0:    DB      04, 00, 05, 20, 44, 04, 00, 08, 40, C0, 30, 04, 00, 02, 00, 00      ... D...@.0.....
    47F0:    DB      08, 00, 08, 08, 42, 00, 10, 00, 00, 00, 14, 62, 00, 00, 98, 00      ....B......b....
    4800:    DB      00, 00, 00, 00, 00, 00, 00, 00, FF, FF, FF, FF, FF, FF, FF, FF      ................
    4810:    DB      00, 00, 00, 00, 00, 00, 00, 00, FF, FF, FF, FF, FF, FF, FF, FF      ................
    4820:    DB      00, 00, 00, 00, 00, 00, 00, 00, FF, FF, FF, FF, FF, FF, FF, FF      ................
    4830:    DB      00, 00, 00, 00, 00, 00, 00, 00, 40, 40, 80, 90, 00, 01, 00, 00      ........@@......
    4840:    DB      80, 80, 00, 00, 08, 10, 88, 00, 04, 00, 08, 01, 40, 30, 08, 04      ............@0..
    4850:    DB      02, 20, 00, 08, 84, 20, 00, 08, 12, 21, 40, 00, 00, 06, 00, 04      . ... ...!@.....
    4860:    DB      40, 00, 40, 00, 00, 28, 02, 09, 20, 12, 00, 04, 00, 01, 0C, 08      @.@..(.. .......
    4870:    DB      00, 01, 00, 04, 08, 00, 60, 00, 00, 04, 60, 60, A0, 00, 00, 02      ......`...``....
    4880:    DB      08, 00, 00, 00, 28, 40, 12, 00, 02, 02, 00, 08, 00, 04, 09, 01      ....(@..........
    4890:    DB      08, 02, 50, 40, 00, 00, 88, 00, 00, 40, C0, 04, 09, C0, 00, 00      ..P@.....@......
    48A0:    DB      00, 00, 40, 02, 03, 40, 0A, 08, 20, 00, 24, 00, 10, 40, 00, 0A      ..@..@.. .$..@..
    48B0:    DB      10, 40, 02, 00, 84, 08, 80, 00, 00, 08, 01, 02, 20, 00, 20, 0D      .@.......... . .
    48C0:    DB      40, 04, 40, 04, 00, 82, 10, 00, 10, 00, 60, A0, 00, 42, 80, 00      @.@.......`..B..
    48D0:    DB      80, 00, 71, 00, 02, 80, 01, 00, 02, 00, 80, 02, 10, 0E, 00, 02      ..q.............
    48E0:    DB      96, 12, 01, 00, 80, 00, 00, 00, 00, 00, 00, 00, 9E, 00, 11, 00      ................
    48F0:    DB      88, 24, 09, 04, 20, 00, 00, 00, 84, 22, 40, 02, 00, 80, 00, 00      .$.. ...."@.....
    4900:    DB      24, 00, 21, 00, 06, 18, 00, 00, 00, 00, 01, 22, 60, 00, 11, 00      $.!........"`...
    4910:    DB      06, 00, 01, 00, 02, 02, 0A, 08, 40, 20, 08, 00, 8C, 02, 02, 00      ........@ ......
    4920:    DB      04, 00, 01, 30, 40, 50, 10, 00, 32, 20, 84, 08, 00, 00, 04, 00      ...0@P..2 ......
    4930:    DB      04, 44, 00, 00, 45, 01, 00, 08, 00, 00, 00, 62, 80, 28, 11, 00      .D..E......b.(..
    4940:    DB      00, 40, 41, 08, 20, 10, 08, 00, 82, 02, 00, 60, 06, 00, 01, 00      .@A. ......`....
    4950:    DB      10, 00, 00, 19, 00, 81, 00, 04, 10, 00, 11, 22, 10, 00, 00, 00      ..........."....
    4960:    DB      04, 80, 00, 40, 01, 10, 00, 02, 00, 14, 20, 11, 00, 00, 98, 00      ...@...... .....
    4970:    DB      40, 00, 20, 00, A0, 4C, 40, 00, 40, 00, 01, 00, 00, 74, 80, 00      @. ..L@.@....t..
    4980:    DB      60, 10, 04, 00, 01, 00, 01, 02, 02, 48, 88, 10, 20, 08, 00, 00      `........H.. ...
    4990:    DB      00, 00, 00, 00, 00, 00, 00, 00, FF, FF, FF, FF, FF, FF, FF, FF      ................
    49A0:    DB      00, 00, 00, 00, 00, 00, 00, 00, FF, FF, FF, FF, FF, FF, FF, FF      ................
    49B0:    DB      00, 00, 00, 00, 00, 00, 00, 00, FF, FF, FF, FF, FF, FF, FF, FF      ................
    49C0:    DB      00, 00, 00, 00, 00, 00, 00, 00, 00, 89, 22, 01, 00, 20, 00, 00      ..........".. ..
    49D0:    DB      80, 00, 00, 00, 08, 00, 80, 0B, 08, 30, 40, 00, 24, 10, 10, 00      .........0@.$...
    49E0:    DB      48, 60, 02, 00, 00, 81, 02, 00, 00, 88, 00, 00, 28, 00, 11, 08      H`..........(...
    49F0:    DB      00, 08, 10, 20, 64, 00, 21, 00, 02, 00, 84, 80, 20, 14, 20, 00      ... d.!..... . .
    4A00:    DB      80, 00, 20, 05, 00, 42, 24, 00, 80, 04, 46, 09, 00, 00, 00, 04      .. ..B$...F.....
    4A10:    DB      02, 03, 02, 40, 30, 00, 00, 08, 00, C0, 50, 00, 00, 00, 8C, 00      ...@0.....P.....
    4A20:    DB      04, 00, 21, 04, 00, 00, 80, 01, 10, 02, 00, 20, 04, 40, 04, 04      ..!........ .@..
    4A30:    DB      80, 04, 80, 01, 20, 22, 00, 00, 04, 00, 10, 80, 22, 21, 01, 00      .... "......"!..
    4A40:    DB      00, 00, 01, 88, 02, 90, 28, 00, 00, 40, 20, 10, 88, 08, 80, 00      ......(..@ .....
    4A50:    DB      00, 40, 00, 04, 04, 80, 02, 07, 40, 08, 80, 88, 40, 01, 00, 00      .@......@...@...
    4A60:    DB      00, 10, 10, 30, 00, 44, 00, 01, 30, 40, 20, 20, 40, 04, 20, 00      ...0.D..0@  @. .
    4A70:    DB      A0, 00, 04, 10, 00, 09, 10, 00, 00, 00, C0, 04, 5C, 40, 00, 00      ............\@..
    4A80:    DB      10, 80, 10, 24, 08, 00, 12, 00, 24, 00, 80, 40, 20, 00, 30, 01      ...$....$..@ .0.
    4A90:    DB      04, 40, 28, 02, 00, 00, 01, 02, 00, 90, 90, 00, 40, 00, 30, 00      .@(.........@.0.
    4AA0:    DB      1C, 00, 40, 50, 08, 02, 00, 00, 00, 04, 00, 10, 00, C8, 04, 02      ..@P............
    4AB0:    DB      80, 00, 40, 01, 40, 11, 02, 00, 00, 1C, 00, 02, 80, 40, 00, 04      ..@.@........@..
    4AC0:    DB      00, 00, 20, 30, 11, 08, 08, 00, 48, A0, 00, 10, 00, 00, 10, 00      .. 0....H.......
    4AD0:    DB      28, 00, 06, 44, 01, 00, 10, 00, 0A, 08, C4, 01, 00, 10, 00, 00      (..D............
    4AE0:    DB      60, 00, 21, 00, 20, 00, 01, 09, 04, 41, 0C, 0A, 00, 00, 08, 00      `.!. ....A......
    4AF0:    DB      00, 04, 11, 00, 82, 14, 00, 04, 00, 02, 08, 48, 00, 40, 00, 01      ...........H.@..
    4B00:    DB      04, 00, 05, 20, 44, 04, 00, 08, 40, C0, 30, 04, 00, 02, 00, 00      ... D...@.0.....
    4B10:    DB      08, 00, 08, 08, 42, 00, 10, 00, 00, 00, 14, 62, 00, 00, 98, 00      ....B......b....
    4B20:    DB      04, 00, 00, 01, 60, 00, 80, 08, 00, 00, 00, 00, 00, 00, 00, 00      ....`...........
    4B30:    DB      FF, FF, FF, FF, FF, FF, FF, FF, 00, 00, 00, 00, 00, 00, 00, 00      ................
    4B40:    DB      FF, FF, FF, FF, FF, FF, FF, FF, 00, 00, 00, 00, 00, 00, 00, 00      ................
    4B50:    DB      FF, FF, FF, FF, FF, FF, FF, FF, 00, 00, 00, 00, 00, 00, 00, 00      ................
    4B60:    DB      00, 00, 00, 00, 00, 00, 00, 00, 07, 0A, 00, 00, 04, 00, 00, 00      ................
    4B70:    DB      00, 00, 00, 00, 0C, 00, 00, 80, 00, 0B, 00, 00, 1E, 00, 00, 80      ................
    4B80:    DB      80, 1B, 00, 04, BF, 00, 00, 80, 80, 1B, 00, 04, AF, 00, 00, 80      ................
    4B90:    DB      80, 09, 00, 04, 8B, 00, 00, 80, 80, 08, 00, 04, 89, 00, 00, 80      ................
    4BA0:    DB      80, 08, 10, 20, 90, 00, 00, 00, 00, 00, 00, 00, 98, 01, 00, 00      ... ............
    4BB0:    DB      00, 00, 00, 00, 9C, 03, 00, 00, 00, 00, 00, 00, 9E, 07, 00, 00      ................
    4BC0:    DB      00, 00, 00, 00, 0E, 07, 00, 00, 00, 00, 00, 00, 06, 06, 00, 00      ................
    4BD0:    DB      00, 00, 00, 00, 02, 04, 00, 00, 00, 00, 00, 00, 00, 00, 00, 00      ................
    4BE0:    DB      00, 00, 00, 00, 02, 04, 00, 00, 00, 00, 00, 00, 06, 06, 00, 00      ................
    4BF0:    DB      00, 00, 00, 00, 0E, 07, 00, 00, 00, 00, 00, 00, 9E, 07, 00, 00      ................
    4C00:    DB      00, 00, 00, 00, 9C, 03, 00, 00, 00, 00, 00, 00, 98, 01, 00, 00      ................
    4C10:    DB      00, 00, 00, 00, 90, 00, 00, 00, 00, 00, 00, 00, 00, 00, 00, 00      ................
    4C20:    DB      00, 00, 00, 00, 21, 0A, 00, 00, 00, 00, 00, 00, 00, 00, 00, 40      ....!..........@
    4C30:    DB      01, 00, 00, 0A, 00, 00, 00, E0, 01, 00, 00, 1E, 00, 00, 00, F0      ................
    4C40:    DB      01, 00, 00, 1E, 00, 00, 00, E0, 01, 00, 00, 18, 00, 00, 00, E0      ................
    4C50:    DB      01, 00, 00, 00, 00, 00, 00, 60, 00, 00, 00, 00, 00, 00, 00, 00      .......`........
    4C60:    DB      00, 00, 00, 00, 00, 00, 00, 00, 00, 00, 00, 12, 00, 00, 00, 00      ................
    4C70:    DB      00, 00, 00, 1E, 00, 00, 00, 20, 01, 00, 00, 1E, 00, 00, 00, E0      ....... ........
    4C80:    DB      01, 00, 00, 1E, 00, 00, 00, E0, 01, 00, 00, 18, 00, 00, 00, E0      ................
    4C90:    DB      01, 00, 00, 00, 00, 00, 00, 60, 00, 00, 00, 00, 00, 00, 00, 00      .......`........
    4CA0:    DB      00, 00, 00, 00, 00, 00, FF, FF, FF, FF, FF, FF, FF, FF, 00, 00      ................
    4CB0:    DB      00, 00, 00, 00, 00, 00, 00, 40, 01, 00, 00, 0A, 00, 00, 00, E0      .......@........
    4CC0:    DB      01, 00, 00, 1E, 00, 00, 00, F0, 01, 00, 00, 1E, 00, 00, 00, E0      ................
    4CD0:    DB      01, 00, 00, 18, 00, 00, 00, E0, 01, 00, 00, 00, 00, 00, 00, 60      ...............`
    4CE0:    DB      00, 00, 00, 00, 00, 00, 00, 00, 00, 00, 00, 00, 00, 00, 00, 00      ................
    4CF0:    DB      00, 00, 00, 12, 00, 00, 00, 00, 00, 00, 00, 1E, 00, 00, 00, 20      ............... 
    4D00:    DB      01, 00, 00, 1E, 00, 00, 00, E0, 01, 00, 00, 1E, 00, 00, 00, E0      ................
    4D10:    DB      01, 00, 00, 18, 00, 00, 00, E0, 01, 00, 00, 00, 00, 00, 00, 60      ...............`
    4D20:    DB      00, 00, 00, 00, 00, 00, 00, 00, 00, 00, 00, 00, 00, 00, 18, 2E      ................
    4D30:    DB      00, 00, 00, 00, 00, 00, 00, 00, 00, 00, 02, 00, 00, 00, 00, 00      ................
    4D40:    DB      00, 00, 06, 00, 00, 00, 00, 00, 00, 00, 0E, 00, 00, 00, 00, 00      ................
    4D50:    DB      00, 00, 1E, 00, 00, 00, 00, 00, 00, 00, 3E, 00, 00, 00, 00, 00      ..........>.....
    4D60:    DB      00, 00, 7E, 00, 00, 00, 00, 00, 00, 00, 7C, 00, 00, 00, 00, 00      ..~.......|.....
    4D70:    DB      00, 00, 78, 00, 00, 00, 00, 00, 00, 00, 70, 00, 00, 00, 00, 00      ..x.......p.....
    4D80:    DB      00, 00, 60, 00, 00, 00, 00, 00, 00, 00, 40, 00, 00, 00, 00, 00      ..`.......@.....
    4D90:    DB      00, 00, 00, 00, 00, 00, 00, 00, 00, 00, 00, 00, 00, 00, 00, 00      ................
    4DA0:    DB      FF, FF, FF, FF, FF, FF, FF, FF, 00, 00, 00, 00, 00, 00, 00, 00      ................
    4DB0:    DB      FF, FF, FF, FF, FF, FF, FF, FF, 00, 00, 7E, 00, 00, 00, 00, 00      ..........~.....
    4DC0:    DB      00, 00, 7C, 00, 00, 00, 00, 00, 00, 00, 78, 00, 00, 00, 00, 00      ..|.......x.....
    4DD0:    DB      00, 00, 70, 00, 00, 00, 00, 00, 00, 00, 60, 00, 00, 00, 00, 00      ..p.......`.....
    4DE0:    DB      00, 00, 40, 00, 00, 00, 00, 00, 00, 00, 00, 00, 00, 00, 00, 00      ..@.............
    4DF0:    DB      1F, 20, FF, FF, FF, FF, FF, FF, FF, FF, FF, FF, FF, FF, FF, 01      . ..............
    4E00:    DB      FE, FF, FF, 3F, 9E, FF, FF, 01, FE, FF, FF, 07, 8E, FF, FF, 01      ...?............
    4E10:    DB      FE, F3, FF, 00, 86, FF, FF, 01, 7E, E1, 7F, 00, 82, FF, FF, 01      ........~.......
    4E20:    DB      5E, E0, 67, 00, 80, FF, FF, 01, 4E, C0, 61, 00, 00, FE, FF, 01      ^.g.....N.a.....
    4E30:    DB      02, C0, 61, 00, 00, FE, DF, 01, 00, C0, 61, 00, 00, FE, 07, 01      ..a.......a.....
    4E40:    DB      00, 80, 61, 00, 00, FE, 01, 01, 00, 80, 61, 00, 00, 7E, 00, 01      ..a.......a..~..
    4E50:    DB      00, 80, 61, 00, 00, 1E, 00, 00, 00, 00, 61, 00, 00, 06, 00, 00      ..a.......a.....
    4E60:    DB      00, 00, 61, 00, 00, 00, 00, 00, 00, 00, 00, 00, 00, 00, 00, 00      ..a.............
    4E70:    DB      00, 00, 00, 00, 00, 06, 00, 00, 00, 00, 00, 00, 00, 1E, 00, 00      ................
    4E80:    DB      00, 00, 00, 00, 00, 7E, 00, 01, 00, 80, 00, 00, 00, FE, 01, 01      .....~..........
    4E90:    DB      00, 80, 00, 00, 00, FE, 07, 01, 00, 80, 00, 00, 00, FE, DF, 01      ................
    4EA0:    DB      00, C0, 00, 00, 00, FE, FF, 01, 02, C0, 06, 00, 80, FF, FF, 01      ................
    4EB0:    DB      4E, C0, 1E, 00, 82, FF, FF, 01, 5E, E0, 9E, 00, 86, FF, FF, 01      N.......^.......
    4EC0:    DB      7E, E1, 9E, 07, 8E, FF, FF, 01, FE, F3, 9E, 3F, 9E, FF, FF, 01      ~..........?....
    4ED0:    DB      FE, FF, 9E, FF, FF, FF, FF, 01, FE, FF, 9E, FF, FF, FF, FF, FF      ................
    4EE0:    DB      FF, FF, FF, FF, FF, FF, FF, FF, FF, FF, 1F, 20, FF, FF, FF, FF      ........... ....
    4EF0:    DB      FF, FF, FF, FF, FF, FF, FF, F9, FF, FF, FF, FF, FF, FF, FF, E1      ................
    4F00:    DB      FF, FF, FF, FF, FF, FF, FF, 81, FF, FE, FF, 7F, FF, FF, FF, 01      ................
    4F10:    DB      FE, FE, FF, 7F, FF, FF, FF, 01, F8, FE, FF, 7F, FF, FF, FF, 01      ................
    4F20:    DB      20, FE, FF, 3F, FF, FF, FF, 01, 00, FE, FD, 3F, F9, FF, 7F, 00       ..?.......?....
    4F30:    DB      00, FE, B1, 3F, E1, FF, 7D, 00, 00, FE, A1, 1F, 61, FF, 79, 00      ...?..}.....a.y.
    4F40:    DB      00, FE, 81, 1E, 61, F8, 71, 00, 00, FE, 01, 0C, 61, C0, 61, 00      ....a.q.....a.a.
    4F50:    DB      00, FE, 01, 00, 61, 00, 00, 00, 00, FE, 01, 00, 61, 00, 00, 00      ....a.......a...
    4F60:    DB      00, 00, 00, 00, 00, 00, 00, 00, 00, 00, 00, 00, 00, 00, 00, 00      ................
    4F70:    DB      00, FE, 01, 00, 00, C0, 61, 00, 00, FE, 01, 00, 00, F8, 71, 00      ......a.......q.
    4F80:    DB      00, FE, 01, 0C, 00, FF, 79, 00, 00, FE, 81, 1E, 80, FF, 7D, 00      ......y.......}.
    4F90:    DB      00, FE, A1, 1F, 98, FF, 7F, 00, 00, FE, B1, 3F, 9E, FF, FF, 01      ...........?....
    4FA0:    DB      00, FE, FD, 3F, 9E, FF, FF, 01, 20, FE, FF, 3F, 9E, FF, FF, 01      ...?.... ..?....
    4FB0:    DB      F8, FE, FF, 7F, 9E, FF, FF, 01, FE, FE, FF, 7F, 9E, FF, FF, 81      ................
    4FC0:    DB      FF, FE, FF, 7F, 9E, FF, FF, E1, FF, FF, FF, FF, 9E, FF, FF, F9      ................
    4FD0:    DB      FF, FF, FF, FF, 9E, FF, FF, FF, FF, FF, FF, FF, FF, FF, FF, FF      ................
    4FE0:    DB      FF, FF, FF, FF, FF, FF, FF, FF, FF, FF, FF, FF, FF, FF, FF, FF      ................
    4FF0:    DB      FF, FF, FF, FF, FF, FF, FF, FF, FF, FF, FF, FF, FF, FF, FF, FF      ................
    5000:    DB      FF, FF, FF, FF, FF, FF, FF, FF, FF, FF, FF, FF, FF, FF, FF, FF      ................
    5010:    DB      FF, FF, FF, FF, FF, FF, FF, FF, FF, FF, FF, FF, FF, FF, FF, FF      ................
    5020:    DB      FF, FF, FF, FF, FF, FF, FF, FF, FF, FF, FF, FF, FF, FF, FF, FF      ................
    5030:    DB      FF, FF, FF, FF, FF, FF, FF, FF, FF, FF, FF, FF, FF, FF, FF, FF      ................
    5040:    DB      FF, FF, FF, FF, FF, FF, FF, FF, FF, FF, FF, FF, FF, FF, FF, FF      ................
    5050:    DB      FF, FF, FF, FF, FF, FF, FF, FF, FF, FF, FF, FF, FF, FF, FF, FF      ................
    5060:    DB      FF, FF, FF, FF, FF, FF, FF, FF, FF, FF, FF, FF, FF, FF, FF, FF      ................
    5070:    DB      FF, FF, FF, FF, FF, FF, FF, FF, FF, FF, FF, FF, FF, FF, FF, FF      ................
    5080:    DB      FF, FF, FF, FF, FF, FF, FF, FF, FF, FF, FF, FF, FF, FF, FF, FF      ................
    5090:    DB      FF, FF, FF, FF, FF, FF, FF, FF, FF, FF, FF, FF, FF, FF, FF, FF      ................
    50A0:    DB      FF, FF, FF, FF, FF, FF, FF, FF, FF, FF, FF, FF, FF, FF, FF, FF      ................
    50B0:    DB      FF, FF, FF, FF, FF, FF, FF, FF, FF, FF, FF, FF, FF, FF, FF, FF      ................
    50C0:    DB      FF, FF, FF, FF, FF, FF, FF, FF, FF, FF, FF, FF, FF, FF, FF, FF      ................
    50D0:    DB      FF, FF, FF, FF, FF, FF, FF, FF, FF, FF, FF, FF, FF, FF, FF, FF      ................
    50E0:    DB      FF, FF, FF, FF, FF, FF, FF, FF, FF, FF, FF, FF, FF, FF, FF, FF      ................
    50F0:    DB      FF, FF, FF, FF, FF, FF, FF, FF, FF, FF, FF, FF, FF, FF, FF, FF      ................
    5100:    DB      FF, FF, FF, FF, FF, FF, FF, FF, FF, FF, FF, FF, FF, FF, FF, FF      ................
    5110:    DB      FF, FF, FF, FF, FF, FF, FF, FF, FF, FF, FF, FF, FF, FF, FF, FF      ................
    5120:    DB      FF, FF, FF, FF, FF, FF, FF, FF, FF, FF, FF, FF, FF, FF, FF, FF      ................
    5130:    DB      FF, FF, FF, FF, FF, FF, FF, FF, FF, FF, FF, FF, FF, FF, FF, FF      ................
    5140:    DB      FF, FF, FF, FF, FF, FF, FF, FF, FF, FF, FF, FF, FF, FF, FF, FF      ................
    5150:    DB      FF, FF, FF, FF, FF, FF, FF, FF, FF, FF, FF, FF, FF, FF, FF, FF      ................
    5160:    DB      FF, FF, FF, FF, FF, FF, FF, FF, FF, FF, FF, FF, FF, FF, FF, FF      ................
    5170:    DB      FF, FF, FF, FF, FF, FF, FF, FF, FF, FF, FF, FF, FF, FF, FF, FF      ................
    5180:    DB      FF, FF, FF, FF, FF, FF, FF, FF, FF, FF, FF, FF, FF, FF, FF, FF      ................
    5190:    DB      FF, FF, FF, FF, FF, FF, FF, FF, FF, FF, FF, FF, FF, FF, FF, FF      ................
    51A0:    DB      FF, FF, FF, FF, FF, FF, FF, FF, FF, FF, FF, FF, FF, FF, FF, FF      ................
    51B0:    DB      FF, FF, FF, FF, FF, FF, FF, FF, FF, FF, FF, FF, FF, FF, FF, FF      ................
    51C0:    DB      FF, FF, FF, FF, FF, FF, FF, FF, FF, FF, FF, FF, FF, FF, FF, FF      ................
    51D0:    DB      FF, FF, FF, FF, FF, FF, FF, FF, FF, FF, FF, FF, FF, FF, FF, FF      ................
    51E0:    DB      FF, FF, FF, FF, FF, FF, FF, FF, FF, FF, FF, FF, FF, FF, FF, FF      ................
    51F0:    DB      FF, FF, FF, FF, FF, FF, FF, FF, FF, FF, FF, FF, FF, FF, FF, FF      ................
    5200:    DB      FF, FF, FF, FF, FF, FF, FF, FF, FF, FF, FF, FF, FF, FF, FF, FF      ................
    5210:    DB      FF, FF, FF, FF, FF, FF, FF, FF, FF, FF, FF, FF, FF, FF, FF, FF      ................
    5220:    DB      FF, FF, FF, FF, FF, FF, FF, FF, FF, FF, FF, FF, FF, FF, FF, FF      ................
    5230:    DB      FF, FF, FF, FF, FF, FF, FF, FF, FF, FF, FF, FF, FF, FF, FF, FF      ................
    5240:    DB      FF, FF, FF, FF, FF, FF, FF, FF, FF, FF, FF, FF, FF, FF, FF, FF      ................
    5250:    DB      FF, FF, FF, FF, FF, FF, FF, FF, FF, FF, FF, FF, FF, FF, FF, FF      ................
    5260:    DB      FF, FF, FF, FF, FF, FF, FF, FF, FF, FF, FF, FF, FF, FF, FF, FF      ................
    5270:    DB      FF, FF, FF, FF, FF, FF, FF, FF, FF, FF, FF, FF, FF, FF, FF, FF      ................
    5280:    DB      FF, FF, FF, FF, FF, FF, FF, FF, FF, FF, FF, FF, FF, FF, FF, FF      ................
    5290:    DB      FF, FF, FF, FF, FF, FF, FF, FF, FF, FF, FF, FF, FF, FF, FF, FF      ................
    52A0:    DB      FF, FF, FF, FF, FF, FF, FF, FF, FF, FF, FF, FF, FF, FF, FF, FF      ................
    52B0:    DB      FF, FF, FF, FF, FF, FF, FF, FF, FF, FF, FF, FF, FF, FF, FF, FF      ................
    52C0:    DB      FF, FF, FF, FF, FF, FF, FF, FF, FF, FF, FF, FF, FF, FF, FF, FF      ................
    52D0:    DB      FF, FF, FF, FF, FF, FF, FF, FF, FF, FF, FF, FF, FF, FF, FF, FF      ................
    52E0:    DB      FF, FF, FF, FF, FF, FF, FF, FF, FF, FF, FF, FF, FF, FF, FF, FF      ................
    52F0:    DB      FF, FF, FF, FF, FF, FF, FF, FF, FF, FF, FF, FF, FF, FF, FF, FF      ................
    5300:    DB      FF, FF, FF, FF, FF, FF, FF, FF, FF, FF, FF, FF, FF, FF, FF, FF      ................
    5310:    DB      FF, FF, FF, FF, FF, FF, FF, FF, FF, FF, FF, FF, FF, FF, FF, FF      ................
    5320:    DB      FF, FF, FF, FF, FF, FF, FF, FF, FF, FF, FF, FF, FF, FF, FF, FF      ................
    5330:    DB      FF, FF, FF, FF, FF, FF, FF, FF, FF, FF, FF, FF, FF, FF, FF, FF      ................
    5340:    DB      FF, FF, FF, FF, FF, FF, FF, FF, FF, FF, FF, FF, FF, FF, FF, FF      ................
    5350:    DB      FF, FF, FF, FF, FF, FF, FF, FF, FF, FF, FF, FF, FF, FF, FF, FF      ................
    5360:    DB      FF, FF, FF, FF, FF, FF, FF, FF, FF, FF, FF, FF, FF, FF, FF, FF      ................
    5370:    DB      FF, FF, FF, FF, FF, FF, FF, FF, FF, FF, FF, FF, FF, FF, FF, FF      ................
    5380:    DB      FF, FF, FF, FF, FF, FF, FF, FF, FF, FF, FF, FF, FF, FF, FF, FF      ................
    5390:    DB      FF, FF, FF, FF, FF, FF, FF, FF, FF, FF, FF, FF, FF, FF, FF, FF      ................
    53A0:    DB      FF, FF, FF, FF, FF, FF, FF, FF, FF, FF, FF, FF, FF, FF, FF, FF      ................
    53B0:    DB      FF, FF, FF, FF, FF, FF, FF, FF, FF, FF, FF, FF, FF, FF, FF, FF      ................
    53C0:    DB      FF, FF, FF, FF, FF, FF, FF, FF, FF, FF, FF, FF, FF, FF, FF, FF      ................
    53D0:    DB      FF, FF, FF, FF, FF, FF, FF, FF, FF, FF, FF, FF, FF, FF, FF, FF      ................
    53E0:    DB      FF, FF, FF, FF, FF, FF, FF, FF, FF, FF, FF, FF, FF, FF, FF, FF      ................
    53F0:    DB      FF, FF, FF, FF, FF, FF, FF, FF, FF, FF, FF, FF, FF, FF, FF, FF      ................
    5400:    DB      FF, FF, FF, FF, FF, FF, FF, FF, FF, FF, FF, FF, FF, FF, FF, FF      ................
    5410:    DB      FF, FF, FF, FF, FF, FF, FF, FF, FF, FF, FF, FF, FF, FF, FF, FF      ................
    5420:    DB      FF, FF, FF, FF, FF, FF, FF, FF, FF, FF, FF, FF, FF, FF, FF, FF      ................
    5430:    DB      FF, FF, FF, FF, FF, FF, FF, FF, FF, FF, FF, FF, FF, FF, FF, FF      ................
    5440:    DB      FF, FF, FF, FF, FF, FF, FF, FF, FF, FF, FF, FF, FF, FF, FF, FF      ................
    5450:    DB      FF, FF, FF, FF, FF, FF, FF, FF, FF, FF, FF, FF, FF, FF, FF, FF      ................
    5460:    DB      FF, FF, FF, FF, FF, FF, FF, FF, FF, FF, FF, FF, FF, FF, FF, FF      ................
    5470:    DB      FF, FF, FF, FF, FF, FF, FF, FF, FF, FF, FF, FF, FF, FF, FF, FF      ................
    5480:    DB      FF, FF, FF, FF, FF, FF, FF, FF, FF, FF, FF, FF, FF, FF, FF, FF      ................
    5490:    DB      FF, FF, FF, FF, FF, FF, FF, FF, FF, FF, FF, FF, FF, FF, FF, FF      ................
    54A0:    DB      FF, FF, FF, FF, FF, FF, FF, FF, FF, FF, FF, FF, FF, FF, FF, FF      ................
    54B0:    DB      FF, FF, FF, FF, FF, FF, FF, FF, FF, FF, FF, FF, FF, FF, FF, FF      ................
    54C0:    DB      FF, FF, FF, FF, FF, FF, FF, FF, FF, FF, FF, FF, FF, FF, FF, FF      ................
    54D0:    DB      FF, FF, FF, FF, FF, FF, FF, FF, FF, FF, FF, FF, FF, FF, FF, FF      ................
    54E0:    DB      FF, FF, FF, FF, FF, FF, FF, FF, FF, FF, FF, FF, FF, FF, FF, FF      ................
    54F0:    DB      FF, FF, FF, FF, FF, FF, FF, FF, FF, FF, FF, FF, FF, FF, FF, FF      ................
    5500:    DB      FF, FF, FF, FF, FF, FF, FF, FF, FF, FF, FF, FF, FF, FF, FF, FF      ................
    5510:    DB      FF, FF, FF, FF, FF, FF, FF, FF, FF, FF, FF, FF, FF, FF, FF, FF      ................
    5520:    DB      FF, FF, FF, FF, FF, FF, FF, FF, FF, FF, FF, FF, FF, FF, FF, FF      ................
    5530:    DB      FF, FF, FF, FF, FF, FF, FF, FF, FF, FF, FF, FF, FF, FF, FF, FF      ................
    5540:    DB      FF, FF, FF, FF, FF, FF, FF, FF, FF, FF, FF, FF, FF, FF, FF, FF      ................
    5550:    DB      FF, FF, FF, FF, FF, FF, FF, FF, FF, FF, FF, FF, FF, FF, FF, FF      ................
    5560:    DB      FF, FF, FF, FF, FF, FF, FF, FF, FF, FF, FF, FF, FF, FF, FF, FF      ................
    5570:    DB      FF, FF, FF, FF, FF, FF, FF, FF, FF, FF, FF, FF, FF, FF, FF, FF      ................
    5580:    DB      FF, FF, FF, FF, FF, FF, FF, FF, FF, FF, FF, FF, FF, FF, FF, FF      ................
    5590:    DB      FF, FF, FF, FF, FF, FF, FF, FF, FF, FF, FF, FF, FF, FF, FF, FF      ................
    55A0:    DB      FF, FF, FF, FF, FF, FF, FF, FF, FF, FF, FF, FF, FF, FF, FF, FF      ................
    55B0:    DB      FF, FF, FF, FF, FF, FF, FF, FF, FF, FF, FF, FF, FF, FF, FF, FF      ................
    55C0:    DB      FF, FF, FF, FF, FF, FF, FF, FF, FF, FF, FF, FF, FF, FF, FF, FF      ................
    55D0:    DB      FF, FF, FF, FF, FF, FF, FF, FF, FF, FF, FF, FF, FF, FF, FF, FF      ................
    55E0:    DB      FF, FF, FF, FF, FF, FF, FF, FF, FF, FF, FF, FF, FF, FF, FF, FF      ................
    55F0:    DB      FF, FF, FF, FF, FF, FF, FF, FF, FF, FF, FF, FF, FF, FF, FF, FF      ................
    5600:    DB      FF, FF, FF, FF, FF, FF, FF, FF, FF, FF, FF, FF, FF, FF, FF, FF      ................
    5610:    DB      FF, FF, FF, FF, FF, FF, FF, FF, FF, FF, FF, FF, FF, FF, FF, FF      ................
    5620:    DB      FF, FF, FF, FF, FF, FF, FF, FF, FF, FF, FF, FF, FF, FF, FF, FF      ................
    5630:    DB      FF, FF, FF, FF, FF, FF, FF, FF, FF, FF, FF, FF, FF, FF, FF, FF      ................
    5640:    DB      FF, FF, FF, FF, FF, FF, FF, FF, FF, FF, FF, FF, FF, FF, FF, FF      ................
    5650:    DB      FF, FF, FF, FF, FF, FF, FF, FF, FF, FF, FF, FF, FF, FF, FF, FF      ................
    5660:    DB      FF, FF, FF, FF, FF, FF, FF, FF, FF, FF, FF, FF, FF, FF, FF, FF      ................
    5670:    DB      FF, FF, FF, FF, FF, FF, FF, FF, FF, FF, FF, FF, FF, FF, FF, FF      ................
    5680:    DB      FF, FF, FF, FF, FF, FF, FF, FF, FF, FF, FF, FF, FF, FF, FF, FF      ................
    5690:    DB      FF, FF, FF, FF, FF, FF, FF, FF, FF, FF, FF, FF, FF, FF, FF, FF      ................
    56A0:    DB      FF, FF, FF, FF, FF, FF, FF, FF, FF, FF, FF, FF, FF, FF, FF, FF      ................
    56B0:    DB      FF, FF, FF, FF, FF, FF, FF, FF, FF, FF, FF, FF, FF, FF, FF, FF      ................
    56C0:    DB      FF, FF, FF, FF, FF, FF, FF, FF, FF, FF, FF, FF, FF, FF, FF, FF      ................
    56D0:    DB      FF, FF, FF, FF, FF, FF, FF, FF, FF, FF, FF, FF, FF, FF, FF, FF      ................
    56E0:    DB      FF, FF, FF, FF, FF, FF, FF, FF, FF, FF, FF, FF, FF, FF, FF, FF      ................
    56F0:    DB      FF, FF, FF, FF, FF, FF, FF, FF, FF, FF, FF, FF, FF, FF, FF, FF      ................
    5700:    DB      FF, FF, FF, FF, FF, FF, FF, FF, FF, FF, FF, FF, FF, FF, FF, FF      ................
    5710:    DB      FF, FF, FF, FF, FF, FF, FF, FF, FF, FF, FF, FF, FF, FF, FF, FF      ................
    5720:    DB      FF, FF, FF, FF, FF, FF, FF, FF, FF, FF, FF, FF, FF, FF, FF, FF      ................
    5730:    DB      FF, FF, FF, FF, FF, FF, FF, FF, FF, FF, FF, FF, FF, FF, FF, FF      ................
    5740:    DB      FF, FF, FF, FF, FF, FF, FF, FF, FF, FF, FF, FF, FF, FF, FF, FF      ................
    5750:    DB      FF, FF, FF, FF, FF, FF, FF, FF, FF, FF, FF, FF, FF, FF, FF, FF      ................
    5760:    DB      FF, FF, FF, FF, FF, FF, FF, FF, FF, FF, FF, FF, FF, FF, FF, FF      ................
    5770:    DB      FF, FF, FF, FF, FF, FF, FF, FF, FF, FF, FF, FF, FF, FF, FF, FF      ................
    5780:    DB      FF, FF, FF, FF, FF, FF, FF, FF, FF, FF, FF, FF, FF, FF, FF, FF      ................
    5790:    DB      FF, FF, FF, FF, FF, FF, FF, FF, FF, FF, FF, FF, FF, FF, FF, FF      ................
    57A0:    DB      FF, FF, FF, FF, FF, FF, FF, FF, FF, FF, FF, FF, FF, FF, FF, FF      ................
    57B0:    DB      FF, FF, FF, FF, FF, FF, FF, FF, FF, FF, FF, FF, FF, FF, FF, FF      ................
    57C0:    DB      FF, FF, FF, FF, FF, FF, FF, FF, FF, FF, FF, FF, FF, FF, FF, FF      ................
    57D0:    DB      FF, FF, FF, FF, FF, FF, FF, FF, FF, FF, FF, FF, FF, FF, FF, FF      ................
    57E0:    DB      FF, FF, FF, FF, FF, FF, FF, FF, FF, FF, FF, FF, FF, FF, FF, FF      ................
    57F0:    DB      FF, FF, FF, FF, FF, FF, FF, FF, FF, FF, FF, FF, FF, FF, FF, FF      ................
    5800:    DB      FF, FF, FF, FF, FF, FF, FF, FF, FF, FF, FF, FF, FF, FF, FF, FF      ................
    5810:    DB      FF, FF, FF, FF, FF, FF, FF, FF, FF, FF, FF, FF, FF, FF, FF, FF      ................
    5820:    DB      FF, FF, FF, FF, FF, FF, FF, FF, FF, FF, FF, FF, FF, FF, FF, FF      ................
    5830:    DB      FF, FF, FF, FF, FF, FF, FF, FF, FF, FF, FF, FF, FF, FF, FF, FF      ................
    5840:    DB      FF, FF, FF, FF, FF, FF, FF, FF, FF, FF, FF, FF, FF, FF, FF, FF      ................
    5850:    DB      FF, FF, FF, FF, FF, FF, FF, FF, FF, FF, FF, FF, FF, FF, FF, FF      ................
    5860:    DB      FF, FF, FF, FF, FF, FF, FF, FF, FF, FF, FF, FF, FF, FF, FF, FF      ................
    5870:    DB      FF, FF, FF, FF, FF, FF, FF, FF, FF, FF, FF, FF, FF, FF, FF, FF      ................
    5880:    DB      FF, FF, FF, FF, FF, FF, FF, FF, FF, FF, FF, FF, FF, FF, FF, FF      ................
    5890:    DB      FF, FF, FF, FF, FF, FF, FF, FF, FF, FF, FF, FF, FF, FF, FF, FF      ................
    58A0:    DB      FF, FF, FF, FF, FF, FF, FF, FF, FF, FF, FF, FF, FF, FF, FF, FF      ................
    58B0:    DB      FF, FF, FF, FF, FF, FF, FF, FF, FF, FF, FF, FF, FF, FF, FF, FF      ................
    58C0:    DB      FF, FF, FF, FF, FF, FF, FF, FF, FF, FF, FF, FF, FF, FF, FF, FF      ................
    58D0:    DB      FF, FF, FF, FF, FF, FF, FF, FF, FF, FF, FF, FF, FF, FF, FF, FF      ................
    58E0:    DB      FF, FF, FF, FF, FF, FF, FF, FF, FF, FF, FF, FF, FF, FF, FF, FF      ................
    58F0:    DB      FF, FF, FF, FF, FF, FF, FF, FF, FF, FF, FF, FF, FF, FF, FF, FF      ................
    5900:    DB      FF, FF, FF, FF, FF, FF, FF, FF, FF, FF, FF, FF, FF, FF, FF, FF      ................
    5910:    DB      FF, FF, FF, FF, FF, FF, FF, FF, FF, FF, FF, FF, FF, FF, FF, FF      ................
    5920:    DB      FF, FF, FF, FF, FF, FF, FF, FF, FF, FF, FF, FF, FF, FF, FF, FF      ................
    5930:    DB      FF, FF, FF, FF, FF, FF, FF, FF, FF, FF, FF, FF, FF, FF, FF, FF      ................
    5940:    DB      FF, FF, FF, FF, FF, FF, FF, FF, FF, FF, FF, FF, FF, FF, FF, FF      ................
    5950:    DB      FF, FF, FF, FF, FF, FF, FF, FF, FF, FF, FF, FF, FF, FF, FF, FF      ................
    5960:    DB      FF, FF, FF, FF, FF, FF, FF, FF, FF, FF, FF, FF, FF, FF, FF, FF      ................
    5970:    DB      FF, FF, FF, FF, FF, FF, FF, FF, FF, FF, FF, FF, FF, FF, FF, FF      ................
    5980:    DB      FF, FF, FF, FF, FF, FF, FF, FF, FF, FF, FF, FF, FF, FF, FF, FF      ................
    5990:    DB      FF, FF, FF, FF, FF, FF, FF, FF, FF, FF, FF, FF, FF, FF, FF, FF      ................
    59A0:    DB      FF, FF, FF, FF, FF, FF, FF, FF, FF, FF, FF, FF, FF, FF, FF, FF      ................
    59B0:    DB      FF, FF, FF, FF, FF, FF, FF, FF, FF, FF, FF, FF, FF, FF, FF, FF      ................
    59C0:    DB      FF, FF, FF, FF, FF, FF, FF, FF, FF, FF, FF, FF, FF, FF, FF, FF      ................
    59D0:    DB      FF, FF, FF, FF, FF, FF, FF, FF, FF, FF, FF, FF, FF, FF, FF, FF      ................
    59E0:    DB      FF, FF, FF, FF, FF, FF, FF, FF, FF, FF, FF, FF, FF, FF, FF, FF      ................
    59F0:    DB      FF, FF, FF, FF, FF, FF, FF, FF, FF, FF, FF, FF, FF, FF, FF, FF      ................
    5A00:    DB      FF, FF, FF, FF, FF, FF, FF, FF, FF, FF, FF, FF, FF, FF, FF, FF      ................
    5A10:    DB      FF, FF, FF, FF, FF, FF, FF, FF, FF, FF, FF, FF, FF, FF, FF, FF      ................
    5A20:    DB      FF, FF, FF, FF, FF, FF, FF, FF, FF, FF, FF, FF, FF, FF, FF, FF      ................
    5A30:    DB      FF, FF, FF, FF, FF, FF, FF, FF, FF, FF, FF, FF, FF, FF, FF, FF      ................
    5A40:    DB      FF, FF, FF, FF, FF, FF, FF, FF, FF, FF, FF, FF, FF, FF, FF, FF      ................
    5A50:    DB      FF, FF, FF, FF, FF, FF, FF, FF, FF, FF, FF, FF, FF, FF, FF, FF      ................
    5A60:    DB      FF, FF, FF, FF, FF, FF, FF, FF, FF, FF, FF, FF, FF, FF, FF, FF      ................
    5A70:    DB      FF, FF, FF, FF, FF, FF, FF, FF, FF, FF, FF, FF, FF, FF, FF, FF      ................
    5A80:    DB      FF, FF, FF, FF, FF, FF, FF, FF, FF, FF, FF, FF, FF, FF, FF, FF      ................
    5A90:    DB      FF, FF, FF, FF, FF, FF, FF, FF, FF, FF, FF, FF, FF, FF, FF, FF      ................
    5AA0:    DB      FF, FF, FF, FF, FF, FF, FF, FF, FF, FF, FF, FF, FF, FF, FF, FF      ................
    5AB0:    DB      FF, FF, FF, FF, FF, FF, FF, FF, FF, FF, FF, FF, FF, FF, FF, FF      ................
    5AC0:    DB      FF, FF, FF, FF, FF, FF, FF, FF, FF, FF, FF, FF, FF, FF, FF, FF      ................
    5AD0:    DB      FF, FF, FF, FF, FF, FF, FF, FF, FF, FF, FF, FF, FF, FF, FF, FF      ................
    5AE0:    DB      FF, FF, FF, FF, FF, FF, FF, FF, FF, FF, FF, FF, FF, FF, FF, FF      ................
    5AF0:    DB      FF, FF, FF, FF, FF, FF, FF, FF, FF, FF, FF, FF, FF, FF, FF, FF      ................
    5B00:    DB      FF, FF, FF, FF, FF, FF, FF, FF, FF, FF, FF, FF, FF, FF, FF, FF      ................
    5B10:    DB      FF, FF, FF, FF, FF, FF, FF, FF, FF, FF, FF, FF, FF, FF, FF, FF      ................
    5B20:    DB      FF, FF, FF, FF, FF, FF, FF, FF, FF, FF, FF, FF, FF, FF, FF, FF      ................
    5B30:    DB      FF, FF, FF, FF, FF, FF, FF, FF, FF, FF, FF, FF, FF, FF, FF, FF      ................
    5B40:    DB      FF, FF, FF, FF, FF, FF, FF, FF, FF, FF, FF, FF, FF, FF, FF, FF      ................
    5B50:    DB      FF, FF, FF, FF, FF, FF, FF, FF, FF, FF, FF, FF, FF, FF, FF, FF      ................
    5B60:    DB      FF, FF, FF, FF, FF, FF, FF, FF, FF, FF, FF, FF, FF, FF, FF, FF      ................
    5B70:    DB      FF, FF, FF, FF, FF, FF, FF, FF, FF, FF, FF, FF, FF, FF, FF, FF      ................
    5B80:    DB      FF, FF, FF, FF, FF, FF, FF, FF, FF, FF, FF, FF, FF, FF, FF, FF      ................
    5B90:    DB      FF, FF, FF, FF, FF, FF, FF, FF, FF, FF, FF, FF, FF, FF, FF, FF      ................
    5BA0:    DB      FF, FF, FF, FF, FF, FF, FF, FF, FF, FF, FF, FF, FF, FF, FF, FF      ................
    5BB0:    DB      FF, FF, FF, FF, FF, FF, FF, FF, FF, FF, FF, FF, FF, FF, FF, FF      ................
    5BC0:    DB      FF, FF, FF, FF, FF, FF, FF, FF, FF, FF, FF, FF, FF, FF, FF, FF      ................
    5BD0:    DB      FF, FF, FF, FF, FF, FF, FF, FF, FF, FF, FF, FF, FF, FF, FF, FF      ................
    5BE0:    DB      FF, FF, FF, FF, FF, FF, FF, FF, FF, FF, FF, FF, FF, FF, FF, FF      ................
    5BF0:    DB      FF, FF, FF, FF, FF, FF, FF, FF, FF, FF, FF, FF, FF, FF, FF, FF      ................
    5C00:    DB      FF, FF, FF, FF, FF, FF, FF, FF, FF, FF, FF, FF, FF, FF, FF, FF      ................
    5C10:    DB      FF, FF, FF, FF, FF, FF, FF, FF, FF, FF, FF, FF, FF, FF, FF, FF      ................
    5C20:    DB      FF, FF, FF, FF, FF, FF, FF, FF, FF, FF, FF, FF, FF, FF, FF, FF      ................
    5C30:    DB      FF, FF, FF, FF, FF, FF, FF, FF, FF, FF, FF, FF, FF, FF, FF, FF      ................
    5C40:    DB      FF, FF, FF, FF, FF, FF, FF, FF, FF, FF, FF, FF, FF, FF, FF, FF      ................
    5C50:    DB      FF, FF, FF, FF, FF, FF, FF, FF, FF, FF, FF, FF, FF, FF, FF, FF      ................
    5C60:    DB      FF, FF, FF, FF, FF, FF, FF, FF, FF, FF, FF, FF, FF, FF, FF, FF      ................
    5C70:    DB      FF, FF, FF, FF, FF, FF, FF, FF, FF, FF, FF, FF, FF, FF, FF, FF      ................
    5C80:    DB      FF, FF, FF, FF, FF, FF, FF, FF, FF, FF, FF, FF, FF, FF, FF, FF      ................
    5C90:    DB      FF, FF, FF, FF, FF, FF, FF, FF, FF, FF, FF, FF, FF, FF, FF, FF      ................
    5CA0:    DB      FF, FF, FF, FF, FF, FF, FF, FF, FF, FF, FF, FF, FF, FF, FF, FF      ................
    5CB0:    DB      FF, FF, FF, FF, FF, FF, FF, FF, FF, FF, FF, FF, FF, FF, FF, FF      ................
    5CC0:    DB      FF, FF, FF, FF, FF, FF, FF, FF, FF, FF, FF, FF, FF, FF, FF, FF      ................
    5CD0:    DB      FF, FF, FF, FF, FF, FF, FF, FF, FF, FF, FF, FF, FF, FF, FF, FF      ................
    5CE0:    DB      FF, FF, FF, FF, FF, FF, FF, FF, FF, FF, FF, FF, FF, FF, FF, FF      ................
    5CF0:    DB      FF, FF, FF, FF, FF, FF, FF, FF, FF, FF, FF, FF, FF, FF, FF, FF      ................
    5D00:    DB      FF, FF, FF, FF, FF, FF, FF, FF, FF, FF, FF, FF, FF, FF, FF, FF      ................
    5D10:    DB      FF, FF, FF, FF, FF, FF, FF, FF, FF, FF, FF, FF, FF, FF, FF, FF      ................
    5D20:    DB      FF, FF, FF, FF, FF, FF, FF, FF, FF, FF, FF, FF, FF, FF, FF, FF      ................
    5D30:    DB      FF, FF, FF, FF, FF, FF, FF, FF, FF, FF, FF, FF, FF, FF, FF, FF      ................
    5D40:    DB      FF, FF, FF, FF, FF, FF, FF, FF, FF, FF, FF, FF, FF, FF, FF, FF      ................
    5D50:    DB      FF, FF, FF, FF, FF, FF, FF, FF, FF, FF, FF, FF, FF, FF, FF, FF      ................
    5D60:    DB      FF, FF, FF, FF, FF, FF, FF, FF, FF, FF, FF, FF, FF, FF, FF, FF      ................
    5D70:    DB      FF, FF, FF, FF, FF, FF, FF, FF, FF, FF, FF, FF, FF, FF, FF, FF      ................
    5D80:    DB      FF, FF, FF, FF, FF, FF, FF, FF, FF, FF, FF, FF, FF, FF, FF, FF      ................
    5D90:    DB      FF, FF, FF, FF, FF, FF, FF, FF, FF, FF, FF, FF, FF, FF, FF, FF      ................
    5DA0:    DB      FF, FF, FF, FF, FF, FF, FF, FF, FF, FF, FF, FF, FF, FF, FF, FF      ................
    5DB0:    DB      FF, FF, FF, FF, FF, FF, FF, FF, FF, FF, FF, FF, FF, FF, FF, FF      ................
    5DC0:    DB      FF, FF, FF, FF, FF, FF, FF, FF, FF, FF, FF, FF, FF, FF, FF, FF      ................
    5DD0:    DB      FF, FF, FF, FF, FF, FF, FF, FF, FF, FF, FF, FF, FF, FF, FF, FF      ................
    5DE0:    DB      FF, FF, FF, FF, FF, FF, FF, FF, FF, FF, FF, FF, FF, FF, FF, FF      ................
    5DF0:    DB      FF, FF, FF, FF, FF, FF, FF, FF, FF, FF, FF, FF, FF, FF, FF, FF      ................
    5E00:    DB      FF, FF, FF, FF, FF, FF, FF, FF, FF, FF, FF, FF, FF, FF, FF, FF      ................
    5E10:    DB      FF, FF, FF, FF, FF, FF, FF, FF, FF, FF, FF, FF, FF, FF, FF, FF      ................
    5E20:    DB      FF, FF, FF, FF, FF, FF, FF, FF, FF, FF, FF, FF, FF, FF, FF, FF      ................
    5E30:    DB      FF, FF, FF, FF, FF, FF, FF, FF, FF, FF, FF, FF, FF, FF, FF, FF      ................
    5E40:    DB      FF, FF, FF, FF, FF, FF, FF, FF, FF, FF, FF, FF, FF, FF, FF, FF      ................
    5E50:    DB      FF, FF, FF, FF, FF, FF, FF, FF, FF, FF, FF, FF, FF, FF, FF, FF      ................
    5E60:    DB      FF, FF, FF, FF, FF, FF, FF, FF, FF, FF, FF, FF, FF, FF, FF, FF      ................
    5E70:    DB      FF, FF, FF, FF, FF, FF, FF, FF, FF, FF, FF, FF, FF, FF, FF, FF      ................
    5E80:    DB      FF, FF, FF, FF, FF, FF, FF, FF, FF, FF, FF, FF, FF, FF, FF, FF      ................
    5E90:    DB      FF, FF, FF, FF, FF, FF, FF, FF, FF, FF, FF, FF, FF, FF, FF, FF      ................
    5EA0:    DB      FF, FF, FF, FF, FF, FF, FF, FF, FF, FF, FF, FF, FF, FF, FF, FF      ................
    5EB0:    DB      FF, FF, FF, FF, FF, FF, FF, FF, FF, FF, FF, FF, FF, FF, FF, FF      ................
    5EC0:    DB      FF, FF, FF, FF, FF, FF, FF, FF, FF, FF, FF, FF, FF, FF, FF, FF      ................
    5ED0:    DB      FF, FF, FF, FF, FF, FF, FF, FF, FF, FF, FF, FF, FF, FF, FF, FF      ................
    5EE0:    DB      FF, FF, FF, FF, FF, FF, FF, FF, FF, FF, FF, FF, FF, FF, FF, FF      ................
    5EF0:    DB      FF, FF, FF, FF, FF, FF, FF, FF, FF, FF, FF, FF, FF, FF, FF, FF      ................
    5F00:    DB      FF, FF, FF, FF, FF, FF, FF, FF, FF, FF, FF, FF, FF, FF, FF, FF      ................
    5F10:    DB      FF, FF, FF, FF, FF, FF, FF, FF, FF, FF, FF, FF, FF, FF, FF, FF      ................
    5F20:    DB      FF, FF, FF, FF, FF, FF, FF, FF, FF, FF, FF, FF, FF, FF, FF, FF      ................
    5F30:    DB      FF, FF, FF, FF, FF, FF, FF, FF, FF, FF, FF, FF, FF, FF, FF, FF      ................
    5F40:    DB      FF, FF, FF, FF, FF, FF, FF, FF, FF, FF, FF, FF, FF, FF, FF, FF      ................
    5F50:    DB      FF, FF, FF, FF, FF, FF, FF, FF, FF, FF, FF, FF, FF, FF, FF, FF      ................
    5F60:    DB      FF, FF, FF, FF, FF, FF, FF, FF, FF, FF, FF, FF, FF, FF, FF, FF      ................
    5F70:    DB      FF, FF, FF, FF, FF, FF, FF, FF, FF, FF, FF, FF, FF, FF, FF, FF      ................
    5F80:    DB      FF, FF, FF, FF, FF, FF, FF, FF, FF, FF, FF, FF, FF, FF, FF, FF      ................
    5F90:    DB      FF, FF, FF, FF, FF, FF, FF, FF, FF, FF, FF, FF, FF, FF, FF, FF      ................
    5FA0:    DB      FF, FF, FF, FF, FF, FF, FF, FF, FF, FF, FF, FF, FF, FF, FF, FF      ................
    5FB0:    DB      FF, FF, FF, FF, FF, FF, FF, FF, FF, FF, FF, FF, FF, FF, FF, FF      ................
    5FC0:    DB      FF, FF, FF, FF, FF, FF, FF, FF, FF, FF, FF, FF, FF, FF, FF, FF      ................
    5FD0:    DB      FF, FF, FF, FF, FF, FF, FF, FF, FF, FF, FF, FF, FF, FF, FF, FF      ................
    5FE0:    DB      FF, FF, FF, FF, FF, FF, FF, FF, FF, FF, FF, FF, FF, FF, FF, FF      ................
    5FF0:    DB      FF, FF, FF, FF, FF, FF, FF, FF, FF, FF, FF, FF, FF, FF, FF, FF      ................
    6000:    DB      FF, FF, FF, FF, FF, FF, FF, FF, FF, FF, FF, FF, FF, FF, FF, FF      ................
    6010:    DB      FF, FF, FF, FF, FF, FF, FF, FF, FF, FF, FF, FF, FF, FF, FF, FF      ................
    6020:    DB      FF, FF, FF, FF, FF, FF, FF, FF, FF, FF, FF, FF, FF, FF, FF, FF      ................
    6030:    DB      FF, FF, FF, FF, FF, FF, FF, FF, FF, FF, FF, FF, FF, FF, FF, FF      ................
    6040:    DB      FF, FF, FF, FF, FF, FF, FF, FF, FF, FF, FF, FF, FF, FF, FF, FF      ................
    6050:    DB      FF, FF, FF, FF, FF, FF, FF, FF, FF, FF, FF, FF, FF, FF, FF, FF      ................
    6060:    DB      FF, FF, FF, FF, FF, FF, FF, FF, FF, FF, FF, FF, FF, FF, FF, FF      ................
    6070:    DB      FF, FF, FF, FF, FF, FF, FF, FF, FF, FF, FF, FF, FF, FF, FF, FF      ................
    6080:    DB      FF, FF, FF, FF, FF, FF, FF, FF, FF, FF, FF, FF, FF, FF, FF, FF      ................
    6090:    DB      FF, FF, FF, FF, FF, FF, FF, FF, FF, FF, FF, FF, FF, FF, FF, FF      ................
    60A0:    DB      FF, FF, FF, FF, FF, FF, FF, FF, FF, FF, FF, FF, FF, FF, FF, FF      ................
    60B0:    DB      FF, FF, FF, FF, FF, FF, FF, FF, FF, FF, FF, FF, FF, FF, FF, FF      ................
    60C0:    DB      FF, FF, FF, FF, FF, FF, FF, FF, FF, FF, FF, FF, FF, FF, FF, FF      ................
    60D0:    DB      FF, FF, FF, FF, FF, FF, FF, FF, FF, FF, FF, FF, FF, FF, FF, FF      ................
    60E0:    DB      FF, FF, FF, FF, FF, FF, FF, FF, FF, FF, FF, FF, FF, FF, FF, FF      ................
    60F0:    DB      FF, FF, FF, FF, FF, FF, FF, FF, FF, FF, FF, FF, FF, FF, FF, FF      ................
    6100:    DB      FF, FF, FF, FF, FF, FF, FF, FF, FF, FF, FF, FF, FF, FF, FF, FF      ................
    6110:    DB      FF, FF, FF, FF, FF, FF, FF, FF, FF, FF, FF, FF, FF, FF, FF, FF      ................
    6120:    DB      FF, FF, FF, FF, FF, FF, FF, FF, FF, FF, FF, FF, FF, FF, FF, FF      ................
    6130:    DB      FF, FF, FF, FF, FF, FF, FF, FF, FF, FF, FF, FF, FF, FF, FF, FF      ................
    6140:    DB      FF, FF, FF, FF, FF, FF, FF, FF, FF, FF, FF, FF, FF, FF, FF, FF      ................
    6150:    DB      FF, FF, FF, FF, FF, FF, FF, FF, FF, FF, FF, FF, FF, FF, FF, FF      ................
    6160:    DB      FF, FF, FF, FF, FF, FF, FF, FF, FF, FF, FF, FF, FF, FF, FF, FF      ................
    6170:    DB      FF, FF, FF, FF, FF, FF, FF, FF, FF, FF, FF, FF, FF, FF, FF, FF      ................
    6180:    DB      FF, FF, FF, FF, FF, FF, FF, FF, FF, FF, FF, FF, FF, FF, FF, FF      ................
    6190:    DB      FF, FF, FF, FF, FF, FF, FF, FF, FF, FF, FF, FF, FF, FF, FF, FF      ................
    61A0:    DB      FF, FF, FF, FF, FF, FF, FF, FF, FF, FF, FF, FF, FF, FF, FF, FF      ................
    61B0:    DB      FF, FF, FF, FF, FF, FF, FF, FF, FF, FF, FF, FF, FF, FF, FF, FF      ................
    61C0:    DB      FF, FF, FF, FF, FF, FF, FF, FF, FF, FF, FF, FF, FF, FF, FF, FF      ................
    61D0:    DB      FF, FF, FF, FF, FF, FF, FF, FF, FF, FF, FF, FF, FF, FF, FF, FF      ................
    61E0:    DB      FF, FF, FF, FF, FF, FF, FF, FF, FF, FF, FF, FF, FF, FF, FF, FF      ................
    61F0:    DB      FF, FF, FF, FF, FF, FF, FF, FF, FF, FF, FF, FF, FF, FF, FF, FF      ................
    6200:    DB      FF, FF, FF, FF, FF, FF, FF, FF, FF, FF, FF, FF, FF, FF, FF, FF      ................
    6210:    DB      FF, FF, FF, FF, FF, FF, FF, FF, FF, FF, FF, FF, FF, FF, FF, FF      ................
    6220:    DB      FF, FF, FF, FF, FF, FF, FF, FF, FF, FF, FF, FF, FF, FF, FF, FF      ................
    6230:    DB      FF, FF, FF, FF, FF, FF, FF, FF, FF, FF, FF, FF, FF, FF, FF, FF      ................
    6240:    DB      FF, FF, FF, FF, FF, FF, FF, FF, FF, FF, FF, FF, FF, FF, FF, FF      ................
    6250:    DB      FF, FF, FF, FF, FF, FF, FF, FF, FF, FF, FF, FF, FF, FF, FF, FF      ................
    6260:    DB      FF, FF, FF, FF, FF, FF, FF, FF, FF, FF, FF, FF, FF, FF, FF, FF      ................
    6270:    DB      FF, FF, FF, FF, FF, FF, FF, FF, FF, FF, FF, FF, FF, FF, FF, FF      ................
    6280:    DB      FF, FF, FF, FF, FF, FF, FF, FF, FF, FF, FF, FF, FF, FF, FF, FF      ................
    6290:    DB      FF, FF, FF, FF, FF, FF, FF, FF, FF, FF, FF, FF, FF, FF, FF, FF      ................
    62A0:    DB      FF, FF, FF, FF, FF, FF, FF, FF, FF, FF, FF, FF, FF, FF, FF, FF      ................
    62B0:    DB      FF, FF, FF, FF, FF, FF, FF, FF, FF, FF, FF, FF, FF, FF, FF, FF      ................
    62C0:    DB      FF, FF, FF, FF, FF, FF, FF, FF, FF, FF, FF, FF, FF, FF, FF, FF      ................
    62D0:    DB      FF, FF, FF, FF, FF, FF, FF, FF, FF, FF, FF, FF, FF, FF, FF, FF      ................
    62E0:    DB      FF, FF, FF, FF, FF, FF, FF, FF, FF, FF, FF, FF, FF, FF, FF, FF      ................
    62F0:    DB      FF, FF, FF, FF, FF, FF, FF, FF, FF, FF, FF, FF, FF, FF, FF, FF      ................
    6300:    DB      FF, FF, FF, FF, FF, FF, FF, FF, FF, FF, FF, FF, FF, FF, FF, FF      ................
    6310:    DB      FF, FF, FF, FF, FF, FF, FF, FF, FF, FF, FF, FF, FF, FF, FF, FF      ................
    6320:    DB      FF, FF, FF, FF, FF, FF, FF, FF, FF, FF, FF, FF, FF, FF, FF, FF      ................
    6330:    DB      FF, FF, FF, FF, FF, FF, FF, FF, FF, FF, FF, FF, FF, FF, FF, FF      ................
    6340:    DB      FF, FF, FF, FF, FF, FF, FF, FF, FF, FF, FF, FF, FF, FF, FF, FF      ................
    6350:    DB      FF, FF, FF, FF, FF, FF, FF, FF, FF, FF, FF, FF, FF, FF, FF, FF      ................
    6360:    DB      FF, FF, FF, FF, FF, FF, FF, FF, FF, FF, FF, FF, FF, FF, FF, FF      ................
    6370:    DB      FF, FF, FF, FF, FF, FF, FF, FF, FF, FF, FF, FF, FF, FF, FF, FF      ................
    6380:    DB      FF, FF, FF, FF, FF, FF, FF, FF, FF, FF, FF, FF, FF, FF, FF, FF      ................
    6390:    DB      FF, FF, FF, FF, FF, FF, FF, FF, FF, FF, FF, FF, FF, FF, FF, FF      ................
    63A0:    DB      FF, FF, FF, FF, FF, FF, FF, FF, FF, FF, FF, FF, FF, FF, FF, FF      ................
    63B0:    DB      FF, FF, FF, FF, FF, FF, FF, FF, FF, FF, FF, FF, FF, FF, FF, FF      ................
    63C0:    DB      FF, FF, FF, FF, FF, FF, FF, FF, FF, FF, FF, FF, FF, FF, FF, FF      ................
    63D0:    DB      FF, FF, FF, FF, FF, FF, FF, FF, FF, FF, FF, FF, FF, FF, FF, FF      ................
    63E0:    DB      FF, FF, FF, FF, FF, FF, FF, FF, FF, FF, FF, FF, FF, FF, FF, FF      ................
    63F0:    DB      FF, FF, FF, FF, FF, FF, FF, FF, FF, FF, FF, FF, FF, FF, FF, FF      ................
    6400:    DB      FF, FF, FF, FF, FF, FF, FF, FF, FF, FF, FF, FF, FF, FF, FF, FF      ................
    6410:    DB      FF, FF, FF, FF, FF, FF, FF, FF, FF, FF, FF, FF, FF, FF, FF, FF      ................
    6420:    DB      FF, FF, FF, FF, FF, FF, FF, FF, FF, FF, FF, FF, FF, FF, FF, FF      ................
    6430:    DB      FF, FF, FF, FF, FF, FF, FF, FF, FF, FF, FF, FF, FF, FF, FF, FF      ................
    6440:    DB      FF, FF, FF, FF, FF, FF, FF, FF, FF, FF, FF, FF, FF, FF, FF, FF      ................
    6450:    DB      FF, FF, FF, FF, FF, FF, FF, FF, FF, FF, FF, FF, FF, FF, FF, FF      ................
    6460:    DB      FF, FF, FF, FF, FF, FF, FF, FF, FF, FF, FF, FF, FF, FF, FF, FF      ................
    6470:    DB      FF, FF, FF, FF, FF, FF, FF, FF, FF, FF, FF, FF, FF, FF, FF, FF      ................
    6480:    DB      FF, FF, FF, FF, FF, FF, FF, FF, FF, FF, FF, FF, FF, FF, FF, FF      ................
    6490:    DB      FF, FF, FF, FF, FF, FF, FF, FF, FF, FF, FF, FF, FF, FF, FF, FF      ................
    64A0:    DB      FF, FF, FF, FF, FF, FF, FF, FF, FF, FF, FF, FF, FF, FF, FF, FF      ................
    64B0:    DB      FF, FF, FF, FF, FF, FF, FF, FF, FF, FF, FF, FF, FF, FF, FF, FF      ................
    64C0:    DB      FF, FF, FF, FF, FF, FF, FF, FF, FF, FF, FF, FF, FF, FF, FF, FF      ................
    64D0:    DB      FF, FF, FF, FF, FF, FF, FF, FF, FF, FF, FF, FF, FF, FF, FF, FF      ................
    64E0:    DB      FF, FF, FF, FF, FF, FF, FF, FF, FF, FF, FF, FF, FF, FF, FF, FF      ................
    64F0:    DB      FF, FF, FF, FF, FF, FF, FF, FF, FF, FF, FF, FF, FF, FF, FF, FF      ................
    6500:    DB      FF, FF, FF, FF, FF, FF, FF, FF, FF, FF, FF, FF, FF, FF, FF, FF      ................
    6510:    DB      FF, FF, FF, FF, FF, FF, FF, FF, FF, FF, FF, FF, FF, FF, FF, FF      ................
    6520:    DB      FF, FF, FF, FF, FF, FF, FF, FF, FF, FF, FF, FF, FF, FF, FF, FF      ................
    6530:    DB      FF, FF, FF, FF, FF, FF, FF, FF, FF, FF, FF, FF, FF, FF, FF, FF      ................
    6540:    DB      FF, FF, FF, FF, FF, FF, FF, FF, FF, FF, FF, FF, FF, FF, FF, FF      ................
    6550:    DB      FF, FF, FF, FF, FF, FF, FF, FF, FF, FF, FF, FF, FF, FF, FF, FF      ................
    6560:    DB      FF, FF, FF, FF, FF, FF, FF, FF, FF, FF, FF, FF, FF, FF, FF, FF      ................
    6570:    DB      FF, FF, FF, FF, FF, FF, FF, FF, FF, FF, FF, FF, FF, FF, FF, FF      ................
    6580:    DB      FF, FF, FF, FF, FF, FF, FF, FF, FF, FF, FF, FF, FF, FF, FF, FF      ................
    6590:    DB      FF, FF, FF, FF, FF, FF, FF, FF, FF, FF, FF, FF, FF, FF, FF, FF      ................
    65A0:    DB      FF, FF, FF, FF, FF, FF, FF, FF, FF, FF, FF, FF, FF, FF, FF, FF      ................
    65B0:    DB      FF, FF, FF, FF, FF, FF, FF, FF, FF, FF, FF, FF, FF, FF, FF, FF      ................
    65C0:    DB      FF, FF, FF, FF, FF, FF, FF, FF, FF, FF, FF, FF, FF, FF, FF, FF      ................
    65D0:    DB      FF, FF, FF, FF, FF, FF, FF, FF, FF, FF, FF, FF, FF, FF, FF, FF      ................
    65E0:    DB      FF, FF, FF, FF, FF, FF, FF, FF, FF, FF, FF, FF, FF, FF, FF, FF      ................
    65F0:    DB      FF, FF, FF, FF, FF, FF, FF, FF, FF, FF, FF, FF, FF, FF, FF, FF      ................
    6600:    DB      FF, FF, FF, FF, FF, FF, FF, FF, FF, FF, FF, FF, FF, FF, FF, FF      ................
    6610:    DB      FF, FF, FF, FF, FF, FF, FF, FF, FF, FF, FF, FF, FF, FF, FF, FF      ................
    6620:    DB      FF, FF, FF, FF, FF, FF, FF, FF, FF, FF, FF, FF, FF, FF, FF, FF      ................
    6630:    DB      FF, FF, FF, FF, FF, FF, FF, FF, FF, FF, FF, FF, FF, FF, FF, FF      ................
    6640:    DB      FF, FF, FF, FF, FF, FF, FF, FF, FF, FF, FF, FF, FF, FF, FF, FF      ................
    6650:    DB      FF, FF, FF, FF, FF, FF, FF, FF, FF, FF, FF, FF, FF, FF, FF, FF      ................
    6660:    DB      FF, FF, FF, FF, FF, FF, FF, FF, FF, FF, FF, FF, FF, FF, FF, FF      ................
    6670:    DB      FF, FF, FF, FF, FF, FF, FF, FF, FF, FF, FF, FF, FF, FF, FF, FF      ................
    6680:    DB      FF, FF, FF, FF, FF, FF, FF, FF, FF, FF, FF, FF, FF, FF, FF, FF      ................
    6690:    DB      FF, FF, FF, FF, FF, FF, FF, FF, FF, FF, FF, FF, FF, FF, FF, FF      ................
    66A0:    DB      FF, FF, FF, FF, FF, FF, FF, FF, FF, FF, FF, FF, FF, FF, FF, FF      ................
    66B0:    DB      FF, FF, FF, FF, FF, FF, FF, FF, FF, FF, FF, FF, FF, FF, FF, FF      ................
    66C0:    DB      FF, FF, FF, FF, FF, FF, FF, FF, FF, FF, FF, FF, FF, FF, FF, FF      ................
    66D0:    DB      FF, FF, FF, FF, FF, FF, FF, FF, FF, FF, FF, FF, FF, FF, FF, FF      ................
    66E0:    DB      FF, FF, FF, FF, FF, FF, FF, FF, FF, FF, FF, FF, FF, FF, FF, FF      ................
    66F0:    DB      FF, FF, FF, FF, FF, FF, FF, FF, FF, FF, FF, FF, FF, FF, FF, FF      ................
    6700:    DB      FF, FF, FF, FF, FF, FF, FF, FF, FF, FF, FF, FF, FF, FF, FF, FF      ................
    6710:    DB      FF, FF, FF, FF, FF, FF, FF, FF, FF, FF, FF, FF, FF, FF, FF, FF      ................
    6720:    DB      FF, FF, FF, FF, FF, FF, FF, FF, FF, FF, FF, FF, FF, FF, FF, FF      ................
    6730:    DB      FF, FF, FF, FF, FF, FF, FF, FF, FF, FF, FF, FF, FF, FF, FF, FF      ................
    6740:    DB      FF, FF, FF, FF, FF, FF, FF, FF, FF, FF, FF, FF, FF, FF, FF, FF      ................
    6750:    DB      FF, FF, FF, FF, FF, FF, FF, FF, FF, FF, FF, FF, FF, FF, FF, FF      ................
    6760:    DB      FF, FF, FF, FF, FF, FF, FF, FF, FF, FF, FF, FF, FF, FF, FF, FF      ................
    6770:    DB      FF, FF, FF, FF, FF, FF, FF, FF, FF, FF, FF, FF, FF, FF, FF, FF      ................
    6780:    DB      FF, FF, FF, FF, FF, FF, FF, FF, FF, FF, FF, FF, FF, FF, FF, FF      ................
    6790:    DB      FF, FF, FF, FF, FF, FF, FF, FF, FF, FF, FF, FF, FF, FF, FF, FF      ................
    67A0:    DB      FF, FF, FF, FF, FF, FF, FF, FF, FF, FF, FF, FF, FF, FF, FF, FF      ................
    67B0:    DB      FF, FF, FF, FF, FF, FF, FF, FF, FF, FF, FF, FF, FF, FF, FF, FF      ................
    67C0:    DB      FF, FF, FF, FF, FF, FF, FF, FF, FF, FF, FF, FF, FF, FF, FF, FF      ................
    67D0:    DB      FF, FF, FF, FF, FF, FF, FF, FF, FF, FF, FF, FF, FF, FF, FF, FF      ................
    67E0:    DB      FF, FF, FF, FF, FF, FF, FF, FF, FF, FF, FF, FF, FF, FF, FF, FF      ................
    67F0:    DB      FF, FF, FF, FF, FF, FF, FF, FF, FF, FF, FF, FF, FF, FF, FF, FF      ................
    6800:    DB      FF, FF, FF, FF, FF, FF, FF, FF, FF, FF, FF, FF, FF, FF, FF, FF      ................
    6810:    DB      FF, FF, FF, FF, FF, FF, FF, FF, FF, FF, FF, FF, FF, FF, FF, FF      ................
    6820:    DB      FF, FF, FF, FF, FF, FF, FF, FF, FF, FF, FF, FF, FF, FF, FF, FF      ................
    6830:    DB      FF, FF, FF, FF, FF, FF, FF, FF, FF, FF, FF, FF, FF, FF, FF, FF      ................
    6840:    DB      FF, FF, FF, FF, FF, FF, FF, FF, FF, FF, FF, FF, FF, FF, FF, FF      ................
    6850:    DB      FF, FF, FF, FF, FF, FF, FF, FF, FF, FF, FF, FF, FF, FF, FF, FF      ................
    6860:    DB      FF, FF, FF, FF, FF, FF, FF, FF, FF, FF, FF, FF, FF, FF, FF, FF      ................
    6870:    DB      FF, FF, FF, FF, FF, FF, FF, FF, FF, FF, FF, FF, FF, FF, FF, FF      ................
    6880:    DB      FF, FF, FF, FF, FF, FF, FF, FF, FF, FF, FF, FF, FF, FF, FF, FF      ................
    6890:    DB      FF, FF, FF, FF, FF, FF, FF, FF, FF, FF, FF, FF, FF, FF, FF, FF      ................
    68A0:    DB      FF, FF, FF, FF, FF, FF, FF, FF, FF, FF, FF, FF, FF, FF, FF, FF      ................
    68B0:    DB      FF, FF, FF, FF, FF, FF, FF, FF, FF, FF, FF, FF, FF, FF, FF, FF      ................
    68C0:    DB      FF, FF, FF, FF, FF, FF, FF, FF, FF, FF, FF, FF, FF, FF, FF, FF      ................
    68D0:    DB      FF, FF, FF, FF, FF, FF, FF, FF, FF, FF, FF, FF, FF, FF, FF, FF      ................
    68E0:    DB      FF, FF, FF, FF, FF, FF, FF, FF, FF, FF, FF, FF, FF, FF, FF, FF      ................
    68F0:    DB      FF, FF, FF, FF, FF, FF, FF, FF, FF, FF, FF, FF, FF, FF, FF, FF      ................
    6900:    DB      FF, FF, FF, FF, FF, FF, FF, FF, FF, FF, FF, FF, FF, FF, FF, FF      ................
    6910:    DB      FF, FF, FF, FF, FF, FF, FF, FF, FF, FF, FF, FF, FF, FF, FF, FF      ................
    6920:    DB      FF, FF, FF, FF, FF, FF, FF, FF, FF, FF, FF, FF, FF, FF, FF, FF      ................
    6930:    DB      FF, FF, FF, FF, FF, FF, FF, FF, FF, FF, FF, FF, FF, FF, FF, FF      ................
    6940:    DB      FF, FF, FF, FF, FF, FF, FF, FF, FF, FF, FF, FF, FF, FF, FF, FF      ................
    6950:    DB      FF, FF, FF, FF, FF, FF, FF, FF, FF, FF, FF, FF, FF, FF, FF, FF      ................
    6960:    DB      FF, FF, FF, FF, FF, FF, FF, FF, FF, FF, FF, FF, FF, FF, FF, FF      ................
    6970:    DB      FF, FF, FF, FF, FF, FF, FF, FF, FF, FF, FF, FF, FF, FF, FF, FF      ................
    6980:    DB      FF, FF, FF, FF, FF, FF, FF, FF, FF, FF, FF, FF, FF, FF, FF, FF      ................
    6990:    DB      FF, FF, FF, FF, FF, FF, FF, FF, FF, FF, FF, FF, FF, FF, FF, FF      ................
    69A0:    DB      FF, FF, FF, FF, FF, FF, FF, FF, FF, FF, FF, FF, FF, FF, FF, FF      ................
    69B0:    DB      FF, FF, FF, FF, FF, FF, FF, FF, FF, FF, FF, FF, FF, FF, FF, FF      ................
    69C0:    DB      FF, FF, FF, FF, FF, FF, FF, FF, FF, FF, FF, FF, FF, FF, FF, FF      ................
    69D0:    DB      FF, FF, FF, FF, FF, FF, FF, FF, FF, FF, FF, FF, FF, FF, FF, FF      ................
    69E0:    DB      FF, FF, FF, FF, FF, FF, FF, FF, FF, FF, FF, FF, FF, FF, FF, FF      ................
    69F0:    DB      FF, FF, FF, FF, FF, FF, FF, FF, FF, FF, FF, FF, FF, FF, FF, FF      ................
    6A00:    DB      FF, FF, FF, FF, FF, FF, FF, FF, FF, FF, FF, FF, FF, FF, FF, FF      ................
    6A10:    DB      FF, FF, FF, FF, FF, FF, FF, FF, FF, FF, FF, FF, FF, FF, FF, FF      ................
    6A20:    DB      FF, FF, FF, FF, FF, FF, FF, FF, FF, FF, FF, FF, FF, FF, FF, FF      ................
    6A30:    DB      FF, FF, FF, FF, FF, FF, FF, FF, FF, FF, FF, FF, FF, FF, FF, FF      ................
    6A40:    DB      FF, FF, FF, FF, FF, FF, FF, FF, FF, FF, FF, FF, FF, FF, FF, FF      ................
    6A50:    DB      FF, FF, FF, FF, FF, FF, FF, FF, FF, FF, FF, FF, FF, FF, FF, FF      ................
    6A60:    DB      FF, FF, FF, FF, FF, FF, FF, FF, FF, FF, FF, FF, FF, FF, FF, FF      ................
    6A70:    DB      FF, FF, FF, FF, FF, FF, FF, FF, FF, FF, FF, FF, FF, FF, FF, FF      ................
    6A80:    DB      FF, FF, FF, FF, FF, FF, FF, FF, FF, FF, FF, FF, FF, FF, FF, FF      ................
    6A90:    DB      FF, FF, FF, FF, FF, FF, FF, FF, FF, FF, FF, FF, FF, FF, FF, FF      ................
    6AA0:    DB      FF, FF, FF, FF, FF, FF, FF, FF, FF, FF, FF, FF, FF, FF, FF, FF      ................
    6AB0:    DB      FF, FF, FF, FF, FF, FF, FF, FF, FF, FF, FF, FF, FF, FF, FF, FF      ................
    6AC0:    DB      FF, FF, FF, FF, FF, FF, FF, FF, FF, FF, FF, FF, FF, FF, FF, FF      ................
    6AD0:    DB      FF, FF, FF, FF, FF, FF, FF, FF, FF, FF, FF, FF, FF, FF, FF, FF      ................
    6AE0:    DB      FF, FF, FF, FF, FF, FF, FF, FF, FF, FF, FF, FF, FF, FF, FF, FF      ................
    6AF0:    DB      FF, FF, FF, FF, FF, FF, FF, FF, FF, FF, FF, FF, FF, FF, FF, FF      ................
    6B00:    DB      FF, FF, FF, FF, FF, FF, FF, FF, FF, FF, FF, FF, FF, FF, FF, FF      ................
    6B10:    DB      FF, FF, FF, FF, FF, FF, FF, FF, FF, FF, FF, FF, FF, FF, FF, FF      ................
    6B20:    DB      FF, FF, FF, FF, FF, FF, FF, FF, FF, FF, FF, FF, FF, FF, FF, FF      ................
    6B30:    DB      FF, FF, FF, FF, FF, FF, FF, FF, FF, FF, FF, FF, FF, FF, FF, FF      ................
    6B40:    DB      FF, FF, FF, FF, FF, FF, FF, FF, FF, FF, FF, FF, FF, FF, FF, FF      ................
    6B50:    DB      FF, FF, FF, FF, FF, FF, FF, FF, FF, FF, FF, FF, FF, FF, FF, FF      ................
    6B60:    DB      FF, FF, FF, FF, FF, FF, FF, FF, FF, FF, FF, FF, FF, FF, FF, FF      ................
    6B70:    DB      FF, FF, FF, FF, FF, FF, FF, FF, FF, FF, FF, FF, FF, FF, FF, FF      ................
    6B80:    DB      FF, FF, FF, FF, FF, FF, FF, FF, FF, FF, FF, FF, FF, FF, FF, FF      ................
    6B90:    DB      FF, FF, FF, FF, FF, FF, FF, FF, FF, FF, FF, FF, FF, FF, FF, FF      ................
    6BA0:    DB      FF, FF, FF, FF, FF, FF, FF, FF, FF, FF, FF, FF, FF, FF, FF, FF      ................
    6BB0:    DB      FF, FF, FF, FF, FF, FF, FF, FF, FF, FF, FF, FF, FF, FF, FF, FF      ................
    6BC0:    DB      FF, FF, FF, FF, FF, FF, FF, FF, FF, FF, FF, FF, FF, FF, FF, FF      ................
    6BD0:    DB      FF, FF, FF, FF, FF, FF, FF, FF, FF, FF, FF, FF, FF, FF, FF, FF      ................
    6BE0:    DB      FF, FF, FF, FF, FF, FF, FF, FF, FF, FF, FF, FF, FF, FF, FF, FF      ................
    6BF0:    DB      FF, FF, FF, FF, FF, FF, FF, FF, FF, FF, FF, FF, FF, FF, FF, FF      ................
    6C00:    DB      FF, FF, FF, FF, FF, FF, FF, FF, FF, FF, FF, FF, FF, FF, FF, FF      ................
    6C10:    DB      FF, FF, FF, FF, FF, FF, FF, FF, FF, FF, FF, FF, FF, FF, FF, FF      ................
    6C20:    DB      FF, FF, FF, FF, FF, FF, FF, FF, FF, FF, FF, FF, FF, FF, FF, FF      ................
    6C30:    DB      FF, FF, FF, FF, FF, FF, FF, FF, FF, FF, FF, FF, FF, FF, FF, FF      ................
    6C40:    DB      FF, FF, FF, FF, FF, FF, FF, FF, FF, FF, FF, FF, FF, FF, FF, FF      ................
    6C50:    DB      FF, FF, FF, FF, FF, FF, FF, FF, FF, FF, FF, FF, FF, FF, FF, FF      ................
    6C60:    DB      FF, FF, FF, FF, FF, FF, FF, FF, FF, FF, FF, FF, FF, FF, FF, FF      ................
    6C70:    DB      FF, FF, FF, FF, FF, FF, FF, FF, FF, FF, FF, FF, FF, FF, FF, FF      ................
    6C80:    DB      FF, FF, FF, FF, FF, FF, FF, FF, FF, FF, FF, FF, FF, FF, FF, FF      ................
    6C90:    DB      FF, FF, FF, FF, FF, FF, FF, FF, FF, FF, FF, FF, FF, FF, FF, FF      ................
    6CA0:    DB      FF, FF, FF, FF, FF, FF, FF, FF, FF, FF, FF, FF, FF, FF, FF, FF      ................
    6CB0:    DB      FF, FF, FF, FF, FF, FF, FF, FF, FF, FF, FF, FF, FF, FF, FF, FF      ................
    6CC0:    DB      FF, FF, FF, FF, FF, FF, FF, FF, FF, FF, FF, FF, FF, FF, FF, FF      ................
    6CD0:    DB      FF, FF, FF, FF, FF, FF, FF, FF, FF, FF, FF, FF, FF, FF, FF, FF      ................
    6CE0:    DB      FF, FF, FF, FF, FF, FF, FF, FF, FF, FF, FF, FF, FF, FF, FF, FF      ................
    6CF0:    DB      FF, FF, FF, FF, FF, FF, FF, FF, FF, FF, FF, FF, FF, FF, FF, FF      ................
    6D00:    DB      FF, FF, FF, FF, FF, FF, FF, FF, FF, FF, FF, FF, FF, FF, FF, FF      ................
    6D10:    DB      FF, FF, FF, FF, FF, FF, FF, FF, FF, FF, FF, FF, FF, FF, FF, FF      ................
    6D20:    DB      FF, FF, FF, FF, FF, FF, FF, FF, FF, FF, FF, FF, FF, FF, FF, FF      ................
    6D30:    DB      FF, FF, FF, FF, FF, FF, FF, FF, FF, FF, FF, FF, FF, FF, FF, FF      ................
    6D40:    DB      FF, FF, FF, FF, FF, FF, FF, FF, FF, FF, FF, FF, FF, FF, FF, FF      ................
    6D50:    DB      FF, FF, FF, FF, FF, FF, FF, FF, FF, FF, FF, FF, FF, FF, FF, FF      ................
    6D60:    DB      FF, FF, FF, FF, FF, FF, FF, FF, FF, FF, FF, FF, FF, FF, FF, FF      ................
    6D70:    DB      FF, FF, FF, FF, FF, FF, FF, FF, FF, FF, FF, FF, FF, FF, FF, FF      ................
    6D80:    DB      FF, FF, FF, FF, FF, FF, FF, FF, FF, FF, FF, FF, FF, FF, FF, FF      ................
    6D90:    DB      FF, FF, FF, FF, FF, FF, FF, FF, FF, FF, FF, FF, FF, FF, FF, FF      ................
    6DA0:    DB      FF, FF, FF, FF, FF, FF, FF, FF, FF, FF, FF, FF, FF, FF, FF, FF      ................
    6DB0:    DB      FF, FF, FF, FF, FF, FF, FF, FF, FF, FF, FF, FF, FF, FF, FF, FF      ................
    6DC0:    DB      FF, FF, FF, FF, FF, FF, FF, FF, FF, FF, FF, FF, FF, FF, FF, FF      ................
    6DD0:    DB      FF, FF, FF, FF, FF, FF, FF, FF, FF, FF, FF, FF, FF, FF, FF, FF      ................
    6DE0:    DB      FF, FF, FF, FF, FF, FF, FF, FF, FF, FF, FF, FF, FF, FF, FF, FF      ................
    6DF0:    DB      FF, FF, FF, FF, FF, FF, FF, FF, FF, FF, FF, FF, FF, FF, FF, FF      ................
    6E00:    DB      FF, FF, FF, FF, FF, FF, FF, FF, FF, FF, FF, FF, FF, FF, FF, FF      ................
    6E10:    DB      FF, FF, FF, FF, FF, FF, FF, FF, FF, FF, FF, FF, FF, FF, FF, FF      ................
    6E20:    DB      FF, FF, FF, FF, FF, FF, FF, FF, FF, FF, FF, FF, FF, FF, FF, FF      ................
    6E30:    DB      FF, FF, FF, FF, FF, FF, FF, FF, FF, FF, FF, FF, FF, FF, FF, FF      ................
    6E40:    DB      FF, FF, FF, FF, FF, FF, FF, FF, FF, FF, FF, FF, FF, FF, FF, FF      ................
    6E50:    DB      FF, FF, FF, FF, FF, FF, FF, FF, FF, FF, FF, FF, FF, FF, FF, FF      ................
    6E60:    DB      FF, FF, FF, FF, FF, FF, FF, FF, FF, FF, FF, FF, FF, FF, FF, FF      ................
    6E70:    DB      FF, FF, FF, FF, FF, FF, FF, FF, FF, FF, FF, FF, FF, FF, FF, FF      ................
    6E80:    DB      FF, FF, FF, FF, FF, FF, FF, FF, FF, FF, FF, FF, FF, FF, FF, FF      ................
    6E90:    DB      FF, FF, FF, FF, FF, FF, FF, FF, FF, FF, FF, FF, FF, FF, FF, FF      ................
    6EA0:    DB      FF, FF, FF, FF, FF, FF, FF, FF, FF, FF, FF, FF, FF, FF, FF, FF      ................
    6EB0:    DB      FF, FF, FF, FF, FF, FF, FF, FF, FF, FF, FF, FF, FF, FF, FF, FF      ................
    6EC0:    DB      FF, FF, FF, FF, FF, FF, FF, FF, FF, FF, FF, FF, FF, FF, FF, FF      ................
    6ED0:    DB      FF, FF, FF, FF, FF, FF, FF, FF, FF, FF, FF, FF, FF, FF, FF, FF      ................
    6EE0:    DB      FF, FF, FF, FF, FF, FF, FF, FF, FF, FF, FF, FF, FF, FF, FF, FF      ................
    6EF0:    DB      FF, FF, FF, FF, FF, FF, FF, FF, FF, FF, FF, FF, FF, FF, FF, FF      ................
    6F00:    DB      FF, FF, FF, FF, FF, FF, FF, FF, FF, FF, FF, FF, FF, FF, FF, FF      ................
    6F10:    DB      FF, FF, FF, FF, FF, FF, FF, FF, FF, FF, FF, FF, FF, FF, FF, FF      ................
    6F20:    DB      FF, FF, FF, FF, FF, FF, FF, FF, FF, FF, FF, FF, FF, FF, FF, FF      ................
    6F30:    DB      FF, FF, FF, FF, FF, FF, FF, FF, FF, FF, FF, FF, FF, FF, FF, FF      ................
    6F40:    DB      FF, FF, FF, FF, FF, FF, FF, FF, FF, FF, FF, FF, FF, FF, FF, FF      ................
    6F50:    DB      FF, FF, FF, FF, FF, FF, FF, FF, FF, FF, FF, FF, FF, FF, FF, FF      ................
    6F60:    DB      FF, FF, FF, FF, FF, FF, FF, FF, FF, FF, FF, FF, FF, FF, FF, FF      ................
    6F70:    DB      FF, FF, FF, FF, FF, FF, FF, FF, FF, FF, FF, FF, FF, FF, FF, FF      ................
    6F80:    DB      FF, FF, FF, FF, FF, FF, FF, FF, FF, FF, FF, FF, FF, FF, FF, FF      ................
    6F90:    DB      FF, FF, FF, FF, FF, FF, FF, FF, FF, FF, FF, FF, FF, FF, FF, FF      ................
    6FA0:    DB      FF, FF, FF, FF, FF, FF, FF, FF, FF, FF, FF, FF, FF, FF, FF, FF      ................
    6FB0:    DB      FF, FF, FF, FF, FF, FF, FF, FF, FF, FF, FF, FF, FF, FF, FF, FF      ................
    6FC0:    DB      FF, FF, FF, FF, FF, FF, FF, FF, FF, FF, FF, FF, FF, FF, FF, FF      ................
    6FD0:    DB      FF, FF, FF, FF, FF, FF, FF, FF, FF, FF, FF, FF, FF, FF, FF, FF      ................
    6FE0:    DB      FF, FF, FF, FF, FF, FF, FF, FF, FF, FF, FF, FF, FF, FF, FF, FF      ................
    6FF0:    DB      FF, FF, FF, FF, FF, FF, FF, FF, FF, FF, FF, FF, FF, FF, FF, FF      ................
    7000:    DB      FF, FF, FF, FF, FF, FF, FF, FF, FF, FF, FF, FF, FF, FF, FF, FF      ................
    7010:    DB      FF, FF, FF, FF, FF, FF, FF, FF, FF, FF, FF, FF, FF, FF, FF, FF      ................
    7020:    DB      FF, FF, FF, FF, FF, FF, FF, FF, FF, FF, FF, FF, FF, FF, FF, FF      ................
    7030:    DB      FF, FF, FF, FF, FF, FF, FF, FF, FF, FF, FF, FF, FF, FF, FF, FF      ................
    7040:    DB      FF, FF, FF, FF, FF, FF, FF, FF, FF, FF, FF, FF, FF, FF, FF, FF      ................
    7050:    DB      FF, FF, FF, FF, FF, FF, FF, FF, FF, FF, FF, FF, FF, FF, FF, FF      ................
    7060:    DB      FF, FF, FF, FF, FF, FF, FF, FF, FF, FF, FF, FF, FF, FF, FF, FF      ................
    7070:    DB      FF, FF, FF, FF, FF, FF, FF, FF, FF, FF, FF, FF, FF, FF, FF, FF      ................
    7080:    DB      FF, FF, FF, FF, FF, FF, FF, FF, FF, FF, FF, FF, FF, FF, FF, FF      ................
    7090:    DB      FF, FF, FF, FF, FF, FF, FF, FF, FF, FF, FF, FF, FF, FF, FF, FF      ................
    70A0:    DB      FF, FF, FF, FF, FF, FF, FF, FF, FF, FF, FF, FF, FF, FF, FF, FF      ................
    70B0:    DB      FF, FF, FF, FF, FF, FF, FF, FF, FF, FF, FF, FF, FF, FF, FF, FF      ................
    70C0:    DB      FF, FF, FF, FF, FF, FF, FF, FF, FF, FF, FF, FF, FF, FF, FF, FF      ................
    70D0:    DB      FF, FF, FF, FF, FF, FF, FF, FF, FF, FF, FF, FF, FF, FF, FF, FF      ................
    70E0:    DB      FF, FF, FF, FF, FF, FF, FF, FF, FF, FF, FF, FF, FF, FF, FF, FF      ................
    70F0:    DB      FF, FF, FF, FF, FF, FF, FF, FF, FF, FF, FF, FF, FF, FF, FF, FF      ................
    7100:    DB      FF, FF, FF, FF, FF, FF, FF, FF, FF, FF, FF, FF, FF, FF, FF, FF      ................
    7110:    DB      FF, FF, FF, FF, FF, FF, FF, FF, FF, FF, FF, FF, FF, FF, FF, FF      ................
    7120:    DB      FF, FF, FF, FF, FF, FF, FF, FF, FF, FF, FF, FF, FF, FF, FF, FF      ................
    7130:    DB      FF, FF, FF, FF, FF, FF, FF, FF, FF, FF, FF, FF, FF, FF, FF, FF      ................
    7140:    DB      FF, FF, FF, FF, FF, FF, FF, FF, FF, FF, FF, FF, FF, FF, FF, FF      ................
    7150:    DB      FF, FF, FF, FF, FF, FF, FF, FF, FF, FF, FF, FF, FF, FF, FF, FF      ................
    7160:    DB      FF, FF, FF, FF, FF, FF, FF, FF, FF, FF, FF, FF, FF, FF, FF, FF      ................
    7170:    DB      FF, FF, FF, FF, FF, FF, FF, FF, FF, FF, FF, FF, FF, FF, FF, FF      ................
    7180:    DB      FF, FF, FF, FF, FF, FF, FF, FF, FF, FF, FF, FF, FF, FF, FF, FF      ................
    7190:    DB      FF, FF, FF, FF, FF, FF, FF, FF, FF, FF, FF, FF, FF, FF, FF, FF      ................
    71A0:    DB      FF, FF, FF, FF, FF, FF, FF, FF, FF, FF, FF, FF, FF, FF, FF, FF      ................
    71B0:    DB      FF, FF, FF, FF, FF, FF, FF, FF, FF, FF, FF, FF, FF, FF, FF, FF      ................
    71C0:    DB      FF, FF, FF, FF, FF, FF, FF, FF, FF, FF, FF, FF, FF, FF, FF, FF      ................
    71D0:    DB      FF, FF, FF, FF, FF, FF, FF, FF, FF, FF, FF, FF, FF, FF, FF, FF      ................
    71E0:    DB      FF, FF, FF, FF, FF, FF, FF, FF, FF, FF, FF, FF, FF, FF, FF, FF      ................
    71F0:    DB      FF, FF, FF, FF, FF, FF, FF, FF, FF, FF, FF, FF, FF, FF, FF, FF      ................
    7200:    DB      FF, FF, FF, FF, FF, FF, FF, FF, FF, FF, FF, FF, FF, FF, FF, FF      ................
    7210:    DB      FF, FF, FF, FF, FF, FF, FF, FF, FF, FF, FF, FF, FF, FF, FF, FF      ................
    7220:    DB      FF, FF, FF, FF, FF, FF, FF, FF, FF, FF, FF, FF, FF, FF, FF, FF      ................
    7230:    DB      FF, FF, FF, FF, FF, FF, FF, FF, FF, FF, FF, FF, FF, FF, FF, FF      ................
    7240:    DB      FF, FF, FF, FF, FF, FF, FF, FF, FF, FF, FF, FF, FF, FF, FF, FF      ................
    7250:    DB      FF, FF, FF, FF, FF, FF, FF, FF, FF, FF, FF, FF, FF, FF, FF, FF      ................
    7260:    DB      FF, FF, FF, FF, FF, FF, FF, FF, FF, FF, FF, FF, FF, FF, FF, FF      ................
    7270:    DB      FF, FF, FF, FF, FF, FF, FF, FF, FF, FF, FF, FF, FF, FF, FF, FF      ................
    7280:    DB      FF, FF, FF, FF, FF, FF, FF, FF, FF, FF, FF, FF, FF, FF, FF, FF      ................
    7290:    DB      FF, FF, FF, FF, FF, FF, FF, FF, FF, FF, FF, FF, FF, FF, FF, FF      ................
    72A0:    DB      FF, FF, FF, FF, FF, FF, FF, FF, FF, FF, FF, FF, FF, FF, FF, FF      ................
    72B0:    DB      FF, FF, FF, FF, FF, FF, FF, FF, FF, FF, FF, FF, FF, FF, FF, FF      ................
    72C0:    DB      FF, FF, FF, FF, FF, FF, FF, FF, FF, FF, FF, FF, FF, FF, FF, FF      ................
    72D0:    DB      FF, FF, FF, FF, FF, FF, FF, FF, FF, FF, FF, FF, FF, FF, FF, FF      ................
    72E0:    DB      FF, FF, FF, FF, FF, FF, FF, FF, FF, FF, FF, FF, FF, FF, FF, FF      ................
    72F0:    DB      FF, FF, FF, FF, FF, FF, FF, FF, FF, FF, FF, FF, FF, FF, FF, FF      ................
    7300:    DB      FF, FF, FF, FF, FF, FF, FF, FF, FF, FF, FF, FF, FF, FF, FF, FF      ................
    7310:    DB      FF, FF, FF, FF, FF, FF, FF, FF, FF, FF, FF, FF, FF, FF, FF, FF      ................
    7320:    DB      FF, FF, FF, FF, FF, FF, FF, FF, FF, FF, FF, FF, FF, FF, FF, FF      ................
    7330:    DB      FF, FF, FF, FF, FF, FF, FF, FF, FF, FF, FF, FF, FF, FF, FF, FF      ................
    7340:    DB      FF, FF, FF, FF, FF, FF, FF, FF, FF, FF, FF, FF, FF, FF, FF, FF      ................
    7350:    DB      FF, FF, FF, FF, FF, FF, FF, FF, FF, FF, FF, FF, FF, FF, FF, FF      ................
    7360:    DB      FF, FF, FF, FF, FF, FF, FF, FF, FF, FF, FF, FF, FF, FF, FF, FF      ................
    7370:    DB      FF, FF, FF, FF, FF, FF, FF, FF, FF, FF, FF, FF, FF, FF, FF, FF      ................
    7380:    DB      FF, FF, FF, FF, FF, FF, FF, FF, FF, FF, FF, FF, FF, FF, FF, FF      ................
    7390:    DB      FF, FF, FF, FF, FF, FF, FF, FF, FF, FF, FF, FF, FF, FF, FF, FF      ................
    73A0:    DB      FF, FF, FF, FF, FF, FF, FF, FF, FF, FF, FF, FF, FF, FF, FF, FF      ................
    73B0:    DB      FF, FF, FF, FF, FF, FF, FF, FF, FF, FF, FF, FF, FF, FF, FF, FF      ................
    73C0:    DB      FF, FF, FF, FF, FF, FF, FF, FF, FF, FF, FF, FF, FF, FF, FF, FF      ................
    73D0:    DB      FF, FF, FF, FF, FF, FF, FF, FF, FF, FF, FF, FF, FF, FF, FF, FF      ................
    73E0:    DB      FF, FF, FF, FF, FF, FF, FF, FF, FF, FF, FF, FF, FF, FF, FF, FF      ................
    73F0:    DB      FF, FF, FF, FF, FF, FF, FF, FF, FF, FF, FF, FF, FF, FF, FF, FF      ................
    7400:    DB      FF, FF, FF, FF, FF, FF, FF, FF, FF, FF, FF, FF, FF, FF, FF, FF      ................
    7410:    DB      FF, FF, FF, FF, FF, FF, FF, FF, FF, FF, FF, FF, FF, FF, FF, FF      ................
    7420:    DB      FF, FF, FF, FF, FF, FF, FF, FF, FF, FF, FF, FF, FF, FF, FF, FF      ................
    7430:    DB      FF, FF, FF, FF, FF, FF, FF, FF, FF, FF, FF, FF, FF, FF, FF, FF      ................
    7440:    DB      FF, FF, FF, FF, FF, FF, FF, FF, FF, FF, FF, FF, FF, FF, FF, FF      ................
    7450:    DB      FF, FF, FF, FF, FF, FF, FF, FF, FF, FF, FF, FF, FF, FF, FF, FF      ................
    7460:    DB      FF, FF, FF, FF, FF, FF, FF, FF, FF, FF, FF, FF, FF, FF, FF, FF      ................
    7470:    DB      FF, FF, FF, FF, FF, FF, FF, FF, FF, FF, FF, FF, FF, FF, FF, FF      ................
    7480:    DB      FF, FF, FF, FF, FF, FF, FF, FF, FF, FF, FF, FF, FF, FF, FF, FF      ................
    7490:    DB      FF, FF, FF, FF, FF, FF, FF, FF, FF, FF, FF, FF, FF, FF, FF, FF      ................
    74A0:    DB      FF, FF, FF, FF, FF, FF, FF, FF, FF, FF, FF, FF, FF, FF, FF, FF      ................
    74B0:    DB      FF, FF, FF, FF, FF, FF, FF, FF, FF, FF, FF, FF, FF, FF, FF, FF      ................
    74C0:    DB      FF, FF, FF, FF, FF, FF, FF, FF, FF, FF, FF, FF, FF, FF, FF, FF      ................
    74D0:    DB      FF, FF, FF, FF, FF, FF, FF, FF, FF, FF, FF, FF, FF, FF, FF, FF      ................
    74E0:    DB      FF, FF, FF, FF, FF, FF, FF, FF, FF, FF, FF, FF, FF, FF, FF, FF      ................
    74F0:    DB      FF, FF, FF, FF, FF, FF, FF, FF, FF, FF, FF, FF, FF, FF, FF, FF      ................
    7500:    DB      FF, FF, FF, FF, FF, FF, FF, FF, FF, FF, FF, FF, FF, FF, FF, FF      ................
    7510:    DB      FF, FF, FF, FF, FF, FF, FF, FF, FF, FF, FF, FF, FF, FF, FF, FF      ................
    7520:    DB      FF, FF, FF, FF, FF, FF, FF, FF, FF, FF, FF, FF, FF, FF, FF, FF      ................
    7530:    DB      FF, FF, FF, FF, FF, FF, FF, FF, FF, FF, FF, FF, FF, FF, FF, FF      ................
    7540:    DB      FF, FF, FF, FF, FF, FF, FF, FF, FF, FF, FF, FF, FF, FF, FF, FF      ................
    7550:    DB      FF, FF, FF, FF, FF, FF, FF, FF, FF, FF, FF, FF, FF, FF, FF, FF      ................
    7560:    DB      FF, FF, FF, FF, FF, FF, FF, FF, FF, FF, FF, FF, FF, FF, FF, FF      ................
    7570:    DB      FF, FF, FF, FF, FF, FF, FF, FF, FF, FF, FF, FF, FF, FF, FF, FF      ................
    7580:    DB      FF, FF, FF, FF, FF, FF, FF, FF, FF, FF, FF, FF, FF, FF, FF, FF      ................
    7590:    DB      FF, FF, FF, FF, FF, FF, FF, FF, FF, FF, FF, FF, FF, FF, FF, FF      ................
    75A0:    DB      FF, FF, FF, FF, FF, FF, FF, FF, FF, FF, FF, FF, FF, FF, FF, FF      ................
    75B0:    DB      FF, FF, FF, FF, FF, FF, FF, FF, FF, FF, FF, FF, FF, FF, FF, FF      ................
    75C0:    DB      FF, FF, FF, FF, FF, FF, FF, FF, FF, FF, FF, FF, FF, FF, FF, FF      ................
    75D0:    DB      FF, FF, FF, FF, FF, FF, FF, FF, FF, FF, FF, FF, FF, FF, FF, FF      ................
    75E0:    DB      FF, FF, FF, FF, FF, FF, FF, FF, FF, FF, FF, FF, FF, FF, FF, FF      ................
    75F0:    DB      FF, FF, FF, FF, FF, FF, FF, FF, FF, FF, FF, FF, FF, FF, FF, FF      ................
    7600:    DB      FF, FF, FF, FF, FF, FF, FF, FF, FF, FF, FF, FF, FF, FF, FF, FF      ................
    7610:    DB      FF, FF, FF, FF, FF, FF, FF, FF, FF, FF, FF, FF, FF, FF, FF, FF      ................
    7620:    DB      FF, FF, FF, FF, FF, FF, FF, FF, FF, FF, FF, FF, FF, FF, FF, FF      ................
    7630:    DB      FF, FF, FF, FF, FF, FF, FF, FF, FF, FF, FF, FF, FF, FF, FF, FF      ................
    7640:    DB      FF, FF, FF, FF, FF, FF, FF, FF, FF, FF, FF, FF, FF, FF, FF, FF      ................
    7650:    DB      FF, FF, FF, FF, FF, FF, FF, FF, FF, FF, FF, FF, FF, FF, FF, FF      ................
    7660:    DB      FF, FF, FF, FF, FF, FF, FF, FF, FF, FF, FF, FF, FF, FF, FF, FF      ................
    7670:    DB      FF, FF, FF, FF, FF, FF, FF, FF, FF, FF, FF, FF, FF, FF, FF, FF      ................
    7680:    DB      FF, FF, FF, FF, FF, FF, FF, FF, FF, FF, FF, FF, FF, FF, FF, FF      ................
    7690:    DB      FF, FF, FF, FF, FF, FF, FF, FF, FF, FF, FF, FF, FF, FF, FF, FF      ................
    76A0:    DB      FF, FF, FF, FF, FF, FF, FF, FF, FF, FF, FF, FF, FF, FF, FF, FF      ................
    76B0:    DB      FF, FF, FF, FF, FF, FF, FF, FF, FF, FF, FF, FF, FF, FF, FF, FF      ................
    76C0:    DB      FF, FF, FF, FF, FF, FF, FF, FF, FF, FF, FF, FF, FF, FF, FF, FF      ................
    76D0:    DB      FF, FF, FF, FF, FF, FF, FF, FF, FF, FF, FF, FF, FF, FF, FF, FF      ................
    76E0:    DB      FF, FF, FF, FF, FF, FF, FF, FF, FF, FF, FF, FF, FF, FF, FF, FF      ................
    76F0:    DB      FF, FF, FF, FF, FF, FF, FF, FF, FF, FF, FF, FF, FF, FF, FF, FF      ................
    7700:    DB      FF, FF, FF, FF, FF, FF, FF, FF, FF, FF, FF, FF, FF, FF, FF, FF      ................
    7710:    DB      FF, FF, FF, FF, FF, FF, FF, FF, FF, FF, FF, FF, FF, FF, FF, FF      ................
    7720:    DB      FF, FF, FF, FF, FF, FF, FF, FF, FF, FF, FF, FF, FF, FF, FF, FF      ................
    7730:    DB      FF, FF, FF, FF, FF, FF, FF, FF, FF, FF, FF, FF, FF, FF, FF, FF      ................
    7740:    DB      FF, FF, FF, FF, FF, FF, FF, FF, FF, FF, FF, FF, FF, FF, FF, FF      ................
    7750:    DB      FF, FF, FF, FF, FF, FF, FF, FF, FF, FF, FF, FF, FF, FF, FF, FF      ................
    7760:    DB      FF, FF, FF, FF, FF, FF, FF, FF, FF, FF, FF, FF, FF, FF, FF, FF      ................
    7770:    DB      FF, FF, FF, FF, FF, FF, FF, FF, FF, FF, FF, FF, FF, FF, FF, FF      ................
    7780:    DB      FF, FF, FF, FF, FF, FF, FF, FF, FF, FF, FF, FF, FF, FF, FF, FF      ................
    7790:    DB      FF, FF, FF, FF, FF, FF, FF, FF, FF, FF, FF, FF, FF, FF, FF, FF      ................
    77A0:    DB      FF, FF, FF, FF, FF, FF, FF, FF, FF, FF, FF, FF, FF, FF, FF, FF      ................
    77B0:    DB      FF, FF, FF, FF, FF, FF, FF, FF, FF, FF, FF, FF, FF, FF, FF, FF      ................
    77C0:    DB      FF, FF, FF, FF, FF, FF, FF, FF, FF, FF, FF, FF, FF, FF, FF, FF      ................
    77D0:    DB      FF, FF, FF, FF, FF, FF, FF, FF, FF, FF, FF, FF, FF, FF, FF, FF      ................
    77E0:    DB      FF, FF, FF, FF, FF, FF, FF, FF, FF, FF, FF, FF, FF, FF, FF, FF      ................
    77F0:    DB      FF, FF, FF, FF, FF, FF, FF, FF, FF, FF, FF, FF, FF, FF, FF, FF      ................
    7800:    DB      FF, FF, FF, FF, FF, FF, FF, FF, FF, FF, FF, FF, FF, FF, FF, FF      ................
    7810:    DB      FF, FF, FF, FF, FF, FF, FF, FF, FF, FF, FF, FF, FF, FF, FF, FF      ................
    7820:    DB      FF, FF, FF, FF, FF, FF, FF, FF, FF, FF, FF, FF, FF, FF, FF, FF      ................
    7830:    DB      FF, FF, FF, FF, FF, FF, FF, FF, FF, FF, FF, FF, FF, FF, FF, FF      ................
    7840:    DB      FF, FF, FF, FF, FF, FF, FF, FF, FF, FF, FF, FF, FF, FF, FF, FF      ................
    7850:    DB      FF, FF, FF, FF, FF, FF, FF, FF, FF, FF, FF, FF, FF, FF, FF, FF      ................
    7860:    DB      FF, FF, FF, FF, FF, FF, FF, FF, FF, FF, FF, FF, FF, FF, FF, FF      ................
    7870:    DB      FF, FF, FF, FF, FF, FF, FF, FF, FF, FF, FF, FF, FF, FF, FF, FF      ................
    7880:    DB      FF, FF, FF, FF, FF, FF, FF, FF, FF, FF, FF, FF, FF, FF, FF, FF      ................
    7890:    DB      FF, FF, FF, FF, FF, FF, FF, FF, FF, FF, FF, FF, FF, FF, FF, FF      ................
    78A0:    DB      FF, FF, FF, FF, FF, FF, FF, FF, FF, FF, FF, FF, FF, FF, FF, FF      ................
    78B0:    DB      FF, FF, FF, FF, FF, FF, FF, FF, FF, FF, FF, FF, FF, FF, FF, FF      ................
    78C0:    DB      FF, FF, FF, FF, FF, FF, FF, FF, FF, FF, FF, FF, FF, FF, FF, FF      ................
    78D0:    DB      FF, FF, FF, FF, FF, FF, FF, FF, FF, FF, FF, FF, FF, FF, FF, FF      ................
    78E0:    DB      FF, FF, FF, FF, FF, FF, FF, FF, FF, FF, FF, FF, FF, FF, FF, FF      ................
    78F0:    DB      FF, FF, FF, FF, FF, FF, FF, FF, FF, FF, FF, FF, FF, FF, FF, FF      ................
    7900:    DB      FF, FF, FF, FF, FF, FF, FF, FF, FF, FF, FF, FF, FF, FF, FF, FF      ................
    7910:    DB      FF, FF, FF, FF, FF, FF, FF, FF, FF, FF, FF, FF, FF, FF, FF, FF      ................
    7920:    DB      FF, FF, FF, FF, FF, FF, FF, FF, FF, FF, FF, FF, FF, FF, FF, FF      ................
    7930:    DB      FF, FF, FF, FF, FF, FF, FF, FF, FF, FF, FF, FF, FF, FF, FF, FF      ................
    7940:    DB      FF, FF, FF, FF, FF, FF, FF, FF, FF, FF, FF, FF, FF, FF, FF, FF      ................
    7950:    DB      FF, FF, FF, FF, FF, FF, FF, FF, FF, FF, FF, FF, FF, FF, FF, FF      ................
    7960:    DB      FF, FF, FF, FF, FF, FF, FF, FF, FF, FF, FF, FF, FF, FF, FF, FF      ................
    7970:    DB      FF, FF, FF, FF, FF, FF, FF, FF, FF, FF, FF, FF, FF, FF, FF, FF      ................
    7980:    DB      FF, FF, FF, FF, FF, FF, FF, FF, FF, FF, FF, FF, FF, FF, FF, FF      ................
    7990:    DB      FF, FF, FF, FF, FF, FF, FF, FF, FF, FF, FF, FF, FF, FF, FF, FF      ................
    79A0:    DB      FF, FF, FF, FF, FF, FF, FF, FF, FF, FF, FF, FF, FF, FF, FF, FF      ................
    79B0:    DB      FF, FF, FF, FF, FF, FF, FF, FF, FF, FF, FF, FF, FF, FF, FF, FF      ................
    79C0:    DB      FF, FF, FF, FF, FF, FF, FF, FF, FF, FF, FF, FF, FF, FF, FF, FF      ................
    79D0:    DB      FF, FF, FF, FF, FF, FF, FF, FF, FF, FF, FF, FF, FF, FF, FF, FF      ................
    79E0:    DB      FF, FF, FF, FF, FF, FF, FF, FF, FF, FF, FF, FF, FF, FF, FF, FF      ................
    79F0:    DB      FF, FF, FF, FF, FF, FF, FF, FF, FF, FF, FF, FF, FF, FF, FF, FF      ................
    7A00:    DB      FF, FF, FF, FF, FF, FF, FF, FF, FF, FF, FF, FF, FF, FF, FF, FF      ................
    7A10:    DB      FF, FF, FF, FF, FF, FF, FF, FF, FF, FF, FF, FF, FF, FF, FF, FF      ................
    7A20:    DB      FF, FF, FF, FF, FF, FF, FF, FF, FF, FF, FF, FF, FF, FF, FF, FF      ................
    7A30:    DB      FF, FF, FF, FF, FF, FF, FF, FF, FF, FF, FF, FF, FF, FF, FF, FF      ................
    7A40:    DB      FF, FF, FF, FF, FF, FF, FF, FF, FF, FF, FF, FF, FF, FF, FF, FF      ................
    7A50:    DB      FF, FF, FF, FF, FF, FF, FF, FF, FF, FF, FF, FF, FF, FF, FF, FF      ................
    7A60:    DB      FF, FF, FF, FF, FF, FF, FF, FF, FF, FF, FF, FF, FF, FF, FF, FF      ................
    7A70:    DB      FF, FF, FF, FF, FF, FF, FF, FF, FF, FF, FF, FF, FF, FF, FF, FF      ................
    7A80:    DB      FF, FF, FF, FF, FF, FF, FF, FF, FF, FF, FF, FF, FF, FF, FF, FF      ................
    7A90:    DB      FF, FF, FF, FF, FF, FF, FF, FF, FF, FF, FF, FF, FF, FF, FF, FF      ................
    7AA0:    DB      FF, FF, FF, FF, FF, FF, FF, FF, FF, FF, FF, FF, FF, FF, FF, FF      ................
    7AB0:    DB      FF, FF, FF, FF, FF, FF, FF, FF, FF, FF, FF, FF, FF, FF, FF, FF      ................
    7AC0:    DB      FF, FF, FF, FF, FF, FF, FF, FF, FF, FF, FF, FF, FF, FF, FF, FF      ................
    7AD0:    DB      FF, FF, FF, FF, FF, FF, FF, FF, FF, FF, FF, FF, FF, FF, FF, FF      ................
    7AE0:    DB      FF, FF, FF, FF, FF, FF, FF, FF, FF, FF, FF, FF, FF, FF, FF, FF      ................
    7AF0:    DB      FF, FF, FF, FF, FF, FF, FF, FF, FF, FF, FF, FF, FF, FF, FF, FF      ................
    7B00:    DB      FF, FF, FF, FF, FF, FF, FF, FF, FF, FF, FF, FF, FF, FF, FF, FF      ................
    7B10:    DB      FF, FF, FF, FF, FF, FF, FF, FF, FF, FF, FF, FF, FF, FF, FF, FF      ................
    7B20:    DB      FF, FF, FF, FF, FF, FF, FF, FF, FF, FF, FF, FF, FF, FF, FF, FF      ................
    7B30:    DB      FF, FF, FF, FF, FF, FF, FF, FF, FF, FF, FF, FF, FF, FF, FF, FF      ................
    7B40:    DB      FF, FF, FF, FF, FF, FF, FF, FF, FF, FF, FF, FF, FF, FF, FF, FF      ................
    7B50:    DB      FF, FF, FF, FF, FF, FF, FF, FF, FF, FF, FF, FF, FF, FF, FF, FF      ................
    7B60:    DB      FF, FF, FF, FF, FF, FF, FF, FF, FF, FF, FF, FF, FF, FF, FF, FF      ................
    7B70:    DB      FF, FF, FF, FF, FF, FF, FF, FF, FF, FF, FF, FF, FF, FF, FF, FF      ................
    7B80:    DB      FF, FF, FF, FF, FF, FF, FF, FF, FF, FF, FF, FF, FF, FF, FF, FF      ................
    7B90:    DB      FF, FF, FF, FF, FF, FF, FF, FF, FF, FF, FF, FF, FF, FF, FF, FF      ................
    7BA0:    DB      FF, FF, FF, FF, FF, FF, FF, FF, FF, FF, FF, FF, FF, FF, FF, FF      ................
    7BB0:    DB      FF, FF, FF, FF, FF, FF, FF, FF, FF, FF, FF, FF, FF, FF, FF, FF      ................
    7BC0:    DB      FF, FF, FF, FF, FF, FF, FF, FF, FF, FF, FF, FF, FF, FF, FF, FF      ................
    7BD0:    DB      FF, FF, FF, FF, FF, FF, FF, FF, FF, FF, FF, FF, FF, FF, FF, FF      ................
    7BE0:    DB      FF, FF, FF, FF, FF, FF, FF, FF, FF, FF, FF, FF, FF, FF, FF, FF      ................
    7BF0:    DB      FF, FF, FF, FF, FF, FF, FF, FF, FF, FF, FF, FF, FF, FF, FF, FF      ................
    7C00:    DB      FF, FF, FF, FF, FF, FF, FF, FF, FF, FF, FF, FF, FF, FF, FF, FF      ................
    7C10:    DB      FF, FF, FF, FF, FF, FF, FF, FF, FF, FF, FF, FF, FF, FF, FF, FF      ................
    7C20:    DB      FF, FF, FF, FF, FF, FF, FF, FF, FF, FF, FF, FF, FF, FF, FF, FF      ................
    7C30:    DB      FF, FF, FF, FF, FF, FF, FF, FF, FF, FF, FF, FF, FF, FF, FF, FF      ................
    7C40:    DB      FF, FF, FF, FF, FF, FF, FF, FF, FF, FF, FF, FF, FF, FF, FF, FF      ................
    7C50:    DB      FF, FF, FF, FF, FF, FF, FF, FF, FF, FF, FF, FF, FF, FF, FF, FF      ................
    7C60:    DB      FF, FF, FF, FF, FF, FF, FF, FF, FF, FF, FF, FF, FF, FF, FF, FF      ................
    7C70:    DB      FF, FF, FF, FF, FF, FF, FF, FF, FF, FF, FF, FF, FF, FF, FF, FF      ................
    7C80:    DB      FF, FF, FF, FF, FF, FF, FF, FF, FF, FF, FF, FF, FF, FF, FF, FF      ................
    7C90:    DB      FF, FF, FF, FF, FF, FF, FF, FF, FF, FF, FF, FF, FF, FF, FF, FF      ................
    7CA0:    DB      FF, FF, FF, FF, FF, FF, FF, FF, FF, FF, FF, FF, FF, FF, FF, FF      ................
    7CB0:    DB      FF, FF, FF, FF, FF, FF, FF, FF, FF, FF, FF, FF, FF, FF, FF, FF      ................
    7CC0:    DB      FF, FF, FF, FF, FF, FF, FF, FF, FF, FF, FF, FF, FF, FF, FF, FF      ................
    7CD0:    DB      FF, FF, FF, FF, FF, FF, FF, FF, FF, FF, FF, FF, FF, FF, FF, FF      ................
    7CE0:    DB      FF, FF, FF, FF, FF, FF, FF, FF, FF, FF, FF, FF, FF, FF, FF, FF      ................
    7CF0:    DB      FF, FF, FF, FF, FF, FF, FF, FF, FF, FF, FF, FF, FF, FF, FF, FF      ................
    7D00:    DB      FF, FF, FF, FF, FF, FF, FF, FF, FF, FF, FF, FF, FF, FF, FF, FF      ................
    7D10:    DB      FF, FF, FF, FF, FF, FF, FF, FF, FF, FF, FF, FF, FF, FF, FF, FF      ................
    7D20:    DB      FF, FF, FF, FF, FF, FF, FF, FF, FF, FF, FF, FF, FF, FF, FF, FF      ................
    7D30:    DB      FF, FF, FF, FF, FF, FF, FF, FF, FF, FF, FF, FF, FF, FF, FF, FF      ................
    7D40:    DB      FF, FF, FF, FF, FF, FF, FF, FF, FF, FF, FF, FF, FF, FF, FF, FF      ................
    7D50:    DB      FF, FF, FF, FF, FF, FF, FF, FF, FF, FF, FF, FF, FF, FF, FF, FF      ................
    7D60:    DB      FF, FF, FF, FF, FF, FF, FF, FF, FF, FF, FF, FF, FF, FF, FF, FF      ................
    7D70:    DB      FF, FF, FF, FF, FF, FF, FF, FF, FF, FF, FF, FF, FF, FF, FF, FF      ................
    7D80:    DB      FF, FF, FF, FF, FF, FF, FF, FF, FF, FF, FF, FF, FF, FF, FF, FF      ................
    7D90:    DB      FF, FF, FF, FF, FF, FF, FF, FF, FF, FF, FF, FF, FF, FF, FF, FF      ................
    7DA0:    DB      FF, FF, FF, FF, FF, FF, FF, FF, FF, FF, FF, FF, FF, FF, FF, FF      ................
    7DB0:    DB      FF, FF, FF, FF, FF, FF, FF, FF, FF, FF, FF, FF, FF, FF, FF, FF      ................
    7DC0:    DB      FF, FF, FF, FF, FF, FF, FF, FF, FF, FF, FF, FF, FF, FF, FF, FF      ................
    7DD0:    DB      FF, FF, FF, FF, FF, FF, FF, FF, FF, FF, FF, FF, FF, FF, FF, FF      ................
    7DE0:    DB      FF, FF, FF, FF, FF, FF, FF, FF, FF, FF, FF, FF, FF, FF, FF, FF      ................
    7DF0:    DB      FF, FF, FF, FF, FF, FF, FF, FF, FF, FF, FF, FF, FF, FF, FF, FF      ................
    7E00:    DB      FF, FF, FF, FF, FF, FF, FF, FF, FF, FF, FF, FF, FF, FF, FF, FF      ................
    7E10:    DB      FF, FF, FF, FF, FF, FF, FF, FF, FF, FF, FF, FF, FF, FF, FF, FF      ................
    7E20:    DB      FF, FF, FF, FF, FF, FF, FF, FF, FF, FF, FF, FF, FF, FF, FF, FF      ................
    7E30:    DB      FF, FF, FF, FF, FF, FF, FF, FF, FF, FF, FF, FF, FF, FF, FF, FF      ................
    7E40:    DB      FF, FF, FF, FF, FF, FF, FF, FF, FF, FF, FF, FF, FF, FF, FF, FF      ................
    7E50:    DB      FF, FF, FF, FF, FF, FF, FF, FF, FF, FF, FF, FF, FF, FF, FF, FF      ................
    7E60:    DB      FF, FF, FF, FF, FF, FF, FF, FF, FF, FF, FF, FF, FF, FF, FF, FF      ................
    7E70:    DB      FF, FF, FF, FF, FF, FF, FF, FF, FF, FF, FF, FF, FF, FF, FF, FF      ................
    7E80:    DB      FF, FF, FF, FF, FF, FF, FF, FF, FF, FF, FF, FF, FF, FF, FF, FF      ................
    7E90:    DB      FF, FF, FF, FF, FF, FF, FF, FF, FF, FF, FF, FF, FF, FF, FF, FF      ................
    7EA0:    DB      FF, FF, FF, FF, FF, FF, FF, FF, FF, FF, FF, FF, FF, FF, FF, FF      ................
    7EB0:    DB      FF, FF, FF, FF, FF, FF, FF, FF, FF, FF, FF, FF, FF, FF, FF, FF      ................
    7EC0:    DB      FF, FF, FF, FF, FF, FF, FF, FF, FF, FF, FF, FF, FF, FF, FF, FF      ................
    7ED0:    DB      FF, FF, FF, FF, FF, FF, FF, FF, FF, FF, FF, FF, FF, FF, FF, FF      ................
    7EE0:    DB      FF, FF, FF, FF, FF, FF, FF, FF, FF, FF, FF, FF, FF, FF, FF, FF      ................
    7EF0:    DB      FF, FF, FF, FF, FF, FF, FF, FF, FF, FF, FF, FF, FF, FF, FF, FF      ................
    7F00:    DB      FF, FF, FF, FF, FF, FF, FF, FF, FF, FF, FF, FF, FF, FF, FF, FF      ................
    7F10:    DB      FF, FF, FF, FF, FF, FF, FF, FF, FF, FF, FF, FF, FF, FF, FF, FF      ................
    7F20:    DB      FF, FF, FF, FF, FF, FF, FF, FF, FF, FF, FF, FF, FF, FF, FF, FF      ................
    7F30:    DB      FF, FF, FF, FF, FF, FF, FF, FF, FF, FF, FF, FF, FF, FF, FF, FF      ................
    7F40:    DB      FF, FF, FF, FF, FF, FF, FF, FF, FF, FF, FF, FF, FF, FF, FF, FF      ................
    7F50:    DB      FF, FF, FF, FF, FF, FF, FF, FF, FF, FF, FF, FF, FF, FF, FF, FF      ................
    7F60:    DB      FF, FF, FF, FF, FF, FF, FF, FF, FF, FF, FF, FF, FF, FF, FF, FF      ................
    7F70:    DB      FF, FF, FF, FF, FF, FF, FF, FF, FF, FF, FF, FF, FF, FF, FF, FF      ................
    7F80:    DB      FF, FF, FF, FF, FF, FF, FF, FF, FF, FF, FF, FF, FF, FF, FF, FF      ................
    7F90:    DB      FF, FF, FF, FF, FF, FF, FF, FF, FF, FF, FF, FF, FF, FF, FF, FF      ................
    7FA0:    DB      FF, FF, FF, FF, FF, FF, FF, FF, FF, FF, FF, FF, FF, FF, FF, FF      ................
    7FB0:    DB      FF, FF, FF, FF, FF, FF, FF, FF, FF, FF, FF, FF, FF, FF, FF, FF      ................
    7FC0:    DB      FF, FF, FF, FF, FF, FF, FF, FF, FF, FF, FF, FF, FF, FF, FF, FF      ................
    7FD0:    DB      FF, FF, FF, FF, FF, FF, FF, FF, FF, FF, FF, FF, FF, FF, FF, FF      ................
    7FE0:    DB      FF, FF, FF, FF, FF, FF, FF, FF, FF, FF, FF, FF, FF, FF, FF, FF      ................
    7FF0:    DB      FF, FF, FF, FF, FF, FF, FF, FF, FF, FF, FF, FF, FF, FF, FF, FF      ................
                                                                      


XREFS :

---------------------------
0000: Imm    @ 0CE7   (reset_vector)
      Imm    @ 0CD1
      Imm    @ 0CBB
      Imm    @ 0C62
      Imm    @ 0B2D
      Imm    @ 0485
      IO     @ 01D6
      IO     @ 008C

0001: Imm    @ 2E1D
      Imm    @ 2DE6
      IO     @ 10F9
      IO     @ 0E36
      IO     @ 0DF8
      IO     @ 01B6
      IO     @ 017E
      IO     @ 0144
      IO     @ 0116

0002: IO     @ 332F
      IO     @ 3323
      IO     @ 3317
      IO     @ 330B
      IO     @ 32FF
      IO     @ 32F3
      IO     @ 2FCA
      IO     @ 2F9C
      IO     @ 2F6E
      IO     @ 2F40
      IO     @ 2F12
      IO     @ 2EE4

0003: IO     @ 2E62
      IO     @ 2E54
      IO     @ 2DFC
      IO     @ 2DF5
      IO     @ 2CEF
      IO     @ 2CE8
      IO     @ 0D9F
      IO     @ 0D8E
      IO     @ 0D87
      IO     @ 0D76

0004: IO     @ 2E42
      IO     @ 2D9D
      IO     @ 2BEB
      IO     @ 11F5
      IO     @ 0DBF

0008: Imm    @ 359F   (rst08_landing)
      Imm    @ 352E
      Imm    @ 34FC

000A: Imm    @ 135E

0014: Imm    @ 29C3
      Imm    @ 299E

003B: Ptr    @ 2D8C   (___BDATA_0002)

003C: Imm    @ 27DB

005A: Imm    @ 141C

0064: Imm    @ 2B73
      Imm    @ 296C
      Imm    @ 2949
      Imm    @ 2906
      Imm    @ 28E3
      Imm    @ 28C4
      Imm    @ 28A1

007C: Jump   @ 006D

0080: IO     @ 0441
      IO     @ 0196
      IO     @ 015D
      IO     @ 012A
      Jump   @ 0079

0081: IO     @ 0CB5
      IO     @ 0CAD
      IO     @ 0448
      IO     @ 01ED
      IO     @ 01E3
      IO     @ 01D1
      IO     @ 01C4
      IO     @ 01AE
      IO     @ 01A4
      IO     @ 019D
      IO     @ 018E
      IO     @ 0175
      IO     @ 016B
      IO     @ 0164
      IO     @ 0155
      IO     @ 0140
      IO     @ 0131
      IO     @ 0122
      IO     @ 0113
      IO     @ 0108
      IO     @ 009C
      IO     @ 008A

0082: IO     @ 2FDE
      IO     @ 2FB0
      IO     @ 2F82
      IO     @ 2F54
      IO     @ 2F26
      IO     @ 2EF8
      IO     @ 2EC5
      IO     @ 2EB5
      IO     @ 2EA5
      IO     @ 2E95
      IO     @ 2E85
      IO     @ 2E75
      IO     @ 0457

0083: IO     @ 34D4
      IO     @ 34C4
      IO     @ 34B4
      IO     @ 34A4
      IO     @ 3494
      IO     @ 3484
      IO     @ 3474
      IO     @ 3464
      IO     @ 0433

0084: IO     @ 34D0
      IO     @ 34C0
      IO     @ 34B0
      IO     @ 34A0
      IO     @ 3490
      IO     @ 3480
      IO     @ 3470
      IO     @ 3460
      IO     @ 043A

0085: IO     @ 0B1C
      IO     @ 0AB9
      IO     @ 08A3
      IO     @ 080A
      IO     @ 07EE
      IO     @ 06E9
      IO     @ 06D7
      IO     @ 06B5
      IO     @ 068F
      IO     @ 067B
      IO     @ 0662
      IO     @ 0640
      IO     @ 0623
      IO     @ 05FD
      IO     @ 05D7
      IO     @ 0427

0086: IO     @ 0C51
      IO     @ 0C30
      IO     @ 0C0F
      IO     @ 0BEE
      IO     @ 0BCD
      IO     @ 0BAC
      IO     @ 0AFB
      IO     @ 0ADA
      IO     @ 0892
      IO     @ 0881
      IO     @ 0870
      IO     @ 085F
      IO     @ 084E
      IO     @ 083D
      IO     @ 082C
      IO     @ 081B
      IO     @ 07D1
      IO     @ 07B4
      IO     @ 0797
      IO     @ 077A
      IO     @ 075D
      IO     @ 0740
      IO     @ 0723
      IO     @ 0706
      IO     @ 042C

0087: IO     @ 2866
      IO     @ 283A
      IO     @ 27C9
      IO     @ 27BC
      IO     @ 10F7
      IO     @ 0DF3
      IO     @ 0420

0096: Imm    @ 2D3B
      Imm    @ 2CC7

00C8: Imm    @ 162F

0116: Call   @ 2E29   (host_send_c0fc)
      Call   @ 2DBD
      Jump   @ 2DA4
      Jump   @ 2D94
      Jump   @ 2C1C
      Call   @ 2C0E
      Jump   @ 2B70
      Jump   @ 2B60
      Jump   @ 2B00
      Jump   @ 2AF8
      Jump   @ 2AF0
      Jump   @ 2AE8
      Jump   @ 2AAD
      Jump   @ 2AA5
      Jump   @ 2A95
      Jump   @ 2A85
      Jump   @ 16D2
      Jump   @ 16C2
      Jump   @ 16B2
      Jump   @ 16AF
      Jump   @ 169B
      Jump   @ 1692
      Jump   @ 1674
      Jump   @ 1667
      Jump   @ 1657
      Jump   @ 1647
      Jump   @ 163F
      Jump   @ 161B
      Jump   @ 160E
      Jump   @ 1601
      Jump   @ 15F4
      Jump   @ 15E4
      Jump   @ 15D4
      Jump   @ 15C9
      Jump   @ 15B6
      Jump   @ 1592
      Jump   @ 156E
      Jump   @ 154A
      Jump   @ 1526
      Jump   @ 1502
      Jump   @ 14EB
      Jump   @ 14DE
      Jump   @ 14D1
      Jump   @ 14C6
      Jump   @ 14B2
      Jump   @ 14A5
      Jump   @ 1498
      Jump   @ 148B
      Jump   @ 147E
      Jump   @ 1471
      Jump   @ 1464
      Jump   @ 1457
      Jump   @ 144A
      Jump   @ 143D
      Jump   @ 1407
      Jump   @ 13F3
      Jump   @ 13E3
      Jump   @ 13D6
      Jump   @ 13C9
      Jump   @ 13BC
      Jump   @ 13AF
      Jump   @ 13A2
      Jump   @ 1395
      Jump   @ 1388
      Jump   @ 137B
      Jump   @ 1345
      Jump   @ 12D5
      Jump   @ 128F
      Jump   @ 1282
      Jump   @ 1275
      Jump   @ 1215
      Call   @ 11E0
      Call   @ 11AB
      Call   @ 1176
      Call   @ 1141
      Call   @ 110B
      Jump   @ 10E1
      Jump   @ 1034
      Jump   @ 1021
      Jump   @ 100E
      Jump   @ 0E4B
      Jump   @ 0D49
      Jump   @ 0D41
      Call   @ 0415
      Jump   @ 011A

012C: Imm    @ 29E1
      Imm    @ 15BE

0144: Call   @ 0C7E   (host_send_c008_a)
      Call   @ 0B49
      Call   @ 0A32
      Call   @ 0A26
      Call   @ 0A1A
      Call   @ 0A0E
      Call   @ 0A02
      Call   @ 09F6
      Call   @ 09E8
      Call   @ 09CF
      Call   @ 09B6
      Call   @ 099C
      Call   @ 0989
      Call   @ 096B
      Call   @ 0952
      Call   @ 093F
      Call   @ 0926
      Call   @ 0913
      Call   @ 08FA
      Call   @ 08E7
      Call   @ 08CE
      Call   @ 08BB
      Jump   @ 0148

017E: Call   @ 044F   (host_send_c008_b)
      Jump   @ 0182

0190: Imm    @ 2E2C

01B6: Call   @ 11CA   (host_read_byte)
      Call   @ 1195
      Call   @ 1160
      Call   @ 112B
      Call   @ 0FF2
      Call   @ 0FDD
      Call   @ 0FC8
      Call   @ 0FB3
      Call   @ 0F9E
      Call   @ 0F86
      Call   @ 0F71
      Call   @ 0F5C
      Call   @ 0F47
      Call   @ 0F32
      Call   @ 0F1A
      Call   @ 0F05
      Call   @ 0EF0
      Call   @ 0EDB
      Call   @ 0EC6
      Call   @ 0EAE
      Call   @ 0E99
      Call   @ 0E84
      Call   @ 0E6F
      Call   @ 0E5A
      Call   @ 0E03
      Jump   @ 01BA

0320: Imm    @ 2C7C
      Imm    @ 2BDF

03E8: Imm    @ 2B19

0400: Jump   @ 2E4D   (boot)
      Jump   @ 2DDE
      Jump   @ 000B
      Jump   @ 0007

041B: Call   @ 0406   (boot_port_init)

045A: Call   @ 0409   (boot_ram_init)

045F: Jump   @ 0462

0469: Jump   @ 046C

05B6: Ptr    @ 05FF   (___BDATA_0005)
      Ptr    @ 05D9

05B7: Ptr    @ 0691

05B8: Ptr    @ 075F
      Ptr    @ 0742
      Ptr    @ 0725
      Ptr    @ 0708
      Ptr    @ 06EB

05B9: Ptr    @ 08A8

05BA: Ptr    @ 07B6
      Ptr    @ 0799

05BB: Ptr    @ 07D3

05BD: Ptr    @ 077C

05BE: Ptr    @ 07F0

05BF: Ptr    @ 08D4

05C1: Ptr    @ 0900

05C3: Ptr    @ 092C

05C5: Ptr    @ 0976
      Ptr    @ 0958

05C7: Call   @ 289A   (sub_05C7)
      Call   @ 12B9

05ED: Call   @ 28DC   (sub_05ED)
      Call   @ 1301

0613: Call   @ 291E   (sub_0613)
      Call   @ 28C1
      Call   @ 12C2
      Call   @ 103C
      Call   @ 0A77

0630: Call   @ 2930   (sub_0630)
      Call   @ 2903
      Call   @ 130E
      Call   @ 1047
      Call   @ 0B85

064D: Call   @ 2922   (sub_064D)
      Call   @ 1042
      Call   @ 0DB5
      Call   @ 0D8B

0666: Call   @ 2934   (sub_0666)
      Call   @ 104D
      Call   @ 0DB8
      Call   @ 0DA6

067F: Call   @ 2942   (sub_067F)
      Call   @ 142A
      Call   @ 1329

06A5: Call   @ 2984   (sub_06A5)
      Call   @ 2969
      Call   @ 1332
      Call   @ 1052
      Call   @ 0A92

06C2: Call   @ 2988   (sub_06C2)
      Call   @ 1430
      Call   @ 1058
      Call   @ 0DBB
      Call   @ 0DAD

06DB: Call   @ 2D0A   (sub_06DB)
      Call   @ 2C96
      Call   @ 29F8
      Call   @ 151B
      Call   @ 105D

06F8: Call   @ 2D10   (sub_06F8)
      Call   @ 2C9C
      Call   @ 29FC
      Call   @ 153F
      Call   @ 106F

0715: Call   @ 2D16   (sub_0715)
      Call   @ 2CA2
      Call   @ 2A00
      Call   @ 1563
      Call   @ 1078

0732: Call   @ 2D1C   (sub_0732)
      Call   @ 2CA8
      Call   @ 2A04
      Call   @ 1587
      Call   @ 1081

074F: Call   @ 2D22   (sub_074F)
      Call   @ 2CAE
      Call   @ 2A08
      Call   @ 15AB
      Call   @ 108A

076C: Call   @ 2A36   (sub_076C)
      Call   @ 1093

0789: Call   @ 2D2E   (sub_0789)
      Call   @ 2CBA
      Call   @ 29BB
      Call   @ 15DC
      Call   @ 109C

07A6: Call   @ 2D34   (sub_07A6)
      Call   @ 2CC0
      Call   @ 29BF
      Call   @ 15EC
      Call   @ 10A5

07C3: Call   @ 2C5C   (sub_07C3)
      Call   @ 2C54
      Call   @ 2B97
      Call   @ 2A0C
      Call   @ 10AE

07E0: Call   @ 2D28   (sub_07E0)
      Call   @ 2CB4
      Call   @ 29EC
      Call   @ 1066

07FD: Call   @ 1063   (sub_07FD)

080E: Call   @ 1075   (sub_080E)

081F: Call   @ 107E   (sub_081F)

0830: Call   @ 1087   (sub_0830)

0841: Call   @ 1090   (sub_0841)

0852: Call   @ 1099   (sub_0852)

0863: Call   @ 10A2   (sub_0863)

0874: Call   @ 10AB   (sub_0874)

0885: Call   @ 2BC3   (sub_0885)
      Call   @ 10B4

0896: Call   @ 106C   (sub_0896)

08A7: Call   @ 2B24   (sub_08A7)
      Call   @ 29A9
      Call   @ 10B7

08C5: Call   @ 2B63   (sub_08C5)
      Call   @ 2B42
      Call   @ 29B2
      Call   @ 10BD

08D3: Call   @ 29CE   (sub_08D3)
      Call   @ 10C0

08F1: Call   @ 29D8   (sub_08F1)
      Call   @ 10C6

08FF: Call   @ 2D04   (sub_08FF)
      Call   @ 2C90
      Jump   @ 2A14
      Call   @ 14C9
      Call   @ 10C9

091D: Call   @ 10CF   (sub_091D)

0957: Call   @ 2CFE   (sub_0957)
      Call   @ 2C8A
      Jump   @ 2A26
      Call   @ 10D3

0975: Call   @ 1698   (sub_0975)

0993: Call   @ 10D9   (sub_0993)

09A1: Ptr    @ 09DA   (___BDATA_0006)
      Ptr    @ 09C1
      Ptr    @ 09A8

0A12: Call   @ 37D8   (sub_0A12)

0A1E: Call   @ 37DB   (sub_0A1E)

0A2A: Call   @ 37DE   (sub_0A2A)

0A42: Jump   @ 0038   (irq_handler)

0A7F: Jump   @ 0A74
      Jump   @ 0A68

0A9A: Jump   @ 0A8F
      Jump   @ 0A83

0ABB: Jump   @ 0AAA
      Jump   @ 0A9E

0ADC: Jump   @ 0ACB
      Jump   @ 0ABF

0AFD: Jump   @ 0AEC
      Jump   @ 0AE0

0B1E: Jump   @ 0B0D
      Jump   @ 0B01

0B3D: Jump   @ 0B33

0B4C: Jump   @ 0B3A
      Jump   @ 0B22

0B58: Jump   @ 0B50

0B64: Jump   @ 0B5C

0B6E: Jump   @ 0A5C

0B8D: Jump   @ 0B82
      Jump   @ 0B76

0BAE: Jump   @ 0B9D
      Jump   @ 0B91

0BB8: Imm    @ 1265

0BCF: Jump   @ 0BBE
      Jump   @ 0BB2

0BF0: Jump   @ 0BDF
      Jump   @ 0BD3

0C11: Jump   @ 0C00
      Jump   @ 0BF4

0C32: Jump   @ 0C21
      Jump   @ 0C15

0C53: Jump   @ 0C42
      Jump   @ 0C36

0C72: Jump   @ 0C68

0C81: Jump   @ 0C6F
      Jump   @ 0C57

0C8D: Jump   @ 0C85

0C97: Call   @ 0C8D   (port81_bit3_toggle)

0CB0: Jump   @ 0CA3

0CB8: Call   @ 0B64   (sub_0CB8)

0CCB: Jump   @ 0CC1

0CCE: Jump   @ 0CC8

0CE1: Jump   @ 0CD7

0CE4: Jump   @ 0CDE

0CF7: Jump   @ 0CED

0CFA: Jump   @ 0CF4

0D05: Jump   @ 0CFE

0D0E: Jump   @ 0D0A

0D14: Ptr    @ 0D1D   (___BDATA_0007)

0D15: Call   @ 0A55   (sub_0D15)

0D24: Jump   @ 0D1A

0D30: Jump   @ 0D28

0D44: Jump   @ 0D39

0D4C: Jump   @ 0D73   (main_loop)
      Jump   @ 0D6D
      Jump   @ 0D66
      Jump   @ 0418

0D76: Call   @ 0D4F   (input_port03_bit3)

0D8E: Jump   @ 0D84

0DB0: Jump   @ 0DA3
      Jump   @ 0D9C

0DBF: Call   @ 2DEF   (direct_input_scan)
      Call   @ 2D4B
      Call   @ 2CDB
      Call   @ 1208
      Call   @ 0D5F

0DEA: Jump   @ 0E01

0DFF: Jump   @ 0E3A

0E31: Jump   @ 0DFC

0E36: Jump   @ 0E41

0E44: Jump   @ 0FFB
      Jump   @ 0F8F
      Jump   @ 0F23
      Jump   @ 0EB7

0E4E: Call   @ 0E0C   (sub_0E4E)

0E53: Jump   @ 0E57

0E68: Jump   @ 0E6C

0E7D: Jump   @ 0E81

0E92: Jump   @ 0E96

0EA7: Jump   @ 0EAB

0EBA: Call   @ 0E15   (sub_0EBA)

0EBF: Jump   @ 0EC3

0ED4: Jump   @ 0ED8

0EE9: Jump   @ 0EED

0EFE: Jump   @ 0F02

0F13: Jump   @ 0F17

0F26: Call   @ 0E1E   (sub_0F26)

0F2B: Jump   @ 0F2F

0F40: Jump   @ 0F44

0F55: Jump   @ 0F59

0F6A: Jump   @ 0F6E

0F7F: Jump   @ 0F83

0F92: Call   @ 0E28   (sub_0F92)

0F97: Jump   @ 0F9B

0FAC: Jump   @ 0FB0

0FC1: Jump   @ 0FC5

0FD6: Jump   @ 0FDA

0FEB: Jump   @ 0FEF

0FFE: Call   @ 0DCD   (sub_0FFE)

1011: Call   @ 0DD4   (sub_1011)

1024: Call   @ 0DDB   (sub_1024)

10E4: Call   @ 10B1   (sub_10E4)
      Call   @ 10A8
      Call   @ 109F
      Call   @ 1096
      Call   @ 108D
      Call   @ 1084
      Call   @ 107B
      Call   @ 1072
      Call   @ 1069
      Call   @ 1060
      Call   @ 1055
      Call   @ 104A
      Call   @ 103F

10F9: Jump   @ 1104

110E: Jump   @ 10FD

111A: Jump   @ 111F

1121: Call   @ 10BA   (sub_1121)

112B: Jump   @ 113A

1144: Jump   @ 1133

114F: Jump   @ 1154

1156: Call   @ 10C3   (sub_1156)

1160: Jump   @ 116F

1179: Jump   @ 1168

1184: Jump   @ 1189

118B: Call   @ 10CC   (sub_118B)

1195: Jump   @ 11A4

11AE: Jump   @ 119D

11B9: Jump   @ 11BE

11C0: Call   @ 10D6   (sub_11C0)

11CA: Jump   @ 11D9

11E3: Jump   @ 11D2

11EE: Jump   @ 11F3

11FF: Jump   @ 1203

1208: Jump   @ 120B

1210: Jump   @ 11F9

1218: Imm    @ 0DE7   (___BDATA_0008)

122D: Imm    @ 1039

123F: Ptr    @ 1008

1240: Ptr    @ 101B

1241: Ptr    @ 102E

1242: Call   @ 2E0A   (sub_1242)
      Call   @ 0D5C

125B: Call   @ 1247   (sub_125B)

1278: Call   @ 124F   (sub_1278)

1285: Call   @ 1257   (sub_1285)

1292: Call   @ 2E00   (sub_1292)
      Call   @ 0D7A

12BD: Jump   @ 12B1
      Jump   @ 12AA

12C6: Jump   @ 129D
      Jump   @ 1296

12D8: Call   @ 2DF9   (sub_12D8)
      Call   @ 0D92

1307: Jump   @ 12F7
      Jump   @ 12F0

1311: Jump   @ 130B
      Jump   @ 1304
      Jump   @ 12FE

132D: Jump   @ 1322
      Jump   @ 131B

1336: Jump   @ 12E3
      Jump   @ 12DC

1348: Jump   @ 32EA   (sub_1348)
      Jump   @ 32E2
      Jump   @ 32DA
      Jump   @ 32D2
      Jump   @ 31BA

1355: Jump   @ 134D

135E: Call   @ 2C68   (sub_135E)
      Call   @ 2C44
      Call   @ 2C22
      Call   @ 2BB5
      Call   @ 2B9D
      Call   @ 2B89
      Call   @ 2B2A
      Call   @ 2B06
      Call   @ 2AB3
      Call   @ 2A48

1369: Jump   @ 136D

1371: Jump   @ 31EA   (sub_1371)

137E: Jump   @ 31E2   (sub_137E)

138B: Jump   @ 31DA   (sub_138B)

1398: Jump   @ 319A   (sub_1398)

13A5: Jump   @ 3192   (sub_13A5)

13B2: Jump   @ 31F2   (sub_13B2)

13BF: Jump   @ 32CA   (sub_13BF)

13CC: Jump   @ 32C2   (sub_13CC)

13D9: Jump   @ 32BA   (sub_13D9)

13E6: Jump   @ 329A   (sub_13E6)

13F6: Jump   @ 31B2   (sub_13F6)

140A: Jump   @ 13FF

1411: Jump   @ 1419

1440: Jump   @ 3222   (sub_1440)

144D: Jump   @ 31FA   (sub_144D)

145A: Jump   @ 3202   (sub_145A)

1467: Jump   @ 320A   (sub_1467)

1474: Jump   @ 3212   (sub_1474)

1481: Jump   @ 321A   (sub_1481)

148E: Jump   @ 3242   (sub_148E)

149B: Jump   @ 3292   (sub_149B)

14A8: Jump   @ 326A   (sub_14A8)

14B5: Jump   @ 32A2   (sub_14B5)

14C9: Jump   @ 14BE

14E1: Jump   @ 328A   (sub_14E1)

14EE: Jump   @ 32B2   (sub_14EE)

14FD: Jump   @ 14F7

1505: Jump   @ 323A   (sub_1505)

1521: Jump   @ 150E

1529: Jump   @ 3252   (sub_1529)

1545: Jump   @ 1532

154D: Jump   @ 324A   (sub_154D)

1569: Jump   @ 1556

1571: Jump   @ 3262   (sub_1571)

158D: Jump   @ 157A

1595: Jump   @ 325A   (sub_1595)

15B1: Jump   @ 159E

15B9: Jump   @ 3232   (sub_15B9)

15CC: Jump   @ 322A   (sub_15CC)

15D7: Jump   @ 31D2   (sub_15D7)

15E7: Jump   @ 31CA   (sub_15E7)

15F7: Jump   @ 31A2   (sub_15F7)

1604: Jump   @ 31AA   (sub_1604)

1611: Jump   @ 31C2   (sub_1611)

161E: Jump   @ 3172   (sub_161E)

1642: Jump   @ 1622

164A: Jump   @ 317A   (sub_164A)

1657: Jump   @ 1653

165A: Jump   @ 3182   (sub_165A)

1667: Jump   @ 1663

166A: Jump   @ 318A   (sub_166A)

1677: Jump   @ 32AA   (sub_1677)

1695: Jump   @ 1687

169B: Jump   @ 1680

169E: Jump   @ 3282   (sub_169E)

16B2: Jump   @ 16A7

16B5: Jump   @ 327A   (sub_16B5)

16C2: Jump   @ 16BE

16C5: Jump   @ 3272   (sub_16C5)

16D2: Jump   @ 16CE

16D5: Call   @ 2DF2   (host_cmd_dispatch)
      Call   @ 0D52

16EE: Jump   @ 16E9

2000: Imm    @ 16E1

2217: Call   @ 2D6C   (sub_2217)

222D: Call   @ 2D6F   (sub_222D)

2243: Call   @ 2D72   (sub_2243)

235A: Call   @ 2D5D   (sub_235A)

2376: Call   @ 2D60   (sub_2376)

2392: Call   @ 2D63   (sub_2392)

23AE: Call   @ 2D66   (sub_23AE)

23CA: Call   @ 2D69   (sub_23CA)

24C7: Call   @ 2DD3   (sub_24C7)

24D6: Call   @ 2D7B   (sub_24D6)
      Call   @ 281E

24E7: Call   @ 2D7E   (sub_24E7)
      Call   @ 2821

24F8: Call   @ 2D81   (sub_24F8)
      Call   @ 2824

2509: Call   @ 2D84   (sub_2509)
      Call   @ 2827

251A: Call   @ 2D87   (sub_251A)
      Call   @ 282A

2679: Call   @ 2D78   (sub_2679)

2734: Call   @ 2D75   (sub_2734)

27B3: Call   @ 35E0   (port87_bit5_clear)
      Call   @ 35A8
      Call   @ 27D7

27C0: Call   @ 35C7   (port87_bit5_set)
      Call   @ 3590
      Call   @ 2DCD

27E6: Jump   @ 27EA   (sub_27E6)
      Call   @ 1427

27ED: Call   @ 2DD0   (sub_27ED)

27F8: Jump   @ 27FB

2808: Jump   @ 280B

282D: Jump   @ 281B

2831: Call   @ 2BFF   (sub_2831)
      Call   @ 11FC

2851: Call   @ 2BF9   (sub_2851)
      Call   @ 120D
      Call   @ 0E44

2872: Jump   @ 286C

28A1: Call   @ 289D   (sub_28A1)

28AC: Jump   @ 28BE

28C1: Jump   @ 28B7

28CF: Jump   @ 28D3

28E3: Call   @ 28DF   (sub_28E3)

28EE: Jump   @ 2900

2903: Jump   @ 28F9

2911: Jump   @ 2915

2949: Call   @ 2945   (sub_2949)
      Call   @ 142D

2954: Jump   @ 2966

2969: Jump   @ 295F

2977: Jump   @ 297B

29AC: Jump   @ 29B0

29D1: Jump   @ 29D5

29E1: Call   @ 2C79   (sub_29E1)

2A5C: Jump   @ 2A58

2A62: Jump   @ 2A5E

2A68: Jump   @ 2A64

2A88: Jump   @ 2A6B

2A90: Jump   @ 2A7D

2A98: Jump   @ 2A70

2AA0: Jump   @ 2A8D

2AA8: Jump   @ 2A9D
      Jump   @ 2A75

2AC7: Jump   @ 2AC3

2ACD: Jump   @ 2AC9

2AD3: Jump   @ 2ACF

2AEB: Jump   @ 2AE0
      Jump   @ 2AD6

2AF3: Jump   @ 2ADB

2B19: Jump   @ 2B58

2B27: Jump   @ 2B3F

2B42: Jump   @ 2B3C

2B5B: Jump   @ 2B4E

2B63: Jump   @ 2B35
      Jump   @ 2B11

2B73: Call   @ 2B55   (sub_2B73)

2B7E: Jump   @ 2B82

2B9A: Jump   @ 2BA8

2BAB: Jump   @ 2BC0

2BC6: Jump   @ 2BAF
      Jump   @ 2B94

2BC7: Jump   @ 2BE8   (sub_2BC7)
      Jump   @ 2BD9
      Jump   @ 2BD2

2BEB: Jump   @ 2C14   (sub_2BEB)
      Jump   @ 2C06

2BFF: Jump   @ 2BF6

2C17: Jump   @ 2D59
      Jump   @ 2BFC
      Jump   @ 2BEF
      Jump   @ 2BCB

2C1F: Call   @ 2D4E   (sub_2C1F)
      Call   @ 2BF2
      Call   @ 2BC7

2C3F: Jump   @ 2C39
      Jump   @ 2C2F

2C41: Call   @ 2C02   (sub_2C41)
      Call   @ 2BCE

2C5C: Jump   @ 2C51

2C65: Call   @ 2BD5   (sub_2C65)

2C79: Jump   @ 2C73

2CC7: Call   @ 2CC3   (sub_2CC7)
      Call   @ 2CBD
      Call   @ 2CB7
      Call   @ 2CB1
      Call   @ 2CAB
      Call   @ 2CA5
      Call   @ 2C9F
      Call   @ 2C99
      Call   @ 2C93
      Call   @ 2C8D
      Call   @ 2C87

2CD6: Jump   @ 2CF6

2CF9: Jump   @ 2CF3
      Jump   @ 2CEC
      Jump   @ 2CE5

2CFB: Call   @ 2C11   (sub_2CFB)
      Call   @ 2BDC

2D3B: Call   @ 2D37   (sub_2D3B)
      Call   @ 2D31
      Call   @ 2D2B
      Call   @ 2D25
      Call   @ 2D1F
      Call   @ 2D19
      Call   @ 2D13
      Call   @ 2D0D
      Call   @ 2D07
      Call   @ 2D01
      Call   @ 2CFB
      Call   @ 2C5F
      Call   @ 2C57

2D41: Call   @ 2C82   (sub_2D41)
      Call   @ 2BE5

2D46: Jump   @ 2D55

2D58: Jump   @ 2D52

2DA7: Jump   @ 2DC0   (sub_2DA7)
      Jump   @ 2DAC

2DC3: Jump   @ 2DB7   (sub_2DC3)

2DE1: Jump   @ 2DD6   (sub_2DE1)

2DEC: Jump   @ 2E0D

2E10: Call   @ 2DEC   (sub_2E10)

2E37: Jump   @ 2E3B

2E42: Jump   @ 2E46

2E54: Call   @ 0A4D   (input_port03_read)

2E62: Call   @ 2E15   (input_port03_read_tick)
      Call   @ 2CDE
      Call   @ 135A
      Call   @ 0D4C

2E73: Imm    @ 331D   (sw_strobe_col0)
      Imm    @ 3311
      Imm    @ 3305
      Imm    @ 32F9
      Imm    @ 32ED
      Call   @ 2C1F
      Call   @ 2B27
      Call   @ 2B03
      Call   @ 2A45
      Call   @ 28EE
      Call   @ 28AC
      Imm    @ 046E

2E83: Call   @ 2954   (sw_strobe_col1)
      Call   @ 1411

2EA3: Call   @ 2C65   (sw_strobe_col3)

2EB3: Call   @ 2C41   (sw_strobe_col4)
      Call   @ 2BB2
      Call   @ 2B9A
      Call   @ 2B86
      Call   @ 2AB0

2EC3: Imm    @ 3329   (sw_strobe_col5)

2ED3: Imm    @ 2FE0   (sw_read_col0)
      Imm    @ 2E77

2EDF: Jump   @ 2ED7

2F01: Imm    @ 2EFA   (sw_read_col1)
      Imm    @ 2E87

2F0D: Jump   @ 2F05

2F2F: Imm    @ 2F28   (sw_read_col2)
      Imm    @ 2E97

2F3B: Jump   @ 2F33

2F5D: Imm    @ 2F56   (sw_read_col3)
      Imm    @ 2EA7

2F69: Jump   @ 2F61

2F8B: Imm    @ 2F84   (sw_read_col4)
      Imm    @ 2EB7

2F97: Jump   @ 2F8F

2FB9: Imm    @ 2FB2   (sw_read_col5)
      Imm    @ 2EC7

2FC5: Jump   @ 2FBD

2FE7: Call   @ 2EF3   (sw_col0_changed)

3028: Call   @ 2F21   (sw_col1_changed)

3069: Call   @ 2F4F   (sw_col2_changed)

30AA: Call   @ 2F7D   (sw_col3_changed)

30EB: Call   @ 2FAB   (sw_col4_changed)

312C: Call   @ 2FD9   (sw_col5_changed)

316D: Call   @ 2FEC

3175: Call   @ 2FF4

317D: Call   @ 2FFC

3185: Call   @ 3004

318D: Call   @ 300C

3195: Call   @ 3014

319D: Call   @ 301C

31A5: Jump   @ 3024

31AD: Call   @ 302D

31B5: Call   @ 3035

31BD: Call   @ 303D

31C5: Call   @ 3045

31CD: Call   @ 304D

31D5: Call   @ 3055

31DD: Call   @ 305D

31E5: Jump   @ 3065

31ED: Call   @ 306E

31F5: Call   @ 3076

31FD: Call   @ 307E

3205: Call   @ 3086

320D: Call   @ 308E

3215: Call   @ 3096

321D: Call   @ 309E

3225: Jump   @ 30A6

322D: Call   @ 30AF

3235: Call   @ 30B7

323D: Call   @ 30BF

3245: Call   @ 30C7

324D: Call   @ 30CF

3255: Call   @ 30D7

325D: Call   @ 30DF

3265: Jump   @ 30E7

326D: Call   @ 30F0

3275: Call   @ 30F8

327D: Call   @ 3100

3285: Call   @ 3108

328D: Call   @ 3110

3295: Call   @ 3118

329D: Call   @ 3120

32A5: Jump   @ 3128

32AD: Call   @ 3131

32B5: Call   @ 3139

32BD: Call   @ 3141

32C5: Call   @ 3149

32CD: Call   @ 3151

32D5: Call   @ 3159

32DD: Call   @ 3161

32E5: Jump   @ 3169

32ED: Call   @ 2C25   (sub_32ED)
      Call   @ 2B2D
      Call   @ 2B09
      Call   @ 2A4B
      Call   @ 28F1
      Call   @ 28AF

32F9: Call   @ 2957   (sub_32F9)
      Call   @ 1414

3311: Call   @ 2C6B   (sub_3311)

331D: Call   @ 2C47   (sub_331D)
      Call   @ 2BB8
      Call   @ 2BA0
      Call   @ 2B8C
      Call   @ 2AB6

3335: Call   @ 0A4A   (sub_3335)

3341: Jump   @ 3339

337A: Ptr    @ 338D   (___BDATA_0010)

337B: Ptr    @ 339E

337C: Ptr    @ 33AF

337D: Ptr    @ 33C0

337E: Ptr    @ 33D1

337F: Ptr    @ 33E2

3380: Ptr    @ 33F3

3381: Ptr    @ 3404

3382: Ptr    @ 3415

3394: Call   @ 166C   (sub_3394)
      Call   @ 165C
      Call   @ 164C
      Call   @ 1644
      Call   @ 160B
      Call   @ 15FE
      Call   @ 13A7
      Call   @ 139A

33A5: Call   @ 1618   (sub_33A5)
      Call   @ 15E9
      Call   @ 15D9
      Call   @ 14D6
      Call   @ 13F8
      Call   @ 138D
      Call   @ 1380
      Call   @ 1373

33B6: Call   @ 15CE   (sub_33B6)
      Call   @ 1483
      Call   @ 1476
      Call   @ 1469
      Call   @ 145C
      Call   @ 144F
      Call   @ 1442
      Call   @ 13B4

33C7: Call   @ 1597   (sub_33C7)
      Call   @ 1573
      Call   @ 154F
      Call   @ 152B
      Call   @ 1507
      Call   @ 14AA
      Call   @ 1490

33D8: Call   @ 16C7   (sub_33D8)
      Call   @ 16B7
      Call   @ 16A0
      Call   @ 1679
      Call   @ 14E3
      Call   @ 14B7
      Call   @ 149D
      Call   @ 13E8

33E9: Call   @ 14F0   (sub_33E9)
      Call   @ 13DB
      Call   @ 13CE
      Call   @ 13C1

33FA: Call   @ 1287   (sub_33FA)
      Call   @ 127A
      Call   @ 125D
      Call   @ 0D32

3446: Call   @ 0A47   (lamp_scan_tick)

3457: Imm    @ 34C7   (lamp_col0_out)
      Imm    @ 0474

3467: Imm    @ 3457   (lamp_col1_out)

3477: Imm    @ 3467   (lamp_col2_out)

3487: Imm    @ 3477   (lamp_col3_out)

3497: Imm    @ 3487   (lamp_col4_out)

34A7: Imm    @ 3497   (lamp_col5_out)

34B7: Imm    @ 34A7   (lamp_col6_out)

34C7: Imm    @ 34B7   (lamp_col7_out)

34D7: Call   @ 344D   (sub_34D7)

3504: Jump   @ 34E3

3511: Jump   @ 3508

351E: Jump   @ 3515

3524: Call   @ 3535
      Jump   @ 34F3

3534: Call   @ 2E4A   (sub_3534)
      Call   @ 2DCA

353A: Call   @ 3450   (sub_353A)

3594: Jump   @ 354C

35AC: Jump   @ 353E

35CB: Jump   @ 35B7

35E4: Jump   @ 35D4

368C: Call   @ 2E50   (sub_368C)

36A7: Call   @ 286F   (sub_36A7)
      Call   @ 040D

36DD: Call   @ 2E3F   (sub_36DD)

36F8: Call   @ 15AE   (sub_36F8)
      Call   @ 158A
      Call   @ 1566
      Call   @ 1542
      Call   @ 151E

3713: Call   @ 14FA   (sub_3713)

372E: Call   @ 29F4   (sub_372E)

3749: Call   @ 1695   (sub_3749)
      Call   @ 168A

3764: Call   @ 15D1   (sub_3764)

377F: Call   @ 13EB   (sub_377F)

379A: Call   @ 0A36   (sub_379A)

37A9: Call   @ 344A   (anim24_dispatch)

37C2: Jump   @ 37BB

37C3: Jump   @ 37BF

37D4: Call   @ 0A3E   (sub_37D4)

37E2: Imm    @ 37C6   (___BDATA_0011)

3812: Call   @ 0D70   (anim78_dispatch)

381E: Jump   @ 3817

381F: Jump   @ 381B

3830: Imm    @ 3822   (___BDATA_0012)

38CC: Imm    @ 3606

39AE: Imm    @ 35EB

3A90: Imm    @ 363C

3B7A: Imm    @ 3621

3C5C: Imm    @ 3657

3D9E: Imm    @ 3672

3EB0: Imm    @ 368D

3EEA: Imm    @ 36A8

41FC: Imm    @ 36C3

451E: Imm    @ 36DE

4B68: Imm    @ 36F9

4BA2: Imm    @ 3765

4C24: Imm    @ 374A

4D2E: Imm    @ 3780

4DF0: Imm    @ 3714

4EEA: Imm    @ 372F

C000: Ptr    @ 043E

C001: Ptr    @ 0CB2
      Ptr    @ 0CAA
      Ptr    @ 0C9E
      Ptr    @ 0445
      Ptr    @ 01EA
      Ptr    @ 01E5
      Ptr    @ 01E0
      Ptr    @ 01DB
      Ptr    @ 01CE
      Ptr    @ 01C9
      Ptr    @ 01C6
      Ptr    @ 01BD
      Ptr    @ 01AB
      Ptr    @ 01A6
      Ptr    @ 0198
      Ptr    @ 0190
      Ptr    @ 0189
      Ptr    @ 0172
      Ptr    @ 016D
      Ptr    @ 015F
      Ptr    @ 0157
      Ptr    @ 0150
      Ptr    @ 013D
      Ptr    @ 0136
      Ptr    @ 0133
      Ptr    @ 012C
      Ptr    @ 0124
      Ptr    @ 011D
      Ptr    @ 0110
      Ptr    @ 010B
      Ptr    @ 0105
      Ptr    @ 0100
      Ptr    @ 0099
      Ptr    @ 0092
      Ptr    @ 0087
      Ptr    @ 0080

C002: Ptr    @ 0454

C003: Ptr    @ 0430

C004: Ptr    @ 0437

C005: Ptr    @ 0B19
      Ptr    @ 0B14
      Ptr    @ 0AB6
      Ptr    @ 0AB1
      Ptr    @ 08A0
      Ptr    @ 089B
      Ptr    @ 0807
      Ptr    @ 0802
      Ptr    @ 07EB
      Ptr    @ 07E6
      Ptr    @ 06E6
      Ptr    @ 06E1
      Ptr    @ 06D4
      Ptr    @ 06CD
      Ptr    @ 06B2
      Ptr    @ 06AB
      Ptr    @ 068C
      Ptr    @ 0685
      Ptr    @ 0678
      Ptr    @ 0671
      Ptr    @ 065F
      Ptr    @ 0658
      Ptr    @ 063D
      Ptr    @ 0636
      Ptr    @ 0620
      Ptr    @ 0619
      Ptr    @ 05FA
      Ptr    @ 05F3
      Ptr    @ 05D4
      Ptr    @ 05CD
      Ptr    @ 0424

C006: Ptr    @ 0C4E
      Ptr    @ 0C49
      Ptr    @ 0C2D
      Ptr    @ 0C28
      Ptr    @ 0C0C
      Ptr    @ 0C07
      Ptr    @ 0BEB
      Ptr    @ 0BE6
      Ptr    @ 0BCA
      Ptr    @ 0BC5
      Ptr    @ 0BA9
      Ptr    @ 0BA4
      Ptr    @ 0AF8
      Ptr    @ 0AF3
      Ptr    @ 0AD7
      Ptr    @ 0AD2
      Ptr    @ 088F
      Ptr    @ 088A
      Ptr    @ 087E
      Ptr    @ 0879
      Ptr    @ 086D
      Ptr    @ 0868
      Ptr    @ 085C
      Ptr    @ 0857
      Ptr    @ 084B
      Ptr    @ 0846
      Ptr    @ 083A
      Ptr    @ 0835
      Ptr    @ 0829
      Ptr    @ 0824
      Ptr    @ 0818
      Ptr    @ 0813
      Ptr    @ 07CE
      Ptr    @ 07C9
      Ptr    @ 07B1
      Ptr    @ 07AC
      Ptr    @ 0794
      Ptr    @ 078F
      Ptr    @ 0777
      Ptr    @ 0772
      Ptr    @ 075A
      Ptr    @ 0755
      Ptr    @ 073D
      Ptr    @ 0738
      Ptr    @ 0720
      Ptr    @ 071B
      Ptr    @ 0703
      Ptr    @ 06FE
      Ptr    @ 0429

C007: Ptr    @ 2863
      Ptr    @ 285E
      Ptr    @ 2837
      Ptr    @ 2832
      Ptr    @ 27C6
      Ptr    @ 27C1
      Ptr    @ 27B9
      Ptr    @ 27B4
      Ptr    @ 10F4
      Ptr    @ 10EE
      Ptr    @ 0DF0
      Ptr    @ 0DEA
      Ptr    @ 041D

C008: Ptr    @ 0C7B
      Ptr    @ 0C76
      Ptr    @ 0B46
      Ptr    @ 0B41
      Ptr    @ 0A2F
      Ptr    @ 0A2A
      Ptr    @ 0A23
      Ptr    @ 0A1E
      Ptr    @ 0A17
      Ptr    @ 0A12
      Ptr    @ 0A0B
      Ptr    @ 0A06
      Ptr    @ 09FF
      Ptr    @ 09FA
      Ptr    @ 09F3
      Ptr    @ 09EE
      Ptr    @ 09E5
      Ptr    @ 09E0
      Ptr    @ 09CC
      Ptr    @ 09C7
      Ptr    @ 09B3
      Ptr    @ 09AE
      Ptr    @ 0999
      Ptr    @ 0994
      Ptr    @ 0986
      Ptr    @ 0981
      Ptr    @ 0968
      Ptr    @ 0963
      Ptr    @ 094F
      Ptr    @ 094A
      Ptr    @ 093C
      Ptr    @ 0937
      Ptr    @ 0923
      Ptr    @ 091E
      Ptr    @ 0910
      Ptr    @ 090B
      Ptr    @ 08F7
      Ptr    @ 08F2
      Ptr    @ 08E4
      Ptr    @ 08DF
      Ptr    @ 08CB
      Ptr    @ 08C6
      Ptr    @ 08B8
      Ptr    @ 08B3
      Ptr    @ 044C
      Ptr    @ 0193
      Ptr    @ 015A

C009: Ptr    @ 12B4
      Imm    @ 0D80
      Ptr    @ 0A64
      Ptr    @ 064F
      Ptr    @ 0626
      Ptr    @ 05CA
      Imm    @ 045A

C00A: Ptr    @ 12FA
      Imm    @ 0D98
      Ptr    @ 0B72
      Ptr    @ 066B
      Ptr    @ 0643
      Ptr    @ 05F0

C00B: Ptr    @ 1325
      Ptr    @ 0A7F
      Ptr    @ 06C4
      Ptr    @ 06B8
      Ptr    @ 0682

C00C: Ptr    @ 12BD
      Ptr    @ 0D7D
      Ptr    @ 0B4C
      Ptr    @ 0652
      Ptr    @ 0616
      Ptr    @ 05E3

C00D: Ptr    @ 1307
      Ptr    @ 0D95
      Ptr    @ 0C81
      Ptr    @ 0668
      Ptr    @ 0633
      Ptr    @ 0609

C00E: Ptr    @ 132D
      Ptr    @ 0B58
      Ptr    @ 06C7
      Ptr    @ 06A8
      Ptr    @ 069B

C00F: Ptr    @ 1511
      Ptr    @ 0AAE
      Ptr    @ 0A9A
      Ptr    @ 07FF
      Ptr    @ 06DE

C010: Ptr    @ 1535
      Ptr    @ 0ACF
      Ptr    @ 0ABB
      Ptr    @ 0810
      Ptr    @ 06FB

C011: Ptr    @ 1559
      Ptr    @ 0AF0
      Ptr    @ 0ADC
      Ptr    @ 0821
      Ptr    @ 0718

C012: Ptr    @ 157D
      Ptr    @ 0BA1
      Ptr    @ 0B8D
      Ptr    @ 0832
      Ptr    @ 0735

C013: Ptr    @ 15A1
      Ptr    @ 0BC2
      Ptr    @ 0BAE
      Ptr    @ 0843
      Ptr    @ 0752

C014: Ptr    @ 08B0

C015: Ptr    @ 0C04
      Ptr    @ 0BF0
      Ptr    @ 0865
      Ptr    @ 078C

C016: Ptr    @ 0C25
      Ptr    @ 0C11
      Ptr    @ 0876
      Ptr    @ 07A9

C017: Ptr    @ 2BAB
      Ptr    @ 0C46
      Ptr    @ 0C32
      Ptr    @ 0887
      Ptr    @ 07C6

C018: Ptr    @ 0BE3
      Ptr    @ 0BCF
      Ptr    @ 0854
      Ptr    @ 076F

C019: Ptr    @ 0B11
      Ptr    @ 0AFD
      Ptr    @ 0898
      Ptr    @ 07E3

C01A: Ptr    @ 08DC

C01B: Ptr    @ 0C73
      Ptr    @ 0C53
      Ptr    @ 0908

C01C: Ptr    @ 0934

C01D: Ptr    @ 0B3E
      Ptr    @ 0B1E
      Ptr    @ 097E
      Ptr    @ 0960

C01E: Ptr    @ 09A5
      Ptr    @ 04D7

C01F: Ptr    @ 09BE
      Ptr    @ 04DA

C020: Ptr    @ 09D7
      Ptr    @ 04DD

C021: Ptr    @ 04E0

C022: Ptr    @ 35DC
      Ptr    @ 35C3
      Ptr    @ 35A4
      Ptr    @ 358C
      Ptr    @ 27D4
      Ptr    @ 27CF
      Ptr    @ 0567

C023: Imm    @ 0A70
      Ptr    @ 05DC

C024: Imm    @ 0B7E
      Ptr    @ 0602

C025: Imm    @ 0A8B
      Ptr    @ 0694

C026: Imm    @ 0AA6
      Ptr    @ 06EE

C027: Imm    @ 0AC7
      Ptr    @ 070B

C028: Imm    @ 0AE8
      Ptr    @ 0728

C029: Imm    @ 0B99
      Ptr    @ 0745

C02A: Imm    @ 0BBA
      Ptr    @ 0762

C02B: Ptr    @ 08AB

C02D: Imm    @ 0BFC
      Ptr    @ 079C

C02E: Imm    @ 0C1D
      Ptr    @ 07B9

C02F: Imm    @ 0C3E
      Ptr    @ 07D6

C030: Imm    @ 0BDB
      Ptr    @ 077F

C031: Imm    @ 0B09
      Ptr    @ 07F3

C032: Ptr    @ 08D7

C034: Ptr    @ 0C6C
      Ptr    @ 0C5F
      Ptr    @ 0903

C036: Ptr    @ 092F

C038: Ptr    @ 0B37
      Ptr    @ 0B2A
      Ptr    @ 0979
      Ptr    @ 095B

C03A: Ptr    @ 09AB

C03B: Ptr    @ 09C4

C03C: Ptr    @ 09DD

C03E: Ptr    @ 0491

C040: Ptr    @ 048E

C044: Ptr    @ 0B6F
      Ptr    @ 0A61
      Ptr    @ 0A58
      Ptr    @ 04F5

C045: Imm    @ 0C97
      Ptr    @ 056F
      Imm    @ 01B0
      Imm    @ 0184
      Imm    @ 0177
      Imm    @ 014B
      Imm    @ 009E

C046: Ptr    @ 0D2C
      Ptr    @ 0D24
      Ptr    @ 0D20

C047: Ptr    @ 1357
      Ptr    @ 1351
      Ptr    @ 1349

C048: Ptr    @ 2B52
      Ptr    @ 2B4A
      Ptr    @ 2B16

C049: Ptr    @ 1632
      Ptr    @ 0CF1
      Ptr    @ 0CE4
      Ptr    @ 0494

C04B: Ptr    @ 1637
      Ptr    @ 162A
      Ptr    @ 0CF7

C04C: Ptr    @ 2E2F
      Ptr    @ 2E20
      Ptr    @ 2DE9
      Ptr    @ 2D3E
      Ptr    @ 2CCA
      Ptr    @ 2C7F
      Ptr    @ 2BE2
      Ptr    @ 2B1C
      Ptr    @ 296F
      Ptr    @ 294C
      Ptr    @ 2909
      Ptr    @ 28E6
      Ptr    @ 28C7
      Ptr    @ 28A4
      Ptr    @ 27DE
      Ptr    @ 141F
      Imm    @ 11E4
      Imm    @ 11C0
      Imm    @ 11AF
      Imm    @ 118B
      Imm    @ 117A
      Imm    @ 1156
      Imm    @ 1145
      Imm    @ 1121
      Imm    @ 1110
      Imm    @ 10E4
      Ptr    @ 0CC5
      Ptr    @ 0CB8
      Ptr    @ 0488

C04E: Ptr    @ 2E37
      Ptr    @ 2E34
      Ptr    @ 2E1A
      Ptr    @ 2E10
      Ptr    @ 2DE3
      Ptr    @ 2D46
      Ptr    @ 2D43
      Ptr    @ 2CD6
      Ptr    @ 2CD3
      Ptr    @ 2B38
      Ptr    @ 2B21
      Ptr    @ 2977
      Ptr    @ 2974
      Ptr    @ 2962
      Ptr    @ 2951
      Ptr    @ 2911
      Ptr    @ 290E
      Ptr    @ 28FC
      Ptr    @ 28EB
      Ptr    @ 28CF
      Ptr    @ 28CC
      Ptr    @ 28BA
      Ptr    @ 28A9
      Ptr    @ 27E6
      Ptr    @ 27E3
      Ptr    @ 1424
      Ptr    @ 11EE
      Ptr    @ 11EB
      Ptr    @ 11D5
      Ptr    @ 11C7
      Ptr    @ 11B9
      Ptr    @ 11B6
      Ptr    @ 11A0
      Ptr    @ 1192
      Ptr    @ 1184
      Ptr    @ 1181
      Ptr    @ 116B
      Ptr    @ 115D
      Ptr    @ 114F
      Ptr    @ 114C
      Ptr    @ 1136
      Ptr    @ 1128
      Ptr    @ 111A
      Ptr    @ 1117
      Ptr    @ 1100
      Ptr    @ 10EB
      Ptr    @ 0CCB
      Ptr    @ 0498

C04F: Ptr    @ 2B76
      Ptr    @ 29E4
      Ptr    @ 29C6
      Ptr    @ 29A1
      Ptr    @ 15C1
      Ptr    @ 1361
      Ptr    @ 1268
      Ptr    @ 0CDB
      Ptr    @ 0CCE
      Ptr    @ 048B

C051: Ptr    @ 2B7E
      Ptr    @ 2B7B
      Ptr    @ 29E9
      Ptr    @ 29D1
      Ptr    @ 29CB
      Ptr    @ 29AC
      Ptr    @ 29A6
      Ptr    @ 15C6
      Ptr    @ 15B9
      Ptr    @ 1369
      Ptr    @ 1366
      Ptr    @ 126D
      Ptr    @ 1260
      Ptr    @ 0CE1
      Ptr    @ 049B

C052: Ptr    @ 2D99
      Ptr    @ 0A50
      Ptr    @ 049E

C053: Ptr    @ 04F2
      Ptr    @ 04A1

C054: Ptr    @ 2A41
      Ptr    @ 2A3C
      Ptr    @ 1625
      Ptr    @ 04E6

C055: Ptr    @ 2891
      Ptr    @ 288C
      Ptr    @ 285B
      Ptr    @ 284C
      Ptr    @ 15A6
      Ptr    @ 1582
      Ptr    @ 155E
      Ptr    @ 153A
      Ptr    @ 1516

C056: Ptr    @ 2853
      Ptr    @ 283E
      Ptr    @ 0DC4
      Ptr    @ 0D62
      Ptr    @ 0504

C057: Ptr    @ 04EC

C058: Ptr    @ 052E

C059: Ptr    @ 04E9

C05A: Ptr    @ 2998
      Ptr    @ 2993
      Ptr    @ 140B
      Ptr    @ 13FB
      Ptr    @ 0A3A
      Ptr    @ 052B

C05B: Ptr    @ 1435
      Ptr    @ 140E
      Ptr    @ 1311
      Ptr    @ 0DA9
      Ptr    @ 05AC

C05C: Ptr    @ 2A30
      Ptr    @ 2A2B
      Ptr    @ 1683
      Ptr    @ 0513

C05D: Ptr    @ 2A1E
      Ptr    @ 2A19
      Ptr    @ 14BA
      Ptr    @ 0516

C05E: Ptr    @ 056A

C05F: Ptr    @ 2B68
      Ptr    @ 2B47
      Ptr    @ 29DD
      Ptr    @ 29B7
      Ptr    @ 298D
      Ptr    @ 2939
      Ptr    @ 2927
      Ptr    @ 2858
      Ptr    @ 2843
      Ptr    @ 11FF
      Ptr    @ 0FEB
      Ptr    @ 0FE8
      Ptr    @ 0FD6
      Ptr    @ 0FD3
      Ptr    @ 0FC1
      Ptr    @ 0FBE
      Ptr    @ 0FAC
      Ptr    @ 0FA9
      Ptr    @ 0F97
      Ptr    @ 0F94
      Ptr    @ 0F7F
      Ptr    @ 0F7C
      Ptr    @ 0F6A
      Ptr    @ 0F67
      Ptr    @ 0F55
      Ptr    @ 0F52
      Ptr    @ 0F40
      Ptr    @ 0F3D
      Ptr    @ 0F2B
      Ptr    @ 0F28
      Ptr    @ 0F13
      Ptr    @ 0F10
      Ptr    @ 0EFE
      Ptr    @ 0EFB
      Ptr    @ 0EE9
      Ptr    @ 0EE6
      Ptr    @ 0ED4
      Ptr    @ 0ED1
      Ptr    @ 0EBF
      Ptr    @ 0EBC
      Ptr    @ 0EA7
      Ptr    @ 0EA4
      Ptr    @ 0E92
      Ptr    @ 0E8F
      Ptr    @ 0E7D
      Ptr    @ 0E7A
      Ptr    @ 0E68
      Ptr    @ 0E65
      Ptr    @ 0E53
      Ptr    @ 0E50
      Ptr    @ 0E3D
      Ptr    @ 0E33
      Ptr    @ 0E2D
      Ptr    @ 0DDE
      Ptr    @ 0D02
      Ptr    @ 0CFA
      Ptr    @ 0C8A
      Ptr    @ 0C5C
      Ptr    @ 0C3B
      Ptr    @ 0C1A
      Ptr    @ 0BF9
      Ptr    @ 0BD8
      Ptr    @ 0BB7
      Ptr    @ 0B96
      Ptr    @ 0B7B
      Ptr    @ 0B61
      Ptr    @ 0B55
      Ptr    @ 0B27
      Ptr    @ 0B06
      Ptr    @ 0AE5
      Ptr    @ 0AC4
      Ptr    @ 0AA3
      Ptr    @ 0A88
      Ptr    @ 0A6D
      Ptr    @ 098E
      Ptr    @ 0970
      Ptr    @ 0944
      Ptr    @ 0918
      Ptr    @ 08EC
      Ptr    @ 08C0
      Ptr    @ 07F8
      Ptr    @ 07DB
      Ptr    @ 07BE
      Ptr    @ 07A1
      Ptr    @ 0784
      Ptr    @ 0767
      Ptr    @ 074A
      Ptr    @ 072D
      Ptr    @ 0710
      Ptr    @ 06F3
      Ptr    @ 06BD
      Ptr    @ 06A0
      Ptr    @ 0648
      Ptr    @ 062B
      Ptr    @ 060E
      Ptr    @ 05E8
      Ptr    @ 05B2

C060: Ptr    @ 11CD
      Ptr    @ 1198
      Ptr    @ 1163
      Ptr    @ 112E
      Ptr    @ 0FF5
      Ptr    @ 0FE0
      Ptr    @ 0FCB
      Ptr    @ 0FB6
      Ptr    @ 0FA1
      Ptr    @ 0F89
      Ptr    @ 0F74
      Ptr    @ 0F5F
      Ptr    @ 0F4A
      Ptr    @ 0F35
      Ptr    @ 0F1D
      Ptr    @ 0F08
      Ptr    @ 0EF3
      Ptr    @ 0EDE
      Ptr    @ 0EC9
      Ptr    @ 0EB1
      Ptr    @ 0E9C
      Ptr    @ 0E87
      Ptr    @ 0E72
      Ptr    @ 0E5D
      Ptr    @ 0E23
      Ptr    @ 0E19
      Ptr    @ 0E10
      Ptr    @ 0E07
      Ptr    @ 01D8

C061: Imm    @ 0464

C062: Ptr    @ 12AD
      Ptr    @ 0DC9
      Ptr    @ 0A7C
      Ptr    @ 0655
      Ptr    @ 05E0
      Ptr    @ 0519

C063: Ptr    @ 12F3
      Ptr    @ 0DD0
      Ptr    @ 0B8A
      Ptr    @ 066E
      Ptr    @ 0606
      Ptr    @ 051C

C064: Ptr    @ 131E
      Ptr    @ 0DD7
      Ptr    @ 0A97
      Ptr    @ 06CA
      Ptr    @ 0698

C065: Ptr    @ 1005
      Ptr    @ 0FFE
      Ptr    @ 051F

C066: Ptr    @ 1018
      Ptr    @ 1011
      Ptr    @ 0522

C067: Ptr    @ 102B
      Ptr    @ 1024

C068: Ptr    @ 2DDA
      Ptr    @ 2DC7
      Ptr    @ 2A22
      Ptr    @ 2A10
      Ptr    @ 29EF
      Ptr    @ 297F
      Ptr    @ 293D
      Ptr    @ 292B
      Ptr    @ 2919
      Ptr    @ 28D7
      Ptr    @ 2895
      Ptr    @ 2868
      Ptr    @ 2817
      Ptr    @ 16CA
      Ptr    @ 16BA
      Ptr    @ 16A3
      Ptr    @ 167C
      Ptr    @ 166F
      Ptr    @ 165F
      Ptr    @ 164F
      Ptr    @ 161E
      Ptr    @ 1611
      Ptr    @ 1604
      Ptr    @ 15F7
      Ptr    @ 159A
      Ptr    @ 1576
      Ptr    @ 1552
      Ptr    @ 152E
      Ptr    @ 150A
      Ptr    @ 14F3
      Ptr    @ 12D8
      Ptr    @ 1292
      Ptr    @ 0D35
      Ptr    @ 0507

C069: Ptr    @ 287B
      Ptr    @ 2876
      Ptr    @ 12DF
      Ptr    @ 1299
      Ptr    @ 050A

C06A: Ptr    @ 2886
      Ptr    @ 2881
      Ptr    @ 12E6
      Ptr    @ 12A0
      Ptr    @ 0DB0
      Ptr    @ 04E3

C06B: Ptr    @ 050D

C06C: Ptr    @ 0510

C06D: Ptr    @ 12CD
      Ptr    @ 12C6
      Imm    @ 0D05
      Ptr    @ 0525

C06E: Ptr    @ 133D
      Ptr    @ 1336
      Ptr    @ 0528

C06F: Imm    @ 2AB9

C070: Imm    @ 2A4E

C072: Ptr    @ 2DB2
      Ptr    @ 2DA7
      Ptr    @ 16DE
      Ptr    @ 16D5
      Ptr    @ 047D
      Ptr    @ 0073

C074: Ptr    @ 0480
      Ptr    @ 007D
      Ptr    @ 0076
      Ptr    @ 0068

C076: Imm    @ 047A
      Imm    @ 0070

C0DB: Imm    @ 3399
      Imm    @ 3388
      Ptr    @ 32F5
      Ptr    @ 301F
      Ptr    @ 3017
      Ptr    @ 300F
      Ptr    @ 3007
      Ptr    @ 2FFF
      Ptr    @ 2FF7
      Ptr    @ 2FEF
      Ptr    @ 2FE7
      Ptr    @ 2EEE
      Ptr    @ 2C32
      Ptr    @ 2C28
      Ptr    @ 2B30
      Ptr    @ 2B0C
      Ptr    @ 2A98
      Ptr    @ 2A88
      Ptr    @ 2A78
      Ptr    @ 2A53
      Ptr    @ 28F4
      Ptr    @ 28B2
      Ptr    @ 12EB
      Ptr    @ 12A5
      Ptr    @ 0579

C0DC: Imm    @ 33AA
      Ptr    @ 3301
      Ptr    @ 3060
      Ptr    @ 3058
      Ptr    @ 3050
      Ptr    @ 3048
      Ptr    @ 3040
      Ptr    @ 3038
      Ptr    @ 3030
      Ptr    @ 3028
      Ptr    @ 2F1C
      Ptr    @ 295A
      Ptr    @ 1316
      Ptr    @ 057C

C0DD: Imm    @ 33BB
      Ptr    @ 330D
      Ptr    @ 30A1
      Ptr    @ 3099
      Ptr    @ 3091
      Ptr    @ 3089
      Ptr    @ 3081
      Ptr    @ 3079
      Ptr    @ 3071
      Ptr    @ 3069
      Ptr    @ 2F4A
      Ptr    @ 057F

C0DE: Imm    @ 33CC
      Ptr    @ 3319
      Ptr    @ 30E2
      Ptr    @ 30DA
      Ptr    @ 30D2
      Ptr    @ 30CA
      Ptr    @ 30C2
      Ptr    @ 30BA
      Ptr    @ 30B2
      Ptr    @ 30AA
      Ptr    @ 2F78
      Ptr    @ 2C6E
      Ptr    @ 0582

C0DF: Imm    @ 33DD
      Ptr    @ 3325
      Ptr    @ 3123
      Ptr    @ 311B
      Ptr    @ 3113
      Ptr    @ 310B
      Ptr    @ 3103
      Ptr    @ 30FB
      Ptr    @ 30F3
      Ptr    @ 30EB
      Ptr    @ 2FA6
      Ptr    @ 2C4A
      Ptr    @ 2BBB
      Ptr    @ 2BA3
      Ptr    @ 2B8F
      Ptr    @ 2ABE
      Ptr    @ 0585

C0E0: Imm    @ 33EE
      Ptr    @ 3331
      Ptr    @ 3164
      Ptr    @ 315C
      Ptr    @ 3154
      Ptr    @ 314C
      Ptr    @ 3144
      Ptr    @ 313C
      Ptr    @ 3134
      Ptr    @ 312C
      Ptr    @ 2FD4
      Ptr    @ 0588

C0E1: Ptr    @ 058B

C0E2: Ptr    @ 058E

C0E3: Imm    @ 3410
      Imm    @ 33FF
      Ptr    @ 2E6C
      Ptr    @ 2E5E
      Ptr    @ 2E03
      Ptr    @ 1252
      Ptr    @ 124A
      Ptr    @ 1242
      Ptr    @ 0D55
      Ptr    @ 0D15
      Ptr    @ 0591

C0E5: Ptr    @ 332C
      Ptr    @ 3320
      Ptr    @ 3314
      Ptr    @ 3308
      Ptr    @ 32FC
      Ptr    @ 32F0
      Ptr    @ 2FE3
      Ptr    @ 2FB5
      Ptr    @ 2F87
      Ptr    @ 2F59
      Ptr    @ 2F2B
      Ptr    @ 2EFD
      Ptr    @ 2ECA
      Ptr    @ 2EBA
      Ptr    @ 2EAA
      Ptr    @ 2E9A
      Ptr    @ 2E8A
      Ptr    @ 2E7A
      Ptr    @ 2E6F
      Ptr    @ 0471

C0E7: Ptr    @ 3341
      Imm    @ 2EE6
      Ptr    @ 054C

C0E8: Imm    @ 341C
      Imm    @ 3394
      Imm    @ 3383
      Imm    @ 3344
      Ptr    @ 0531

C0E9: Ptr    @ 3349
      Imm    @ 2F14
      Ptr    @ 054F

C0EA: Imm    @ 3422
      Imm    @ 33A5
      Imm    @ 334C
      Ptr    @ 0534

C0EB: Ptr    @ 3351
      Imm    @ 2F42
      Ptr    @ 0552

C0EC: Imm    @ 3428
      Imm    @ 33B6
      Imm    @ 3354
      Ptr    @ 0537

C0ED: Ptr    @ 3359
      Imm    @ 2F70
      Ptr    @ 0555

C0EE: Imm    @ 342E
      Imm    @ 33C7
      Imm    @ 335C
      Ptr    @ 053A

C0EF: Ptr    @ 3361
      Imm    @ 2F9E
      Ptr    @ 0558

C0F0: Imm    @ 3434
      Imm    @ 33D8
      Imm    @ 3364
      Ptr    @ 053D

C0F1: Ptr    @ 3369
      Imm    @ 2FCC
      Ptr    @ 055B

C0F2: Imm    @ 343A
      Imm    @ 33E9
      Imm    @ 336C
      Ptr    @ 0540

C0F3: Ptr    @ 055E

C0F4: Ptr    @ 0543

C0F5: Ptr    @ 0561

C0F6: Ptr    @ 0546

C0F7: Ptr    @ 3371
      Imm    @ 2E64
      Imm    @ 2E56
      Ptr    @ 0564

C0F8: Imm    @ 3440
      Imm    @ 340B
      Imm    @ 33FA
      Imm    @ 3374
      Ptr    @ 0549

C0F9: Ptr    @ 2FC7
      Ptr    @ 2FC1
      Ptr    @ 2FB9
      Ptr    @ 2F99
      Ptr    @ 2F93
      Ptr    @ 2F8B
      Ptr    @ 2F6B
      Ptr    @ 2F65
      Ptr    @ 2F5D
      Ptr    @ 2F3D
      Ptr    @ 2F37
      Ptr    @ 2F2F
      Ptr    @ 2F0F
      Ptr    @ 2F09
      Ptr    @ 2F01
      Ptr    @ 2EE1
      Ptr    @ 2EDB
      Ptr    @ 2ED3
      Ptr    @ 2ECF
      Ptr    @ 2EBF
      Ptr    @ 2EAF
      Ptr    @ 2E9F
      Ptr    @ 2E8F
      Ptr    @ 2E7F
      Ptr    @ 0574

C0FA: Ptr    @ 3418
      Ptr    @ 3407
      Ptr    @ 33F6
      Ptr    @ 33E5
      Ptr    @ 33D4
      Ptr    @ 33C3
      Ptr    @ 33B2
      Ptr    @ 33A1
      Ptr    @ 3390
      Ptr    @ 333D
      Ptr    @ 3335

C0FB: Ptr    @ 2CE1
      Ptr    @ 2CCE
      Ptr    @ 168F
      Ptr    @ 15F1
      Ptr    @ 15E1
      Ptr    @ 15B3
      Ptr    @ 158F
      Ptr    @ 156B
      Ptr    @ 1547
      Ptr    @ 1523
      Ptr    @ 14FF
      Ptr    @ 14E8
      Ptr    @ 14DB
      Ptr    @ 14CE
      Ptr    @ 14C3
      Ptr    @ 14AF
      Ptr    @ 14A2
      Ptr    @ 1495
      Ptr    @ 1488
      Ptr    @ 147B
      Ptr    @ 146E
      Ptr    @ 1461
      Ptr    @ 1454
      Ptr    @ 1447
      Ptr    @ 143A
      Ptr    @ 1404
      Ptr    @ 13F0
      Ptr    @ 13E0
      Ptr    @ 13D3
      Ptr    @ 13C6
      Ptr    @ 13B9
      Ptr    @ 13AC
      Ptr    @ 139F
      Ptr    @ 1392
      Ptr    @ 1385
      Ptr    @ 1378
      Ptr    @ 04A4

C0FC: Ptr    @ 32E7
      Ptr    @ 32DF
      Ptr    @ 32D7
      Ptr    @ 32CF
      Ptr    @ 32C7
      Ptr    @ 32BF
      Ptr    @ 32B7
      Ptr    @ 32AF
      Ptr    @ 32A7
      Ptr    @ 329F
      Ptr    @ 3297
      Ptr    @ 328F
      Ptr    @ 3287
      Ptr    @ 327F
      Ptr    @ 3277
      Ptr    @ 326F
      Ptr    @ 3267
      Ptr    @ 325F
      Ptr    @ 3257
      Ptr    @ 324F
      Ptr    @ 3247
      Ptr    @ 323F
      Ptr    @ 3237
      Ptr    @ 322F
      Ptr    @ 3227
      Ptr    @ 321F
      Ptr    @ 3217
      Ptr    @ 320F
      Ptr    @ 3207
      Ptr    @ 31FF
      Ptr    @ 31F7
      Ptr    @ 31EF
      Ptr    @ 31E7
      Ptr    @ 31DF
      Ptr    @ 31D7
      Ptr    @ 31CF
      Ptr    @ 31C7
      Ptr    @ 31BF
      Ptr    @ 31B7
      Ptr    @ 31AF
      Ptr    @ 31A7
      Ptr    @ 319F
      Ptr    @ 3197
      Ptr    @ 318F
      Ptr    @ 3187
      Ptr    @ 317F
      Ptr    @ 3177
      Ptr    @ 316F
      Ptr    @ 2E26
      Ptr    @ 2DBA
      Ptr    @ 2DA1
      Ptr    @ 2D91
      Ptr    @ 2C19
      Ptr    @ 2C0B
      Ptr    @ 2B6D
      Ptr    @ 2B5D
      Ptr    @ 2AFD
      Ptr    @ 2AF5
      Ptr    @ 2AED
      Ptr    @ 2AE5
      Ptr    @ 2AAA
      Ptr    @ 2AA2
      Ptr    @ 2A92
      Ptr    @ 2A82
      Ptr    @ 16AC
      Ptr    @ 163C
      Ptr    @ 1342
      Ptr    @ 12D2
      Ptr    @ 128C
      Ptr    @ 127F
      Ptr    @ 1272
      Ptr    @ 1212
      Ptr    @ 11DD
      Ptr    @ 11A8
      Ptr    @ 1173
      Ptr    @ 113E
      Ptr    @ 1108
      Ptr    @ 10DE
      Ptr    @ 1031
      Ptr    @ 101E
      Ptr    @ 100B
      Ptr    @ 0E48
      Ptr    @ 0D46
      Ptr    @ 0D3E
      Ptr    @ 0412
      Ptr    @ 0127

C0FF: Imm    @ 3599
      Imm    @ 3553
      Imm    @ 3528
      Imm    @ 2805
      Imm    @ 265F
      Imm    @ 2650
      Imm    @ 2627
      Imm    @ 261C
      Imm    @ 2616
      Imm    @ 260B
      Imm    @ 2605
      Imm    @ 25FA
      Imm    @ 25F4
      Imm    @ 25E9
      Imm    @ 25E3
      Imm    @ 25D8
      Imm    @ 25D2
      Imm    @ 25C7
      Imm    @ 25C1
      Imm    @ 25B6
      Imm    @ 25B0
      Imm    @ 25A5
      Ptr    @ 04A7

C100: Imm    @ 2664
      Imm    @ 2655
      Imm    @ 2649
      Imm    @ 263E
      Imm    @ 2638
      Imm    @ 262D
      Imm    @ 259F
      Imm    @ 2594
      Imm    @ 246F
      Imm    @ 2464
      Imm    @ 2459
      Imm    @ 244E
      Imm    @ 2443
      Imm    @ 2438
      Imm    @ 242D
      Imm    @ 2422
      Imm    @ 2417
      Imm    @ 240C
      Ptr    @ 04AA

C101: Imm    @ 2485
      Imm    @ 247A
      Ptr    @ 234B
      Ptr    @ 2346
      Ptr    @ 233A
      Ptr    @ 2335
      Imm    @ 2327
      Imm    @ 231C
      Imm    @ 2316
      Imm    @ 230B
      Imm    @ 2305
      Imm    @ 22FA
      Imm    @ 22F4
      Imm    @ 22E9
      Imm    @ 22E3
      Imm    @ 22D8
      Imm    @ 22D2
      Imm    @ 22C7
      Imm    @ 22C1
      Imm    @ 22B6
      Ptr    @ 04AD

C102: Imm    @ 2797
      Imm    @ 278C
      Imm    @ 2781
      Imm    @ 2776
      Imm    @ 276B
      Imm    @ 2760
      Imm    @ 2755
      Imm    @ 274A
      Imm    @ 26FB
      Imm    @ 26F0
      Imm    @ 26EA
      Imm    @ 26DF
      Imm    @ 26D9
      Imm    @ 26CE
      Imm    @ 26C8
      Imm    @ 26BD
      Imm    @ 26B7
      Imm    @ 26AC
      Imm    @ 26A6
      Imm    @ 269B
      Imm    @ 2695
      Imm    @ 268A
      Imm    @ 2684
      Imm    @ 2679
      Ptr    @ 04B0

C103: Imm    @ 27AD
      Imm    @ 27A2
      Imm    @ 273F
      Imm    @ 2734
      Imm    @ 272E
      Imm    @ 2723
      Imm    @ 271D
      Imm    @ 2712
      Imm    @ 270C
      Imm    @ 2701
      Imm    @ 249B
      Imm    @ 2490
      Imm    @ 223D
      Imm    @ 2232
      Imm    @ 2227
      Imm    @ 221C
      Imm    @ 2211
      Imm    @ 2206
      Ptr    @ 04B3

C104: Imm    @ 2589
      Imm    @ 257E
      Imm    @ 2573
      Imm    @ 2568
      Imm    @ 2562
      Imm    @ 2557
      Imm    @ 254C
      Imm    @ 2541
      Imm    @ 253B
      Imm    @ 2530
      Imm    @ 22AB
      Imm    @ 22A0
      Imm    @ 2295
      Imm    @ 228A
      Imm    @ 227F
      Imm    @ 2274
      Ptr    @ 04B6

C105: Imm    @ 24B1
      Imm    @ 24A6
      Imm    @ 2401
      Imm    @ 23F6
      Imm    @ 23EB
      Imm    @ 23E0
      Imm    @ 23D5
      Imm    @ 23CA
      Imm    @ 23C4
      Imm    @ 23B9
      Imm    @ 23AE
      Imm    @ 23A8
      Imm    @ 239D
      Imm    @ 2392
      Imm    @ 238C
      Imm    @ 2381
      Imm    @ 2376
      Imm    @ 2370
      Imm    @ 2365
      Imm    @ 235A
      Imm    @ 2354
      Ptr    @ 04B9

C106: Imm    @ 280E
      Ptr    @ 27EE
      Imm    @ 2525
      Imm    @ 251A
      Imm    @ 2514
      Imm    @ 2509
      Imm    @ 2503
      Imm    @ 24F8
      Imm    @ 24F2
      Imm    @ 24E7
      Imm    @ 24E1
      Imm    @ 24D6
      Imm    @ 24D0
      Imm    @ 24C1
      Imm    @ 2269
      Imm    @ 225E
      Imm    @ 2253
      Imm    @ 2248
      Ptr    @ 04BC

C107: Imm    @ 3556
      Imm    @ 27F5
      Imm    @ 266B
      Imm    @ 2622
      Imm    @ 2611
      Imm    @ 2600
      Imm    @ 25EF
      Imm    @ 25DE
      Imm    @ 25CD
      Imm    @ 25BC
      Imm    @ 25AB
      Ptr    @ 0594

C108: Imm    @ 2670
      Imm    @ 2644
      Imm    @ 2633
      Imm    @ 259A
      Imm    @ 258F
      Imm    @ 246A
      Imm    @ 245F
      Imm    @ 2454
      Imm    @ 2449
      Imm    @ 243E
      Imm    @ 2433
      Imm    @ 2428
      Imm    @ 241D
      Imm    @ 2412
      Imm    @ 2407
      Ptr    @ 0597

C109: Imm    @ 2480
      Imm    @ 2475
      Ptr    @ 2343
      Ptr    @ 233E
      Ptr    @ 2332
      Ptr    @ 232D
      Imm    @ 2322
      Imm    @ 2311
      Imm    @ 2300
      Imm    @ 22EF
      Imm    @ 22DE
      Imm    @ 22CD
      Imm    @ 22BC
      Imm    @ 22B1
      Ptr    @ 059A

C10A: Imm    @ 2792
      Imm    @ 2787
      Imm    @ 277C
      Imm    @ 2771
      Imm    @ 2766
      Imm    @ 275B
      Imm    @ 2750
      Imm    @ 2745
      Imm    @ 26F6
      Imm    @ 26E5
      Imm    @ 26D4
      Imm    @ 26C3
      Imm    @ 26B2
      Imm    @ 26A1
      Imm    @ 2690
      Imm    @ 267F
      Ptr    @ 059D

C10B: Imm    @ 27A8
      Imm    @ 279D
      Imm    @ 273A
      Imm    @ 2729
      Imm    @ 2718
      Imm    @ 2707
      Imm    @ 2496
      Imm    @ 248B
      Imm    @ 2238
      Imm    @ 222D
      Imm    @ 2222
      Imm    @ 2217
      Imm    @ 220C
      Imm    @ 2201
      Ptr    @ 05A0

C10C: Imm    @ 2584
      Imm    @ 2579
      Imm    @ 256E
      Imm    @ 255D
      Imm    @ 2552
      Imm    @ 2547
      Imm    @ 2536
      Imm    @ 252B
      Imm    @ 22A6
      Imm    @ 229B
      Imm    @ 2290
      Imm    @ 2285
      Imm    @ 227A
      Imm    @ 226F
      Ptr    @ 05A3

C10D: Imm    @ 24AC
      Imm    @ 24A1
      Imm    @ 23FC
      Imm    @ 23F1
      Imm    @ 23E6
      Imm    @ 23DB
      Imm    @ 23D0
      Imm    @ 23BF
      Imm    @ 23B4
      Imm    @ 23A3
      Imm    @ 2398
      Imm    @ 2387
      Imm    @ 237C
      Imm    @ 236B
      Imm    @ 2360
      Imm    @ 234F
      Ptr    @ 05A6

C10E: Imm    @ 27FE
      Imm    @ 2520
      Imm    @ 250F
      Imm    @ 24FE
      Imm    @ 24ED
      Imm    @ 24DC
      Imm    @ 24CB
      Imm    @ 24BC
      Imm    @ 2264
      Imm    @ 2259
      Imm    @ 224E
      Imm    @ 2243
      Ptr    @ 05A9

C10F: Imm    @ 359C
      Imm    @ 3559
      Imm    @ 352B
      Imm    @ 34F9
      Ptr    @ 345D
      Ptr    @ 04BF

C110: Ptr    @ 346D
      Ptr    @ 04C2

C111: Ptr    @ 347D
      Ptr    @ 04C5

C112: Ptr    @ 348D
      Ptr    @ 04C8

C113: Ptr    @ 349D
      Ptr    @ 04CB

C114: Ptr    @ 34AD
      Ptr    @ 04CE

C115: Ptr    @ 34BD
      Ptr    @ 04D1

C116: Imm    @ 35E4
      Imm    @ 35D7
      Imm    @ 35BE
      Imm    @ 351E
      Imm    @ 3518
      Imm    @ 350B
      Ptr    @ 34CD
      Ptr    @ 04D4

C117: Ptr    @ 34CA
      Ptr    @ 34BA
      Ptr    @ 34AA
      Ptr    @ 349A
      Ptr    @ 348A
      Ptr    @ 347A
      Ptr    @ 346A
      Ptr    @ 345A
      Ptr    @ 3453
      Ptr    @ 0477

C119: Ptr    @ 3795
      Ptr    @ 377A
      Ptr    @ 375F
      Ptr    @ 3744
      Ptr    @ 3729
      Ptr    @ 370E
      Ptr    @ 36F3
      Ptr    @ 36D8
      Ptr    @ 36BD
      Ptr    @ 36A2
      Ptr    @ 3687
      Ptr    @ 366C
      Ptr    @ 3651
      Ptr    @ 3636
      Ptr    @ 361B
      Ptr    @ 3600
      Ptr    @ 353A
      Ptr    @ 3525
      Ptr    @ 34D7
      Ptr    @ 2847
      Ptr    @ 2814
      Ptr    @ 0D69
      Ptr    @ 04FE

C11A: Ptr    @ 3789
      Ptr    @ 376E
      Ptr    @ 3753
      Ptr    @ 3738
      Ptr    @ 371D
      Ptr    @ 3702
      Ptr    @ 36E7
      Ptr    @ 36CC
      Ptr    @ 36B1
      Ptr    @ 3696
      Ptr    @ 367B
      Ptr    @ 3660
      Ptr    @ 3645
      Ptr    @ 362A
      Ptr    @ 360F
      Ptr    @ 35F4
      Ptr    @ 34E6

C11B: Ptr    @ 3784
      Ptr    @ 3769
      Ptr    @ 374E
      Ptr    @ 3733
      Ptr    @ 3718
      Ptr    @ 36FD
      Ptr    @ 36E2
      Ptr    @ 36C7
      Ptr    @ 36AC
      Ptr    @ 3691
      Ptr    @ 3676
      Ptr    @ 365B
      Ptr    @ 3640
      Ptr    @ 3625
      Ptr    @ 360A
      Ptr    @ 35EF
      Ptr    @ 34F0
      Ptr    @ 34EC

C11C: Ptr    @ 381F
      Ptr    @ 3812
      Ptr    @ 04F8

C11D: Ptr    @ 378C
      Ptr    @ 3771
      Ptr    @ 3756
      Ptr    @ 373B
      Ptr    @ 3720
      Ptr    @ 3705
      Ptr    @ 36EA
      Ptr    @ 36CF
      Ptr    @ 36B4
      Ptr    @ 3699
      Ptr    @ 367E
      Ptr    @ 3663
      Ptr    @ 3648
      Ptr    @ 362D
      Ptr    @ 3612
      Ptr    @ 35F7
      Ptr    @ 34E9
      Ptr    @ 34E0
      Ptr    @ 34DC

C11E: Ptr    @ 3790
      Ptr    @ 3775
      Ptr    @ 375A
      Ptr    @ 373F
      Ptr    @ 3724
      Ptr    @ 3709
      Ptr    @ 36EE
      Ptr    @ 36D3
      Ptr    @ 36B8
      Ptr    @ 369D
      Ptr    @ 3682
      Ptr    @ 3667
      Ptr    @ 364C
      Ptr    @ 3631
      Ptr    @ 3616
      Ptr    @ 35FB
      Ptr    @ 3501
      Ptr    @ 34F6

C120: Imm    @ 35AC
      Imm    @ 3541
      Ptr    @ 05AF

C121: Ptr    @ 35CD
      Ptr    @ 35BB
      Ptr    @ 35B3
      Ptr    @ 3596
      Ptr    @ 3550
      Ptr    @ 3548
      Ptr    @ 3511
      Ptr    @ 04FB

C122: Ptr    @ 37D5
      Ptr    @ 37A5
      Ptr    @ 3446
      Ptr    @ 0501

C124: Ptr    @ 37B3
      Ptr    @ 37AD
      Ptr    @ 37A9
      Ptr    @ 37A0

C125: Ptr    @ 37C3
      Ptr    @ 37B6
      Ptr    @ 379B

C126: Ptr    @ 04EF

C127: Ptr    @ 35D0
      Ptr    @ 3504
      Ptr    @ 24C8
      Ptr    @ 24B9

C7FF: Imm    @ 0403

---------------------------

