id,label,dir,first_ms,last_ms,frames,text,repr_id
1,unlabelled,0001-unlabelled,316,333,2,WAITING FOR / 8 BITS CPU,1
2,unlabelled,0002-unlabelled,416,449,2,SETTING / DEFAULT VALUES / PRESS START,2
3,boot,0003-boot,699,699,1,,3
4,boot,0004-boot,1099,1099,1,BOLAS OK,4
5,boot-setting-country,0005-boot-setting-country,2183,2183,1,,3
6,boot-setting-country,0006-boot-setting-country,2266,2266,1,,6
7,boot-setting-country,0007-boot-setting-country,2316,10616,355,,7
8,attract,0008-attract,10650,11166,20,,8
9,attract,0009-attract,11200,11200,1,,3
10,attract,0010-attract,11233,12666,2,,10
11,attract,0011-attract,14100,15550,3,,11
12,attract,0012-attract,16966,16966,1,,12
13,attract,0013-attract,18399,18399,1,,13
14,attract,0014-attract,19816,19816,1,,3
15,attract,0015-attract,19833,19833,1,,15
16,attract,0016-attract,19849,20016,6,,16
17,attract,0017-attract,20066,20233,4,,16
18,attract,0018-attract,20283,20449,4,,16
19,attract,0019-attract,20499,20666,4,,16
20,attract,0020-attract,20716,21433,14,,20
21,attract,0021-attract,21483,21483,1,,21
22,attract,0022-attract,21499,21499,1,,3
23,attract,0023-attract,21516,21533,2,,23
24,attract,0024-attract,22383,22383,1,,3
25,attract,0025-attract,22399,23599,16,50 00,25
26,attract,0026-attract,24466,24466,1,,3
27,attract,0027-attract,24499,25699,19,00,27
28,attract,0028-attract,26566,26566,1,,3
29,attract,0029-attract,26599,26949,13,00,29
30,attract,0030-attract,27849,27849,1,,30
31,attract,0031-attract,27866,36783,376,,8
32,attract,0032-attract,36799,36799,1,,3
33,attract,0033-attract,36833,36833,1,,33
34,attract,0034-attract,38266,38266,1,,34
35,attract,0035-attract,39699,39699,1,,35
36,attract,0036-attract,41133,42566,2,,36
37,attract,0037-attract,43983,43983,1,,3
38,attract,0038-attract,44016,44166,4,,16
39,attract,0039-attract,44233,44399,4,,16
40,attract,0040-attract,44449,44616,4,,16
41,attract,0041-attract,44666,44833,4,,16
42,attract,0042-attract,44883,45649,17,,42
43,attract,0043-attract,45666,45666,1,,3
44,attract,0044-attract,45683,45699,2,,23
45,attract,0045-attract,46566,50000,78,,45
46,attract,0046-attract,50083,55633,121,,46
47,attract,0047-attract,55650,55650,1,,3
48,attract,0048-attract,55666,55666,1,,48
49,attract,0049-attract,55700,55700,1,S.,49
50,attract,0050-attract,55716,55716,1,S.M,50
51,attract,0051-attract,55750,56400,27,S.MOONLIGHT / 300.000.000 / . .,51
52,attract,0052-attract,57266,57266,1,,3
53,attract,0053-attract,57300,57300,1,,53
54,attract,0054-attract,57316,57316,1,J.,54
55,attract,0055-attract,57350,58016,24,J.SUNSHINE / 200.000.000 / . .,55
56,attract,0056-attract,58900,58900,1,,3
57,attract,0057-attract,58933,58933,1,,57
58,attract,0058-attract,58950,58950,1,B.,58
59,attract,0059-attract,58983,58983,1,B.S,59
60,attract,0060-attract,59016,59016,1,B.ST,60
61,attract,0061-attract,59033,59650,25,B.STARWAY / 100.000.000 / . .,61
62,attract,0062-attract,60550,60550,1,,6
63,attract,0063-attract,60616,69466,376,,8
64,attract,0064-attract,69483,69483,1,,64
65,attract,0065-attract,69500,69500,1,,3
66,attract,0066-attract,69516,70950,3,,10
67,attract,0067-attract,72400,73833,2,,11
68,attract,0068-attract,75250,75250,1,,12
69,attract,0069-attract,76700,76700,1,,13
70,attract,0070-attract,78100,78100,1,,3
71,attract,0071-attract,78133,78300,4,,16
72,attract,0072-attract,78350,78516,4,,16
73,attract,0073-attract,78566,78733,4,,16
74,attract,0074-attract,78783,78950,4,,16
75,attract,0075-attract,79016,79733,18,,20
76,attract,0076-attract,79783,79783,1,,3
77,attract,0077-attract,79800,79816,2,,23
78,attract,0078-attract,80700,82683,29,,78
79,attract,0079-attract,82783,85966,71,,79
80,attract,0080-attract,86016,86016,1,,80
81,attract,0081-attract,86083,88616,55,,81
82,attract,0082-attract,88666,88666,1,,82
83,attract,0083-attract,88716,88716,1,,83
84,attract,0084-attract,88783,88783,1,,84
85,attract,0085-attract,88833,88833,1,,85
86,attract,0086-attract,88883,88883,1,,86
87,attract,0087-attract,88933,88933,1,,87
88,attract,0088-attract,89000,89000,1,,88
89,attract,0089-attract,89050,89050,1,,89
90,attract,0090-attract,89100,90166,28,,90
91,attract,0091-attract,90216,90216,1,,91
92,attract,0092-attract,90266,90266,1,,92
93,attract,0093-attract,90316,90316,1,,93
94,attract,0094-attract,90383,90383,1,,94
95,attract,0095-attract,90433,90433,1,,95
96,attract,0096-attract,90483,90483,1,,96
97,attract,0097-attract,90550,90550,1,,97
98,attract,0098-attract,90600,90600,1,,98
99,attract,0099-attract,90650,90650,1,,99
100,attract,0100-attract,90700,90700,1,,100
101,attract,0101-attract,90766,90766,1,,101
102,attract,0102-attract,90816,90816,1,,102
103,attract,0103-attract,90866,90866,1,,103
104,attract,0104-attract,90933,90933,1,,104
105,attract,0105-attract,90983,90983,1,,105
106,attract,0106-attract,91033,91033,1,,106
107,attract,0107-attract,91083,91083,1,,107
108,attract,0108-attract,91150,91150,1,,108
109,attract,0109-attract,91200,91200,1,,109
110,attract,0110-attract,91250,91250,1,,110
111,attract,0111-attract,91316,91316,1,,111
112,attract,0112-attract,91366,91366,1,,112
113,attract,0113-attract,91416,91416,1,,113
114,attract,0114-attract,91466,91466,1,,114
115,attract,0115-attract,91533,91533,1,,115
116,attract,0116-attract,91583,91583,1,,116
117,attract,0117-attract,91633,91633,1,,117
118,attract,0118-attract,91700,91700,1,,118
119,attract,0119-attract,91750,91933,7,,119
120,attract,0120-attract,91983,91983,1,,120
121,attract,0121-attract,92033,92033,1,,121
122,attract,0122-attract,92083,92083,1,,122
123,attract,0123-attract,92150,92150,1,,123
124,attract,0124-attract,92200,92200,1,,124
125,attract,0125-attract,92250,92250,1,,125
126,attract,0126-attract,92316,92316,1,,126
127,attract,0127-attract,92366,92366,1,,127
128,attract,0128-attract,92416,92416,1,,128
129,attract,0129-attract,92500,92500,1,,3
130,attract,0130-attract,92533,92533,1,,6
131,attract,0131-attract,92583,101450,376,,8
132,attract,0132-attract,101466,101466,1,,3
133,attract,0133-attract,101483,102933,3,,10
134,attract,0134-attract,104366,105800,2,,11
135,attract,0135-attract,107233,107233,1,,12
136,attract,0136-attract,108666,108666,1,,13
137,attract,0137-attract,110083,110083,1,,3
138,attract,0138-attract,110100,110266,4,,16
139,attract,0139-attract,110316,110483,4,,16
140,attract,0140-attract,110550,110600,2,,140
141,credit,0141-credit,110650,110700,2,,16
142,credit,0142-credit,110766,110766,1,,142
143,credit,0143-credit,111200,111200,1,,3
144,credit,0144-credit,111233,111233,1,,144
145,credit,0145-credit,111666,111666,1,,145
146,credit,0146-credit,111683,111683,1,,3
147,credit,0147-credit,111700,112616,38,,147
148,ball-1-start,0148-ball-1-start,112633,112666,2,,148
149,ball-1-start,0149-ball-1-start,112700,112700,1,,149
150,ball-1-start,0150-ball-1-start,112716,112716,1,,3
151,ball-1-start,0151-ball-1-start,112750,112750,1,1 1 / JUGADOR BOLA,151
152,ball-1-start,0152-ball-1-start,112800,112800,1,JUGADOR BOLA,152
153,ball-1-start,0153-ball-1-start,112850,112916,3,JUGADOR BOLA,153
154,ball-1-start,0154-ball-1-start,112966,112966,1,JUGADOR BOLA,154
155,ball-1-start,0155-ball-1-start,113016,113050,2,JUGADOR BOLA,155
156,ball-1-start,0156-ball-1-start,113083,113083,1,JUGADOR BOLA,156
157,ball-1-start,0157-ball-1-start,113133,113133,1,JUGADOR BOLA,157
158,ball-1-start,0158-ball-1-start,113183,113216,2,JUGADOR BOLA,158
159,ball-1-start,0159-ball-1-start,113233,113233,1,JUGADOR BOLA,159
160,ball-1-start,0160-ball-1-start,113300,113300,1,JUGADOR BOLA,160
161,ball-1-start,0161-ball-1-start,113350,113383,2,JUGADOR BOLA,161
162,ball-1-start,0162-ball-1-start,113400,113416,2,JUGADOR BOLA,162
163,ball-1-start,0163-ball-1-start,113466,113466,1,JUGADOR BOLA,163
164,ball-1-start,0164-ball-1-start,113516,113550,3,JUGADOR BOLA,164
165,ball-1-start,0165-ball-1-start,113566,113583,2,JUGADOR BOLA,165
166,ball-1-start,0166-ball-1-start,113616,113633,2,JUGADOR BOLA,166
167,ball-1-start,0167-ball-1-start,113683,113716,3,JUGADOR BOLA,167
168,ball-1-start,0168-ball-1-start,113733,113800,4,JUGADOR BOLA,168
169,ball-1-start,0169-ball-1-start,113850,113900,3,JUGADOR BOLA,169
170,ball-1-start,0170-ball-1-start,113916,113950,2,JUGADOR BOLA,170
171,ball-1-start,0171-ball-1-start,113966,113966,1,JUGADOR BOLA,171
172,ball-1-start,0172-ball-1-start,114016,114050,2,JUGADOR BOLA,172
173,ball-1-start,0173-ball-1-start,114083,114083,1,JUGADOR BOLA,173
174,ball-1-start,0174-ball-1-start,114133,114133,1,JUGADOR BOLA,174
175,ball-1-start,0175-ball-1-start,114183,114216,2,JUGADOR BOLA,175
176,ball-1-start,0176-ball-1-start,114233,114233,1,JUGADOR BOLA,176
177,ball-1-start,0177-ball-1-start,114300,114300,1,JUGADOR BOLA,177
178,ball-1-start,0178-ball-1-start,114350,114383,2,JUGADOR BOLA,178
179,ball-1-start,0179-ball-1-start,114400,114400,1,JUGADOR BOLA,179
180,ball-1-start,0180-ball-1-start,114466,114466,1,JUGADOR BOLA,180
181,ball-1-start,0181-ball-1-start,114516,114550,2,JUGADOR BOLA,181
182,ball-1-start,0182-ball-1-start,114566,114566,1,JUGADOR BOLA,182
183,ball-1-start,0183-ball-1-start,114616,114616,1,JUGADOR BOLA,183
184,ball-1-start,0184-ball-1-start,114683,114700,2,JUGADOR BOLA,184
185,ball-1-start,0185-ball-1-start,114733,114733,1,JUGADOR BOLA,185
186,ball-1-start,0186-ball-1-start,114783,114783,1,JUGADOR BOLA,186
187,ball-1-start,0187-ball-1-start,114850,114866,2,JUGADOR BOLA,187
188,ball-1-start,0188-ball-1-start,114900,114900,1,JUGADOR BOLA,188
189,ball-1-start,0189-ball-1-start,114950,114950,1,JUGADOR BOLA,189
190,ball-1-start,0190-ball-1-start,115016,115033,2,JUGADOR BOLA,190
191,ball-1-start,0191-ball-1-start,115066,115066,1,JUGADOR BOLA,191
192,ball-1-start,0192-ball-1-start,115116,115116,1,JUGADOR BOLA,192
193,ball-1-in-play,0193-ball-1-in-play,115166,115200,2,JUGADOR BOLA,193
194,ball-1-in-play,0194-ball-1-in-play,115233,115233,1,JUGADOR BOLA,194
195,ball-1-in-play,0195-ball-1-in-play,115283,115283,1,JUGADOR BOLA,195
196,ball-1-in-play,0196-ball-1-in-play,115333,115366,2,JUGADOR BOLA,196
197,ball-1-in-play,0197-ball-1-in-play,115400,117683,46,,197
198,ball-1-in-play,0198-ball-1-in-play,118216,118216,1,,3
199,ball-1-in-play,0199-ball-1-in-play,118233,118733,2,,199
200,ball-1-in-play,0200-ball-1-in-play,118766,119033,3,1 1 / JUGADOR BOLA,200
201,ball-1-in-play,0201-ball-1-in-play,119066,119066,1,,3
202,ball-1-in-play,0202-ball-1-in-play,119083,119083,1,,202
203,ball-1-in-play,0203-ball-1-in-play,119150,119533,8,,203
204,ball-1-in-play,0204-ball-1-in-play,119550,119550,1,,204
205,ball-1-in-play,0205-ball-1-in-play,119566,119566,1,,3
206,ball-1-in-play,0206-ball-1-in-play,119583,119600,2,,13
207,ball-1-in-play,0207-ball-1-in-play,119633,119633,1,,207
208,ball-1-in-play,0208-ball-1-in-play,119650,119650,1,,208
209,ball-1-in-play,0209-ball-1-in-play,119716,119716,1,,209
210,ball-1-in-play,0210-ball-1-in-play,119733,119733,1,,13
211,ball-1-in-play,0211-ball-1-in-play,119783,119850,2,,211
212,ball-1-in-play,0212-ball-1-in-play,119866,119916,2,,212
213,ball-1-in-play,0213-ball-1-in-play,119933,119933,1,,208
214,ball-1-in-play,0214-ball-1-in-play,120016,120016,1,,13
215,ball-1-in-play,0215-ball-1-in-play,120066,120066,1,,208
216,ball-1-in-play,0216-ball-1-in-play,120150,120150,1,,13
217,ball-1-in-play,0217-ball-1-in-play,120200,120200,1,,208
218,ball-1-in-play,0218-ball-1-in-play,120283,120283,1,,13
219,ball-1-in-play,0219-ball-1-in-play,120333,120333,1,,208
220,ball-1-in-play,0220-ball-1-in-play,120416,120416,1,,13
221,ball-1-in-play,0221-ball-1-in-play,120466,120466,1,,208
222,ball-1-in-play,0222-ball-1-in-play,120550,120550,1,,13
223,ball-1-in-play,0223-ball-1-in-play,120616,120616,1,,208
224,ball-1-in-play,0224-ball-1-in-play,120666,120716,2,1 1 / JUGADOR BOLA,224
225,ball-1-in-play,0225-ball-1-in-play,120750,127716,47,1 1 / JUGADOR BOLA,225
226,ball-1-in-play,0226-ball-1-in-play,127733,127733,1,,3
227,ball-1-in-play,0227-ball-1-in-play,127750,129583,28,,227
228,ball-1-in-play,0228-ball-1-in-play,129599,129599,1,,228
229,ball-1-in-play,0229-ball-1-in-play,129616,130016,14,1 1 / JUGADOR BOLA,229
230,ball-1-in-play,0230-ball-1-in-play,130083,130083,1,,3
231,ball-1-in-play,0231-ball-1-in-play,130099,131933,29,,231
232,ball-1-in-play,0232-ball-1-in-play,131949,131949,1,1 1 / JUGADOR BOLA,232
233,ball-1-in-play,0233-ball-1-in-play,131983,132399,9,,233
234,ball-1-in-play,0234-ball-1-in-play,132416,132416,1,,3
235,ball-1-in-play,0235-ball-1-in-play,132449,134266,27,,227
236,ball-1-in-play,0236-ball-1-in-play,134299,134683,9,1 1 / JUGADOR BOLA,236
237,ball-1-in-play,0237-ball-1-in-play,134733,134733,1,,3
238,ball-1-in-play,0238-ball-1-in-play,134766,136583,28,,227
239,ball-1-in-play,0239-ball-1-in-play,136616,136616,1,1 1 / JUGADOR BOLA,232
240,ball-1-in-play,0240-ball-1-in-play,136633,147316,124,1 1 / JUGADOR BOLA,240
241,ball-1-drained,0241-ball-1-drained,147499,148833,9,,241
242,ball-1-drained,0242-ball-1-drained,148849,149949,3,,242
243,ball-1-drained,0243-ball-1-drained,149966,151083,3,1 2 / JUGADOR BOLA,243
244,ball-1-drained,0244-ball-1-drained,151116,151149,2,1 2 / JUGADOR BOLA,244
245,ball-1-drained,0245-ball-1-drained,151166,151283,3,JUGADOR BOLA,245
246,ball-1-drained,0246-ball-1-drained,151333,151333,1,JUGADOR BOLA,246
247,ball-1-drained,0247-ball-1-drained,151399,151399,1,JUGADOR BOLA,247
248,ball-1-drained,0248-ball-1-drained,151449,151449,1,JUGADOR BOLA,248
249,ball-1-drained,0249-ball-1-drained,151499,151516,2,JUGADOR BOLA,249
250,ball-1-drained,0250-ball-1-drained,151549,151566,2,JUGADOR BOLA,250
251,ball-1-drained,0251-ball-1-drained,151616,151733,5,JUGADOR BOLA,251
252,ball-1-drained,0252-ball-1-drained,151783,151833,2,JUGADOR BOLA,252
253,ball-1-drained,0253-ball-1-drained,151849,151883,2,JUGADOR BOLA,253
254,ball-1-drained,0254-ball-1-drained,151899,151933,2,JUGADOR BOLA,254
255,ball-1-drained,0255-ball-1-drained,151949,151949,1,JUGADOR BOLA,255
256,ball-1-drained,0256-ball-1-drained,152016,152016,1,JUGADOR BOLA,256
257,ball-1-drained,0257-ball-1-drained,152066,152066,1,JUGADOR BOLA,257
258,ball-1-drained,0258-ball-1-drained,152116,152116,1,JUGADOR BOLA,258
259,ball-1-drained,0259-ball-1-drained,152166,152166,1,JUGADOR BOLA,259
260,ball-1-drained,0260-ball-1-drained,152233,152233,1,JUGADOR BOLA,260
261,ball-1-drained,0261-ball-1-drained,152283,152283,1,JUGADOR BOLA,261
262,ball-1-drained,0262-ball-1-drained,152333,152333,1,JUGADOR BOLA,262
263,ball-1-drained,0263-ball-1-drained,152399,152399,1,JUGADOR BOLA,263
264,ball-1-drained,0264-ball-1-drained,152449,152449,1,JUGADOR BOLA,264
265,ball-1-drained,0265-ball-1-drained,152499,152499,1,JUGADOR BOLA,265
266,ball-1-drained,0266-ball-1-drained,152549,152549,1,JUGADOR BOLA,266
267,ball-1-drained,0267-ball-1-drained,152616,152616,1,JUGADOR BOLA,267
268,ball-1-drained,0268-ball-1-drained,152666,152666,1,JUGADOR BOLA,268
269,ball-1-drained,0269-ball-1-drained,152716,152716,1,JUGADOR BOLA,269
270,ball-1-drained,0270-ball-1-drained,152783,152783,1,JUGADOR BOLA,270
271,ball-1-drained,0271-ball-1-drained,152833,152833,1,JUGADOR BOLA,271
272,ball-1-drained,0272-ball-1-drained,152883,152883,1,JUGADOR BOLA,272
273,ball-1-drained,0273-ball-1-drained,152933,152933,1,JUGADOR BOLA,273
274,ball-1-drained,0274-ball-1-drained,152999,152999,1,JUGADOR BOLA,274
275,ball-1-drained,0275-ball-1-drained,153049,153049,1,JUGADOR BOLA,275
276,ball-1-drained,0276-ball-1-drained,153099,153099,1,JUGADOR BOLA,276
277,ball-1-drained,0277-ball-1-drained,153166,153166,1,JUGADOR BOLA,277
278,ball-1-drained,0278-ball-1-drained,153216,153216,1,JUGADOR BOLA,278
279,ball-1-drained,0279-ball-1-drained,153266,153266,1,JUGADOR BOLA,279
280,ball-1-drained,0280-ball-1-drained,153316,153316,1,JUGADOR BOLA,280
281,ball-1-drained,0281-ball-1-drained,153383,153383,1,JUGADOR BOLA,281
282,ball-1-drained,0282-ball-1-drained,153433,153433,1,JUGADOR BOLA,282
283,ball-1-drained,0283-ball-1-drained,153483,153499,2,JUGADOR BOLA,283
284,ball-1-drained,0284-ball-1-drained,153549,153549,1,JUGADOR BOLA,284
285,ball-1-drained,0285-ball-1-drained,153599,154266,20,1 2 / JUGADOR BOLA,285
286,ball-2-in-play,0286-ball-2-in-play,154316,156633,23,3. 8.743 / 1 2 / JUGADOR BOLA,286
287,ball-2-in-play,0287-ball-2-in-play,156666,157483,18,1 2 / JUGADOR BOLA,287
288,ball-2-in-play,0288-ball-2-in-play,157516,157566,3,1 2 / JUGADOR BOLA,288
289,ball-2-in-play,0289-ball-2-in-play,157599,158433,23,1 2 / JUGADOR BOLA,289
290,ball-2-in-play,0290-ball-2-in-play,158466,159616,8,1 2 / JUGADOR BOLA,290
291,drop-bank-2-down,0291-drop-bank-2-down,159799,160716,7,1 2 / JUGADOR BOLA,291
292,drop-bank-2-down,0292-drop-bank-2-down,160749,161566,17,1 2 / JUGADOR BOLA,292
293,drop-bank-2-down,0293-drop-bank-2-down,161599,161916,6,3. 5. 8 / 1 2 / JUGADOR BOLA,293
294,drop-bank-2-down,0294-drop-bank-2-down,161933,162699,16,1 2 / JUGADOR BOLA,294
295,drop-bank-2-down,0295-drop-bank-2-down,162766,162766,1,1 2 / JUGADOR BOLA,295
296,drop-bank-2-down,0296-drop-bank-2-down,162783,163949,10,1 2 / JUGADOR BOLA,296
297,drop-bank-4-down,0297-drop-bank-4-down,164149,165083,6,: 95 / 1 2 / JUGADOR BOLA,297
298,drop-bank-4-down,0298-drop-bank-4-down,165099,165949,26,1 2 / JUGADOR BOLA,298
299,drop-bank-4-down,0299-drop-bank-4-down,165966,167116,7,1 2 / JUGADOR BOLA,299
300,drop-bank-5-down,0300-drop-bank-5-down,167316,171199,25,1 2 / JUGADOR BOLA,300
301,full-tilt,0301-full-tilt,171366,171366,1,,3
302,full-tilt,0302-full-tilt,171399,171399,1,,302
303,ball-2-drained,0303-ball-2-drained,200849,200883,2,2,303
304,ball-2-drained,0304-ball-2-drained,200916,202049,5,1 3 / JUGADOR BOLA,304
305,ball-2-drained,0305-ball-2-drained,202083,202099,2,1 3 / JUGADOR BOLA,305
306,ball-2-drained,0306-ball-2-drained,202133,202233,3,JUGADOR BOLA,306
307,ball-2-drained,0307-ball-2-drained,202299,202299,1,JUGADOR BOLA,307
308,ball-2-drained,0308-ball-2-drained,202349,202349,1,JUGADOR BOLA,308
309,ball-2-drained,0309-ball-2-drained,202399,202399,1,JUGADOR BOLA,309
310,ball-2-drained,0310-ball-2-drained,202466,202466,1,JUGADOR BOLA,310
311,ball-2-drained,0311-ball-2-drained,202516,202516,1,JUGADOR BOLA,311
312,ball-2-drained,0312-ball-2-drained,202566,202566,1,JUGADOR BOLA,312
313,ball-2-drained,0313-ball-2-drained,202616,202616,1,JUGADOR BOLA,313
314,ball-2-drained,0314-ball-2-drained,202683,202683,1,JUGADOR BOLA,314
315,ball-2-drained,0315-ball-2-drained,202733,202733,1,JUGADOR BOLA,315
316,ball-2-drained,0316-ball-2-drained,202783,202783,1,JUGADOR BOLA,316
317,ball-2-drained,0317-ball-2-drained,202849,202849,1,JUGADOR BOLA,317
318,ball-2-drained,0318-ball-2-drained,202899,202899,1,JUGADOR BOLA,318
319,ball-2-drained,0319-ball-2-drained,202949,202949,1,JUGADOR BOLA,319
320,ball-2-drained,0320-ball-2-drained,203016,203016,1,JUGADOR BOLA,320
321,ball-2-drained,0321-ball-2-drained,203066,203066,1,JUGADOR BOLA,321
322,ball-2-drained,0322-ball-2-drained,203116,203116,1,JUGADOR BOLA,322
323,ball-2-drained,0323-ball-2-drained,203166,203166,1,JUGADOR BOLA,323
324,ball-2-drained,0324-ball-2-drained,203233,203233,1,JUGADOR BOLA,324
325,ball-2-drained,0325-ball-2-drained,203283,203283,1,JUGADOR BOLA,325
326,ball-2-drained,0326-ball-2-drained,203333,203333,1,JUGADOR BOLA,326
327,ball-2-drained,0327-ball-2-drained,203399,203399,1,JUGADOR BOLA,327
328,ball-2-drained,0328-ball-2-drained,203449,203466,2,JUGADOR BOLA,328
329,ball-2-drained,0329-ball-2-drained,203499,203516,2,JUGADOR BOLA,329
330,ball-2-drained,0330-ball-2-drained,203549,203566,2,JUGADOR BOLA,330
331,ball-2-drained,0331-ball-2-drained,203616,203733,5,JUGADOR BOLA,331
332,ball-2-drained,0332-ball-2-drained,203783,203833,2,JUGADOR BOLA,332
333,ball-2-drained,0333-ball-2-drained,203849,203883,2,JUGADOR BOLA,333
334,ball-2-drained,0334-ball-2-drained,203899,203933,2,JUGADOR BOLA,334
335,ball-2-drained,0335-ball-2-drained,203949,203949,1,JUGADOR BOLA,335
336,ball-2-drained,0336-ball-2-drained,204016,204016,1,JUGADOR BOLA,336
337,ball-2-drained,0337-ball-2-drained,204066,204066,1,JUGADOR BOLA,337
338,ball-2-drained,0338-ball-2-drained,204116,204116,1,JUGADOR BOLA,338
339,ball-2-drained,0339-ball-2-drained,204166,204166,1,JUGADOR BOLA,339
340,ball-2-drained,0340-ball-2-drained,204233,204233,1,JUGADOR BOLA,340
341,ball-2-drained,0341-ball-2-drained,204283,204283,1,JUGADOR BOLA,341
342,ball-2-drained,0342-ball-2-drained,204333,204333,1,JUGADOR BOLA,342
343,ball-2-drained,0343-ball-2-drained,204399,204399,1,JUGADOR BOLA,343
344,ball-2-drained,0344-ball-2-drained,204449,204449,1,JUGADOR BOLA,344
345,ball-2-drained,0345-ball-2-drained,204499,204499,1,JUGADOR BOLA,345
346,ball-2-drained,0346-ball-2-drained,204549,204549,1,JUGADOR BOLA,346
347,ball-2-drained,0347-ball-2-drained,204616,204616,1,JUGADOR BOLA,347
348,ball-2-drained,0348-ball-2-drained,204666,204666,1,JUGADOR BOLA,348
349,ball-2-drained,0349-ball-2-drained,204716,207316,29,1 3 / JUGADOR BOLA,349
350,ball-3-in-play,0350-ball-3-in-play,207499,221166,102,1 3 / JUGADOR BOLA,350
351,ball-3-in-play,0351-ball-3-in-play,221233,221783,3,,351
352,ball-3-in-play,0352-ball-3-in-play,221799,222216,5,1 3 / JUGADOR BOLA,352
353,ball-3-in-play,0353-ball-3-in-play,222399,222399,1,,3
354,ball-3-in-play,0354-ball-3-in-play,222433,224249,29,,354
355,ball-3-in-play,0355-ball-3-in-play,224283,224716,10,,355
356,ball-3-in-play,0356-ball-3-in-play,224749,224749,1,,3
357,ball-3-in-play,0357-ball-3-in-play,224783,226516,25,,357
358,ball-3-in-play,0358-ball-3-in-play,226566,226566,1,,358
359,ball-3-in-play,0359-ball-3-in-play,226599,227033,10,1 3 / JUGADOR BOLA,359
360,ball-3-in-play,0360-ball-3-in-play,227066,227066,1,,3
361,ball-3-in-play,0361-ball-3-in-play,227083,228916,28,,227
362,ball-3-in-play,0362-ball-3-in-play,228933,228933,1,1 3 / JUGADOR BOLA,362
363,ball-3-in-play,0363-ball-3-in-play,228966,240999,137,1 3 / JUGADOR BOLA,363
364,ball-3-drained-gameover,0364-ball-3-drained-gameover,241183,241383,2,,364
365,ball-3-drained-gameover,0365-ball-3-drained-gameover,241399,241849,2,,365
366,ball-3-drained-gameover,0366-ball-3-drained-gameover,242516,242516,1,,366
367,ball-3-drained-gameover,0367-ball-3-drained-gameover,242549,242949,2,,367
368,ball-3-drained-gameover,0368-ball-3-drained-gameover,243616,244083,3,3,368
369,ball-3-drained-gameover,0369-ball-3-drained-gameover,244716,244716,1,,3
370,ball-3-drained-gameover,0370-ball-3-drained-gameover,244749,246049,2,,370
371,lottery,0371-lottery,246083,246083,1,,3
372,lottery,0372-lottery,246133,246933,30,,372
373,lottery,0373-lottery,246949,251366,61,,373
374,press-start-normal,0374-press-start-normal,252699,252699,1,PRESS START,374
375,press-start-normal,0375-press-start-normal,261016,261016,1,,3
376,press-start-normal,0376-press-start-normal,261133,261133,1,,6
377,press-start-normal,0377-press-start-normal,261183,268783,325,,377
378,high-score-entry,0378-high-score-entry,268799,270049,61,,8
379,high-score-entry,0379-high-score-entry,270083,270083,1,,3
380,high-score-entry,0380-high-score-entry,270099,271549,3,,10
381,high-score-entry,0381-high-score-entry,272966,275849,4,,12
382,high-score-entry,0382-high-score-entry,277266,277266,1,,13
383,high-score-entry,0383-high-score-entry,278683,278683,1,,3
384,high-score-entry,0384-high-score-entry,278699,278766,2,,140
385,attract-again,0385-attract-again,278816,278866,2,,16
386,attract-again,0386-attract-again,278933,279083,4,,16
387,attract-again,0387-attract-again,279149,279316,4,,16
388,attract-again,0388-attract-again,279366,280316,26,,20
389,attract-again,0389-attract-again,280366,280366,1,,3
390,attract-again,0390-attract-again,280399,280399,1,,23
391,attract-again,0391-attract-again,281233,281233,1,,3
392,attract-again,0392-attract-again,281266,282466,12,50 00,25
393,attract-again,0393-attract-again,283333,283333,1,,3
394,attract-again,0394-attract-again,283366,284549,12,9 0,394
395,attract-again,0395-attract-again,285433,285433,1,,3
396,attract-again,0396-attract-again,285466,285833,18,00,396
397,attract-again,0397-attract-again,286699,286699,1,,3
398,attract-again,0398-attract-again,286733,286733,1,,6
399,attract-again,0399-attract-again,286783,295649,381,,8
400,attract-again,0400-attract-again,295666,295666,1,,400
401,attract-again,0401-attract-again,295683,295683,1,,3
402,attract-again,0402-attract-again,295699,295699,1,,33
403,attract-again,0403-attract-again,297133,297133,1,,34
404,attract-again,0404-attract-again,298566,298566,1,,35
405,attract-again,0405-attract-again,300016,301433,2,,36
406,attract-again,0406-attract-again,302849,302849,1,,3
407,attract-again,0407-attract-again,302866,303033,4,,16
408,attract-again,0408-attract-again,303083,303249,4,,16
409,attract-again,0409-attract-again,303316,304466,30,,20
410,attract-again,0410-attract-again,304533,304533,1,,3
411,attract-again,0411-attract-again,304549,304549,1,,23
412,attract-again,0412-attract-again,305433,308849,79,,45
413,attract-again,0413-attract-again,308933,314466,126,,413
414,attract-again,0414-attract-again,314516,314516,1,,3
415,attract-again,0415-attract-again,314549,314549,1,,48
416,attract-again,0416-attract-again,314566,314566,1,S.,49
417,attract-again,0417-attract-again,314599,314599,1,S.M,50
418,attract-again,0418-attract-again,314616,315249,23,S.MOONLIGHT / 300.000.000 / . .,51
419,attract-again,0419-attract-again,316149,316149,1,,3
420,attract-again,0420-attract-again,316166,316166,1,,53
421,attract-again,0421-attract-again,316199,316199,1,J.,54
422,attract-again,0422-attract-again,316233,317766,25,200.000.000 / . .,422
423,attract-again,0423-attract-again,317783,317799,2,,57
424,attract-again,0424-attract-again,317816,317833,2,B.,58
425,attract-again,0425-attract-again,317849,317883,3,B.ST,60
426,attract-again,0426-attract-again,317916,318516,22,B.STARWAY / 100.000.000 / . .,61
427,attract-again,0427-attract-again,319416,319416,1,,6
428,attract-again,0428-attract-again,319466,328333,387,,8
429,attract-again,0429-attract-again,328366,328366,1,,3
430,attract-again,0430-attract-again,328399,329833,3,,10
431,attract-again,0431-attract-again,331249,332699,2,,11
432,attract-again,0432-attract-again,334133,334133,1,,12
433,attract-again,0433-attract-again,335549,335566,2,,13
434,attract-again,0434-attract-again,336966,336966,1,,3
435,attract-again,0435-attract-again,336999,337166,4,,16
436,attract-again,0436-attract-again,337216,337383,4,,16
437,attract-again,0437-attract-again,337433,338599,30,,20
438,attract-again,0438-attract-again,338649,338649,1,,3
439,attract-again,0439-attract-again,338683,338683,1,,23
440,attract-again,0440-attract-again,339549,341549,30,,78
441,attract-again,0441-attract-again,341649,344833,66,,79
442,attract-again,0442-attract-again,344883,344883,1,,80
443,attract-again,0443-attract-again,344933,347649,63,,84
444,attract-again,0444-attract-again,347699,347933,9,,89
445,attract-again,0445-attract-again,347983,349016,20,,90
446,attract-again,0446-attract-again,349083,349083,1,,91
447,attract-again,0447-attract-again,349133,349133,1,,92
448,attract-again,0448-attract-again,349183,349183,1,,93
449,attract-again,0449-attract-again,349233,349233,1,,94
450,attract-again,0450-attract-again,349299,349299,1,,95
451,attract-again,0451-attract-again,349349,349349,1,,96
452,attract-again,0452-attract-again,349399,349416,2,,97
453,attract-again,0453-attract-again,349466,349466,1,,98
454,attract-again,0454-attract-again,349516,349799,12,,104
455,attract-again,0455-attract-again,349849,349899,2,,455
456,attract-again,0456-attract-again,349916,349949,2,,456
457,attract-again,0457-attract-again,349966,349966,1,,107
458,attract-again,0458-attract-again,350016,350016,1,,108
459,attract-again,0459-attract-again,350083,350083,1,,109
460,attract-again,0460-attract-again,350133,350133,1,,110
461,attract-again,0461-attract-again,350183,350183,1,,111
462,attract-again,0462-attract-again,350233,350233,1,,112
463,attract-again,0463-attract-again,350299,350299,1,,113
464,attract-again,0464-attract-again,350349,350349,1,,114
465,attract-again,0465-attract-again,350399,350399,1,,115
466,attract-again,0466-attract-again,350466,350466,1,,116
467,attract-again,0467-attract-again,350516,350516,1,,117
468,attract-again,0468-attract-again,350566,350566,1,,118
469,attract-again,0469-attract-again,350616,350616,1,,469
470,attract-again,0470-attract-again,350683,350683,1,,470
471,attract-again,0471-attract-again,350733,350733,1,,471
472,attract-again,0472-attract-again,350783,350783,1,,119
473,attract-again,0473-attract-again,350849,350849,1,,120
474,attract-again,0474-attract-again,350899,350899,1,,121
475,attract-again,0475-attract-again,350949,350949,1,,122
476,attract-again,0476-attract-again,351016,351016,1,,123
477,attract-again,0477-attract-again,351066,351066,1,,124
478,attract-again,0478-attract-again,351116,351116,1,,125
479,attract-again,0479-attract-again,351166,351166,1,,126
480,attract-again,0480-attract-again,351233,351233,1,,127
481,attract-again,0481-attract-again,351283,351283,1,,128
482,attract-again,0482-attract-again,351366,351366,1,,3
483,attract-again,0483-attract-again,351399,351399,1,,6
484,attract-again,0484-attract-again,351449,360316,385,,8
485,attract-again,0485-attract-again,360333,360333,1,,3
486,attract-again,0486-attract-again,360366,361799,3,,10
487,attract-again,0487-attract-again,363233,364666,2,,11
488,attract-again,0488-attract-again,366099,366099,1,,12
489,attract-again,0489-attract-again,367533,367533,1,,13
490,attract-again,0490-attract-again,368933,368933,1,,3
491,attract-again,0491-attract-again,368966,369133,4,,16
492,attract-again,0492-attract-again,369183,369349,4,,16
493,attract-again,0493-attract-again,369399,369799,14,,16
494,attract-again,0494-attract-again,369849,370566,16,,20
495,attract-again,0495-attract-again,370616,370616,1,,3
496,attract-again,0496-attract-again,370649,370649,1,,23
497,attract-again,0497-attract-again,371499,371499,1,,497
498,attract-again,0498-attract-again,371516,371516,1,,3
499,attract-again,0499-attract-again,371533,373599,13,,499
500,attract-again,0500-attract-again,373616,374816,13,9 0,394
501,attract-again,0501-attract-again,375699,375699,1,,3
502,attract-again,0502-attract-again,375716,376083,14,00,396
503,attract-again,0503-attract-again,376966,376966,1,,3
504,attract-again,0504-attract-again,376999,376999,1,,6
505,attract-again,0505-attract-again,377049,385916,385,,8
506,attract-again,0506-attract-again,385933,385933,1,,3
507,attract-again,0507-attract-again,385966,385966,1,,33
508,attract-again,0508-attract-again,387399,387399,1,,34
509,score-credit,0509-score-credit,388833,388833,1,,35
510,score-credit,0510-score-credit,388916,389349,2,,144
511,score-credit,0511-score-credit,389783,389783,1,,511
512,score-credit,0512-score-credit,389799,389799,1,,3
513,score-credit,0513-score-credit,389849,389899,2,,513
514,score-credit,0514-score-credit,389916,390783,35,,514
515,score-start,0515-score-start,390816,390849,2,,515
516,score-start,0516-score-start,390866,390866,1,,3
517,score-start,0517-score-start,390899,390899,1,,517
518,score-start,0518-score-start,390933,390933,1,1 1 / JUGADOR BOLA,232
519,score-start,0519-score-start,390949,390949,1,JUGADOR BOLA,152
520,score-start,0520-score-start,391016,391066,3,JUGADOR BOLA,153
521,score-start,0521-score-start,391116,391116,1,JUGADOR BOLA,154
522,score-start,0522-score-start,391166,391199,2,JUGADOR BOLA,155
523,score-start,0523-score-start,391233,391233,1,JUGADOR BOLA,156
524,score-start,0524-score-start,391283,391283,1,JUGADOR BOLA,157
525,score-start,0525-score-start,391333,391366,2,JUGADOR BOLA,158
526,score-start,0526-score-start,391399,391399,1,JUGADOR BOLA,159
527,score-start,0527-score-start,391449,391466,2,JUGADOR BOLA,160
528,score-start,0528-score-start,391499,391533,3,JUGADOR BOLA,161
529,score-start,0529-score-start,391549,391566,2,JUGADOR BOLA,162
530,score-start,0530-score-start,391616,391616,1,JUGADOR BOLA,163
531,score-start,0531-score-start,391666,391699,3,JUGADOR BOLA,164
532,score-start,0532-score-start,391716,391733,2,JUGADOR BOLA,165
533,score-start,0533-score-start,391783,391833,2,JUGADOR BOLA,533
534,score-start,0534-score-start,391849,391883,3,JUGADOR BOLA,534
535,score-start,0535-score-start,391899,391933,2,JUGADOR BOLA,535
536,score-start,0536-score-start,391949,391949,1,JUGADOR BOLA,168
537,score-start,0537-score-start,392016,392033,2,JUGADOR BOLA,537
538,score-start,0538-score-start,392066,392066,1,JUGADOR BOLA,538
539,score-start,0539-score-start,392116,392116,1,JUGADOR BOLA,171
540,score-start,0540-score-start,392166,392199,2,JUGADOR BOLA,172
541,score-start,0541-score-start,392233,392233,1,JUGADOR BOLA,173
542,score-start,0542-score-start,392283,392283,1,JUGADOR BOLA,174
543,score-start,0543-score-start,392333,392366,2,JUGADOR BOLA,175
544,score-start,0544-score-start,392399,392399,1,JUGADOR BOLA,176
545,score-start,0545-score-start,392449,392449,1,JUGADOR BOLA,177
546,score-start,0546-score-start,392499,392533,2,JUGADOR BOLA,178
547,score-start,0547-score-start,392549,392549,1,JUGADOR BOLA,179
548,score-start,0548-score-start,392616,392616,1,JUGADOR BOLA,180
549,score-start,0549-score-start,392666,392699,2,JUGADOR BOLA,181
550,score-start,0550-score-start,392716,392716,1,JUGADOR BOLA,182
551,score-start,0551-score-start,392783,392783,1,JUGADOR BOLA,183
552,score-start,0552-score-start,392833,392849,2,JUGADOR BOLA,184
553,score-start,0553-score-start,392883,392883,1,JUGADOR BOLA,185
554,score-start,0554-score-start,392933,392933,1,JUGADOR BOLA,186
555,score-start,0555-score-start,392999,393016,2,JUGADOR BOLA,187
556,score-start,0556-score-start,393049,393049,1,JUGADOR BOLA,188
557,score-start,0557-score-start,393099,393099,1,JUGADOR BOLA,189
558,score-start,0558-score-start,393166,393183,2,JUGADOR BOLA,190
559,score-start,0559-score-start,393216,393216,1,JUGADOR BOLA,191
560,score-start,0560-score-start,393266,393266,1,JUGADOR BOLA,192
561,score-ball-1-in-play,0561-score-ball-1-in-play,393316,393349,2,JUGADOR BOLA,193
562,score-ball-1-in-play,0562-score-ball-1-in-play,393383,393383,1,JUGADOR BOLA,194
563,score-ball-1-in-play,0563-score-ball-1-in-play,393433,393433,1,JUGADOR BOLA,195
564,score-ball-1-in-play,0564-score-ball-1-in-play,393483,393516,3,JUGADOR BOLA,196
565,score-ball-1-in-play,0565-score-ball-1-in-play,393549,401383,84,1 1 / JUGADOR BOLA,565
566,score-ball-1-in-play,0566-score-ball-1-in-play,401399,401399,1,,3
567,score-ball-1-in-play,0567-score-ball-1-in-play,401433,401433,1,,13
568,score-ball-1-in-play,0568-score-ball-1-in-play,401483,401499,2,,208
569,score-ball-1-in-play,0569-score-ball-1-in-play,401566,401566,1,,569
570,score-ball-1-in-play,0570-score-ball-1-in-play,401583,401583,1,,13
571,score-ball-1-in-play,0571-score-ball-1-in-play,401616,401616,1,,207
572,score-ball-1-in-play,0572-score-ball-1-in-play,401633,401633,1,,208
573,score-ball-1-in-play,0573-score-ball-1-in-play,401699,401699,1,,573
574,score-ball-1-in-play,0574-score-ball-1-in-play,401716,401716,1,,13
575,score-ball-1-in-play,0575-score-ball-1-in-play,401766,401766,1,,575
576,score-ball-1-in-play,0576-score-ball-1-in-play,401783,401783,1,,208
577,score-ball-1-in-play,0577-score-ball-1-in-play,401849,401899,2,,577
578,score-ball-1-in-play,0578-score-ball-1-in-play,401916,401983,2,,578
579,score-ball-1-in-play,0579-score-ball-1-in-play,401999,401999,1,,13
580,score-ball-1-in-play,0580-score-ball-1-in-play,402049,402049,1,,208
581,score-ball-1-in-play,0581-score-ball-1-in-play,402133,402133,1,,13
582,score-ball-1-in-play,0582-score-ball-1-in-play,402183,402183,1,,208
583,score-ball-1-in-play,0583-score-ball-1-in-play,402266,402266,1,,13
584,score-ball-1-in-play,0584-score-ball-1-in-play,402316,402316,1,,208
585,score-ball-1-in-play,0585-score-ball-1-in-play,402399,402399,1,,13
586,score-ball-1-in-play,0586-score-ball-1-in-play,402466,402466,1,,208
587,score-ball-1-in-play,0587-score-ball-1-in-play,402516,402516,1,,587
588,score-ball-1-in-play,0588-score-ball-1-in-play,402766,402766,1,1 1 / JUGADOR BOLA,588
589,score-ball-1-in-play,0589-score-ball-1-in-play,402783,402783,1,,3
590,score-ball-1-in-play,0590-score-ball-1-in-play,402816,402816,1,,590
591,score-ball-1-in-play,0591-score-ball-1-in-play,402933,402933,1,,591
592,score-ball-1-in-play,0592-score-ball-1-in-play,403066,403066,1,,590
593,score-ball-1-in-play,0593-score-ball-1-in-play,403166,403166,1,,591
594,score-ball-1-in-play,0594-score-ball-1-in-play,403316,403316,1,,590
595,score-ball-1-in-play,0595-score-ball-1-in-play,403416,403416,1,,591
596,score-ball-1-in-play,0596-score-ball-1-in-play,403549,403549,1,,590
597,score-ball-1-in-play,0597-score-ball-1-in-play,403666,403816,4,,590
598,score-ball-1-in-play,0598-score-ball-1-in-play,403933,403933,1,,591
599,score-ball-1-in-play,0599-score-ball-1-in-play,404066,404066,1,,590
600,score-ball-1-in-play,0600-score-ball-1-in-play,404116,408583,34,1 1 / JUGADOR BOLA,600
601,score-ball-1-in-play,0601-score-ball-1-in-play,408716,408716,1,,601
602,score-ball-1-in-play,0602-score-ball-1-in-play,408749,408749,1,,3
603,score-ball-1-in-play,0603-score-ball-1-in-play,408783,408783,1,,13
604,score-ball-1-in-play,0604-score-ball-1-in-play,408833,408833,1,,208
605,score-ball-1-in-play,0605-score-ball-1-in-play,408916,408916,1,,13
606,score-ball-1-in-play,0606-score-ball-1-in-play,408966,408966,1,,208
607,score-ball-1-in-play,0607-score-ball-1-in-play,409049,409049,1,,13
608,score-ball-1-in-play,0608-score-ball-1-in-play,409099,409099,1,,208
609,score-ball-1-in-play,0609-score-ball-1-in-play,409183,409183,1,,13
610,score-ball-1-in-play,0610-score-ball-1-in-play,409233,409233,1,,208
611,score-ball-1-in-play,0611-score-ball-1-in-play,409316,409316,1,,13
612,score-ball-1-in-play,0612-score-ball-1-in-play,409383,409399,2,,208
613,score-ball-1-in-play,0613-score-ball-1-in-play,409466,409466,1,,13
614,score-ball-1-in-play,0614-score-ball-1-in-play,409516,409533,2,,208
615,score-ball-1-in-play,0615-score-ball-1-in-play,409599,409599,1,,569
616,score-ball-1-in-play,0616-score-ball-1-in-play,409616,409616,1,,13
617,score-ball-1-in-play,0617-score-ball-1-in-play,409649,409649,1,,207
618,score-ball-1-in-play,0618-score-ball-1-in-play,409666,409666,1,,208
619,score-ball-1-in-play,0619-score-ball-1-in-play,409733,409733,1,,209
620,score-ball-1-in-play,0620-score-ball-1-in-play,409749,409749,1,,13
621,score-ball-1-in-play,0621-score-ball-1-in-play,409783,409783,1,,575
622,score-ball-1-in-play,0622-score-ball-1-in-play,409799,409799,1,,208
623,score-ball-1-in-play,0623-score-ball-1-in-play,409849,409849,1,,623
624,score-ball-1-in-play,0624-score-ball-1-in-play,410099,410099,1,1 1 / JUGADOR BOLA,624
625,score-ball-1-in-play,0625-score-ball-1-in-play,410133,410133,1,,3
626,score-ball-1-in-play,0626-score-ball-1-in-play,410166,410166,1,,590
627,score-ball-1-in-play,0627-score-ball-1-in-play,410266,410266,1,,591
628,score-ball-1-in-play,0628-score-ball-1-in-play,410399,410399,1,,590
629,score-ball-1-in-play,0629-score-ball-1-in-play,410516,410516,1,,591
630,score-ball-1-in-play,0630-score-ball-1-in-play,410649,410649,1,,590
631,score-ball-1-in-play,0631-score-ball-1-in-play,410766,410766,1,,591
632,score-ball-1-in-play,0632-score-ball-1-in-play,410899,410899,1,,590
633,score-ball-1-in-play,0633-score-ball-1-in-play,411016,411016,1,,591
634,score-ball-1-in-play,0634-score-ball-1-in-play,411149,411149,1,,590
635,score-ball-1-in-play,0635-score-ball-1-in-play,411249,411249,1,,591
636,score-ball-1-in-play,0636-score-ball-1-in-play,411399,411399,1,,590
637,score-ball-1-in-play,0637-score-ball-1-in-play,411449,415933,39,1 1 / JUGADOR BOLA,637
638,score-ball-1-in-play,0638-score-ball-1-in-play,416066,416066,1,,638
639,score-ball-1-in-play,0639-score-ball-1-in-play,416083,416083,1,,13
640,score-ball-1-in-play,0640-score-ball-1-in-play,416149,416149,1,,208
641,score-ball-1-in-play,0641-score-ball-1-in-play,416233,416233,1,,13
642,score-ball-1-in-play,0642-score-ball-1-in-play,416283,416283,1,,208
643,score-ball-1-in-play,0643-score-ball-1-in-play,416366,416366,1,,13
644,score-ball-1-in-play,0644-score-ball-1-in-play,416416,416416,1,,208
645,score-ball-1-in-play,0645-score-ball-1-in-play,416499,416499,1,,13
646,score-ball-1-in-play,0646-score-ball-1-in-play,416549,416549,1,,208
647,score-ball-1-in-play,0647-score-ball-1-in-play,416633,416633,1,,13
648,score-ball-1-in-play,0648-score-ball-1-in-play,416699,416699,1,,208
649,score-ball-1-in-play,0649-score-ball-1-in-play,416783,416783,1,,13
650,score-ball-1-in-play,0650-score-ball-1-in-play,416833,416833,1,,208
651,score-ball-1-in-play,0651-score-ball-1-in-play,416916,416916,1,,13
652,score-ball-1-in-play,0652-score-ball-1-in-play,416966,416966,1,,208
653,score-ball-1-in-play,0653-score-ball-1-in-play,417049,417049,1,,13
654,score-ball-1-in-play,0654-score-ball-1-in-play,417099,417099,1,,208
655,score-ball-1-in-play,0655-score-ball-1-in-play,417166,417166,1,,623
656,score-ball-1-in-play,0656-score-ball-1-in-play,417433,417433,1,1 1 / JUGADOR BOLA,656
657,score-ball-1-in-play,0657-score-ball-1-in-play,417466,417466,1,,3
658,score-ball-1-in-play,0658-score-ball-1-in-play,417483,417499,2,,590
659,score-ball-1-in-play,0659-score-ball-1-in-play,417599,417749,3,,590
660,score-ball-1-in-play,0660-score-ball-1-in-play,417849,417849,1,,591
661,score-ball-1-in-play,0661-score-ball-1-in-play,417999,417999,1,,590
662,score-ball-1-in-play,0662-score-ball-1-in-play,418099,418099,1,,591
663,score-ball-1-in-play,0663-score-ball-1-in-play,418233,418233,1,,590
664,score-ball-1-in-play,0664-score-ball-1-in-play,418349,418349,1,,591
665,score-ball-1-in-play,0665-score-ball-1-in-play,418483,418483,1,,590
666,score-ball-1-in-play,0666-score-ball-1-in-play,418599,418599,1,,591
667,score-ball-1-in-play,0667-score-ball-1-in-play,418733,418733,1,,590
668,score-ball-1-in-play,0668-score-ball-1-in-play,418766,423233,36,1 1 / JUGADOR BOLA,668
669,score-ball-1-in-play,0669-score-ball-1-in-play,423399,423399,1,,3
670,score-ball-1-in-play,0670-score-ball-1-in-play,423416,423416,1,,13
671,score-ball-1-in-play,0671-score-ball-1-in-play,423466,423483,2,,208
672,score-ball-1-in-play,0672-score-ball-1-in-play,423549,423549,1,,569
673,score-ball-1-in-play,0673-score-ball-1-in-play,423566,423566,1,,13
674,score-ball-1-in-play,0674-score-ball-1-in-play,423616,423616,1,,208
675,score-ball-1-in-play,0675-score-ball-1-in-play,423699,423699,1,,13
676,score-ball-1-in-play,0676-score-ball-1-in-play,423749,423749,1,,676
677,score-ball-1-in-play,0677-score-ball-1-in-play,423766,423833,2,,211
678,score-ball-1-in-play,0678-score-ball-1-in-play,423849,423883,2,,212
679,score-ball-1-in-play,0679-score-ball-1-in-play,423899,423899,1,,208
680,score-ball-1-in-play,0680-score-ball-1-in-play,423983,423983,1,,13
681,score-ball-1-in-play,0681-score-ball-1-in-play,424033,424033,1,,208
682,score-ball-1-in-play,0682-score-ball-1-in-play,424116,424116,1,,13
683,score-ball-1-in-play,0683-score-ball-1-in-play,424166,424166,1,,208
684,score-ball-1-in-play,0684-score-ball-1-in-play,424249,424249,1,,13
685,score-ball-1-in-play,0685-score-ball-1-in-play,424316,424316,1,,208
686,score-ball-1-in-play,0686-score-ball-1-in-play,424399,424399,1,,13
687,score-ball-1-in-play,0687-score-ball-1-in-play,424449,424449,1,,208
688,score-ball-1-in-play,0688-score-ball-1-in-play,424499,424499,1,,623
689,score-ball-1-in-play,0689-score-ball-1-in-play,424783,424783,1,1 1 / JUGADOR BOLA,689
690,score-ball-1-in-play,0690-score-ball-1-in-play,424799,424799,1,,3
691,score-ball-1-in-play,0691-score-ball-1-in-play,424833,424833,1,,590
692,score-ball-1-in-play,0692-score-ball-1-in-play,424933,424933,1,,591
693,score-ball-1-in-play,0693-score-ball-1-in-play,425083,425083,1,,590
694,score-ball-1-in-play,0694-score-ball-1-in-play,425183,425183,1,,591
695,score-ball-1-in-play,0695-score-ball-1-in-play,425316,425316,1,,590
696,score-ball-1-in-play,0696-score-ball-1-in-play,425433,425433,1,,591
697,score-ball-1-in-play,0697-score-ball-1-in-play,425566,425566,1,,590
698,score-ball-1-in-play,0698-score-ball-1-in-play,425683,425833,4,,590
699,score-ball-1-in-play,0699-score-ball-1-in-play,425933,425933,1,,591
700,score-ball-1-in-play,0700-score-ball-1-in-play,426083,426083,1,,590
701,score-ball-1-in-play,0701-score-ball-1-in-play,426099,430566,36,1 1 / JUGADOR BOLA,701
702,score-ball-1-in-play,0702-score-ball-1-in-play,430733,430733,1,,3
703,score-ball-1-in-play,0703-score-ball-1-in-play,430766,430766,1,,13
704,score-ball-1-in-play,0704-score-ball-1-in-play,430816,430816,1,,208
705,score-ball-1-in-play,0705-score-ball-1-in-play,430899,430899,1,,13
706,score-ball-1-in-play,0706-score-ball-1-in-play,430949,430949,1,,208
707,score-ball-1-in-play,0707-score-ball-1-in-play,431033,431033,1,,13
708,score-ball-1-in-play,0708-score-ball-1-in-play,431083,431083,1,,208
709,score-ball-1-in-play,0709-score-ball-1-in-play,431166,431166,1,,13
710,score-ball-1-in-play,0710-score-ball-1-in-play,431233,431233,1,,208
711,score-ball-1-in-play,0711-score-ball-1-in-play,431316,431316,1,,13
712,score-ball-1-in-play,0712-score-ball-1-in-play,431366,431366,1,,208
713,score-ball-1-in-play,0713-score-ball-1-in-play,431449,431466,2,,13
714,score-ball-1-in-play,0714-score-ball-1-in-play,431499,431516,2,,208
715,score-ball-1-in-play,0715-score-ball-1-in-play,431583,431583,1,,569
716,score-ball-1-in-play,0716-score-ball-1-in-play,431599,431599,1,,13
717,score-ball-1-in-play,0717-score-ball-1-in-play,431633,431633,1,,207
718,score-ball-1-in-play,0718-score-ball-1-in-play,431649,431649,1,,208
719,score-ball-1-in-play,0719-score-ball-1-in-play,431716,431716,1,,209
720,score-ball-1-in-play,0720-score-ball-1-in-play,431733,431733,1,,13
721,score-ball-1-in-play,0721-score-ball-1-in-play,431783,431833,2,,721
722,score-ball-1-in-play,0722-score-ball-1-in-play,431849,432083,2,1 1 / JUGADOR BOLA,722
723,score-ball-1-in-play,0723-score-ball-1-in-play,432116,432116,1,,723
724,score-ball-1-in-play,0724-score-ball-1-in-play,432149,432149,1,,3
725,score-ball-1-in-play,0725-score-ball-1-in-play,432166,432166,1,,590
726,score-ball-1-in-play,0726-score-ball-1-in-play,432283,432283,1,,591
727,score-ball-1-in-play,0727-score-ball-1-in-play,432416,432416,1,,590
728,score-ball-1-in-play,0728-score-ball-1-in-play,432533,432533,1,,591
729,score-ball-1-in-play,0729-score-ball-1-in-play,432666,432666,1,,590
730,score-ball-1-in-play,0730-score-ball-1-in-play,432783,432783,1,,591
731,score-ball-1-in-play,0731-score-ball-1-in-play,432916,432916,1,,590
732,score-ball-1-in-play,0732-score-ball-1-in-play,433016,433016,1,,591
733,score-ball-1-in-play,0733-score-ball-1-in-play,433166,433166,1,,590
734,score-ball-1-in-play,0734-score-ball-1-in-play,433266,433266,1,,591
735,score-ball-1-in-play,0735-score-ball-1-in-play,433399,433399,1,,590
736,score-ball-1-in-play,0736-score-ball-1-in-play,433466,437933,34,1 1 / JUGADOR BOLA,736
737,score-ball-1-in-play,0737-score-ball-1-in-play,438083,438083,1,,3
738,score-ball-1-in-play,0738-score-ball-1-in-play,438099,438099,1,,13
739,score-ball-1-in-play,0739-score-ball-1-in-play,438166,438166,1,,208
740,score-ball-1-in-play,0740-score-ball-1-in-play,438233,438233,1,,13
741,score-ball-1-in-play,0741-score-ball-1-in-play,438299,438299,1,,208
742,score-ball-1-in-play,0742-score-ball-1-in-play,438383,438383,1,,13
743,score-ball-1-in-play,0743-score-ball-1-in-play,438433,438433,1,,208
744,score-ball-1-in-play,0744-score-ball-1-in-play,438516,438516,1,,13
745,score-ball-1-in-play,0745-score-ball-1-in-play,438566,438566,1,,208
746,score-ball-1-in-play,0746-score-ball-1-in-play,438649,438649,1,,13
747,score-ball-1-in-play,0747-score-ball-1-in-play,438699,438699,1,,208
748,score-ball-1-in-play,0748-score-ball-1-in-play,438783,438783,1,,13
749,score-ball-1-in-play,0749-score-ball-1-in-play,438849,438849,1,,208
750,score-ball-1-in-play,0750-score-ball-1-in-play,438933,438933,1,,13
751,score-ball-1-in-play,0751-score-ball-1-in-play,438983,438983,1,,208
752,score-ball-1-in-play,0752-score-ball-1-in-play,439066,439066,1,,13
753,score-ball-1-in-play,0753-score-ball-1-in-play,439116,439116,1,,208
754,score-ball-1-in-play,0754-score-ball-1-in-play,439166,439416,2,1 1 / JUGADOR BOLA,754
755,score-ball-1-in-play,0755-score-ball-1-in-play,439449,439449,1,,3
756,score-ball-1-in-play,0756-score-ball-1-in-play,439466,439466,1,,590
757,score-ball-1-in-play,0757-score-ball-1-in-play,439583,439733,3,,590
758,score-ball-1-in-play,0758-score-ball-1-in-play,439849,439849,1,,591
759,score-ball-1-in-play,0759-score-ball-1-in-play,439983,439983,1,,590
760,score-ball-1-in-play,0760-score-ball-1-in-play,440083,440083,1,,591
761,score-ball-1-in-play,0761-score-ball-1-in-play,440233,440233,1,,590
762,score-ball-1-in-play,0762-score-ball-1-in-play,440333,440333,1,,591
763,score-ball-1-in-play,0763-score-ball-1-in-play,440466,440466,1,,590
764,score-ball-1-in-play,0764-score-ball-1-in-play,440583,440583,1,,591
765,score-ball-1-in-play,0765-score-ball-1-in-play,440716,440716,1,,590
766,score-ball-1-in-play,0766-score-ball-1-in-play,440783,445233,35,1 1 / JUGADOR BOLA,766
767,score-ball-1-in-play,0767-score-ball-1-in-play,445399,445399,1,,3
768,score-ball-1-in-play,0768-score-ball-1-in-play,445433,445433,1,,13
769,score-ball-1-in-play,0769-score-ball-1-in-play,445483,445499,2,,208
770,score-ball-1-in-play,0770-score-ball-1-in-play,445566,445566,1,,569
771,score-ball-1-in-play,0771-score-ball-1-in-play,445583,445583,1,,13
772,score-ball-1-in-play,0772-score-ball-1-in-play,445616,445616,1,,207
773,score-ball-1-in-play,0773-score-ball-1-in-play,445633,445633,1,,208
774,score-ball-1-in-play,0774-score-ball-1-in-play,445699,445699,1,,209
775,score-ball-1-in-play,0775-score-ball-1-in-play,445716,445716,1,,13
776,score-ball-1-in-play,0776-score-ball-1-in-play,445766,445766,1,,776
777,score-ball-1-in-play,0777-score-ball-1-in-play,445783,445783,1,,208
778,score-ball-1-in-play,0778-score-ball-1-in-play,445849,445899,2,,577
779,score-ball-1-in-play,0779-score-ball-1-in-play,445916,445983,2,,578
780,score-ball-1-in-play,0780-score-ball-1-in-play,445999,445999,1,,13
781,score-ball-1-in-play,0781-score-ball-1-in-play,446049,446049,1,,208
782,score-ball-1-in-play,0782-score-ball-1-in-play,446133,446133,1,,13
783,score-ball-1-in-play,0783-score-ball-1-in-play,446183,446183,1,,208
784,score-ball-1-in-play,0784-score-ball-1-in-play,446266,446266,1,,13
785,score-ball-1-in-play,0785-score-ball-1-in-play,446316,446316,1,,208
786,score-ball-1-in-play,0786-score-ball-1-in-play,446399,446399,1,,13
787,score-ball-1-in-play,0787-score-ball-1-in-play,446466,446466,1,,208
788,score-ball-1-in-play,0788-score-ball-1-in-play,446516,446516,1,,623
789,score-ball-1-in-play,0789-score-ball-1-in-play,446766,446766,1,1 1 / JUGADOR BOLA,789
790,score-ball-1-in-play,0790-score-ball-1-in-play,446783,446783,1,,3
791,score-ball-1-in-play,0791-score-ball-1-in-play,446816,446816,1,,590
792,score-ball-1-in-play,0792-score-ball-1-in-play,446933,446933,1,,591
793,score-ball-1-in-play,0793-score-ball-1-in-play,447066,447066,1,,590
794,score-ball-1-in-play,0794-score-ball-1-in-play,447166,447166,1,,591
795,score-ball-1-in-play,0795-score-ball-1-in-play,447316,447316,1,,590
796,score-ball-1-in-play,0796-score-ball-1-in-play,447416,447416,1,,591
797,score-ball-1-in-play,0797-score-ball-1-in-play,447549,447549,1,,590
798,score-ball-1-in-play,0798-score-ball-1-in-play,447666,447816,4,,590
799,score-ball-1-in-play,0799-score-ball-1-in-play,447933,447933,1,,591
800,score-ball-1-in-play,0800-score-ball-1-in-play,448066,448116,2,,800
801,score-ball-1-in-play,0801-score-ball-1-in-play,448149,452583,35,1 1 / JUGADOR BOLA,801
802,score-ball-1-in-play,0802-score-ball-1-in-play,452749,452749,1,,3
803,score-ball-1-in-play,0803-score-ball-1-in-play,452783,452783,1,,13
804,score-ball-1-in-play,0804-score-ball-1-in-play,452833,452833,1,,208
805,score-ball-1-in-play,0805-score-ball-1-in-play,452916,452916,1,,13
806,score-ball-1-in-play,0806-score-ball-1-in-play,452966,452966,1,,208
807,score-ball-1-in-play,0807-score-ball-1-in-play,453049,453049,1,,13
808,score-ball-1-in-play,0808-score-ball-1-in-play,453099,453099,1,,208
809,score-ball-1-in-play,0809-score-ball-1-in-play,453183,453183,1,,13
810,score-ball-1-in-play,0810-score-ball-1-in-play,453233,453233,1,,208
811,score-ball-1-in-play,0811-score-ball-1-in-play,453316,453316,1,,13
812,score-ball-1-in-play,0812-score-ball-1-in-play,453383,453399,2,,208
813,score-ball-1-in-play,0813-score-ball-1-in-play,453466,453466,1,,13
814,score-ball-1-in-play,0814-score-ball-1-in-play,453516,453533,2,,208
815,score-ball-1-in-play,0815-score-ball-1-in-play,453599,453599,1,,569
816,score-ball-1-in-play,0816-score-ball-1-in-play,453616,453616,1,,13
817,score-ball-1-in-play,0817-score-ball-1-in-play,453649,453649,1,,207
818,score-ball-1-in-play,0818-score-ball-1-in-play,453666,453666,1,,208
819,score-ball-1-in-play,0819-score-ball-1-in-play,453733,453733,1,,209
820,score-ball-1-in-play,0820-score-ball-1-in-play,453749,453749,1,,13
821,score-ball-1-in-play,0821-score-ball-1-in-play,453783,453783,1,,776
822,score-ball-1-in-play,0822-score-ball-1-in-play,453799,453799,1,,208
823,score-ball-1-in-play,0823-score-ball-1-in-play,453849,453849,1,,623
824,score-ball-1-in-play,0824-score-ball-1-in-play,454099,454099,1,1 1 / JUGADOR BOLA,824
825,score-ball-1-in-play,0825-score-ball-1-in-play,454133,454133,1,,3
826,score-ball-1-in-play,0826-score-ball-1-in-play,454166,454166,1,,590
827,score-ball-1-in-play,0827-score-ball-1-in-play,454266,454266,1,,591
828,score-ball-1-in-play,0828-score-ball-1-in-play,454399,454399,1,,590
829,score-ball-1-in-play,0829-score-ball-1-in-play,454516,454516,1,,591
830,score-ball-1-in-play,0830-score-ball-1-in-play,454649,454649,1,,590
831,score-ball-1-in-play,0831-score-ball-1-in-play,454766,454766,1,,591
832,score-ball-1-in-play,0832-score-ball-1-in-play,454899,454899,1,,590
833,score-ball-1-in-play,0833-score-ball-1-in-play,455016,455016,1,,591
834,score-ball-1-in-play,0834-score-ball-1-in-play,455149,455149,1,,590
835,score-ball-1-in-play,0835-score-ball-1-in-play,455249,455249,1,,591
836,score-ball-1-in-play,0836-score-ball-1-in-play,455399,455399,1,,590
837,score-ball-1-in-play,0837-score-ball-1-in-play,455449,459933,39,1 1 / JUGADOR BOLA,837
838,score-ball-1-in-play,0838-score-ball-1-in-play,460066,460066,1,,638
839,score-ball-1-in-play,0839-score-ball-1-in-play,460083,460083,1,,13
840,score-ball-1-in-play,0840-score-ball-1-in-play,460149,460149,1,,208
841,score-ball-1-in-play,0841-score-ball-1-in-play,460233,460233,1,,13
842,score-ball-1-in-play,0842-score-ball-1-in-play,460283,460283,1,,208
843,score-ball-1-in-play,0843-score-ball-1-in-play,460366,460366,1,,13
844,score-ball-1-in-play,0844-score-ball-1-in-play,460416,460416,1,,208
845,score-ball-1-in-play,0845-score-ball-1-in-play,460499,460499,1,,13
846,score-ball-1-in-play,0846-score-ball-1-in-play,460549,460549,1,,208
847,score-ball-1-in-play,0847-score-ball-1-in-play,460633,460633,1,,13
848,score-ball-1-in-play,0848-score-ball-1-in-play,460699,460699,1,,208
849,score-ball-1-in-play,0849-score-ball-1-in-play,460783,460783,1,,13
850,score-ball-1-in-play,0850-score-ball-1-in-play,460833,460833,1,,208
851,score-ball-1-in-play,0851-score-ball-1-in-play,460916,460916,1,,13
852,score-ball-1-in-play,0852-score-ball-1-in-play,460966,460966,1,,208
853,score-ball-1-in-play,0853-score-ball-1-in-play,461049,461049,1,,13
854,score-ball-1-in-play,0854-score-ball-1-in-play,461099,461099,1,,208
855,score-ball-1-in-play,0855-score-ball-1-in-play,461166,461166,1,,623
856,score-ball-1-in-play,0856-score-ball-1-in-play,461433,461433,1,1 1 / JUGADOR BOLA,856
857,score-ball-1-in-play,0857-score-ball-1-in-play,461466,461466,1,,3
858,score-ball-1-in-play,0858-score-ball-1-in-play,461483,461499,2,,590
859,score-ball-1-in-play,0859-score-ball-1-in-play,461599,461749,3,,590
860,score-ball-1-in-play,0860-score-ball-1-in-play,461849,461849,1,,591
861,score-ball-1-in-play,0861-score-ball-1-in-play,461999,461999,1,,590
862,score-ball-1-in-play,0862-score-ball-1-in-play,462099,462099,1,,591
863,score-ball-1-in-play,0863-score-ball-1-in-play,462233,462233,1,,590
864,score-ball-1-in-play,0864-score-ball-1-in-play,462349,462349,1,,591
865,score-ball-1-in-play,0865-score-ball-1-in-play,462483,462483,1,,590
866,score-ball-1-in-play,0866-score-ball-1-in-play,462599,462599,1,,591
867,score-ball-1-in-play,0867-score-ball-1-in-play,462733,462733,1,,590
868,score-ball-1-in-play,0868-score-ball-1-in-play,462766,467233,36,1 1 / JUGADOR BOLA,868
869,score-ball-1-in-play,0869-score-ball-1-in-play,467399,467399,1,,3
870,score-ball-1-in-play,0870-score-ball-1-in-play,467416,467416,1,,13
871,score-ball-1-in-play,0871-score-ball-1-in-play,467466,467483,2,,208
872,score-ball-1-in-play,0872-score-ball-1-in-play,467549,467549,1,,569
873,score-ball-1-in-play,0873-score-ball-1-in-play,467566,467566,1,,13
874,score-ball-1-in-play,0874-score-ball-1-in-play,467616,467616,1,,208
875,score-ball-1-in-play,0875-score-ball-1-in-play,467699,467699,1,,13
876,score-ball-1-in-play,0876-score-ball-1-in-play,467749,467749,1,,876
877,score-ball-1-in-play,0877-score-ball-1-in-play,467766,467833,2,,211
878,score-ball-1-in-play,0878-score-ball-1-in-play,467849,467883,2,,212
879,score-ball-1-in-play,0879-score-ball-1-in-play,467899,467899,1,,208
880,score-ball-1-in-play,0880-score-ball-1-in-play,467983,467983,1,,13
881,score-ball-1-in-play,0881-score-ball-1-in-play,468033,468033,1,,208
882,score-ball-1-in-play,0882-score-ball-1-in-play,468116,468116,1,,13
883,score-ball-1-in-play,0883-score-ball-1-in-play,468166,468166,1,,208
884,score-ball-1-in-play,0884-score-ball-1-in-play,468249,468249,1,,13
885,score-ball-1-in-play,0885-score-ball-1-in-play,468316,468316,1,,208
886,score-ball-1-in-play,0886-score-ball-1-in-play,468399,468399,1,,13
887,score-ball-1-in-play,0887-score-ball-1-in-play,468449,468449,1,,208
888,score-ball-1-in-play,0888-score-ball-1-in-play,468499,468749,2,BOLA,888
889,score-ball-1-in-play,0889-score-ball-1-in-play,468783,468783,1,1 1 / JUGADOR BOLA,889
890,score-ball-1-in-play,0890-score-ball-1-in-play,468799,468799,1,,3
891,score-ball-1-in-play,0891-score-ball-1-in-play,468833,468833,1,,590
892,score-ball-1-in-play,0892-score-ball-1-in-play,468933,468933,1,,591
893,score-ball-1-in-play,0893-score-ball-1-in-play,469083,469083,1,,590
894,score-ball-1-in-play,0894-score-ball-1-in-play,469183,469183,1,,591
895,score-ball-1-in-play,0895-score-ball-1-in-play,469316,469316,1,,590
896,score-ball-1-in-play,0896-score-ball-1-in-play,469433,469433,1,,591
897,score-ball-1-in-play,0897-score-ball-1-in-play,469566,469566,1,,590
898,score-ball-1-in-play,0898-score-ball-1-in-play,469683,469833,4,,590
899,score-ball-1-in-play,0899-score-ball-1-in-play,469933,469933,1,,591
900,score-ball-1-in-play,0900-score-ball-1-in-play,470083,470083,1,,590
901,score-ball-1-in-play,0901-score-ball-1-in-play,470099,474566,36,1 1 / JUGADOR BOLA,901
902,score-ball-1-in-play,0902-score-ball-1-in-play,474733,474733,1,,3
903,score-ball-1-in-play,0903-score-ball-1-in-play,474766,474766,1,,13
904,score-ball-1-in-play,0904-score-ball-1-in-play,474816,474816,1,,208
905,score-ball-1-in-play,0905-score-ball-1-in-play,474899,474899,1,,13
906,score-ball-1-in-play,0906-score-ball-1-in-play,474949,474949,1,,208
907,score-ball-1-in-play,0907-score-ball-1-in-play,475033,475033,1,,13
908,score-ball-1-in-play,0908-score-ball-1-in-play,475083,475083,1,,208
909,score-ball-1-in-play,0909-score-ball-1-in-play,475166,475166,1,,13
910,score-ball-1-in-play,0910-score-ball-1-in-play,475233,475233,1,,208
911,score-ball-1-in-play,0911-score-ball-1-in-play,475316,475316,1,,13
912,score-ball-1-in-play,0912-score-ball-1-in-play,475366,475366,1,,208
913,score-ball-1-in-play,0913-score-ball-1-in-play,475449,475466,2,,13
914,score-ball-1-in-play,0914-score-ball-1-in-play,475499,475516,2,,208
915,score-ball-1-in-play,0915-score-ball-1-in-play,475583,475583,1,,569
916,score-ball-1-in-play,0916-score-ball-1-in-play,475599,475599,1,,13
917,score-ball-1-in-play,0917-score-ball-1-in-play,475633,475633,1,,207
918,score-ball-1-in-play,0918-score-ball-1-in-play,475649,475649,1,,208
919,score-ball-1-in-play,0919-score-ball-1-in-play,475716,475716,1,,209
920,score-ball-1-in-play,0920-score-ball-1-in-play,475733,475733,1,,13
921,score-ball-1-in-play,0921-score-ball-1-in-play,475783,475833,2,,721
922,score-ball-1-in-play,0922-score-ball-1-in-play,475849,476083,2,1 1 / JUGADOR BOLA,922
923,score-ball-1-in-play,0923-score-ball-1-in-play,476116,476116,1,,923
924,score-ball-1-in-play,0924-score-ball-1-in-play,476149,476149,1,,3
925,score-ball-1-in-play,0925-score-ball-1-in-play,476166,476166,1,,590
926,score-ball-1-in-play,0926-score-ball-1-in-play,476283,476283,1,,591
927,score-ball-1-in-play,0927-score-ball-1-in-play,476416,476416,1,,590
928,score-ball-1-in-play,0928-score-ball-1-in-play,476533,476533,1,,591
929,score-ball-1-in-play,0929-score-ball-1-in-play,476666,476666,1,,590
930,score-ball-1-in-play,0930-score-ball-1-in-play,476783,476783,1,,591
931,score-ball-1-in-play,0931-score-ball-1-in-play,476916,476916,1,,590
932,score-ball-1-in-play,0932-score-ball-1-in-play,477016,477016,1,,591
933,score-ball-1-in-play,0933-score-ball-1-in-play,477166,477166,1,,590
934,score-ball-1-in-play,0934-score-ball-1-in-play,477266,477266,1,,591
935,score-ball-1-in-play,0935-score-ball-1-in-play,477399,477399,1,,590
936,score-ball-1-in-play,0936-score-ball-1-in-play,477466,481933,35,1 1 / JUGADOR BOLA,936
937,score-ball-1-in-play,0937-score-ball-1-in-play,482083,482083,1,,3
938,score-ball-1-in-play,0938-score-ball-1-in-play,482099,482099,1,,13
939,score-ball-1-in-play,0939-score-ball-1-in-play,482166,482166,1,,208
940,score-ball-1-in-play,0940-score-ball-1-in-play,482233,482233,1,,13
941,score-ball-1-in-play,0941-score-ball-1-in-play,482299,482299,1,,208
942,score-ball-1-in-play,0942-score-ball-1-in-play,482383,482383,1,,13
943,score-ball-1-in-play,0943-score-ball-1-in-play,482433,482433,1,,208
944,score-ball-1-in-play,0944-score-ball-1-in-play,482516,482516,1,,13
945,score-ball-1-in-play,0945-score-ball-1-in-play,482566,482566,1,,208
946,score-ball-1-in-play,0946-score-ball-1-in-play,482649,482649,1,,13
947,score-ball-1-in-play,0947-score-ball-1-in-play,482699,482699,1,,208
948,score-ball-1-in-play,0948-score-ball-1-in-play,482783,482783,1,,13
949,score-ball-1-in-play,0949-score-ball-1-in-play,482849,482849,1,,208
950,score-ball-1-in-play,0950-score-ball-1-in-play,482933,482933,1,,13
951,score-ball-1-in-play,0951-score-ball-1-in-play,482983,482983,1,,208
952,score-ball-1-in-play,0952-score-ball-1-in-play,483066,483066,1,,13
953,score-ball-1-in-play,0953-score-ball-1-in-play,483116,483116,1,,208
954,score-ball-1-in-play,0954-score-ball-1-in-play,483166,483416,2,1 1 / JUGADOR BOLA,954
955,score-ball-1-in-play,0955-score-ball-1-in-play,483449,483449,1,,3
956,score-ball-1-in-play,0956-score-ball-1-in-play,483466,483466,1,,590
957,score-ball-1-in-play,0957-score-ball-1-in-play,483583,483733,3,,590
958,score-ball-1-in-play,0958-score-ball-1-in-play,483849,483849,1,,591
959,score-ball-1-in-play,0959-score-ball-1-in-play,483983,483983,1,,590
960,score-ball-1-in-play,0960-score-ball-1-in-play,484083,484083,1,,591
961,score-ball-1-in-play,0961-score-ball-1-in-play,484233,484233,1,,590
962,score-ball-1-in-play,0962-score-ball-1-in-play,484333,484333,1,,591
963,score-ball-1-in-play,0963-score-ball-1-in-play,484466,484466,1,,590
964,score-ball-1-in-play,0964-score-ball-1-in-play,484583,484583,1,,591
965,score-ball-1-in-play,0965-score-ball-1-in-play,484716,484716,1,,590
966,score-ball-1-in-play,0966-score-ball-1-in-play,484783,489233,36,1 1 / JUGADOR BOLA,966
967,score-ball-1-in-play,0967-score-ball-1-in-play,489399,489399,1,,3
968,score-ball-1-in-play,0968-score-ball-1-in-play,489433,489433,1,,13
969,score-ball-1-in-play,0969-score-ball-1-in-play,489483,489499,2,,208
970,score-ball-1-in-play,0970-score-ball-1-in-play,489566,489566,1,,569
971,score-ball-1-in-play,0971-score-ball-1-in-play,489583,489583,1,,13
972,score-ball-1-in-play,0972-score-ball-1-in-play,489616,489616,1,,207
973,score-ball-1-in-play,0973-score-ball-1-in-play,489633,489633,1,,208
974,score-ball-1-in-play,0974-score-ball-1-in-play,489699,489699,1,,209
975,score-ball-1-in-play,0975-score-ball-1-in-play,489716,489716,1,,13
976,score-ball-1-in-play,0976-score-ball-1-in-play,489766,489766,1,,776
977,score-ball-1-in-play,0977-score-ball-1-in-play,489783,489783,1,,208
978,score-ball-1-in-play,0978-score-ball-1-in-play,489849,489899,2,,577
979,score-ball-1-in-play,0979-score-ball-1-in-play,489916,489983,2,,578
980,score-ball-1-in-play,0980-score-ball-1-in-play,489999,489999,1,,13
981,score-ball-1-in-play,0981-score-ball-1-in-play,490049,490049,1,,208
982,score-ball-1-in-play,0982-score-ball-1-in-play,490133,490133,1,,13
983,score-ball-1-in-play,0983-score-ball-1-in-play,490183,490183,1,,208
984,score-ball-1-in-play,0984-score-ball-1-in-play,490266,490266,1,,13
985,score-ball-1-in-play,0985-score-ball-1-in-play,490316,490316,1,,208
986,score-ball-1-in-play,0986-score-ball-1-in-play,490399,490399,1,,13
987,score-ball-1-in-play,0987-score-ball-1-in-play,490466,490466,1,,208
988,score-ball-1-in-play,0988-score-ball-1-in-play,490516,490516,1,,623
989,score-ball-1-in-play,0989-score-ball-1-in-play,490766,490766,1,1 1 / JUGADOR BOLA,588
990,score-ball-1-in-play,0990-score-ball-1-in-play,490783,490783,1,,3
991,score-ball-1-in-play,0991-score-ball-1-in-play,490816,490816,1,,590
992,score-ball-1-in-play,0992-score-ball-1-in-play,490933,490933,1,,591
993,score-ball-1-in-play,0993-score-ball-1-in-play,491066,491066,1,,590
994,score-ball-1-in-play,0994-score-ball-1-in-play,491166,491166,1,,591
995,score-ball-1-in-play,0995-score-ball-1-in-play,491316,491316,1,,590
996,score-ball-1-in-play,0996-score-ball-1-in-play,491416,491416,1,,591
997,score-ball-1-in-play,0997-score-ball-1-in-play,491549,491549,1,,590
998,score-ball-1-in-play,0998-score-ball-1-in-play,491666,491816,4,,590
999,score-ball-1-in-play,0999-score-ball-1-in-play,491933,491933,1,,591
1000,score-ball-1-in-play,1000-score-ball-1-in-play,492066,492066,1,,590
1001,score-ball-1-in-play,1001-score-ball-1-in-play,492116,496583,34,1 1 / JUGADOR BOLA,1001
1002,score-ball-1-in-play,1002-score-ball-1-in-play,496716,496716,1,,1002
1003,score-ball-1-in-play,1003-score-ball-1-in-play,496749,496749,1,,3
1004,score-ball-1-in-play,1004-score-ball-1-in-play,496783,496783,1,,13
1005,score-ball-1-in-play,1005-score-ball-1-in-play,496833,496833,1,,208
1006,score-ball-1-in-play,1006-score-ball-1-in-play,496916,496916,1,,13
1007,score-ball-1-in-play,1007-score-ball-1-in-play,496966,496966,1,,208
1008,score-ball-1-in-play,1008-score-ball-1-in-play,497049,497049,1,,13
1009,score-ball-1-in-play,1009-score-ball-1-in-play,497099,497099,1,,208
1010,score-ball-1-in-play,1010-score-ball-1-in-play,497183,497183,1,,13
1011,score-ball-1-in-play,1011-score-ball-1-in-play,497233,497233,1,,208
1012,score-ball-1-in-play,1012-score-ball-1-in-play,497316,497316,1,,13
1013,score-ball-1-in-play,1013-score-ball-1-in-play,497383,497399,2,,208
1014,score-ball-1-in-play,1014-score-ball-1-in-play,497466,497466,1,,13
1015,score-ball-1-in-play,1015-score-ball-1-in-play,497516,497533,2,,208
1016,score-ball-1-in-play,1016-score-ball-1-in-play,497599,497599,1,,569
1017,score-ball-1-in-play,1017-score-ball-1-in-play,497616,497616,1,,13
1018,score-ball-1-in-play,1018-score-ball-1-in-play,497649,497649,1,,207
1019,score-ball-1-in-play,1019-score-ball-1-in-play,497666,497666,1,,208
1020,score-ball-1-in-play,1020-score-ball-1-in-play,497733,497733,1,,209
1021,score-ball-1-in-play,1021-score-ball-1-in-play,497749,497749,1,,13
1022,score-ball-1-in-play,1022-score-ball-1-in-play,497783,497783,1,,575
1023,score-ball-1-in-play,1023-score-ball-1-in-play,497799,497799,1,,208
1024,score-ball-1-in-play,1024-score-ball-1-in-play,497849,497849,1,,623
1025,score-ball-1-in-play,1025-score-ball-1-in-play,498099,498099,1,1 1 / JUGADOR BOLA,856
1026,score-ball-1-in-play,1026-score-ball-1-in-play,498133,498133,1,,3
1027,score-ball-1-in-play,1027-score-ball-1-in-play,498166,498166,1,,590
1028,score-ball-1-in-play,1028-score-ball-1-in-play,498266,498266,1,,591
1029,score-ball-1-in-play,1029-score-ball-1-in-play,498399,498399,1,,590
1030,score-ball-1-in-play,1030-score-ball-1-in-play,498516,498516,1,,591
1031,score-ball-1-in-play,1031-score-ball-1-in-play,498649,498649,1,,590
1032,score-ball-1-in-play,1032-score-ball-1-in-play,498766,498766,1,,591
1033,score-ball-1-in-play,1033-score-ball-1-in-play,498899,498899,1,,590
1034,score-ball-1-in-play,1034-score-ball-1-in-play,499016,499016,1,,591
1035,score-ball-1-in-play,1035-score-ball-1-in-play,499149,499149,1,,590
1036,score-ball-1-in-play,1036-score-ball-1-in-play,499249,499249,1,,591
1037,score-ball-1-in-play,1037-score-ball-1-in-play,499399,499399,1,,590
1038,score-ball-1-in-play,1038-score-ball-1-in-play,499449,503933,39,1 1 / JUGADOR BOLA,1038
1039,score-ball-1-in-play,1039-score-ball-1-in-play,504066,504066,1,,638
1040,score-ball-1-in-play,1040-score-ball-1-in-play,504083,504083,1,,13
1041,score-ball-1-in-play,1041-score-ball-1-in-play,504149,504149,1,,208
1042,score-ball-1-in-play,1042-score-ball-1-in-play,504233,504233,1,,13
1043,score-ball-1-in-play,1043-score-ball-1-in-play,504283,504283,1,,208
1044,score-ball-1-in-play,1044-score-ball-1-in-play,504366,504366,1,,13
1045,score-ball-1-in-play,1045-score-ball-1-in-play,504416,504416,1,,208
1046,score-ball-1-in-play,1046-score-ball-1-in-play,504499,504499,1,,13
1047,score-ball-1-in-play,1047-score-ball-1-in-play,504549,504549,1,,208
1048,score-ball-1-in-play,1048-score-ball-1-in-play,504633,504633,1,,13
1049,score-ball-1-in-play,1049-score-ball-1-in-play,504699,504699,1,,208
1050,score-ball-1-in-play,1050-score-ball-1-in-play,504783,504783,1,,13
1051,score-ball-1-in-play,1051-score-ball-1-in-play,504833,504833,1,,208
1052,score-ball-1-in-play,1052-score-ball-1-in-play,504916,504916,1,,13
1053,score-ball-1-in-play,1053-score-ball-1-in-play,504966,504966,1,,208
1054,score-ball-1-in-play,1054-score-ball-1-in-play,505049,505049,1,,13
1055,score-ball-1-in-play,1055-score-ball-1-in-play,505099,505099,1,,208
1056,score-ball-1-in-play,1056-score-ball-1-in-play,505166,505166,1,,623
1057,score-ball-1-in-play,1057-score-ball-1-in-play,505433,505433,1,1 1 / JUGADOR BOLA,824
1058,score-ball-1-in-play,1058-score-ball-1-in-play,505466,505466,1,,3
1059,score-ball-1-in-play,1059-score-ball-1-in-play,505483,505499,2,,590
1060,score-ball-1-in-play,1060-score-ball-1-in-play,505599,505749,3,,590
1061,score-ball-1-in-play,1061-score-ball-1-in-play,505849,505849,1,,591
1062,score-ball-1-in-play,1062-score-ball-1-in-play,505999,505999,1,,590
1063,score-ball-1-in-play,1063-score-ball-1-in-play,506099,506099,1,,591
1064,score-ball-1-in-play,1064-score-ball-1-in-play,506233,506233,1,,590
1065,score-ball-1-in-play,1065-score-ball-1-in-play,506349,506349,1,,591
1066,score-ball-1-in-play,1066-score-ball-1-in-play,506483,506483,1,,590
1067,score-ball-1-in-play,1067-score-ball-1-in-play,506599,506599,1,,591
1068,score-ball-1-in-play,1068-score-ball-1-in-play,506733,506733,1,,590
1069,score-ball-1-in-play,1069-score-ball-1-in-play,506766,511233,36,1 1 / JUGADOR BOLA,1069
1070,score-ball-1-in-play,1070-score-ball-1-in-play,511399,511399,1,,3
1071,score-ball-1-in-play,1071-score-ball-1-in-play,511416,511416,1,,13
1072,score-ball-1-in-play,1072-score-ball-1-in-play,511466,511483,2,,208
1073,score-ball-1-in-play,1073-score-ball-1-in-play,511549,511549,1,,569
1074,score-ball-1-in-play,1074-score-ball-1-in-play,511566,511566,1,,13
1075,score-ball-1-in-play,1075-score-ball-1-in-play,511616,511616,1,,208
1076,score-ball-1-in-play,1076-score-ball-1-in-play,511699,511699,1,,13
1077,score-ball-1-in-play,1077-score-ball-1-in-play,511749,511749,1,,676
1078,score-ball-1-in-play,1078-score-ball-1-in-play,511766,511833,2,,211
1079,score-ball-1-in-play,1079-score-ball-1-in-play,511849,511883,2,,212
1080,score-ball-1-in-play,1080-score-ball-1-in-play,511899,511899,1,,208
1081,score-ball-1-in-play,1081-score-ball-1-in-play,511983,511983,1,,13
1082,score-ball-1-in-play,1082-score-ball-1-in-play,512033,512033,1,,208
1083,score-ball-1-in-play,1083-score-ball-1-in-play,512116,512116,1,,13
1084,score-ball-1-in-play,1084-score-ball-1-in-play,512166,512166,1,,208
1085,score-ball-1-in-play,1085-score-ball-1-in-play,512249,512249,1,,13
1086,score-ball-1-in-play,1086-score-ball-1-in-play,512316,512316,1,,208
1087,score-ball-1-in-play,1087-score-ball-1-in-play,512399,512399,1,,13
1088,score-ball-1-in-play,1088-score-ball-1-in-play,512449,512449,1,,208
1089,score-ball-1-in-play,1089-score-ball-1-in-play,512499,512749,2,1 1 / JUGADOR BOLA,1089
1090,score-ball-1-in-play,1090-score-ball-1-in-play,512783,512783,1,1 1 / JUGADOR BOLA,1090
1091,score-ball-1-in-play,1091-score-ball-1-in-play,512799,512799,1,,3
1092,score-ball-1-in-play,1092-score-ball-1-in-play,512833,512833,1,,590
1093,score-ball-1-in-play,1093-score-ball-1-in-play,512933,512933,1,,591
1094,score-ball-1-in-play,1094-score-ball-1-in-play,513083,513083,1,,590
1095,score-ball-1-in-play,1095-score-ball-1-in-play,513183,513183,1,,591
1096,score-ball-1-in-play,1096-score-ball-1-in-play,513316,513316,1,,590
1097,score-ball-1-in-play,1097-score-ball-1-in-play,513433,513433,1,,591
1098,score-ball-1-in-play,1098-score-ball-1-in-play,513566,513566,1,,590
1099,score-ball-1-in-play,1099-score-ball-1-in-play,513683,513833,4,,590
1100,score-ball-1-in-play,1100-score-ball-1-in-play,513933,513933,1,,591
1101,score-ball-1-in-play,1101-score-ball-1-in-play,514083,514083,1,,590
1102,score-ball-1-in-play,1102-score-ball-1-in-play,514099,518566,37,1 1 / JUGADOR BOLA,1102
1103,score-ball-1-in-play,1103-score-ball-1-in-play,518733,518733,1,,3
1104,score-ball-1-in-play,1104-score-ball-1-in-play,518766,518766,1,,13
1105,score-ball-1-in-play,1105-score-ball-1-in-play,518816,518816,1,,208
1106,score-ball-1-in-play,1106-score-ball-1-in-play,518899,518899,1,,13
1107,score-ball-1-in-play,1107-score-ball-1-in-play,518949,518949,1,,208
1108,score-ball-1-in-play,1108-score-ball-1-in-play,519033,519033,1,,13
1109,score-ball-1-in-play,1109-score-ball-1-in-play,519083,519083,1,,208
1110,score-ball-1-in-play,1110-score-ball-1-in-play,519166,519166,1,,13
1111,score-ball-1-in-play,1111-score-ball-1-in-play,519233,519233,1,,208
1112,score-ball-1-in-play,1112-score-ball-1-in-play,519316,519316,1,,13
1113,score-ball-1-in-play,1113-score-ball-1-in-play,519366,519366,1,,208
1114,score-ball-1-in-play,1114-score-ball-1-in-play,519449,519466,2,,13
1115,score-ball-1-in-play,1115-score-ball-1-in-play,519499,519516,2,,208
1116,score-ball-1-in-play,1116-score-ball-1-in-play,519583,519583,1,,569
1117,score-ball-1-in-play,1117-score-ball-1-in-play,519599,519599,1,,13
1118,score-ball-1-in-play,1118-score-ball-1-in-play,519633,519633,1,,207
1119,score-ball-1-in-play,1119-score-ball-1-in-play,519649,519649,1,,208
1120,score-ball-1-in-play,1120-score-ball-1-in-play,519716,519716,1,,209
1121,score-ball-1-in-play,1121-score-ball-1-in-play,519733,519733,1,,13
1122,score-ball-1-in-play,1122-score-ball-1-in-play,519783,519833,2,,721
1123,score-ball-1-in-play,1123-score-ball-1-in-play,519849,520083,2,1 1 / JUGADOR BOLA,922
1124,score-ball-1-in-play,1124-score-ball-1-in-play,520116,520116,1,,1124
1125,score-ball-1-in-play,1125-score-ball-1-in-play,520149,520149,1,,3
1126,score-ball-1-in-play,1126-score-ball-1-in-play,520166,520166,1,,590
1127,score-ball-1-in-play,1127-score-ball-1-in-play,520283,520283,1,,591
1128,score-ball-1-in-play,1128-score-ball-1-in-play,520416,520416,1,,590
1129,score-ball-1-in-play,1129-score-ball-1-in-play,520533,520533,1,,591
1130,score-ball-1-in-play,1130-score-ball-1-in-play,520666,520666,1,,590
1131,score-ball-1-in-play,1131-score-ball-1-in-play,520783,520783,1,,591
1132,score-ball-1-in-play,1132-score-ball-1-in-play,520916,520916,1,,590
1133,score-ball-1-in-play,1133-score-ball-1-in-play,521016,521016,1,,591
1134,score-ball-1-in-play,1134-score-ball-1-in-play,521166,521166,1,,590
1135,score-ball-1-in-play,1135-score-ball-1-in-play,521266,521266,1,,591
1136,score-ball-1-in-play,1136-score-ball-1-in-play,521399,521399,1,,590
1137,score-ball-1-in-play,1137-score-ball-1-in-play,521466,525933,35,3 / 1 1 / JUGADOR BOLA,1137
1138,score-ball-1-in-play,1138-score-ball-1-in-play,526083,526083,1,,3
1139,score-ball-1-in-play,1139-score-ball-1-in-play,526099,526099,1,,13
1140,score-ball-1-in-play,1140-score-ball-1-in-play,526166,526166,1,,208
1141,score-ball-1-in-play,1141-score-ball-1-in-play,526233,526233,1,,13
1142,score-ball-1-in-play,1142-score-ball-1-in-play,526299,526299,1,,208
1143,score-ball-1-in-play,1143-score-ball-1-in-play,526383,526383,1,,13
1144,score-ball-1-in-play,1144-score-ball-1-in-play,526433,526433,1,,208
1145,score-ball-1-in-play,1145-score-ball-1-in-play,526516,526516,1,,13
1146,score-ball-1-in-play,1146-score-ball-1-in-play,526566,526566,1,,208
1147,score-ball-1-in-play,1147-score-ball-1-in-play,526649,526649,1,,13
1148,score-ball-1-in-play,1148-score-ball-1-in-play,526699,526699,1,,208
1149,score-ball-1-in-play,1149-score-ball-1-in-play,526783,526783,1,,13
1150,score-ball-1-in-play,1150-score-ball-1-in-play,526849,526849,1,,208
1151,score-ball-1-in-play,1151-score-ball-1-in-play,526933,526933,1,,13
1152,score-ball-1-in-play,1152-score-ball-1-in-play,526983,526983,1,,208
1153,score-ball-1-in-play,1153-score-ball-1-in-play,527066,527066,1,,13
1154,score-ball-1-in-play,1154-score-ball-1-in-play,527116,527116,1,,208
1155,score-ball-1-in-play,1155-score-ball-1-in-play,527166,527416,2,1 1 / JUGADOR BOLA,1155
1156,score-ball-1-in-play,1156-score-ball-1-in-play,527449,527449,1,,3
1157,score-ball-1-in-play,1157-score-ball-1-in-play,527466,527466,1,,590
1158,score-ball-1-in-play,1158-score-ball-1-in-play,527583,527733,3,,590
1159,score-ball-1-in-play,1159-score-ball-1-in-play,527849,527849,1,,591
1160,score-ball-1-in-play,1160-score-ball-1-in-play,527983,527983,1,,590
1161,score-ball-1-in-play,1161-score-ball-1-in-play,528083,528083,1,,591
1162,score-ball-1-in-play,1162-score-ball-1-in-play,528233,528233,1,,590
1163,score-ball-1-in-play,1163-score-ball-1-in-play,528333,528333,1,,591
1164,score-ball-1-in-play,1164-score-ball-1-in-play,528466,528466,1,,590
1165,score-ball-1-in-play,1165-score-ball-1-in-play,528583,528583,1,,591
1166,score-ball-1-in-play,1166-score-ball-1-in-play,528716,528716,1,,590
1167,score-ball-1-in-play,1167-score-ball-1-in-play,528783,533233,38,3 / 1 1 / JUGADOR BOLA,1167
1168,score-ball-1-in-play,1168-score-ball-1-in-play,533399,533399,1,,3
1169,score-ball-1-in-play,1169-score-ball-1-in-play,533433,533433,1,,13
1170,score-ball-1-in-play,1170-score-ball-1-in-play,533483,533499,2,,208
1171,score-ball-1-in-play,1171-score-ball-1-in-play,533566,533566,1,,569
1172,score-ball-1-in-play,1172-score-ball-1-in-play,533583,533583,1,,13
1173,score-ball-1-in-play,1173-score-ball-1-in-play,533616,533616,1,,207
1174,score-ball-1-in-play,1174-score-ball-1-in-play,533633,533633,1,,208
1175,score-ball-1-in-play,1175-score-ball-1-in-play,533699,533699,1,,209
1176,score-ball-1-in-play,1176-score-ball-1-in-play,533716,533716,1,,13
1177,score-ball-1-in-play,1177-score-ball-1-in-play,533766,533766,1,,776
1178,score-ball-1-in-play,1178-score-ball-1-in-play,533783,533783,1,,208
1179,score-ball-1-in-play,1179-score-ball-1-in-play,533849,533899,2,,577
1180,score-ball-1-in-play,1180-score-ball-1-in-play,533916,533983,2,,578
1181,score-ball-1-in-play,1181-score-ball-1-in-play,533999,533999,1,,13
1182,score-ball-1-in-play,1182-score-ball-1-in-play,534049,534049,1,,208
1183,score-ball-1-in-play,1183-score-ball-1-in-play,534133,534133,1,,13
1184,score-ball-1-in-play,1184-score-ball-1-in-play,534183,534183,1,,208
1185,score-ball-1-in-play,1185-score-ball-1-in-play,534266,534266,1,,13
1186,score-ball-1-in-play,1186-score-ball-1-in-play,534316,534316,1,,208
1187,score-ball-1-in-play,1187-score-ball-1-in-play,534399,534399,1,,13
1188,score-ball-1-in-play,1188-score-ball-1-in-play,534466,534466,1,,208
1189,score-ball-1-in-play,1189-score-ball-1-in-play,534516,534516,1,,623
1190,score-ball-1-in-play,1190-score-ball-1-in-play,534766,534766,1,1 1 / JUGADOR BOLA,1190
1191,score-ball-1-in-play,1191-score-ball-1-in-play,534783,534783,1,,3
1192,score-ball-1-in-play,1192-score-ball-1-in-play,534816,534816,1,,590
1193,score-ball-1-in-play,1193-score-ball-1-in-play,534933,534933,1,,591
1194,score-ball-1-in-play,1194-score-ball-1-in-play,535066,535066,1,,590
1195,score-ball-1-in-play,1195-score-ball-1-in-play,535166,535166,1,,591
1196,score-ball-1-in-play,1196-score-ball-1-in-play,535316,535316,1,,590
1197,score-ball-1-in-play,1197-score-ball-1-in-play,535416,535416,1,,591
1198,score-ball-1-in-play,1198-score-ball-1-in-play,535549,535549,1,,590
1199,score-ball-1-in-play,1199-score-ball-1-in-play,535666,535816,4,,590
1200,score-ball-1-in-play,1200-score-ball-1-in-play,535933,535933,1,,591
1201,score-ball-1-in-play,1201-score-ball-1-in-play,536066,536066,1,,590
1202,score-ball-1-in-play,1202-score-ball-1-in-play,536116,540583,35,3 / 1 1 / JUGADOR BOLA,1202
1203,score-ball-1-in-play,1203-score-ball-1-in-play,540716,540716,1,,1203
1204,score-ball-1-in-play,1204-score-ball-1-in-play,540749,540749,1,,3
1205,score-ball-1-in-play,1205-score-ball-1-in-play,540783,540783,1,,13
1206,score-ball-1-in-play,1206-score-ball-1-in-play,540833,540833,1,,208
1207,score-ball-1-in-play,1207-score-ball-1-in-play,540916,540916,1,,13
1208,score-ball-1-in-play,1208-score-ball-1-in-play,540966,540966,1,,208
1209,score-ball-1-in-play,1209-score-ball-1-in-play,541049,541049,1,,13
1210,score-ball-1-in-play,1210-score-ball-1-in-play,541099,541099,1,,208
1211,score-ball-1-in-play,1211-score-ball-1-in-play,541183,541183,1,,13
1212,score-ball-1-in-play,1212-score-ball-1-in-play,541233,541233,1,,208
1213,score-ball-1-in-play,1213-score-ball-1-in-play,541316,541316,1,,13
1214,score-ball-1-in-play,1214-score-ball-1-in-play,541383,541399,2,,208
1215,score-ball-1-in-play,1215-score-ball-1-in-play,541466,541466,1,,13
1216,score-ball-1-in-play,1216-score-ball-1-in-play,541516,541533,2,,208
1217,score-ball-1-in-play,1217-score-ball-1-in-play,541599,541599,1,,569
1218,score-ball-1-in-play,1218-score-ball-1-in-play,541616,541616,1,,13
1219,score-ball-1-in-play,1219-score-ball-1-in-play,541649,541649,1,,207
1220,score-ball-1-in-play,1220-score-ball-1-in-play,541666,541666,1,,208
1221,score-ball-1-in-play,1221-score-ball-1-in-play,541733,541733,1,,209
1222,score-ball-1-in-play,1222-score-ball-1-in-play,541749,541749,1,,13
1223,score-ball-1-in-play,1223-score-ball-1-in-play,541783,541783,1,,575
1224,score-ball-1-in-play,1224-score-ball-1-in-play,541799,541799,1,,208
1225,score-ball-1-in-play,1225-score-ball-1-in-play,541849,541849,1,,623
1226,score-ball-1-in-play,1226-score-ball-1-in-play,542099,542099,1,1 1 / JUGADOR BOLA,1226
1227,score-ball-1-in-play,1227-score-ball-1-in-play,542133,542133,1,,3
1228,score-ball-1-in-play,1228-score-ball-1-in-play,542166,542166,1,,590
1229,score-ball-1-in-play,1229-score-ball-1-in-play,542266,542266,1,,591
1230,score-ball-1-in-play,1230-score-ball-1-in-play,542399,542399,1,,590
1231,score-ball-1-in-play,1231-score-ball-1-in-play,542516,542516,1,,591
1232,score-ball-1-in-play,1232-score-ball-1-in-play,542649,542649,1,,590
1233,score-ball-1-in-play,1233-score-ball-1-in-play,542766,542766,1,,591
1234,score-ball-1-in-play,1234-score-ball-1-in-play,542899,542899,1,,590
1235,score-ball-1-in-play,1235-score-ball-1-in-play,543016,543016,1,,591
1236,score-ball-1-in-play,1236-score-ball-1-in-play,543149,543149,1,,590
1237,score-ball-1-in-play,1237-score-ball-1-in-play,543249,543249,1,,591
1238,score-ball-1-in-play,1238-score-ball-1-in-play,543399,543399,1,,590
1239,score-ball-1-in-play,1239-score-ball-1-in-play,543416,543416,1,,3
1240,score-ball-1-in-play,1240-score-ball-1-in-play,543449,547899,38,3 / 1 1 / JUGADOR BOLA,1240
1241,score-ball-1-in-play,1241-score-ball-1-in-play,548066,548066,1,,3
1242,score-ball-1-in-play,1242-score-ball-1-in-play,548083,548083,1,,13
1243,score-ball-1-in-play,1243-score-ball-1-in-play,548149,548149,1,,208
1244,score-ball-1-in-play,1244-score-ball-1-in-play,548233,548233,1,,13
1245,score-ball-1-in-play,1245-score-ball-1-in-play,548283,548283,1,,208
1246,score-ball-1-in-play,1246-score-ball-1-in-play,548366,548366,1,,13
1247,score-ball-1-in-play,1247-score-ball-1-in-play,548416,548416,1,,208
1248,score-ball-1-in-play,1248-score-ball-1-in-play,548499,548499,1,,13
1249,score-ball-1-in-play,1249-score-ball-1-in-play,548549,548549,1,,208
1250,score-ball-1-in-play,1250-score-ball-1-in-play,548633,548633,1,,13
1251,score-ball-1-in-play,1251-score-ball-1-in-play,548699,548699,1,,208
1252,score-ball-1-in-play,1252-score-ball-1-in-play,548783,548783,1,,13
1253,score-ball-1-in-play,1253-score-ball-1-in-play,548833,548833,1,,208
1254,score-ball-1-in-play,1254-score-ball-1-in-play,548916,548916,1,,13
1255,score-ball-1-in-play,1255-score-ball-1-in-play,548966,548966,1,,208
1256,score-ball-1-in-play,1256-score-ball-1-in-play,549049,549049,1,,13
1257,score-ball-1-in-play,1257-score-ball-1-in-play,549099,549099,1,,208
1258,score-ball-1-in-play,1258-score-ball-1-in-play,549166,549166,1,,623
1259,score-ball-1-in-play,1259-score-ball-1-in-play,549433,549433,1,1 1 / JUGADOR BOLA,1259
1260,score-ball-1-in-play,1260-score-ball-1-in-play,549466,549466,1,,3
1261,score-ball-1-in-play,1261-score-ball-1-in-play,549483,549499,2,,590
1262,score-ball-1-in-play,1262-score-ball-1-in-play,549599,549749,3,,590
1263,score-ball-1-in-play,1263-score-ball-1-in-play,549849,549849,1,,591
1264,score-ball-1-in-play,1264-score-ball-1-in-play,549999,549999,1,,590
1265,score-ball-1-in-play,1265-score-ball-1-in-play,550099,550099,1,,591
1266,score-ball-1-in-play,1266-score-ball-1-in-play,550233,550233,1,,590
1267,score-ball-1-in-play,1267-score-ball-1-in-play,550349,550349,1,,591
1268,score-ball-1-in-play,1268-score-ball-1-in-play,550483,550483,1,,590
1269,score-ball-1-in-play,1269-score-ball-1-in-play,550599,550599,1,,591
1270,score-ball-1-in-play,1270-score-ball-1-in-play,550733,550733,1,,590
1271,score-ball-1-in-play,1271-score-ball-1-in-play,550783,555249,36,3 / 1 1 / JUGADOR BOLA,1271
1272,score-ball-1-in-play,1272-score-ball-1-in-play,555399,555399,1,,3
1273,score-ball-1-in-play,1273-score-ball-1-in-play,555416,555416,1,,13
1274,score-ball-1-in-play,1274-score-ball-1-in-play,555466,555483,2,,208
1275,score-ball-1-in-play,1275-score-ball-1-in-play,555549,555549,1,,569
1276,score-ball-1-in-play,1276-score-ball-1-in-play,555566,555566,1,,13
1277,score-ball-1-in-play,1277-score-ball-1-in-play,555616,555616,1,,208
1278,score-ball-1-in-play,1278-score-ball-1-in-play,555699,555699,1,,13
1279,score-ball-1-in-play,1279-score-ball-1-in-play,555749,555749,1,,676
1280,score-ball-1-in-play,1280-score-ball-1-in-play,555766,555833,2,,211
1281,score-ball-1-in-play,1281-score-ball-1-in-play,555849,555883,2,,212
1282,score-ball-1-in-play,1282-score-ball-1-in-play,555899,555899,1,,208
1283,score-ball-1-in-play,1283-score-ball-1-in-play,555983,555983,1,,13
1284,score-ball-1-in-play,1284-score-ball-1-in-play,556033,556033,1,,208
1285,score-ball-1-in-play,1285-score-ball-1-in-play,556116,556116,1,,13
1286,score-ball-1-in-play,1286-score-ball-1-in-play,556166,556166,1,,208
1287,score-ball-1-in-play,1287-score-ball-1-in-play,556249,556249,1,,13
1288,score-ball-1-in-play,1288-score-ball-1-in-play,556316,556316,1,,208
1289,score-ball-1-in-play,1289-score-ball-1-in-play,556399,556399,1,,13
1290,score-ball-1-in-play,1290-score-ball-1-in-play,556449,556449,1,,208
1291,score-ball-1-in-play,1291-score-ball-1-in-play,556499,556749,2,JUGADOR BOLA,1291
1292,score-ball-1-in-play,1292-score-ball-1-in-play,556783,556783,1,1 1 / JUGADOR BOLA,1292
1293,score-ball-1-in-play,1293-score-ball-1-in-play,556799,556799,1,,3
1294,score-ball-1-in-play,1294-score-ball-1-in-play,556833,556833,1,,590
1295,score-ball-1-in-play,1295-score-ball-1-in-play,556933,556933,1,,591
1296,score-ball-1-in-play,1296-score-ball-1-in-play,557083,557083,1,,590
1297,score-ball-1-in-play,1297-score-ball-1-in-play,557183,557183,1,,591
1298,score-ball-1-in-play,1298-score-ball-1-in-play,557316,557316,1,,590
1299,score-ball-1-in-play,1299-score-ball-1-in-play,557433,557433,1,,591
1300,score-ball-1-in-play,1300-score-ball-1-in-play,557566,557566,1,,590
1301,score-ball-1-in-play,1301-score-ball-1-in-play,557683,557833,4,,590
1302,score-ball-1-in-play,1302-score-ball-1-in-play,557933,557933,1,,591
1303,score-ball-1-in-play,1303-score-ball-1-in-play,558083,558083,1,,590
1304,score-ball-1-in-play,1304-score-ball-1-in-play,558133,562599,34,3 / 1 1 / JUGADOR BOLA,1304
1305,score-ball-1-in-play,1305-score-ball-1-in-play,562733,562733,1,,3
1306,score-ball-1-in-play,1306-score-ball-1-in-play,562766,562766,1,,13
1307,score-ball-1-in-play,1307-score-ball-1-in-play,562816,562816,1,,208
1308,score-ball-1-in-play,1308-score-ball-1-in-play,562899,562899,1,,13
1309,score-ball-1-in-play,1309-score-ball-1-in-play,562949,562949,1,,208
1310,score-ball-1-in-play,1310-score-ball-1-in-play,563033,563033,1,,13
1311,score-ball-1-in-play,1311-score-ball-1-in-play,563083,563083,1,,208
1312,score-ball-1-in-play,1312-score-ball-1-in-play,563166,563166,1,,13
1313,score-ball-1-in-play,1313-score-ball-1-in-play,563233,563233,1,,208
1314,score-ball-1-in-play,1314-score-ball-1-in-play,563316,563316,1,,13
1315,score-ball-1-in-play,1315-score-ball-1-in-play,563366,563366,1,,208
1316,score-ball-1-in-play,1316-score-ball-1-in-play,563449,563466,2,,13
1317,score-ball-1-in-play,1317-score-ball-1-in-play,563499,563516,2,,208
1318,score-ball-1-in-play,1318-score-ball-1-in-play,563583,563583,1,,569
1319,score-ball-1-in-play,1319-score-ball-1-in-play,563599,563599,1,,13
1320,score-ball-1-in-play,1320-score-ball-1-in-play,563633,563633,1,,207
1321,score-ball-1-in-play,1321-score-ball-1-in-play,563649,563649,1,,208
1322,score-ball-1-in-play,1322-score-ball-1-in-play,563716,563716,1,,209
1323,score-ball-1-in-play,1323-score-ball-1-in-play,563733,563733,1,,13
1324,score-ball-1-in-play,1324-score-ball-1-in-play,563783,563833,2,,721
1325,score-ball-1-in-play,1325-score-ball-1-in-play,563849,564083,2,1 1 / JUGADOR BOLA,722
1326,score-ball-1-in-play,1326-score-ball-1-in-play,564116,564116,1,,1326
1327,score-ball-1-in-play,1327-score-ball-1-in-play,564149,564149,1,,3
1328,score-ball-1-in-play,1328-score-ball-1-in-play,564166,564166,1,,590
1329,score-ball-1-in-play,1329-score-ball-1-in-play,564283,564283,1,,591
1330,score-ball-1-in-play,1330-score-ball-1-in-play,564416,564416,1,,590
1331,score-ball-1-in-play,1331-score-ball-1-in-play,564533,564533,1,,591
1332,score-ball-1-in-play,1332-score-ball-1-in-play,564666,564666,1,,590
1333,score-ball-1-in-play,1333-score-ball-1-in-play,564783,564783,1,,591
1334,score-ball-1-in-play,1334-score-ball-1-in-play,564916,564916,1,,590
1335,score-ball-1-in-play,1335-score-ball-1-in-play,565016,565016,1,,591
1336,score-ball-1-in-play,1336-score-ball-1-in-play,565166,565166,1,,590
1337,score-ball-1-in-play,1337-score-ball-1-in-play,565266,565266,1,,591
1338,score-ball-1-in-play,1338-score-ball-1-in-play,565399,565399,1,,590
1339,score-ball-1-in-play,1339-score-ball-1-in-play,565466,569933,36,1 1 / JUGADOR BOLA,1339
1340,score-ball-1-in-play,1340-score-ball-1-in-play,570083,570083,1,,3
1341,score-ball-1-in-play,1341-score-ball-1-in-play,570099,570099,1,,13
1342,score-ball-1-in-play,1342-score-ball-1-in-play,570166,570166,1,,208
1343,score-ball-1-in-play,1343-score-ball-1-in-play,570233,570233,1,,13
1344,score-ball-1-in-play,1344-score-ball-1-in-play,570299,570299,1,,208
1345,score-ball-1-in-play,1345-score-ball-1-in-play,570383,570383,1,,13
1346,score-ball-1-in-play,1346-score-ball-1-in-play,570433,570433,1,,208
1347,score-ball-1-in-play,1347-score-ball-1-in-play,570516,570516,1,,13
1348,score-ball-1-in-play,1348-score-ball-1-in-play,570566,570566,1,,208
1349,score-ball-1-in-play,1349-score-ball-1-in-play,570649,570649,1,,13
1350,score-ball-1-in-play,1350-score-ball-1-in-play,570699,570699,1,,208
1351,score-ball-1-in-play,1351-score-ball-1-in-play,570783,570783,1,,13
1352,score-ball-1-in-play,1352-score-ball-1-in-play,570849,570849,1,,208
1353,score-ball-1-in-play,1353-score-ball-1-in-play,570933,570933,1,,13
1354,score-ball-1-in-play,1354-score-ball-1-in-play,570983,570983,1,,208
1355,score-ball-1-in-play,1355-score-ball-1-in-play,571066,571066,1,,13
1356,score-ball-1-in-play,1356-score-ball-1-in-play,571116,571116,1,,208
1357,score-ball-1-in-play,1357-score-ball-1-in-play,571166,571416,2,1 1 / JUGADOR BOLA,1357
1358,score-ball-1-in-play,1358-score-ball-1-in-play,571449,571449,1,,3
1359,score-ball-1-in-play,1359-score-ball-1-in-play,571466,571466,1,,590
1360,score-ball-1-in-play,1360-score-ball-1-in-play,571583,571733,3,,590
1361,score-ball-1-in-play,1361-score-ball-1-in-play,571849,571849,1,,591
1362,score-ball-1-in-play,1362-score-ball-1-in-play,571983,571983,1,,590
1363,score-ball-1-in-play,1363-score-ball-1-in-play,572083,572083,1,,591
1364,score-ball-1-in-play,1364-score-ball-1-in-play,572233,572233,1,,590
1365,score-ball-1-in-play,1365-score-ball-1-in-play,572333,572333,1,,591
1366,score-ball-1-in-play,1366-score-ball-1-in-play,572466,572466,1,,590
1367,score-ball-1-in-play,1367-score-ball-1-in-play,572583,572583,1,,591
1368,score-ball-1-in-play,1368-score-ball-1-in-play,572716,572716,1,,590
1369,score-ball-1-in-play,1369-score-ball-1-in-play,572783,577233,36,1 1 / JUGADOR BOLA,1369
1370,score-ball-1-in-play,1370-score-ball-1-in-play,577399,577399,1,,3
1371,score-ball-1-in-play,1371-score-ball-1-in-play,577433,577433,1,,13
1372,score-ball-1-in-play,1372-score-ball-1-in-play,577483,577499,2,,208
1373,score-ball-1-in-play,1373-score-ball-1-in-play,577566,577566,1,,569
1374,score-ball-1-in-play,1374-score-ball-1-in-play,577583,577583,1,,13
1375,score-ball-1-in-play,1375-score-ball-1-in-play,577616,577616,1,,207
1376,score-ball-1-in-play,1376-score-ball-1-in-play,577633,577633,1,,208
1377,score-ball-1-in-play,1377-score-ball-1-in-play,577699,577699,1,,209
1378,score-ball-1-in-play,1378-score-ball-1-in-play,577716,577716,1,,13
1379,score-ball-1-in-play,1379-score-ball-1-in-play,577766,577766,1,,575
1380,score-ball-1-in-play,1380-score-ball-1-in-play,577783,577783,1,,208
1381,score-ball-1-in-play,1381-score-ball-1-in-play,577849,577899,2,,577
1382,score-ball-1-in-play,1382-score-ball-1-in-play,577916,577983,2,,578
1383,score-ball-1-in-play,1383-score-ball-1-in-play,577999,577999,1,,13
1384,score-ball-1-in-play,1384-score-ball-1-in-play,578049,578049,1,,208
1385,score-ball-1-in-play,1385-score-ball-1-in-play,578133,578133,1,,13
1386,score-ball-1-in-play,1386-score-ball-1-in-play,578183,578183,1,,208
1387,score-ball-1-in-play,1387-score-ball-1-in-play,578266,578266,1,,13
1388,score-ball-1-in-play,1388-score-ball-1-in-play,578316,578316,1,,208
1389,score-ball-1-in-play,1389-score-ball-1-in-play,578399,578399,1,,13
1390,score-ball-1-in-play,1390-score-ball-1-in-play,578466,578466,1,,208
1391,score-ball-1-in-play,1391-score-ball-1-in-play,578516,578516,1,,623
1392,score-ball-1-in-play,1392-score-ball-1-in-play,578766,578766,1,1 1 / JUGADOR BOLA,1392
1393,score-ball-1-in-play,1393-score-ball-1-in-play,578783,578783,1,,3
1394,score-ball-1-in-play,1394-score-ball-1-in-play,578816,578816,1,,590
1395,score-ball-1-in-play,1395-score-ball-1-in-play,578933,578933,1,,591
1396,score-ball-1-in-play,1396-score-ball-1-in-play,579066,579066,1,,590
1397,score-ball-1-in-play,1397-score-ball-1-in-play,579166,579166,1,,591
1398,score-ball-1-in-play,1398-score-ball-1-in-play,579316,579316,1,,590
1399,score-ball-1-in-play,1399-score-ball-1-in-play,579416,579416,1,,591
1400,score-ball-1-in-play,1400-score-ball-1-in-play,579549,579549,1,,590
1401,score-ball-1-in-play,1401-score-ball-1-in-play,579666,579816,4,,590
1402,score-ball-1-in-play,1402-score-ball-1-in-play,579933,579933,1,,591
1403,score-ball-1-in-play,1403-score-ball-1-in-play,580066,580066,1,,590
1404,score-ball-1-in-play,1404-score-ball-1-in-play,580116,584583,36,1 1 / JUGADOR BOLA,1404
1405,score-ball-1-in-play,1405-score-ball-1-in-play,584716,584716,1,,1405
1406,score-ball-1-in-play,1406-score-ball-1-in-play,584749,584749,1,,3
1407,score-ball-1-in-play,1407-score-ball-1-in-play,584783,584783,1,,13
1408,score-ball-1-in-play,1408-score-ball-1-in-play,584833,584833,1,,208
1409,score-ball-1-in-play,1409-score-ball-1-in-play,584916,584916,1,,13
1410,score-ball-1-in-play,1410-score-ball-1-in-play,584966,584966,1,,208
1411,score-ball-1-in-play,1411-score-ball-1-in-play,585049,585049,1,,13
1412,score-ball-1-in-play,1412-score-ball-1-in-play,585099,585099,1,,208
1413,score-ball-1-in-play,1413-score-ball-1-in-play,585183,585183,1,,13
1414,score-ball-1-in-play,1414-score-ball-1-in-play,585233,585233,1,,208
1415,score-ball-1-in-play,1415-score-ball-1-in-play,585316,585316,1,,13
1416,score-ball-1-in-play,1416-score-ball-1-in-play,585383,585399,2,,208
1417,score-ball-1-in-play,1417-score-ball-1-in-play,585466,585466,1,,13
1418,score-ball-1-in-play,1418-score-ball-1-in-play,585516,585533,2,,208
1419,score-ball-1-in-play,1419-score-ball-1-in-play,585599,585599,1,,569
1420,score-ball-1-in-play,1420-score-ball-1-in-play,585616,585616,1,,13
1421,score-ball-1-in-play,1421-score-ball-1-in-play,585649,585649,1,,207
1422,score-ball-1-in-play,1422-score-ball-1-in-play,585666,585666,1,,208
1423,score-ball-1-in-play,1423-score-ball-1-in-play,585733,585733,1,,209
1424,score-ball-1-in-play,1424-score-ball-1-in-play,585749,585749,1,,13
1425,score-ball-1-in-play,1425-score-ball-1-in-play,585783,585783,1,,776
1426,score-ball-1-in-play,1426-score-ball-1-in-play,585799,585799,1,,208
1427,score-ball-1-in-play,1427-score-ball-1-in-play,585849,585849,1,,623
1428,score-ball-1-in-play,1428-score-ball-1-in-play,586099,586099,1,1 1 / JUGADOR BOLA,856
1429,score-ball-1-in-play,1429-score-ball-1-in-play,586133,586133,1,,3
1430,score-ball-1-in-play,1430-score-ball-1-in-play,586166,586166,1,,590
1431,score-ball-1-in-play,1431-score-ball-1-in-play,586266,586266,1,,591
1432,score-ball-1-in-play,1432-score-ball-1-in-play,586399,586399,1,,590
1433,score-ball-1-in-play,1433-score-ball-1-in-play,586516,586516,1,,591
1434,score-ball-1-in-play,1434-score-ball-1-in-play,586649,586649,1,,590
1435,score-ball-1-in-play,1435-score-ball-1-in-play,586766,586766,1,,591
1436,score-ball-1-in-play,1436-score-ball-1-in-play,586899,586899,1,,590
1437,score-ball-1-in-play,1437-score-ball-1-in-play,587016,587016,1,,591
1438,score-ball-1-in-play,1438-score-ball-1-in-play,587149,587149,1,,590
1439,score-ball-1-in-play,1439-score-ball-1-in-play,587249,587249,1,,591
1440,score-ball-1-in-play,1440-score-ball-1-in-play,587399,587399,1,,590
1441,score-ball-1-in-play,1441-score-ball-1-in-play,587416,587416,1,,3
1442,score-ball-1-in-play,1442-score-ball-1-in-play,587449,591899,37,1 1 / JUGADOR BOLA,1442
1443,score-ball-1-in-play,1443-score-ball-1-in-play,592066,592066,1,,1443
1444,score-ball-1-in-play,1444-score-ball-1-in-play,592083,592083,1,,13
1445,score-ball-1-in-play,1445-score-ball-1-in-play,592149,592149,1,,208
1446,score-ball-1-in-play,1446-score-ball-1-in-play,592233,592233,1,,13
1447,score-ball-1-in-play,1447-score-ball-1-in-play,592283,592283,1,,208
1448,score-ball-1-in-play,1448-score-ball-1-in-play,592366,592366,1,,13
1449,score-ball-1-in-play,1449-score-ball-1-in-play,592416,592416,1,,208
1450,score-ball-1-in-play,1450-score-ball-1-in-play,592499,592499,1,,13
1451,score-ball-1-in-play,1451-score-ball-1-in-play,592549,592549,1,,208
1452,score-ball-1-in-play,1452-score-ball-1-in-play,592633,592633,1,,13
1453,score-ball-1-in-play,1453-score-ball-1-in-play,592699,592699,1,,208
1454,score-ball-1-in-play,1454-score-ball-1-in-play,592783,592783,1,,13
1455,score-ball-1-in-play,1455-score-ball-1-in-play,592833,592833,1,,208
1456,score-ball-1-in-play,1456-score-ball-1-in-play,592916,592916,1,,13
1457,score-ball-1-in-play,1457-score-ball-1-in-play,592966,592966,1,,208
1458,score-ball-1-in-play,1458-score-ball-1-in-play,593049,593049,1,,13
1459,score-ball-1-in-play,1459-score-ball-1-in-play,593099,593099,1,,208
1460,score-ball-1-in-play,1460-score-ball-1-in-play,593166,593166,1,,623
1461,score-ball-1-in-play,1461-score-ball-1-in-play,593433,593433,1,1 1 / JUGADOR BOLA,1259
1462,score-ball-1-in-play,1462-score-ball-1-in-play,593466,593466,1,,3
1463,score-ball-1-in-play,1463-score-ball-1-in-play,593483,593499,2,,590
1464,score-ball-1-in-play,1464-score-ball-1-in-play,593599,593749,3,,590
1465,score-ball-1-in-play,1465-score-ball-1-in-play,593849,593849,1,,591
1466,score-ball-1-in-play,1466-score-ball-1-in-play,593999,593999,1,,590
1467,score-ball-1-in-play,1467-score-ball-1-in-play,594099,594099,1,,591
1468,score-ball-1-in-play,1468-score-ball-1-in-play,594233,594233,1,,590
1469,score-ball-1-in-play,1469-score-ball-1-in-play,594349,594349,1,,591
1470,score-ball-1-in-play,1470-score-ball-1-in-play,594483,594483,1,,590
1471,score-ball-1-in-play,1471-score-ball-1-in-play,594599,594599,1,,591
1472,score-ball-1-in-play,1472-score-ball-1-in-play,594733,594733,1,,590
1473,score-ball-1-in-play,1473-score-ball-1-in-play,594783,599249,35,1 1 / JUGADOR BOLA,1473
1474,score-ball-1-in-play,1474-score-ball-1-in-play,599399,599399,1,,3
1475,score-ball-1-in-play,1475-score-ball-1-in-play,599416,599416,1,,13
1476,score-ball-1-in-play,1476-score-ball-1-in-play,599466,599483,2,,208
1477,score-ball-1-in-play,1477-score-ball-1-in-play,599549,599549,1,,569
1478,score-ball-1-in-play,1478-score-ball-1-in-play,599566,599566,1,,13
1479,score-ball-1-in-play,1479-score-ball-1-in-play,599616,599616,1,,208
1480,score-ball-1-in-play,1480-score-ball-1-in-play,599699,599699,1,,13
1481,score-ball-1-in-play,1481-score-ball-1-in-play,599749,599749,1,,676
1482,score-ball-1-in-play,1482-score-ball-1-in-play,599766,599833,2,,211
1483,score-ball-1-in-play,1483-score-ball-1-in-play,599849,599883,2,,212
1484,score-ball-1-in-play,1484-score-ball-1-in-play,599899,599899,1,,208
1485,score-ball-1-in-play,1485-score-ball-1-in-play,599983,599983,1,,13
1486,score-ball-1-in-play,1486-score-ball-1-in-play,600033,600033,1,,208
1487,score-ball-1-in-play,1487-score-ball-1-in-play,600116,600116,1,,13
1488,score-ball-1-in-play,1488-score-ball-1-in-play,600166,600166,1,,208
1489,score-ball-1-in-play,1489-score-ball-1-in-play,600249,600249,1,,13
1490,score-ball-1-in-play,1490-score-ball-1-in-play,600316,600316,1,,208
1491,score-ball-1-in-play,1491-score-ball-1-in-play,600399,600399,1,,13
1492,score-ball-1-in-play,1492-score-ball-1-in-play,600449,600449,1,,208
1493,score-ball-1-in-play,1493-score-ball-1-in-play,600499,600499,1,,623
1494,score-ball-1-in-play,1494-score-ball-1-in-play,600783,600783,1,1 1 / JUGADOR BOLA,1494
1495,score-ball-1-in-play,1495-score-ball-1-in-play,600799,600799,1,,3
1496,score-ball-1-in-play,1496-score-ball-1-in-play,600833,600833,1,,590
1497,score-ball-1-in-play,1497-score-ball-1-in-play,600933,600933,1,,591
1498,score-ball-1-in-play,1498-score-ball-1-in-play,601083,601083,1,,590
1499,score-ball-1-in-play,1499-score-ball-1-in-play,601183,601183,1,,591
1500,score-ball-1-in-play,1500-score-ball-1-in-play,601316,601316,1,,590
1501,score-ball-1-in-play,1501-score-ball-1-in-play,601433,601433,1,,591
1502,score-ball-1-in-play,1502-score-ball-1-in-play,601566,601566,1,,590
1503,score-ball-1-in-play,1503-score-ball-1-in-play,601683,601833,4,,590
1504,score-ball-1-in-play,1504-score-ball-1-in-play,601933,601933,1,,591
1505,score-ball-1-in-play,1505-score-ball-1-in-play,602083,602083,1,,590
1506,score-ball-1-in-play,1506-score-ball-1-in-play,602133,606599,35,1 1 / JUGADOR BOLA,1506
1507,score-ball-1-in-play,1507-score-ball-1-in-play,606733,606733,1,,3
1508,score-ball-1-in-play,1508-score-ball-1-in-play,606766,606766,1,,13
1509,score-ball-1-in-play,1509-score-ball-1-in-play,606816,606816,1,,208
1510,score-ball-1-in-play,1510-score-ball-1-in-play,606899,606899,1,,13
1511,score-ball-1-in-play,1511-score-ball-1-in-play,606949,606949,1,,208
1512,score-ball-1-in-play,1512-score-ball-1-in-play,607033,607033,1,,13
1513,score-ball-1-in-play,1513-score-ball-1-in-play,607083,607083,1,,208
1514,score-ball-1-in-play,1514-score-ball-1-in-play,607166,607166,1,,13
1515,score-ball-1-in-play,1515-score-ball-1-in-play,607233,607233,1,,208
1516,score-ball-1-in-play,1516-score-ball-1-in-play,607316,607316,1,,13
1517,score-ball-1-in-play,1517-score-ball-1-in-play,607366,607366,1,,208
1518,score-ball-1-in-play,1518-score-ball-1-in-play,607449,607466,2,,13
1519,score-ball-1-in-play,1519-score-ball-1-in-play,607499,607516,2,,208
1520,score-ball-1-in-play,1520-score-ball-1-in-play,607583,607583,1,,569
1521,score-ball-1-in-play,1521-score-ball-1-in-play,607599,607599,1,,13
1522,score-ball-1-in-play,1522-score-ball-1-in-play,607633,607633,1,,207
1523,score-ball-1-in-play,1523-score-ball-1-in-play,607649,607649,1,,208
1524,score-ball-1-in-play,1524-score-ball-1-in-play,607716,607716,1,,209
1525,score-ball-1-in-play,1525-score-ball-1-in-play,607733,607733,1,,13
1526,score-ball-1-in-play,1526-score-ball-1-in-play,607783,607833,2,,721
1527,score-ball-1-in-play,1527-score-ball-1-in-play,607849,607849,1,,623
1528,score-ball-1-in-play,1528-score-ball-1-in-play,608116,608116,1,,3
1529,score-ball-1-in-play,1529-score-ball-1-in-play,608149,608149,1,,590
1530,score-ball-1-in-play,1530-score-ball-1-in-play,608249,608249,1,,591
1531,score-ball-1-in-play,1531-score-ball-1-in-play,608399,608399,1,,590
1532,score-ball-1-in-play,1532-score-ball-1-in-play,608499,608499,1,,591
1533,score-ball-1-in-play,1533-score-ball-1-in-play,608633,608633,1,,590
1534,score-ball-1-in-play,1534-score-ball-1-in-play,608749,608749,1,,591
1535,score-ball-1-in-play,1535-score-ball-1-in-play,608883,608883,1,,590
1536,score-ball-1-in-play,1536-score-ball-1-in-play,608999,608999,1,,591
1537,score-ball-1-in-play,1537-score-ball-1-in-play,609133,609133,1,,590
1538,score-ball-1-in-play,1538-score-ball-1-in-play,609233,609233,1,,591
1539,score-ball-1-in-play,1539-score-ball-1-in-play,609383,609383,1,,590
1540,score-ball-1-in-play,1540-score-ball-1-in-play,609399,613883,39,1 1 / JUGADOR BOLA,1540
1541,score-ball-1-in-play,1541-score-ball-1-in-play,614083,614083,1,,3
1542,score-ball-1-in-play,1542-score-ball-1-in-play,614099,614099,1,,13
1543,score-ball-1-in-play,1543-score-ball-1-in-play,614166,614166,1,,208
1544,score-ball-1-in-play,1544-score-ball-1-in-play,614233,614233,1,,13
1545,score-ball-1-in-play,1545-score-ball-1-in-play,614299,614299,1,,208
1546,score-ball-1-in-play,1546-score-ball-1-in-play,614383,614383,1,,13
1547,score-ball-1-in-play,1547-score-ball-1-in-play,614433,614433,1,,208
1548,score-ball-1-in-play,1548-score-ball-1-in-play,614516,614516,1,,13
1549,score-ball-1-in-play,1549-score-ball-1-in-play,614566,614566,1,,208
1550,score-ball-1-in-play,1550-score-ball-1-in-play,614649,614649,1,,13
1551,score-ball-1-in-play,1551-score-ball-1-in-play,614699,614699,1,,208
1552,score-ball-1-in-play,1552-score-ball-1-in-play,614783,614783,1,,13
1553,score-ball-1-in-play,1553-score-ball-1-in-play,614849,614849,1,,208
1554,score-ball-1-in-play,1554-score-ball-1-in-play,614933,614933,1,,13
1555,score-ball-1-in-play,1555-score-ball-1-in-play,614983,614983,1,,208
1556,score-ball-1-in-play,1556-score-ball-1-in-play,615066,615066,1,,13
1557,score-ball-1-in-play,1557-score-ball-1-in-play,615116,615116,1,,208
1558,score-ball-1-in-play,1558-score-ball-1-in-play,615166,615416,2,1 1 / JUGADOR BOLA,1558
1559,score-ball-1-in-play,1559-score-ball-1-in-play,615449,615449,1,,3
1560,score-ball-1-in-play,1560-score-ball-1-in-play,615466,615466,1,,590
1561,score-ball-1-in-play,1561-score-ball-1-in-play,615583,615733,3,,590
1562,score-ball-1-in-play,1562-score-ball-1-in-play,615849,615849,1,,591
1563,score-ball-1-in-play,1563-score-ball-1-in-play,615983,615983,1,,590
1564,score-ball-1-in-play,1564-score-ball-1-in-play,616083,616083,1,,591
1565,score-ball-1-in-play,1565-score-ball-1-in-play,616233,616233,1,,590
1566,score-ball-1-in-play,1566-score-ball-1-in-play,616333,616333,1,,591
1567,score-ball-1-in-play,1567-score-ball-1-in-play,616466,616466,1,,590
1568,score-ball-1-in-play,1568-score-ball-1-in-play,616583,616583,1,,591
1569,score-ball-1-in-play,1569-score-ball-1-in-play,616716,616716,1,,590
1570,score-ball-1-in-play,1570-score-ball-1-in-play,616749,621216,34,1 1 / JUGADOR BOLA,1570
1571,score-ball-1-in-play,1571-score-ball-1-in-play,621399,621399,1,,3
1572,score-ball-1-in-play,1572-score-ball-1-in-play,621433,621433,1,,13
1573,score-ball-1-in-play,1573-score-ball-1-in-play,621483,621499,2,,208
1574,score-ball-1-in-play,1574-score-ball-1-in-play,621566,621566,1,,569
1575,score-ball-1-in-play,1575-score-ball-1-in-play,621583,621583,1,,13
1576,score-ball-1-in-play,1576-score-ball-1-in-play,621616,621616,1,,207
1577,score-ball-1-in-play,1577-score-ball-1-in-play,621633,621633,1,,208
1578,score-ball-1-in-play,1578-score-ball-1-in-play,621699,621699,1,,209
1579,score-ball-1-in-play,1579-score-ball-1-in-play,621716,621716,1,,13
1580,score-ball-1-in-play,1580-score-ball-1-in-play,621766,621766,1,,575
1581,score-ball-1-in-play,1581-score-ball-1-in-play,621783,621783,1,,208
1582,score-ball-1-in-play,1582-score-ball-1-in-play,621849,621899,2,,577
1583,score-ball-1-in-play,1583-score-ball-1-in-play,621916,621983,2,,578
1584,score-ball-1-in-play,1584-score-ball-1-in-play,621999,621999,1,,13
1585,score-ball-1-in-play,1585-score-ball-1-in-play,622049,622049,1,,208
1586,score-ball-1-in-play,1586-score-ball-1-in-play,622133,622133,1,,13
1587,score-ball-1-in-play,1587-score-ball-1-in-play,622183,622183,1,,208
1588,score-ball-1-in-play,1588-score-ball-1-in-play,622266,622266,1,,13
1589,score-ball-1-in-play,1589-score-ball-1-in-play,622316,622316,1,,208
1590,score-ball-1-in-play,1590-score-ball-1-in-play,622399,622399,1,,13
1591,score-ball-1-in-play,1591-score-ball-1-in-play,622466,622466,1,,208
1592,score-ball-1-in-play,1592-score-ball-1-in-play,622516,622516,1,,623
1593,score-ball-1-in-play,1593-score-ball-1-in-play,622766,622766,1,1 1 / JUGADOR BOLA,1593
1594,score-ball-1-in-play,1594-score-ball-1-in-play,622783,622783,1,,3
1595,score-ball-1-in-play,1595-score-ball-1-in-play,622816,622816,1,,590
1596,score-ball-1-in-play,1596-score-ball-1-in-play,622933,622933,1,,591
1597,score-ball-1-in-play,1597-score-ball-1-in-play,623066,623066,1,,590
1598,score-ball-1-in-play,1598-score-ball-1-in-play,623166,623166,1,,591
1599,score-ball-1-in-play,1599-score-ball-1-in-play,623316,623316,1,,590
1600,score-ball-1-in-play,1600-score-ball-1-in-play,623416,623416,1,,591
1601,score-ball-1-in-play,1601-score-ball-1-in-play,623549,623549,1,,590
1602,score-ball-1-in-play,1602-score-ball-1-in-play,623666,623816,4,,590
1603,score-ball-1-in-play,1603-score-ball-1-in-play,623933,623933,1,,591
1604,score-ball-1-in-play,1604-score-ball-1-in-play,624066,624066,1,,590
1605,score-ball-1-in-play,1605-score-ball-1-in-play,624083,624083,1,1 1 / JUGADOR BOLA,232
1606,score-ball-1-in-play,1606-score-ball-1-in-play,624116,628549,31,1 1 / JUGADOR BOLA,1606
1607,score-ball-1-in-play,1607-score-ball-1-in-play,628749,628749,1,,3
1608,score-ball-1-in-play,1608-score-ball-1-in-play,628783,628783,1,,13
1609,score-ball-1-in-play,1609-score-ball-1-in-play,628833,628833,1,,208
1610,score-ball-1-in-play,1610-score-ball-1-in-play,628916,628916,1,,13
1611,score-ball-1-in-play,1611-score-ball-1-in-play,628966,628966,1,,208
1612,score-ball-1-in-play,1612-score-ball-1-in-play,629049,629049,1,,13
1613,score-ball-1-in-play,1613-score-ball-1-in-play,629099,629099,1,,208
1614,score-ball-1-in-play,1614-score-ball-1-in-play,629183,629183,1,,13
1615,score-ball-1-in-play,1615-score-ball-1-in-play,629233,629233,1,,208
1616,score-ball-1-in-play,1616-score-ball-1-in-play,629316,629316,1,,13
1617,score-ball-1-in-play,1617-score-ball-1-in-play,629383,629399,2,,208
1618,score-ball-1-in-play,1618-score-ball-1-in-play,629466,629466,1,,13
1619,score-ball-1-in-play,1619-score-ball-1-in-play,629516,629533,2,,208
1620,score-ball-1-in-play,1620-score-ball-1-in-play,629599,629599,1,,569
1621,score-ball-1-in-play,1621-score-ball-1-in-play,629616,629616,1,,13
1622,score-ball-1-in-play,1622-score-ball-1-in-play,629649,629649,1,,207
1623,score-ball-1-in-play,1623-score-ball-1-in-play,629666,629666,1,,208
1624,score-ball-1-in-play,1624-score-ball-1-in-play,629733,629733,1,,209
1625,score-ball-1-in-play,1625-score-ball-1-in-play,629749,629749,1,,13
1626,score-ball-1-in-play,1626-score-ball-1-in-play,629783,629783,1,,575
1627,score-ball-1-in-play,1627-score-ball-1-in-play,629799,629799,1,,208
1628,score-ball-1-in-play,1628-score-ball-1-in-play,629849,629849,1,,623
1629,score-ball-1-in-play,1629-score-ball-1-in-play,630099,630099,1,1 1 / JUGADOR BOLA,1629
1630,score-ball-1-in-play,1630-score-ball-1-in-play,630133,630133,1,,3
1631,score-ball-1-in-play,1631-score-ball-1-in-play,630166,630166,1,,590
1632,score-ball-1-in-play,1632-score-ball-1-in-play,630266,630266,1,,591
1633,score-ball-1-in-play,1633-score-ball-1-in-play,630399,630399,1,,590
1634,score-ball-1-in-play,1634-score-ball-1-in-play,630516,630516,1,,591
1635,score-ball-1-in-play,1635-score-ball-1-in-play,630649,630649,1,,590
1636,score-ball-1-in-play,1636-score-ball-1-in-play,630766,630766,1,,591
1637,score-ball-1-in-play,1637-score-ball-1-in-play,630899,630899,1,,590
1638,score-ball-1-in-play,1638-score-ball-1-in-play,631016,631016,1,,591
1639,score-ball-1-in-play,1639-score-ball-1-in-play,631149,631149,1,,590
1640,score-ball-1-in-play,1640-score-ball-1-in-play,631249,631249,1,,591
1641,score-ball-1-in-play,1641-score-ball-1-in-play,631399,631399,1,,590
1642,score-ball-1-in-play,1642-score-ball-1-in-play,631449,635933,39,1 1 / JUGADOR BOLA,1642
1643,score-ball-1-in-play,1643-score-ball-1-in-play,636066,636066,1,,1643
1644,score-ball-1-in-play,1644-score-ball-1-in-play,636083,636083,1,,13
1645,score-ball-1-in-play,1645-score-ball-1-in-play,636149,636149,1,,208
1646,score-ball-1-in-play,1646-score-ball-1-in-play,636233,636233,1,,13
1647,score-ball-1-in-play,1647-score-ball-1-in-play,636283,636283,1,,208
1648,score-ball-1-in-play,1648-score-ball-1-in-play,636366,636366,1,,13
1649,score-ball-1-in-play,1649-score-ball-1-in-play,636416,636416,1,,208
1650,score-ball-1-in-play,1650-score-ball-1-in-play,636499,636499,1,,13
1651,score-ball-1-in-play,1651-score-ball-1-in-play,636549,636549,1,,208
1652,score-ball-1-in-play,1652-score-ball-1-in-play,636633,636633,1,,13
1653,score-ball-1-in-play,1653-score-ball-1-in-play,636699,636699,1,,208
1654,score-ball-1-in-play,1654-score-ball-1-in-play,636783,636783,1,,13
1655,score-ball-1-in-play,1655-score-ball-1-in-play,636833,636833,1,,208
1656,score-ball-1-in-play,1656-score-ball-1-in-play,636916,636916,1,,13
1657,score-ball-1-in-play,1657-score-ball-1-in-play,636966,636966,1,,208
1658,score-ball-1-in-play,1658-score-ball-1-in-play,637049,637049,1,,13
1659,score-ball-1-in-play,1659-score-ball-1-in-play,637099,637099,1,,208
1660,score-ball-1-in-play,1660-score-ball-1-in-play,637166,637166,1,,623
1661,score-ball-1-in-play,1661-score-ball-1-in-play,637433,637433,1,1 1 / JUGADOR BOLA,1629
1662,score-ball-1-in-play,1662-score-ball-1-in-play,637466,637466,1,,3
1663,score-ball-1-in-play,1663-score-ball-1-in-play,637483,637499,2,,590
1664,score-ball-1-in-play,1664-score-ball-1-in-play,637599,637749,3,,590
1665,score-ball-1-in-play,1665-score-ball-1-in-play,637849,637849,1,,591
1666,score-ball-1-in-play,1666-score-ball-1-in-play,637999,637999,1,,590
1667,score-ball-1-in-play,1667-score-ball-1-in-play,638099,638099,1,,591
1668,score-ball-1-in-play,1668-score-ball-1-in-play,638233,638233,1,,590
1669,score-ball-1-in-play,1669-score-ball-1-in-play,638349,638349,1,,591
1670,score-ball-1-in-play,1670-score-ball-1-in-play,638483,638483,1,,590
1671,score-ball-1-in-play,1671-score-ball-1-in-play,638599,638599,1,,591
1672,score-ball-1-in-play,1672-score-ball-1-in-play,638733,638733,1,,590
1673,score-ball-1-in-play,1673-score-ball-1-in-play,638783,643249,35,1 1 / JUGADOR BOLA,1673
1674,score-ball-1-in-play,1674-score-ball-1-in-play,643399,643399,1,,3
1675,score-ball-1-in-play,1675-score-ball-1-in-play,643416,643416,1,,13
1676,score-ball-1-in-play,1676-score-ball-1-in-play,643466,643483,2,,208
1677,score-ball-1-in-play,1677-score-ball-1-in-play,643549,643549,1,,569
1678,score-ball-1-in-play,1678-score-ball-1-in-play,643566,643566,1,,13
1679,score-ball-1-in-play,1679-score-ball-1-in-play,643616,643616,1,,208
1680,score-ball-1-in-play,1680-score-ball-1-in-play,643699,643699,1,,13
1681,score-ball-1-in-play,1681-score-ball-1-in-play,643749,643749,1,,676
1682,score-ball-1-in-play,1682-score-ball-1-in-play,643766,643833,2,,211
1683,score-ball-1-in-play,1683-score-ball-1-in-play,643849,643883,2,,212
1684,score-ball-1-in-play,1684-score-ball-1-in-play,643899,643899,1,,208
1685,score-ball-1-in-play,1685-score-ball-1-in-play,643983,643983,1,,13
1686,score-ball-1-in-play,1686-score-ball-1-in-play,644033,644033,1,,208
1687,score-ball-1-in-play,1687-score-ball-1-in-play,644116,644116,1,,13
1688,score-ball-1-in-play,1688-score-ball-1-in-play,644166,644166,1,,208
1689,score-ball-1-in-play,1689-score-ball-1-in-play,644249,644249,1,,13
1690,score-ball-1-in-play,1690-score-ball-1-in-play,644316,644316,1,,208
1691,score-ball-1-in-play,1691-score-ball-1-in-play,644399,644399,1,,13
1692,score-ball-1-in-play,1692-score-ball-1-in-play,644449,644449,1,,208
1693,score-ball-1-in-play,1693-score-ball-1-in-play,644499,644749,2,BOLA,1693
1694,score-ball-1-in-play,1694-score-ball-1-in-play,644783,644783,1,1 1 / JUGADOR BOLA,1694
1695,score-ball-1-in-play,1695-score-ball-1-in-play,644799,644799,1,,3
1696,score-ball-1-in-play,1696-score-ball-1-in-play,644833,644833,1,,590
1697,score-ball-1-in-play,1697-score-ball-1-in-play,644933,644933,1,,591
1698,score-ball-1-in-play,1698-score-ball-1-in-play,645083,645083,1,,590
1699,score-ball-1-in-play,1699-score-ball-1-in-play,645183,645183,1,,591
1700,score-ball-1-in-play,1700-score-ball-1-in-play,645316,645316,1,,590
1701,score-ball-1-in-play,1701-score-ball-1-in-play,645433,645433,1,,591
1702,score-ball-1-in-play,1702-score-ball-1-in-play,645566,645566,1,,590
1703,score-ball-1-in-play,1703-score-ball-1-in-play,645683,645833,4,,590
1704,score-ball-1-in-play,1704-score-ball-1-in-play,645933,645933,1,,591
1705,score-ball-1-in-play,1705-score-ball-1-in-play,646083,646083,1,,590
1706,score-ball-1-in-play,1706-score-ball-1-in-play,646099,650566,36,1 1 / JUGADOR BOLA,1706
1707,score-ball-1-in-play,1707-score-ball-1-in-play,650733,650733,1,,3
1708,score-ball-1-in-play,1708-score-ball-1-in-play,650766,650766,1,,13
1709,score-ball-1-in-play,1709-score-ball-1-in-play,650816,650816,1,,208
1710,score-ball-1-in-play,1710-score-ball-1-in-play,650899,650899,1,,13
1711,score-ball-1-in-play,1711-score-ball-1-in-play,650949,650949,1,,208
1712,score-ball-1-in-play,1712-score-ball-1-in-play,651033,651033,1,,13
1713,score-ball-1-in-play,1713-score-ball-1-in-play,651083,651083,1,,208
1714,score-ball-1-in-play,1714-score-ball-1-in-play,651166,651166,1,,13
1715,score-ball-1-in-play,1715-score-ball-1-in-play,651233,651233,1,,208
1716,score-ball-1-in-play,1716-score-ball-1-in-play,651316,651316,1,,13
1717,score-ball-1-in-play,1717-score-ball-1-in-play,651366,651366,1,,208
1718,score-ball-1-in-play,1718-score-ball-1-in-play,651449,651466,2,,13
1719,score-ball-1-in-play,1719-score-ball-1-in-play,651499,651516,2,,208
1720,score-ball-1-in-play,1720-score-ball-1-in-play,651583,651583,1,,569
1721,score-ball-1-in-play,1721-score-ball-1-in-play,651599,651599,1,,13
1722,score-ball-1-in-play,1722-score-ball-1-in-play,651633,651633,1,,207
1723,score-ball-1-in-play,1723-score-ball-1-in-play,651649,651649,1,,208
1724,score-ball-1-in-play,1724-score-ball-1-in-play,651716,651716,1,,209
1725,score-ball-1-in-play,1725-score-ball-1-in-play,651733,651733,1,,13
1726,score-ball-1-in-play,1726-score-ball-1-in-play,651783,651833,2,,721
1727,score-ball-1-in-play,1727-score-ball-1-in-play,651849,652083,2,1 1 / JUGADOR BOLA,1727
1728,score-ball-1-in-play,1728-score-ball-1-in-play,652116,652116,1,,1728
1729,score-ball-1-in-play,1729-score-ball-1-in-play,652149,652149,1,,3
1730,score-ball-1-in-play,1730-score-ball-1-in-play,652166,652166,1,,590
1731,score-ball-1-in-play,1731-score-ball-1-in-play,652283,652283,1,,591
1732,score-ball-1-in-play,1732-score-ball-1-in-play,652416,652416,1,,590
1733,score-ball-1-in-play,1733-score-ball-1-in-play,652533,652533,1,,591
1734,score-ball-1-in-play,1734-score-ball-1-in-play,652666,652666,1,,590
1735,score-ball-1-in-play,1735-score-ball-1-in-play,652783,652783,1,,591
1736,score-ball-1-in-play,1736-score-ball-1-in-play,652916,652916,1,,590
1737,score-ball-1-in-play,1737-score-ball-1-in-play,653016,653016,1,,591
1738,score-ball-1-in-play,1738-score-ball-1-in-play,653166,653166,1,,590
1739,score-ball-1-in-play,1739-score-ball-1-in-play,653266,653266,1,,591
1740,score-ball-1-in-play,1740-score-ball-1-in-play,653399,653399,1,,590
1741,score-ball-1-in-play,1741-score-ball-1-in-play,653466,657933,34,1 1 / JUGADOR BOLA,1741
1742,score-ball-1-in-play,1742-score-ball-1-in-play,658083,658083,1,,3
1743,score-ball-1-in-play,1743-score-ball-1-in-play,658099,658099,1,,13
1744,score-ball-1-in-play,1744-score-ball-1-in-play,658166,658166,1,,208
1745,score-ball-1-in-play,1745-score-ball-1-in-play,658233,658233,1,,13
1746,score-ball-1-in-play,1746-score-ball-1-in-play,658299,658299,1,,208
1747,score-ball-1-in-play,1747-score-ball-1-in-play,658383,658383,1,,13
1748,score-ball-1-in-play,1748-score-ball-1-in-play,658433,658433,1,,208
1749,score-ball-1-in-play,1749-score-ball-1-in-play,658516,658516,1,,13
1750,score-ball-1-in-play,1750-score-ball-1-in-play,658566,658566,1,,208
1751,score-ball-1-in-play,1751-score-ball-1-in-play,658649,658649,1,,13
1752,score-ball-1-in-play,1752-score-ball-1-in-play,658699,658699,1,,208
1753,score-ball-1-in-play,1753-score-ball-1-in-play,658783,658783,1,,13
1754,score-ball-1-in-play,1754-score-ball-1-in-play,658849,658849,1,,208
1755,score-ball-1-in-play,1755-score-ball-1-in-play,658933,658933,1,,13
1756,score-ball-1-in-play,1756-score-ball-1-in-play,658983,658983,1,,208
1757,score-ball-1-in-play,1757-score-ball-1-in-play,659066,659066,1,,13
1758,score-ball-1-in-play,1758-score-ball-1-in-play,659116,659116,1,,208
1759,score-ball-1-in-play,1759-score-ball-1-in-play,659166,659416,2,1 1 / JUGADOR BOLA,1759
1760,score-ball-1-in-play,1760-score-ball-1-in-play,659449,659449,1,,3
1761,score-ball-1-in-play,1761-score-ball-1-in-play,659466,659466,1,,590
1762,score-ball-1-in-play,1762-score-ball-1-in-play,659583,659733,3,,590
1763,score-ball-1-in-play,1763-score-ball-1-in-play,659849,659849,1,,591
1764,score-ball-1-in-play,1764-score-ball-1-in-play,659983,659983,1,,590
1765,score-ball-1-in-play,1765-score-ball-1-in-play,660083,660083,1,,591
1766,score-ball-1-in-play,1766-score-ball-1-in-play,660233,660233,1,,590
1767,score-ball-1-in-play,1767-score-ball-1-in-play,660333,660333,1,,591
1768,score-ball-1-in-play,1768-score-ball-1-in-play,660466,660466,1,,590
1769,score-ball-1-in-play,1769-score-ball-1-in-play,660583,660583,1,,591
1770,score-ball-1-in-play,1770-score-ball-1-in-play,660716,660716,1,,590
1771,score-ball-1-in-play,1771-score-ball-1-in-play,660783,665233,36,1 1 / JUGADOR BOLA,1771
1772,score-ball-1-in-play,1772-score-ball-1-in-play,665399,665399,1,,3
1773,score-ball-1-in-play,1773-score-ball-1-in-play,665433,665433,1,,13
1774,score-ball-1-in-play,1774-score-ball-1-in-play,665483,665499,2,,208
1775,score-ball-1-in-play,1775-score-ball-1-in-play,665566,665566,1,,569
1776,score-ball-1-in-play,1776-score-ball-1-in-play,665583,665583,1,,13
1777,score-ball-1-in-play,1777-score-ball-1-in-play,665616,665616,1,,207
1778,score-ball-1-in-play,1778-score-ball-1-in-play,665633,665633,1,,208
1779,score-ball-1-in-play,1779-score-ball-1-in-play,665699,665699,1,,209
1780,score-ball-1-in-play,1780-score-ball-1-in-play,665716,665716,1,,13
1781,score-ball-1-in-play,1781-score-ball-1-in-play,665766,665766,1,,776
1782,score-ball-1-in-play,1782-score-ball-1-in-play,665783,665783,1,,208
1783,score-ball-1-in-play,1783-score-ball-1-in-play,665849,665899,2,,577
1784,score-ball-1-in-play,1784-score-ball-1-in-play,665916,665983,2,,578
1785,score-ball-1-in-play,1785-score-ball-1-in-play,665999,665999,1,,13
1786,score-ball-1-in-play,1786-score-ball-1-in-play,666049,666049,1,,208
1787,score-ball-1-in-play,1787-score-ball-1-in-play,666133,666133,1,,13
1788,score-ball-1-in-play,1788-score-ball-1-in-play,666183,666183,1,,208
1789,score-ball-1-in-play,1789-score-ball-1-in-play,666266,666266,1,,13
1790,score-ball-1-in-play,1790-score-ball-1-in-play,666316,666316,1,,208
1791,score-ball-1-in-play,1791-score-ball-1-in-play,666399,666399,1,,13
1792,score-ball-1-in-play,1792-score-ball-1-in-play,666466,666466,1,,208
1793,score-ball-1-in-play,1793-score-ball-1-in-play,666516,666516,1,,623
1794,score-ball-1-in-play,1794-score-ball-1-in-play,666766,666766,1,1 1 / JUGADOR BOLA,789
1795,score-ball-1-in-play,1795-score-ball-1-in-play,666783,666783,1,,3
1796,score-ball-1-in-play,1796-score-ball-1-in-play,666816,666816,1,,590
1797,score-ball-1-in-play,1797-score-ball-1-in-play,666933,666933,1,,591
1798,score-ball-1-in-play,1798-score-ball-1-in-play,667066,667066,1,,590
1799,score-ball-1-in-play,1799-score-ball-1-in-play,667166,667166,1,,591
1800,score-ball-1-in-play,1800-score-ball-1-in-play,667316,667316,1,,590
1801,score-ball-1-in-play,1801-score-ball-1-in-play,667416,667416,1,,591
1802,score-ball-1-in-play,1802-score-ball-1-in-play,667549,667549,1,,590
1803,score-ball-1-in-play,1803-score-ball-1-in-play,667666,667816,4,,590
1804,score-ball-1-in-play,1804-score-ball-1-in-play,667933,667933,1,,591
1805,score-ball-1-in-play,1805-score-ball-1-in-play,668066,668066,1,,590
1806,score-ball-1-in-play,1806-score-ball-1-in-play,668083,672549,32,1 1 / JUGADOR BOLA,1806
1807,score-ball-1-in-play,1807-score-ball-1-in-play,672716,672716,1,,1807
1808,score-ball-1-in-play,1808-score-ball-1-in-play,672749,672749,1,,3
1809,score-ball-1-in-play,1809-score-ball-1-in-play,672783,672783,1,,13
1810,score-ball-1-in-play,1810-score-ball-1-in-play,672833,672833,1,,208
1811,score-ball-1-in-play,1811-score-ball-1-in-play,672916,672916,1,,13
1812,score-ball-1-in-play,1812-score-ball-1-in-play,672966,672966,1,,208
1813,score-ball-1-in-play,1813-score-ball-1-in-play,673049,673049,1,,13
1814,score-ball-1-in-play,1814-score-ball-1-in-play,673099,673099,1,,208
1815,score-ball-1-in-play,1815-score-ball-1-in-play,673183,673183,1,,13
1816,score-ball-1-in-play,1816-score-ball-1-in-play,673233,673233,1,,208
1817,score-ball-1-in-play,1817-score-ball-1-in-play,673316,673316,1,,13
1818,score-ball-1-in-play,1818-score-ball-1-in-play,673383,673399,2,,208
1819,score-ball-1-in-play,1819-score-ball-1-in-play,673466,673466,1,,13
1820,score-ball-1-in-play,1820-score-ball-1-in-play,673516,673533,2,,208
1821,score-ball-1-in-play,1821-score-ball-1-in-play,673599,673599,1,,569
1822,score-ball-1-in-play,1822-score-ball-1-in-play,673616,673616,1,,13
1823,score-ball-1-in-play,1823-score-ball-1-in-play,673649,673649,1,,207
1824,score-ball-1-in-play,1824-score-ball-1-in-play,673666,673666,1,,208
1825,score-ball-1-in-play,1825-score-ball-1-in-play,673733,673733,1,,209
1826,score-ball-1-in-play,1826-score-ball-1-in-play,673749,673749,1,,13
1827,score-ball-1-in-play,1827-score-ball-1-in-play,673783,673783,1,,575
1828,score-ball-1-in-play,1828-score-ball-1-in-play,673799,673799,1,,208
1829,score-ball-1-in-play,1829-score-ball-1-in-play,673849,673849,1,,623
1830,score-ball-1-in-play,1830-score-ball-1-in-play,674099,674099,1,1 1 / JUGADOR BOLA,1259
1831,score-ball-1-in-play,1831-score-ball-1-in-play,674133,674133,1,,3
1832,score-ball-1-in-play,1832-score-ball-1-in-play,674166,674166,1,,590
1833,score-ball-1-in-play,1833-score-ball-1-in-play,674266,674266,1,,591
1834,score-ball-1-in-play,1834-score-ball-1-in-play,674399,674399,1,,590
1835,score-ball-1-in-play,1835-score-ball-1-in-play,674516,674516,1,,591
1836,score-ball-1-in-play,1836-score-ball-1-in-play,674649,674649,1,,590
1837,score-ball-1-in-play,1837-score-ball-1-in-play,674766,674766,1,,591
1838,score-ball-1-in-play,1838-score-ball-1-in-play,674899,674899,1,,590
1839,score-ball-1-in-play,1839-score-ball-1-in-play,675016,675016,1,,591
1840,score-ball-1-in-play,1840-score-ball-1-in-play,675149,675149,1,,590
1841,score-ball-1-in-play,1841-score-ball-1-in-play,675249,675249,1,,591
1842,score-ball-1-in-play,1842-score-ball-1-in-play,675399,675449,2,,1842
1843,score-ball-1-in-play,1843-score-ball-1-in-play,675466,679933,39,1 1 / JUGADOR BOLA,1843
1844,score-ball-1-in-play,1844-score-ball-1-in-play,680066,680066,1,,1844
1845,score-ball-1-in-play,1845-score-ball-1-in-play,680083,680083,1,,3
1846,score-ball-1-in-play,1846-score-ball-1-in-play,680116,680116,1,,13
1847,score-ball-1-in-play,1847-score-ball-1-in-play,680166,680166,1,,208
1848,score-ball-1-in-play,1848-score-ball-1-in-play,680249,680249,1,,13
1849,score-ball-1-in-play,1849-score-ball-1-in-play,680316,680316,1,,208
1850,score-ball-1-in-play,1850-score-ball-1-in-play,680399,680399,1,,13
1851,score-ball-1-in-play,1851-score-ball-1-in-play,680449,680449,1,,208
1852,score-ball-1-in-play,1852-score-ball-1-in-play,680533,680533,1,,13
1853,score-ball-1-in-play,1853-score-ball-1-in-play,680583,680583,1,,208
1854,score-ball-1-in-play,1854-score-ball-1-in-play,680666,680666,1,,13
1855,score-ball-1-in-play,1855-score-ball-1-in-play,680716,680716,1,,208
1856,score-ball-1-in-play,1856-score-ball-1-in-play,680799,680799,1,,13
1857,score-ball-1-in-play,1857-score-ball-1-in-play,680849,680849,1,,208
1858,score-ball-1-in-play,1858-score-ball-1-in-play,680933,680933,1,,13
1859,score-ball-1-in-play,1859-score-ball-1-in-play,680999,680999,1,,208
1860,score-ball-1-in-play,1860-score-ball-1-in-play,681083,681083,1,,13
1861,score-ball-1-in-play,1861-score-ball-1-in-play,681133,681133,1,,208
1862,score-ball-1-in-play,1862-score-ball-1-in-play,681183,681183,1,,623
1863,score-ball-1-in-play,1863-score-ball-1-in-play,681433,681433,1,1 1 / JUGADOR BOLA,1863
1864,score-ball-1-in-play,1864-score-ball-1-in-play,681466,681466,1,,3
1865,score-ball-1-in-play,1865-score-ball-1-in-play,681483,681499,2,,590
1866,score-ball-1-in-play,1866-score-ball-1-in-play,681599,681749,3,,590
1867,score-ball-1-in-play,1867-score-ball-1-in-play,681849,681849,1,,591
1868,score-ball-1-in-play,1868-score-ball-1-in-play,681999,681999,1,,590
1869,score-ball-1-in-play,1869-score-ball-1-in-play,682099,682099,1,,591
1870,score-ball-1-in-play,1870-score-ball-1-in-play,682233,682233,1,,590
1871,score-ball-1-in-play,1871-score-ball-1-in-play,682349,682349,1,,591
1872,score-ball-1-in-play,1872-score-ball-1-in-play,682483,682483,1,,590
1873,score-ball-1-in-play,1873-score-ball-1-in-play,682599,682599,1,,591
1874,score-ball-1-in-play,1874-score-ball-1-in-play,682733,682733,1,,590
1875,score-ball-1-in-play,1875-score-ball-1-in-play,682783,687249,34,1 1 / JUGADOR BOLA,1875
1876,score-ball-1-in-play,1876-score-ball-1-in-play,687399,687399,1,,3
1877,score-ball-1-in-play,1877-score-ball-1-in-play,687416,687416,1,,13
1878,score-ball-1-in-play,1878-score-ball-1-in-play,687466,687483,2,,208
1879,score-ball-1-in-play,1879-score-ball-1-in-play,687549,687549,1,,569
1880,score-ball-1-in-play,1880-score-ball-1-in-play,687566,687566,1,,13
1881,score-ball-1-in-play,1881-score-ball-1-in-play,687616,687616,1,,208
1882,score-ball-1-in-play,1882-score-ball-1-in-play,687699,687699,1,,13
1883,score-ball-1-in-play,1883-score-ball-1-in-play,687749,687749,1,,676
1884,score-ball-1-in-play,1884-score-ball-1-in-play,687766,687833,2,,211
1885,score-ball-1-in-play,1885-score-ball-1-in-play,687849,687883,2,,212
1886,score-ball-1-in-play,1886-score-ball-1-in-play,687899,687899,1,,208
1887,score-ball-1-in-play,1887-score-ball-1-in-play,687983,687983,1,,13
1888,score-ball-1-in-play,1888-score-ball-1-in-play,688033,688033,1,,208
1889,score-ball-1-in-play,1889-score-ball-1-in-play,688116,688116,1,,13
1890,score-ball-1-in-play,1890-score-ball-1-in-play,688166,688166,1,,208
1891,score-ball-1-in-play,1891-score-ball-1-in-play,688249,688249,1,,13
1892,score-ball-1-in-play,1892-score-ball-1-in-play,688316,688316,1,,208
1893,score-ball-1-in-play,1893-score-ball-1-in-play,688399,688399,1,,13
1894,score-ball-1-in-play,1894-score-ball-1-in-play,688449,688449,1,,208
1895,score-ball-1-in-play,1895-score-ball-1-in-play,688499,688749,2,JUGADOR BOLA,1291
1896,score-ball-1-in-play,1896-score-ball-1-in-play,688783,688783,1,1 1 / JUGADOR BOLA,1896
1897,score-ball-1-in-play,1897-score-ball-1-in-play,688799,688799,1,,3
1898,score-ball-1-in-play,1898-score-ball-1-in-play,688833,688833,1,,590
1899,score-ball-1-in-play,1899-score-ball-1-in-play,688933,688933,1,,591
1900,score-ball-1-in-play,1900-score-ball-1-in-play,689083,689083,1,,590
1901,score-ball-1-in-play,1901-score-ball-1-in-play,689183,689183,1,,591
1902,score-ball-1-in-play,1902-score-ball-1-in-play,689316,689316,1,,590
1903,score-ball-1-in-play,1903-score-ball-1-in-play,689433,689433,1,,591
1904,score-ball-1-in-play,1904-score-ball-1-in-play,689566,689566,1,,590
1905,score-ball-1-in-play,1905-score-ball-1-in-play,689683,689833,4,,590
1906,score-ball-1-in-play,1906-score-ball-1-in-play,689933,689933,1,,591
1907,score-ball-1-in-play,1907-score-ball-1-in-play,690083,690083,1,,590
1908,score-ball-1-in-play,1908-score-ball-1-in-play,690099,694566,35,1 1 / JUGADOR BOLA,1908
1909,score-ball-1-in-play,1909-score-ball-1-in-play,694733,694733,1,,3
1910,score-ball-1-in-play,1910-score-ball-1-in-play,694766,694766,1,,13
1911,score-ball-1-in-play,1911-score-ball-1-in-play,694816,694816,1,,208
1912,score-ball-1-in-play,1912-score-ball-1-in-play,694899,694899,1,,13
1913,score-ball-1-in-play,1913-score-ball-1-in-play,694949,694949,1,,208
1914,score-ball-1-in-play,1914-score-ball-1-in-play,695033,695033,1,,13
1915,score-ball-1-in-play,1915-score-ball-1-in-play,695083,695083,1,,208
1916,score-ball-1-in-play,1916-score-ball-1-in-play,695166,695166,1,,13
1917,score-ball-1-in-play,1917-score-ball-1-in-play,695233,695233,1,,208
1918,score-ball-1-in-play,1918-score-ball-1-in-play,695316,695316,1,,13
1919,score-ball-1-in-play,1919-score-ball-1-in-play,695366,695366,1,,208
1920,score-ball-1-in-play,1920-score-ball-1-in-play,695449,695466,2,,13
1921,score-ball-1-in-play,1921-score-ball-1-in-play,695499,695516,2,,208
1922,score-ball-1-in-play,1922-score-ball-1-in-play,695583,695583,1,,569
1923,score-ball-1-in-play,1923-score-ball-1-in-play,695599,695599,1,,13
1924,score-ball-1-in-play,1924-score-ball-1-in-play,695633,695633,1,,207
1925,score-ball-1-in-play,1925-score-ball-1-in-play,695649,695649,1,,208
1926,score-ball-1-in-play,1926-score-ball-1-in-play,695716,695716,1,,209
1927,score-ball-1-in-play,1927-score-ball-1-in-play,695733,695733,1,,13
1928,score-ball-1-in-play,1928-score-ball-1-in-play,695783,695833,2,,721
1929,score-ball-1-in-play,1929-score-ball-1-in-play,695849,696083,2,0 / 1 1 / JUGADOR BOLA,1929
1930,score-ball-1-in-play,1930-score-ball-1-in-play,696116,696116,1,,1930
1931,score-ball-1-in-play,1931-score-ball-1-in-play,696149,696149,1,,3
1932,score-ball-1-in-play,1932-score-ball-1-in-play,696166,696166,1,,590
1933,score-ball-1-in-play,1933-score-ball-1-in-play,696283,696283,1,,591
1934,score-ball-1-in-play,1934-score-ball-1-in-play,696416,696416,1,,590
1935,score-ball-1-in-play,1935-score-ball-1-in-play,696533,696533,1,,591
1936,score-ball-1-in-play,1936-score-ball-1-in-play,696666,696666,1,,590
1937,score-ball-1-in-play,1937-score-ball-1-in-play,696783,696783,1,,591
1938,score-ball-1-in-play,1938-score-ball-1-in-play,696916,696916,1,,590
1939,score-ball-1-in-play,1939-score-ball-1-in-play,697016,697016,1,,591
1940,score-ball-1-in-play,1940-score-ball-1-in-play,697166,697166,1,,590
1941,score-ball-1-in-play,1941-score-ball-1-in-play,697266,697266,1,,591
1942,score-ball-1-in-play,1942-score-ball-1-in-play,697399,697399,1,,590
1943,score-ball-1-in-play,1943-score-ball-1-in-play,697466,701933,35,1 1 / JUGADOR BOLA,1943
1944,score-ball-1-in-play,1944-score-ball-1-in-play,702083,702083,1,,3
1945,score-ball-1-in-play,1945-score-ball-1-in-play,702099,702099,1,,13
1946,score-ball-1-in-play,1946-score-ball-1-in-play,702166,702166,1,,208
1947,score-ball-1-in-play,1947-score-ball-1-in-play,702233,702233,1,,13
1948,score-ball-1-in-play,1948-score-ball-1-in-play,702299,702299,1,,208
1949,score-ball-1-in-play,1949-score-ball-1-in-play,702383,702383,1,,13
1950,score-ball-1-in-play,1950-score-ball-1-in-play,702433,702433,1,,208
1951,score-ball-1-in-play,1951-score-ball-1-in-play,702516,702516,1,,13
1952,score-ball-1-in-play,1952-score-ball-1-in-play,702566,702566,1,,208
1953,score-ball-1-in-play,1953-score-ball-1-in-play,702649,702649,1,,13
1954,score-ball-1-in-play,1954-score-ball-1-in-play,702699,702699,1,,208
1955,score-ball-1-in-play,1955-score-ball-1-in-play,702783,702783,1,,13
1956,score-ball-1-in-play,1956-score-ball-1-in-play,702849,702849,1,,208
1957,score-ball-1-in-play,1957-score-ball-1-in-play,702933,702933,1,,13
1958,score-ball-1-in-play,1958-score-ball-1-in-play,702983,702983,1,,208
1959,score-ball-1-in-play,1959-score-ball-1-in-play,703066,703066,1,,13
1960,score-ball-1-in-play,1960-score-ball-1-in-play,703116,703116,1,,208
1961,score-ball-1-in-play,1961-score-ball-1-in-play,703166,703416,2,1 1 / JUGADOR BOLA,1961
1962,score-ball-1-in-play,1962-score-ball-1-in-play,703449,703449,1,,3
1963,score-ball-1-in-play,1963-score-ball-1-in-play,703466,703466,1,,590
1964,score-ball-1-in-play,1964-score-ball-1-in-play,703583,703733,3,,590
1965,score-ball-1-in-play,1965-score-ball-1-in-play,703849,703849,1,,591
1966,score-ball-1-in-play,1966-score-ball-1-in-play,703983,703983,1,,590
1967,score-ball-1-in-play,1967-score-ball-1-in-play,704083,704083,1,,591
1968,score-ball-1-in-play,1968-score-ball-1-in-play,704233,704233,1,,590
1969,score-ball-1-in-play,1969-score-ball-1-in-play,704333,704333,1,,591
1970,score-ball-1-in-play,1970-score-ball-1-in-play,704466,704466,1,,590
1971,score-ball-1-in-play,1971-score-ball-1-in-play,704583,704583,1,,591
1972,score-ball-1-in-play,1972-score-ball-1-in-play,704716,704716,1,,590
1973,score-ball-1-in-play,1973-score-ball-1-in-play,704749,709216,34,1 1 / JUGADOR BOLA,1973
1974,score-ball-1-in-play,1974-score-ball-1-in-play,709399,709399,1,,3
1975,score-ball-1-in-play,1975-score-ball-1-in-play,709433,709433,1,,13
1976,score-ball-1-in-play,1976-score-ball-1-in-play,709483,709499,2,,208
1977,score-ball-1-in-play,1977-score-ball-1-in-play,709566,709566,1,,569
1978,score-ball-1-in-play,1978-score-ball-1-in-play,709583,709583,1,,13
1979,score-ball-1-in-play,1979-score-ball-1-in-play,709616,709616,1,,207
1980,score-ball-1-in-play,1980-score-ball-1-in-play,709633,709633,1,,208
1981,score-ball-1-in-play,1981-score-ball-1-in-play,709699,709699,1,,209
1982,score-ball-1-in-play,1982-score-ball-1-in-play,709716,709716,1,,13
1983,score-ball-1-in-play,1983-score-ball-1-in-play,709766,709766,1,,776
1984,score-ball-1-in-play,1984-score-ball-1-in-play,709783,709783,1,,208
1985,score-ball-1-in-play,1985-score-ball-1-in-play,709849,709899,2,,577
1986,score-ball-1-in-play,1986-score-ball-1-in-play,709916,709983,2,,578
1987,score-ball-1-in-play,1987-score-ball-1-in-play,709999,709999,1,,13
1988,score-ball-1-in-play,1988-score-ball-1-in-play,710049,710049,1,,208
1989,score-ball-1-in-play,1989-score-ball-1-in-play,710133,710133,1,,13
1990,score-ball-1-in-play,1990-score-ball-1-in-play,710183,710183,1,,208
1991,score-ball-1-in-play,1991-score-ball-1-in-play,710266,710266,1,,13
1992,score-ball-1-in-play,1992-score-ball-1-in-play,710316,710316,1,,208
1993,score-ball-1-in-play,1993-score-ball-1-in-play,710399,710399,1,,13
1994,score-ball-1-in-play,1994-score-ball-1-in-play,710466,710466,1,,208
1995,score-ball-1-in-play,1995-score-ball-1-in-play,710516,710516,1,,623
1996,score-ball-1-in-play,1996-score-ball-1-in-play,710766,710766,1,1 1 / JUGADOR BOLA,1996
1997,score-ball-1-in-play,1997-score-ball-1-in-play,710783,710783,1,,3
1998,score-ball-1-in-play,1998-score-ball-1-in-play,710816,710816,1,,590
1999,score-ball-1-in-play,1999-score-ball-1-in-play,710933,710933,1,,591
2000,score-ball-1-in-play,2000-score-ball-1-in-play,711066,711066,1,,590
2001,score-ball-1-in-play,2001-score-ball-1-in-play,711166,711166,1,,591
2002,score-ball-1-in-play,2002-score-ball-1-in-play,711316,711316,1,,590
2003,score-ball-1-in-play,2003-score-ball-1-in-play,711416,711416,1,,591
2004,score-ball-1-in-play,2004-score-ball-1-in-play,711549,711549,1,,590
2005,score-ball-1-in-play,2005-score-ball-1-in-play,711666,711816,4,,590
2006,score-ball-1-in-play,2006-score-ball-1-in-play,711933,711933,1,,591
2007,score-ball-1-in-play,2007-score-ball-1-in-play,712066,712066,1,,590
2008,score-ball-1-in-play,2008-score-ball-1-in-play,712116,716583,34,1 1 / JUGADOR BOLA,2008
2009,score-ball-1-in-play,2009-score-ball-1-in-play,716716,716716,1,,2009
2010,score-ball-1-in-play,2010-score-ball-1-in-play,716749,716749,1,,3
2011,score-ball-1-in-play,2011-score-ball-1-in-play,716783,716783,1,,13
2012,score-ball-1-in-play,2012-score-ball-1-in-play,716833,716833,1,,208
2013,score-ball-1-in-play,2013-score-ball-1-in-play,716916,716916,1,,13
2014,score-ball-1-in-play,2014-score-ball-1-in-play,716966,716966,1,,208
2015,score-ball-1-in-play,2015-score-ball-1-in-play,717049,717049,1,,13
2016,score-ball-1-in-play,2016-score-ball-1-in-play,717099,717099,1,,208
2017,score-ball-1-in-play,2017-score-ball-1-in-play,717183,717183,1,,13
2018,score-ball-1-in-play,2018-score-ball-1-in-play,717233,717233,1,,208
2019,score-ball-1-in-play,2019-score-ball-1-in-play,717316,717316,1,,13
2020,score-ball-1-in-play,2020-score-ball-1-in-play,717383,717399,2,,208
2021,score-ball-1-in-play,2021-score-ball-1-in-play,717466,717466,1,,13
2022,score-ball-1-in-play,2022-score-ball-1-in-play,717516,717533,2,,208
2023,score-ball-1-in-play,2023-score-ball-1-in-play,717599,717599,1,,569
2024,score-ball-1-in-play,2024-score-ball-1-in-play,717616,717616,1,,13
2025,score-ball-1-in-play,2025-score-ball-1-in-play,717649,717649,1,,207
2026,score-ball-1-in-play,2026-score-ball-1-in-play,717666,717666,1,,208
2027,score-ball-1-in-play,2027-score-ball-1-in-play,717733,717733,1,,209
2028,score-ball-1-in-play,2028-score-ball-1-in-play,717749,717749,1,,13
2029,score-ball-1-in-play,2029-score-ball-1-in-play,717783,717783,1,,575
2030,score-ball-1-in-play,2030-score-ball-1-in-play,717799,717799,1,,208
2031,score-ball-1-in-play,2031-score-ball-1-in-play,717849,717849,1,,623
2032,score-ball-1-in-play,2032-score-ball-1-in-play,718099,718099,1,1 1 / JUGADOR BOLA,2032
2033,score-ball-1-in-play,2033-score-ball-1-in-play,718133,718133,1,,3
2034,score-ball-1-in-play,2034-score-ball-1-in-play,718166,718166,1,,590
2035,score-ball-1-in-play,2035-score-ball-1-in-play,718266,718266,1,,591
2036,score-ball-1-in-play,2036-score-ball-1-in-play,718399,718399,1,,590
2037,score-ball-1-in-play,2037-score-ball-1-in-play,718516,718516,1,,591
2038,score-ball-1-in-play,2038-score-ball-1-in-play,718649,718649,1,,590
2039,score-ball-1-in-play,2039-score-ball-1-in-play,718766,718766,1,,591
2040,score-ball-1-in-play,2040-score-ball-1-in-play,718899,718899,1,,590
2041,score-ball-1-in-play,2041-score-ball-1-in-play,719016,719016,1,,591
2042,score-ball-1-in-play,2042-score-ball-1-in-play,719149,719149,1,,590
2043,score-ball-1-in-play,2043-score-ball-1-in-play,719249,719249,1,,591
2044,score-ball-1-in-play,2044-score-ball-1-in-play,719399,719399,1,,590
2045,score-ball-1-in-play,2045-score-ball-1-in-play,719449,723933,39,1 1 / JUGADOR BOLA,2045
2046,score-ball-1-in-play,2046-score-ball-1-in-play,724066,724066,1,,2046
2047,score-ball-1-in-play,2047-score-ball-1-in-play,724083,724083,1,,3
2048,score-ball-1-in-play,2048-score-ball-1-in-play,724116,724116,1,,13
2049,score-ball-1-in-play,2049-score-ball-1-in-play,724166,724166,1,,208
2050,score-ball-1-in-play,2050-score-ball-1-in-play,724249,724249,1,,13
2051,score-ball-1-in-play,2051-score-ball-1-in-play,724316,724316,1,,208
2052,score-ball-1-in-play,2052-score-ball-1-in-play,724399,724399,1,,13
2053,score-ball-1-in-play,2053-score-ball-1-in-play,724449,724449,1,,208
2054,score-ball-1-in-play,2054-score-ball-1-in-play,724533,724533,1,,13
2055,score-ball-1-in-play,2055-score-ball-1-in-play,724583,724583,1,,208
2056,score-ball-1-in-play,2056-score-ball-1-in-play,724666,724666,1,,13
2057,score-ball-1-in-play,2057-score-ball-1-in-play,724716,724716,1,,208
2058,score-ball-1-in-play,2058-score-ball-1-in-play,724799,724799,1,,13
2059,score-ball-1-in-play,2059-score-ball-1-in-play,724849,724849,1,,208
2060,score-ball-1-in-play,2060-score-ball-1-in-play,724933,724933,1,,13
2061,score-ball-1-in-play,2061-score-ball-1-in-play,724999,724999,1,,208
2062,score-ball-1-in-play,2062-score-ball-1-in-play,725083,725083,1,,13
2063,score-ball-1-in-play,2063-score-ball-1-in-play,725133,725133,1,,208
2064,score-ball-1-in-play,2064-score-ball-1-in-play,725183,725183,1,,623
2065,score-ball-1-in-play,2065-score-ball-1-in-play,725433,725433,1,1 1 / JUGADOR BOLA,2065
2066,score-ball-1-in-play,2066-score-ball-1-in-play,725466,725466,1,,3
2067,score-ball-1-in-play,2067-score-ball-1-in-play,725483,725499,2,,590
2068,score-ball-1-in-play,2068-score-ball-1-in-play,725599,725749,3,,590
2069,score-ball-1-in-play,2069-score-ball-1-in-play,725849,725849,1,,591
2070,score-ball-1-in-play,2070-score-ball-1-in-play,725999,725999,1,,590
2071,score-ball-1-in-play,2071-score-ball-1-in-play,726099,726099,1,,591
2072,score-ball-1-in-play,2072-score-ball-1-in-play,726233,726233,1,,590
2073,score-ball-1-in-play,2073-score-ball-1-in-play,726349,726349,1,,591
2074,score-ball-1-in-play,2074-score-ball-1-in-play,726483,726483,1,,590
2075,score-ball-1-in-play,2075-score-ball-1-in-play,726599,726599,1,,591
2076,score-ball-1-in-play,2076-score-ball-1-in-play,726733,726733,1,,590
2077,score-ball-1-in-play,2077-score-ball-1-in-play,726783,753616,176,1 1 / JUGADOR BOLA,2077
2078,score-ball-1-drained,2078-score-ball-1-drained,753783,753866,3,1 1 / JUGADOR BOLA,2078
2079,score-ball-1-drained,2079-score-ball-1-drained,753883,755016,5,JUGADOR BOLA EXTRA,2079
2080,score-ball-1-drained,2080-score-ball-1-drained,755033,755066,2,JUGADOR BOLA EXTRA,2080
2081,score-ball-1-drained,2081-score-ball-1-drained,755083,755199,3,JUGADOR BOLA EXTRA,2081
2082,score-ball-1-drained,2082-score-ball-1-drained,755249,755249,1,JUGADOR BOLA EXTRA,2082
2083,score-ball-1-drained,2083-score-ball-1-drained,755316,755316,1,JUGADOR BOLA EXTRA,2083
2084,score-ball-1-drained,2084-score-ball-1-drained,755366,755366,1,JUGADOR BOLA EXTRA,2084
2085,score-ball-1-drained,2085-score-ball-1-drained,755416,755416,1,JUGADOR BOLA EXTRA,2085
2086,score-ball-1-drained,2086-score-ball-1-drained,755466,755483,2,JUGADOR BOLA EXTRA,2086
2087,score-ball-1-drained,2087-score-ball-1-drained,755533,755549,2,JUGADOR BOLA EXTRA,2087
2088,score-ball-1-drained,2088-score-ball-1-drained,755583,755599,2,JUGADOR BOLA EXTRA,2088
2089,score-ball-1-drained,2089-score-ball-1-drained,755633,755649,2,JUGADOR BOLA EXTRA,2089
2090,score-ball-1-drained,2090-score-ball-1-drained,755699,755849,6,JUGADOR BOLA EXTRA,2090
2091,score-ball-1-drained,2091-score-ball-1-drained,755866,755916,2,JUGADOR BOLA EXTRA,2091
2092,score-ball-1-drained,2092-score-ball-1-drained,755933,755933,1,JUGADOR BOLA EXTRA,2092
2093,score-ball-1-drained,2093-score-ball-1-drained,755983,755983,1,JUGADOR BOLA EXTRA,2093
2094,score-ball-1-drained,2094-score-ball-1-drained,756033,756033,1,JUGADOR BOLA EXTRA,2094
2095,score-ball-1-drained,2095-score-ball-1-drained,756083,756083,1,JUGADOR BOLA EXTRA,2095
2096,score-ball-1-drained,2096-score-ball-1-drained,756149,756149,1,JUGADOR BOLA EXTRA,2096
2097,score-ball-1-drained,2097-score-ball-1-drained,756199,756199,1,JUGADOR BOLA EXTRA,2097
2098,score-ball-1-drained,2098-score-ball-1-drained,756249,756249,1,JUGADOR BOLA EXTRA,2098
2099,score-ball-1-drained,2099-score-ball-1-drained,756316,756316,1,JUGADOR BOLA EXTRA,2099
2100,score-ball-1-drained,2100-score-ball-1-drained,756366,756366,1,JUGADOR BOLA EXTRA,2100
2101,score-ball-1-drained,2101-score-ball-1-drained,756416,756416,1,JUGADOR BOLA EXTRA,2101
2102,score-ball-1-drained,2102-score-ball-1-drained,756466,756466,1,JUGADOR BOLA EXTRA,2102
2103,score-ball-1-drained,2103-score-ball-1-drained,756533,756533,1,JUGADOR BOLA EXTRA,2103
2104,score-ball-1-drained,2104-score-ball-1-drained,756583,756583,1,JUGADOR BOLA EXTRA,2104
2105,score-ball-1-drained,2105-score-ball-1-drained,756633,756633,1,JUGADOR BOLA EXTRA,2105
2106,score-ball-1-drained,2106-score-ball-1-drained,756699,756699,1,JUGADOR BOLA EXTRA,2106
2107,score-ball-1-drained,2107-score-ball-1-drained,756749,756749,1,JUGADOR BOLA EXTRA,2107
2108,score-ball-1-drained,2108-score-ball-1-drained,756799,756799,1,JUGADOR BOLA EXTRA,2108
2109,score-ball-1-drained,2109-score-ball-1-drained,756849,756849,1,JUGADOR BOLA EXTRA,2109
2110,score-ball-1-drained,2110-score-ball-1-drained,756916,756916,1,JUGADOR BOLA EXTRA,2110
2111,score-ball-1-drained,2111-score-ball-1-drained,756966,756966,1,JUGADOR BOLA EXTRA,2111
2112,score-ball-1-drained,2112-score-ball-1-drained,757016,757016,1,JUGADOR BOLA EXTRA,2112
2113,score-ball-1-drained,2113-score-ball-1-drained,757083,757083,1,JUGADOR BOLA EXTRA,2113
2114,score-ball-1-drained,2114-score-ball-1-drained,757133,757133,1,JUGADOR BOLA EXTRA,2114
2115,score-ball-1-drained,2115-score-ball-1-drained,757183,757183,1,JUGADOR BOLA EXTRA,2115
2116,score-ball-1-drained,2116-score-ball-1-drained,757233,757233,1,JUGADOR BOLA EXTRA,2116
2117,score-ball-1-drained,2117-score-ball-1-drained,757299,757299,1,JUGADOR BOLA EXTRA,2117
2118,score-ball-1-drained,2118-score-ball-1-drained,757349,757349,1,JUGADOR BOLA EXTRA,2118
2119,score-ball-1-drained,2119-score-ball-1-drained,757399,757399,1,JUGADOR BOLA EXTRA,2119
2120,score-ball-1-drained,2120-score-ball-1-drained,757466,757466,1,JUGADOR BOLA EXTRA,2120
2121,score-ball-1-drained,2121-score-ball-1-drained,757516,760283,38,JUGADOR BOLA EXTRA,2121
2122,score-ball-2-in-play,2122-score-ball-2-in-play,760466,768499,67,JUGADOR BOLA EXTRA,2122
2123,score-ball-2-in-play,2123-score-ball-2-in-play,768549,768549,1,,2123
2124,score-ball-2-in-play,2124-score-ball-2-in-play,768583,768583,1,,13
2125,score-ball-2-in-play,2125-score-ball-2-in-play,768633,768633,1,,208
2126,score-ball-2-in-play,2126-score-ball-2-in-play,768716,768716,1,,13
2127,score-ball-2-in-play,2127-score-ball-2-in-play,768783,768783,1,,208
2128,score-ball-2-in-play,2128-score-ball-2-in-play,768849,768849,1,,13
2129,score-ball-2-in-play,2129-score-ball-2-in-play,768916,768916,1,,208
2130,score-ball-2-in-play,2130-score-ball-2-in-play,768999,768999,1,,13
2131,score-ball-2-in-play,2131-score-ball-2-in-play,769049,769049,1,,208
2132,score-ball-2-in-play,2132-score-ball-2-in-play,769133,769133,1,,13
2133,score-ball-2-in-play,2133-score-ball-2-in-play,769183,769183,1,,208
2134,score-ball-2-in-play,2134-score-ball-2-in-play,769266,769266,1,,13
2135,score-ball-2-in-play,2135-score-ball-2-in-play,769316,769316,1,,208
2136,score-ball-2-in-play,2136-score-ball-2-in-play,769399,769416,2,,13
2137,score-ball-2-in-play,2137-score-ball-2-in-play,769466,769466,1,,208
2138,score-ball-2-in-play,2138-score-ball-2-in-play,769549,769549,1,,13
2139,score-ball-2-in-play,2139-score-ball-2-in-play,769599,769599,1,,2139
2140,score-ball-2-in-play,2140-score-ball-2-in-play,769616,769616,1,,208
2141,score-ball-2-in-play,2141-score-ball-2-in-play,769649,769649,1,,2141
2142,score-ball-2-in-play,2142-score-ball-2-in-play,769666,769666,1,,587
2143,score-ball-2-in-play,2143-score-ball-2-in-play,769933,769949,2,JUGADOR BOLA EXTRA,2143
2144,score-ball-2-in-play,2144-score-ball-2-in-play,769966,769966,1,,3
2145,score-ball-2-in-play,2145-score-ball-2-in-play,769999,769999,1,,590
2146,score-ball-2-in-play,2146-score-ball-2-in-play,770099,770099,1,,591
2147,score-ball-2-in-play,2147-score-ball-2-in-play,770233,770233,1,,590
2148,score-ball-2-in-play,2148-score-ball-2-in-play,770349,770349,1,,591
2149,score-ball-2-in-play,2149-score-ball-2-in-play,770483,770483,1,,590
2150,score-ball-2-in-play,2150-score-ball-2-in-play,770599,770599,1,,591
2151,score-ball-2-in-play,2151-score-ball-2-in-play,770733,770733,1,,590
2152,score-ball-2-in-play,2152-score-ball-2-in-play,770849,770849,1,,591
2153,score-ball-2-in-play,2153-score-ball-2-in-play,770983,770983,1,,590
2154,score-ball-2-in-play,2154-score-ball-2-in-play,771083,771083,1,,591
2155,score-ball-2-in-play,2155-score-ball-2-in-play,771233,771233,1,,590
2156,score-ball-2-in-play,2156-score-ball-2-in-play,771249,775883,44,JUGADOR BOLA EXTRA,2156
2157,score-ball-2-in-play,2157-score-ball-2-in-play,775899,775916,2,,2157
2158,score-ball-2-in-play,2158-score-ball-2-in-play,775933,775933,1,,13
2159,score-ball-2-in-play,2159-score-ball-2-in-play,775983,775983,1,,208
2160,score-ball-2-in-play,2160-score-ball-2-in-play,776066,776066,1,,13
2161,score-ball-2-in-play,2161-score-ball-2-in-play,776116,776116,1,,208
2162,score-ball-2-in-play,2162-score-ball-2-in-play,776199,776199,1,,13
2163,score-ball-2-in-play,2163-score-ball-2-in-play,776249,776249,1,,208
2164,score-ball-2-in-play,2164-score-ball-2-in-play,776333,776333,1,,13
2165,score-ball-2-in-play,2165-score-ball-2-in-play,776399,776399,1,,208
2166,score-ball-2-in-play,2166-score-ball-2-in-play,776466,776466,1,,13
2167,score-ball-2-in-play,2167-score-ball-2-in-play,776533,776533,1,,208
2168,score-ball-2-in-play,2168-score-ball-2-in-play,776616,776616,1,,13
2169,score-ball-2-in-play,2169-score-ball-2-in-play,776666,776666,1,,208
2170,score-ball-2-in-play,2170-score-ball-2-in-play,776749,776749,1,,13
2171,score-ball-2-in-play,2171-score-ball-2-in-play,776799,776799,1,,208
2172,score-ball-2-in-play,2172-score-ball-2-in-play,776883,776883,1,,13
2173,score-ball-2-in-play,2173-score-ball-2-in-play,776933,776933,1,,208
2174,score-ball-2-in-play,2174-score-ball-2-in-play,776999,776999,1,,623
2175,score-ball-2-in-play,2175-score-ball-2-in-play,777266,777266,1,JUGADOR BOLA EXTRA,2175
2176,score-ball-2-in-play,2176-score-ball-2-in-play,777299,777299,1,,3
2177,score-ball-2-in-play,2177-score-ball-2-in-play,777316,777316,1,,590
2178,score-ball-2-in-play,2178-score-ball-2-in-play,777433,777433,1,,591
2179,score-ball-2-in-play,2179-score-ball-2-in-play,777566,777566,1,,590
2180,score-ball-2-in-play,2180-score-ball-2-in-play,777683,777833,4,,590
2181,score-ball-2-in-play,2181-score-ball-2-in-play,777933,777933,1,,591
2182,score-ball-2-in-play,2182-score-ball-2-in-play,778083,778083,1,,590
2183,score-ball-2-in-play,2183-score-ball-2-in-play,778183,778183,1,,591
2184,score-ball-2-in-play,2184-score-ball-2-in-play,778316,778316,1,,590
2185,score-ball-2-in-play,2185-score-ball-2-in-play,778433,778433,1,,591
2186,score-ball-2-in-play,2186-score-ball-2-in-play,778566,778566,1,,590
2187,score-ball-2-in-play,2187-score-ball-2-in-play,778616,783083,34,JUGADOR BOLA EXTRA,2187
2188,score-ball-2-in-play,2188-score-ball-2-in-play,783233,783233,1,,3
2189,score-ball-2-in-play,2189-score-ball-2-in-play,783249,783249,1,,13
2190,score-ball-2-in-play,2190-score-ball-2-in-play,783316,783316,1,,208
2191,score-ball-2-in-play,2191-score-ball-2-in-play,783399,783399,1,,13
2192,score-ball-2-in-play,2192-score-ball-2-in-play,783449,783466,2,,208
2193,score-ball-2-in-play,2193-score-ball-2-in-play,783533,783549,2,,13
2194,score-ball-2-in-play,2194-score-ball-2-in-play,783583,783583,1,,2139
2195,score-ball-2-in-play,2195-score-ball-2-in-play,783599,783599,1,,208
2196,score-ball-2-in-play,2196-score-ball-2-in-play,783666,783666,1,,2196
2197,score-ball-2-in-play,2197-score-ball-2-in-play,783683,783683,1,,13
2198,score-ball-2-in-play,2198-score-ball-2-in-play,783716,783716,1,,676
2199,score-ball-2-in-play,2199-score-ball-2-in-play,783733,783733,1,,208
2200,score-ball-2-in-play,2200-score-ball-2-in-play,783799,783799,1,,2200
2201,score-ball-2-in-play,2201-score-ball-2-in-play,783816,783849,2,,212
2202,score-ball-2-in-play,2202-score-ball-2-in-play,783866,783933,2,,578
2203,score-ball-2-in-play,2203-score-ball-2-in-play,783949,783949,1,,13
2204,score-ball-2-in-play,2204-score-ball-2-in-play,784016,784016,1,,208
2205,score-ball-2-in-play,2205-score-ball-2-in-play,784083,784083,1,,13
2206,score-ball-2-in-play,2206-score-ball-2-in-play,784149,784149,1,,208
2207,score-ball-2-in-play,2207-score-ball-2-in-play,784233,784233,1,,13
2208,score-ball-2-in-play,2208-score-ball-2-in-play,784283,784283,1,,208
2209,score-ball-2-in-play,2209-score-ball-2-in-play,784333,784583,2,JUGADOR BOLA EXTRA,2209
2210,score-ball-2-in-play,2210-score-ball-2-in-play,784616,784616,1,JUGADOR BOLA EXTRA,2210
2211,score-ball-2-in-play,2211-score-ball-2-in-play,784633,784633,1,,3
2212,score-ball-2-in-play,2212-score-ball-2-in-play,784666,784666,1,,590
2213,score-ball-2-in-play,2213-score-ball-2-in-play,784783,784783,1,,591
2214,score-ball-2-in-play,2214-score-ball-2-in-play,784916,784916,1,,590
2215,score-ball-2-in-play,2215-score-ball-2-in-play,785016,785016,1,,591
2216,score-ball-2-in-play,2216-score-ball-2-in-play,785166,785166,1,,590
2217,score-ball-2-in-play,2217-score-ball-2-in-play,785266,785266,1,,591
2218,score-ball-2-in-play,2218-score-ball-2-in-play,785399,785399,1,,590
2219,score-ball-2-in-play,2219-score-ball-2-in-play,785516,785516,1,,591
2220,score-ball-2-in-play,2220-score-ball-2-in-play,785649,785783,4,,591
2221,score-ball-2-in-play,2221-score-ball-2-in-play,785916,785949,3,,2221
2222,score-ball-2-in-play,2222-score-ball-2-in-play,785966,790399,36,JUGADOR BOLA EXTRA,2222
2223,score-ball-2-in-play,2223-score-ball-2-in-play,790566,790566,1,,3
2224,score-ball-2-in-play,2224-score-ball-2-in-play,790599,790599,1,,13
2225,score-ball-2-in-play,2225-score-ball-2-in-play,790649,790649,1,,208
2226,score-ball-2-in-play,2226-score-ball-2-in-play,790733,790733,1,,13
2227,score-ball-2-in-play,2227-score-ball-2-in-play,790783,790783,1,,208
2228,score-ball-2-in-play,2228-score-ball-2-in-play,790866,790866,1,,13
2229,score-ball-2-in-play,2229-score-ball-2-in-play,790933,790933,1,,208
2230,score-ball-2-in-play,2230-score-ball-2-in-play,791016,791016,1,,13
2231,score-ball-2-in-play,2231-score-ball-2-in-play,791066,791066,1,,208
2232,score-ball-2-in-play,2232-score-ball-2-in-play,791149,791149,1,,13
2233,score-ball-2-in-play,2233-score-ball-2-in-play,791199,791199,1,,208
2234,score-ball-2-in-play,2234-score-ball-2-in-play,791283,791283,1,,13
2235,score-ball-2-in-play,2235-score-ball-2-in-play,791333,791333,1,,208
2236,score-ball-2-in-play,2236-score-ball-2-in-play,791416,791433,2,,13
2237,score-ball-2-in-play,2237-score-ball-2-in-play,791466,791483,2,,208
2238,score-ball-2-in-play,2238-score-ball-2-in-play,791549,791549,1,,569
2239,score-ball-2-in-play,2239-score-ball-2-in-play,791566,791566,1,,13
2240,score-ball-2-in-play,2240-score-ball-2-in-play,791616,791616,1,,208
2241,score-ball-2-in-play,2241-score-ball-2-in-play,791666,791666,1,,2241
2242,score-ball-2-in-play,2242-score-ball-2-in-play,791683,791933,3,JUGADOR BOLA EXTRA,2242
2243,score-ball-2-in-play,2243-score-ball-2-in-play,791949,791949,1,,2243
2244,score-ball-2-in-play,2244-score-ball-2-in-play,791983,791983,1,,590
2245,score-ball-2-in-play,2245-score-ball-2-in-play,792083,792083,1,,591
2246,score-ball-2-in-play,2246-score-ball-2-in-play,792233,792233,1,,590
2247,score-ball-2-in-play,2247-score-ball-2-in-play,792333,792333,1,,591
2248,score-ball-2-in-play,2248-score-ball-2-in-play,792466,792466,1,,590
2249,score-ball-2-in-play,2249-score-ball-2-in-play,792583,792583,1,,591
2250,score-ball-2-in-play,2250-score-ball-2-in-play,792716,792716,1,,590
2251,score-ball-2-in-play,2251-score-ball-2-in-play,792833,792833,1,,591
2252,score-ball-2-in-play,2252-score-ball-2-in-play,792966,792966,1,,590
2253,score-ball-2-in-play,2253-score-ball-2-in-play,793083,793083,1,,591
2254,score-ball-2-in-play,2254-score-ball-2-in-play,793216,793216,1,,590
2255,score-ball-2-in-play,2255-score-ball-2-in-play,793266,797899,37,JUGADOR BOLA EXTRA,2255
2256,score-ball-2-in-play,2256-score-ball-2-in-play,797916,797916,1,,3
2257,score-ball-2-in-play,2257-score-ball-2-in-play,797933,797983,2,,577
2258,score-ball-2-in-play,2258-score-ball-2-in-play,797999,797999,1,,208
2259,score-ball-2-in-play,2259-score-ball-2-in-play,798083,798083,1,,13
2260,score-ball-2-in-play,2260-score-ball-2-in-play,798133,798133,1,,208
2261,score-ball-2-in-play,2261-score-ball-2-in-play,798216,798216,1,,13
2262,score-ball-2-in-play,2262-score-ball-2-in-play,798266,798266,1,,208
2263,score-ball-2-in-play,2263-score-ball-2-in-play,798349,798349,1,,13
2264,score-ball-2-in-play,2264-score-ball-2-in-play,798399,798399,1,,208
2265,score-ball-2-in-play,2265-score-ball-2-in-play,798483,798483,1,,13
2266,score-ball-2-in-play,2266-score-ball-2-in-play,798549,798549,1,,208
2267,score-ball-2-in-play,2267-score-ball-2-in-play,798616,798616,1,,13
2268,score-ball-2-in-play,2268-score-ball-2-in-play,798683,798683,1,,208
2269,score-ball-2-in-play,2269-score-ball-2-in-play,798766,798766,1,,13
2270,score-ball-2-in-play,2270-score-ball-2-in-play,798816,798816,1,,208
2271,score-ball-2-in-play,2271-score-ball-2-in-play,798899,798899,1,,13
2272,score-ball-2-in-play,2272-score-ball-2-in-play,798949,798949,1,,208
2273,score-ball-2-in-play,2273-score-ball-2-in-play,799016,799249,2,JUGADOR BOLA EXTRA,2273
2274,score-ball-2-in-play,2274-score-ball-2-in-play,799283,799283,1,,3
2275,score-ball-2-in-play,2275-score-ball-2-in-play,799316,799316,1,,590
2276,score-ball-2-in-play,2276-score-ball-2-in-play,799416,799416,1,,591
2277,score-ball-2-in-play,2277-score-ball-2-in-play,799549,799549,1,,590
2278,score-ball-2-in-play,2278-score-ball-2-in-play,799666,799816,4,,590
2279,score-ball-2-in-play,2279-score-ball-2-in-play,799933,799933,1,,591
2280,score-ball-2-in-play,2280-score-ball-2-in-play,800066,800066,1,,590
2281,score-ball-2-in-play,2281-score-ball-2-in-play,800166,800166,1,,591
2282,score-ball-2-in-play,2282-score-ball-2-in-play,800316,800316,1,,590
2283,score-ball-2-in-play,2283-score-ball-2-in-play,800416,800416,1,,591
2284,score-ball-2-in-play,2284-score-ball-2-in-play,800549,800549,1,,590
2285,score-ball-2-in-play,2285-score-ball-2-in-play,800583,805049,42,JUGADOR BOLA EXTRA,2285
2286,score-ball-2-in-play,2286-score-ball-2-in-play,805233,805233,1,,3
2287,score-ball-2-in-play,2287-score-ball-2-in-play,805266,805266,1,,13
2288,score-ball-2-in-play,2288-score-ball-2-in-play,805316,805316,1,,208
2289,score-ball-2-in-play,2289-score-ball-2-in-play,805399,805416,2,,13
2290,score-ball-2-in-play,2290-score-ball-2-in-play,805466,805466,1,,208
2291,score-ball-2-in-play,2291-score-ball-2-in-play,805549,805549,1,,13
2292,score-ball-2-in-play,2292-score-ball-2-in-play,805599,805599,1,,2139
2293,score-ball-2-in-play,2293-score-ball-2-in-play,805616,805616,1,,208
2294,score-ball-2-in-play,2294-score-ball-2-in-play,805683,805683,1,,2196
2295,score-ball-2-in-play,2295-score-ball-2-in-play,805699,805699,1,,13
2296,score-ball-2-in-play,2296-score-ball-2-in-play,805733,805733,1,,676
2297,score-ball-2-in-play,2297-score-ball-2-in-play,805749,805749,1,,208
2298,score-ball-2-in-play,2298-score-ball-2-in-play,805816,805816,1,,2200
2299,score-ball-2-in-play,2299-score-ball-2-in-play,805833,805866,2,,212
2300,score-ball-2-in-play,2300-score-ball-2-in-play,805883,805949,2,,578
2301,score-ball-2-in-play,2301-score-ball-2-in-play,805966,805966,1,,13
2302,score-ball-2-in-play,2302-score-ball-2-in-play,806016,806016,1,,208
2303,score-ball-2-in-play,2303-score-ball-2-in-play,806099,806099,1,,13
2304,score-ball-2-in-play,2304-score-ball-2-in-play,806166,806166,1,,208
2305,score-ball-2-in-play,2305-score-ball-2-in-play,806233,806233,1,,13
2306,score-ball-2-in-play,2306-score-ball-2-in-play,806299,806299,1,,208
2307,score-ball-2-in-play,2307-score-ball-2-in-play,806349,806349,1,,623
2308,score-ball-2-in-play,2308-score-ball-2-in-play,806599,806599,1,JUGADOR BOLA EXTRA,2308
2309,score-ball-2-in-play,2309-score-ball-2-in-play,806616,806616,1,,3
2310,score-ball-2-in-play,2310-score-ball-2-in-play,806649,806649,1,,590
2311,score-ball-2-in-play,2311-score-ball-2-in-play,806766,806766,1,,591
2312,score-ball-2-in-play,2312-score-ball-2-in-play,806899,806899,1,,590
2313,score-ball-2-in-play,2313-score-ball-2-in-play,807016,807016,1,,591
2314,score-ball-2-in-play,2314-score-ball-2-in-play,807149,807149,1,,590
2315,score-ball-2-in-play,2315-score-ball-2-in-play,807249,807249,1,,591
2316,score-ball-2-in-play,2316-score-ball-2-in-play,807399,807399,1,,590
2317,score-ball-2-in-play,2317-score-ball-2-in-play,807499,807499,1,,591
2318,score-ball-2-in-play,2318-score-ball-2-in-play,807633,807766,4,,591
2319,score-ball-2-in-play,2319-score-ball-2-in-play,807899,812399,37,JUGADOR BOLA EXTRA,2319
2320,score-ball-2-in-play,2320-score-ball-2-in-play,812549,812549,1,,2320
2321,score-ball-2-in-play,2321-score-ball-2-in-play,812583,812583,1,,3
2322,score-ball-2-in-play,2322-score-ball-2-in-play,812616,812616,1,,13
2323,score-ball-2-in-play,2323-score-ball-2-in-play,812666,812666,1,,208
2324,score-ball-2-in-play,2324-score-ball-2-in-play,812749,812749,1,,13
2325,score-ball-2-in-play,2325-score-ball-2-in-play,812799,812799,1,,208
2326,score-ball-2-in-play,2326-score-ball-2-in-play,812883,812883,1,,13
2327,score-ball-2-in-play,2327-score-ball-2-in-play,812933,812933,1,,208
2328,score-ball-2-in-play,2328-score-ball-2-in-play,813016,813016,1,,13
2329,score-ball-2-in-play,2329-score-ball-2-in-play,813083,813083,1,,208
2330,score-ball-2-in-play,2330-score-ball-2-in-play,813166,813166,1,,13
2331,score-ball-2-in-play,2331-score-ball-2-in-play,813216,813216,1,,208
2332,score-ball-2-in-play,2332-score-ball-2-in-play,813299,813299,1,,13
2333,score-ball-2-in-play,2333-score-ball-2-in-play,813349,813349,1,,208
2334,score-ball-2-in-play,2334-score-ball-2-in-play,813433,813449,2,,13
2335,score-ball-2-in-play,2335-score-ball-2-in-play,813483,813499,2,,208
2336,score-ball-2-in-play,2336-score-ball-2-in-play,813566,813566,1,,569
2337,score-ball-2-in-play,2337-score-ball-2-in-play,813583,813583,1,,13
2338,score-ball-2-in-play,2338-score-ball-2-in-play,813616,813616,1,,207
2339,score-ball-2-in-play,2339-score-ball-2-in-play,813633,813633,1,,208
2340,score-ball-2-in-play,2340-score-ball-2-in-play,813683,813683,1,,2241
2341,score-ball-2-in-play,2341-score-ball-2-in-play,813699,813699,1,,623
2342,score-ball-2-in-play,2342-score-ball-2-in-play,813933,813933,1,,3
2343,score-ball-2-in-play,2343-score-ball-2-in-play,813999,813999,1,,590
2344,score-ball-2-in-play,2344-score-ball-2-in-play,814099,814099,1,,591
2345,score-ball-2-in-play,2345-score-ball-2-in-play,814233,814233,1,,590
2346,score-ball-2-in-play,2346-score-ball-2-in-play,814349,814349,1,,591
2347,score-ball-2-in-play,2347-score-ball-2-in-play,814483,814483,1,,590
2348,score-ball-2-in-play,2348-score-ball-2-in-play,814599,814599,1,,591
2349,score-ball-2-in-play,2349-score-ball-2-in-play,814733,814733,1,,590
2350,score-ball-2-in-play,2350-score-ball-2-in-play,814849,814849,1,,591
2351,score-ball-2-in-play,2351-score-ball-2-in-play,814983,814983,1,,590
2352,score-ball-2-in-play,2352-score-ball-2-in-play,815083,815083,1,,591
2353,score-ball-2-in-play,2353-score-ball-2-in-play,815233,815233,1,,590
2354,score-ball-2-in-play,2354-score-ball-2-in-play,815283,819883,40,JUGADOR BOLA EXTRA,2354
2355,score-ball-2-in-play,2355-score-ball-2-in-play,819899,819916,2,,2355
2356,score-ball-2-in-play,2356-score-ball-2-in-play,819933,819933,1,,3
2357,score-ball-2-in-play,2357-score-ball-2-in-play,819949,819949,1,,13
2358,score-ball-2-in-play,2358-score-ball-2-in-play,820016,820016,1,,208
2359,score-ball-2-in-play,2359-score-ball-2-in-play,820083,820083,1,,13
2360,score-ball-2-in-play,2360-score-ball-2-in-play,820149,820149,1,,208
2361,score-ball-2-in-play,2361-score-ball-2-in-play,820233,820233,1,,13
2362,score-ball-2-in-play,2362-score-ball-2-in-play,820283,820283,1,,208
2363,score-ball-2-in-play,2363-score-ball-2-in-play,820366,820366,1,,13
2364,score-ball-2-in-play,2364-score-ball-2-in-play,820416,820416,1,,208
2365,score-ball-2-in-play,2365-score-ball-2-in-play,820499,820499,1,,13
2366,score-ball-2-in-play,2366-score-ball-2-in-play,820549,820549,1,,208
2367,score-ball-2-in-play,2367-score-ball-2-in-play,820633,820633,1,,13
2368,score-ball-2-in-play,2368-score-ball-2-in-play,820699,820699,1,,208
2369,score-ball-2-in-play,2369-score-ball-2-in-play,820783,820783,1,,13
2370,score-ball-2-in-play,2370-score-ball-2-in-play,820833,820833,1,,208
2371,score-ball-2-in-play,2371-score-ball-2-in-play,820916,820916,1,,13
2372,score-ball-2-in-play,2372-score-ball-2-in-play,820966,820966,1,,208
2373,score-ball-2-in-play,2373-score-ball-2-in-play,821016,821016,1,,623
2374,score-ball-2-in-play,2374-score-ball-2-in-play,821266,821266,1,JUGADOR BOLA EXTRA,2175
2375,score-ball-2-in-play,2375-score-ball-2-in-play,821299,821299,1,,3
2376,score-ball-2-in-play,2376-score-ball-2-in-play,821316,821316,1,,590
2377,score-ball-2-in-play,2377-score-ball-2-in-play,821433,821433,1,,591
2378,score-ball-2-in-play,2378-score-ball-2-in-play,821566,821566,1,,590
2379,score-ball-2-in-play,2379-score-ball-2-in-play,821683,821833,4,,590
2380,score-ball-2-in-play,2380-score-ball-2-in-play,821933,821933,1,,591
2381,score-ball-2-in-play,2381-score-ball-2-in-play,822083,822083,1,,590
2382,score-ball-2-in-play,2382-score-ball-2-in-play,822183,822183,1,,591
2383,score-ball-2-in-play,2383-score-ball-2-in-play,822316,822316,1,,590
2384,score-ball-2-in-play,2384-score-ball-2-in-play,822433,822433,1,,591
2385,score-ball-2-in-play,2385-score-ball-2-in-play,822566,822566,1,,590
2386,score-ball-2-in-play,2386-score-ball-2-in-play,822616,827083,34,JUGADOR BOLA EXTRA,2386
2387,score-ball-2-in-play,2387-score-ball-2-in-play,827233,827233,1,,3
2388,score-ball-2-in-play,2388-score-ball-2-in-play,827249,827249,1,,13
2389,score-ball-2-in-play,2389-score-ball-2-in-play,827316,827316,1,,208
2390,score-ball-2-in-play,2390-score-ball-2-in-play,827399,827399,1,,13
2391,score-ball-2-in-play,2391-score-ball-2-in-play,827449,827466,2,,208
2392,score-ball-2-in-play,2392-score-ball-2-in-play,827533,827549,2,,13
2393,score-ball-2-in-play,2393-score-ball-2-in-play,827583,827583,1,,2139
2394,score-ball-2-in-play,2394-score-ball-2-in-play,827599,827599,1,,208
2395,score-ball-2-in-play,2395-score-ball-2-in-play,827666,827666,1,,2196
2396,score-ball-2-in-play,2396-score-ball-2-in-play,827683,827683,1,,13
2397,score-ball-2-in-play,2397-score-ball-2-in-play,827716,827716,1,,676
2398,score-ball-2-in-play,2398-score-ball-2-in-play,827733,827733,1,,208
2399,score-ball-2-in-play,2399-score-ball-2-in-play,827799,827799,1,,2399
2400,score-ball-2-in-play,2400-score-ball-2-in-play,827816,827849,2,,212
2401,score-ball-2-in-play,2401-score-ball-2-in-play,827866,827933,2,,578
2402,score-ball-2-in-play,2402-score-ball-2-in-play,827949,827949,1,,13
2403,score-ball-2-in-play,2403-score-ball-2-in-play,828016,828016,1,,208
2404,score-ball-2-in-play,2404-score-ball-2-in-play,828083,828083,1,,13
2405,score-ball-2-in-play,2405-score-ball-2-in-play,828149,828149,1,,208
2406,score-ball-2-in-play,2406-score-ball-2-in-play,828233,828233,1,,13
2407,score-ball-2-in-play,2407-score-ball-2-in-play,828283,828283,1,,208
2408,score-ball-2-in-play,2408-score-ball-2-in-play,828333,828583,2,JUGADOR BOLA EXTRA,2209
2409,score-ball-2-in-play,2409-score-ball-2-in-play,828616,828616,1,JUGADOR BOLA EXTRA,2409
2410,score-ball-2-in-play,2410-score-ball-2-in-play,828633,828633,1,,3
2411,score-ball-2-in-play,2411-score-ball-2-in-play,828666,828666,1,,590
2412,score-ball-2-in-play,2412-score-ball-2-in-play,828783,828783,1,,591
2413,score-ball-2-in-play,2413-score-ball-2-in-play,828916,828916,1,,590
2414,score-ball-2-in-play,2414-score-ball-2-in-play,829016,829016,1,,591
2415,score-ball-2-in-play,2415-score-ball-2-in-play,829166,829166,1,,590
2416,score-ball-2-in-play,2416-score-ball-2-in-play,829266,829266,1,,591
2417,score-ball-2-in-play,2417-score-ball-2-in-play,829399,829399,1,,590
2418,score-ball-2-in-play,2418-score-ball-2-in-play,829516,829516,1,,591
2419,score-ball-2-in-play,2419-score-ball-2-in-play,829649,829783,4,,591
2420,score-ball-2-in-play,2420-score-ball-2-in-play,829916,829949,3,,2221
2421,score-ball-2-in-play,2421-score-ball-2-in-play,829966,834399,37,JUGADOR BOLA EXTRA,2421
2422,score-ball-2-in-play,2422-score-ball-2-in-play,834566,834566,1,,3
2423,score-ball-2-in-play,2423-score-ball-2-in-play,834599,834599,1,,13
2424,score-ball-2-in-play,2424-score-ball-2-in-play,834649,834649,1,,208
2425,score-ball-2-in-play,2425-score-ball-2-in-play,834733,834733,1,,13
2426,score-ball-2-in-play,2426-score-ball-2-in-play,834783,834783,1,,208
2427,score-ball-2-in-play,2427-score-ball-2-in-play,834866,834866,1,,13
2428,score-ball-2-in-play,2428-score-ball-2-in-play,834933,834933,1,,208
2429,score-ball-2-in-play,2429-score-ball-2-in-play,835016,835016,1,,13
2430,score-ball-2-in-play,2430-score-ball-2-in-play,835066,835066,1,,208
2431,score-ball-2-in-play,2431-score-ball-2-in-play,835149,835149,1,,13
2432,score-ball-2-in-play,2432-score-ball-2-in-play,835199,835199,1,,208
2433,score-ball-2-in-play,2433-score-ball-2-in-play,835283,835283,1,,13
2434,score-ball-2-in-play,2434-score-ball-2-in-play,835333,835333,1,,208
2435,score-ball-2-in-play,2435-score-ball-2-in-play,835416,835433,2,,13
2436,score-ball-2-in-play,2436-score-ball-2-in-play,835466,835483,2,,208
2437,score-ball-2-in-play,2437-score-ball-2-in-play,835549,835549,1,,569
2438,score-ball-2-in-play,2438-score-ball-2-in-play,835566,835566,1,,13
2439,score-ball-2-in-play,2439-score-ball-2-in-play,835616,835616,1,,208
2440,score-ball-2-in-play,2440-score-ball-2-in-play,835666,835666,1,,2241
2441,score-ball-2-in-play,2441-score-ball-2-in-play,835683,835933,3,JUGADOR BOLA EXTRA,2441
2442,score-ball-2-in-play,2442-score-ball-2-in-play,835949,835949,1,,2442
2443,score-ball-2-in-play,2443-score-ball-2-in-play,835983,835983,1,,590
2444,score-ball-2-in-play,2444-score-ball-2-in-play,836083,836083,1,,591
2445,score-ball-2-in-play,2445-score-ball-2-in-play,836233,836233,1,,590
2446,score-ball-2-in-play,2446-score-ball-2-in-play,836333,836333,1,,591
2447,score-ball-2-in-play,2447-score-ball-2-in-play,836466,836466,1,,590
2448,score-ball-2-in-play,2448-score-ball-2-in-play,836583,836583,1,,591
2449,score-ball-2-in-play,2449-score-ball-2-in-play,836716,836716,1,,590
2450,score-ball-2-in-play,2450-score-ball-2-in-play,836833,836833,1,,591
2451,score-ball-2-in-play,2451-score-ball-2-in-play,836966,836966,1,,590
2452,score-ball-2-in-play,2452-score-ball-2-in-play,837083,837083,1,,591
2453,score-ball-2-in-play,2453-score-ball-2-in-play,837216,837216,1,,590
2454,score-ball-2-in-play,2454-score-ball-2-in-play,837266,841899,38,JUGADOR BOLA EXTRA,2454
2455,score-ball-2-in-play,2455-score-ball-2-in-play,841916,841916,1,,3
2456,score-ball-2-in-play,2456-score-ball-2-in-play,841933,841983,2,,577
2457,score-ball-2-in-play,2457-score-ball-2-in-play,841999,841999,1,,208
2458,score-ball-2-in-play,2458-score-ball-2-in-play,842083,842083,1,,13
2459,score-ball-2-in-play,2459-score-ball-2-in-play,842133,842133,1,,208
2460,score-ball-2-in-play,2460-score-ball-2-in-play,842216,842216,1,,13
2461,score-ball-2-in-play,2461-score-ball-2-in-play,842266,842266,1,,208
2462,score-ball-2-in-play,2462-score-ball-2-in-play,842349,842349,1,,13
2463,score-ball-2-in-play,2463-score-ball-2-in-play,842399,842399,1,,208
2464,score-ball-2-in-play,2464-score-ball-2-in-play,842483,842483,1,,13
2465,score-ball-2-in-play,2465-score-ball-2-in-play,842549,842549,1,,208
2466,score-ball-2-in-play,2466-score-ball-2-in-play,842616,842616,1,,13
2467,score-ball-2-in-play,2467-score-ball-2-in-play,842683,842683,1,,208
2468,score-ball-2-in-play,2468-score-ball-2-in-play,842766,842766,1,,13
2469,score-ball-2-in-play,2469-score-ball-2-in-play,842816,842816,1,,208
2470,score-ball-2-in-play,2470-score-ball-2-in-play,842899,842899,1,,13
2471,score-ball-2-in-play,2471-score-ball-2-in-play,842949,842949,1,,208
2472,score-ball-2-in-play,2472-score-ball-2-in-play,843016,843249,2,JUGADOR BOLA EXTRA,2472
2473,score-ball-2-in-play,2473-score-ball-2-in-play,843283,843283,1,,3
2474,score-ball-2-in-play,2474-score-ball-2-in-play,843316,843316,1,,590
2475,score-ball-2-in-play,2475-score-ball-2-in-play,843416,843416,1,,591
2476,score-ball-2-in-play,2476-score-ball-2-in-play,843549,843549,1,,590
2477,score-ball-2-in-play,2477-score-ball-2-in-play,843666,843816,4,,590
2478,score-ball-2-in-play,2478-score-ball-2-in-play,843933,843933,1,,591
2479,score-ball-2-in-play,2479-score-ball-2-in-play,844066,844066,1,,590
2480,score-ball-2-in-play,2480-score-ball-2-in-play,844166,844166,1,,591
2481,score-ball-2-in-play,2481-score-ball-2-in-play,844316,844316,1,,590
2482,score-ball-2-in-play,2482-score-ball-2-in-play,844416,844416,1,,591
2483,score-ball-2-in-play,2483-score-ball-2-in-play,844549,844549,1,,590
2484,score-ball-2-in-play,2484-score-ball-2-in-play,844583,849049,38,JUGADOR BOLA EXTRA,2484
2485,score-ball-2-in-play,2485-score-ball-2-in-play,849233,849233,1,,3
2486,score-ball-2-in-play,2486-score-ball-2-in-play,849266,849266,1,,13
2487,score-ball-2-in-play,2487-score-ball-2-in-play,849316,849316,1,,208
2488,score-ball-2-in-play,2488-score-ball-2-in-play,849399,849416,2,,13
2489,score-ball-2-in-play,2489-score-ball-2-in-play,849466,849466,1,,208
2490,score-ball-2-in-play,2490-score-ball-2-in-play,849549,849549,1,,13
2491,score-ball-2-in-play,2491-score-ball-2-in-play,849599,849599,1,,2139
2492,score-ball-2-in-play,2492-score-ball-2-in-play,849616,849616,1,,208
2493,score-ball-2-in-play,2493-score-ball-2-in-play,849683,849683,1,,2196
2494,score-ball-2-in-play,2494-score-ball-2-in-play,849699,849699,1,,13
2495,score-ball-2-in-play,2495-score-ball-2-in-play,849733,849733,1,,676
2496,score-ball-2-in-play,2496-score-ball-2-in-play,849749,849749,1,,208
2497,score-ball-2-in-play,2497-score-ball-2-in-play,849816,849816,1,,2399
2498,score-ball-2-in-play,2498-score-ball-2-in-play,849833,849866,2,,212
2499,score-ball-2-in-play,2499-score-ball-2-in-play,849883,849949,2,,578
2500,score-ball-2-in-play,2500-score-ball-2-in-play,849966,849966,1,,13
2501,score-ball-2-in-play,2501-score-ball-2-in-play,850016,850016,1,,208
2502,score-ball-2-in-play,2502-score-ball-2-in-play,850099,850099,1,,13
2503,score-ball-2-in-play,2503-score-ball-2-in-play,850166,850166,1,,208
2504,score-ball-2-in-play,2504-score-ball-2-in-play,850233,850233,1,,13
2505,score-ball-2-in-play,2505-score-ball-2-in-play,850299,850299,1,,208
2506,score-ball-2-in-play,2506-score-ball-2-in-play,850349,850349,1,,623
2507,score-ball-2-in-play,2507-score-ball-2-in-play,850599,850599,1,JUGADOR BOLA EXTRA,2507
2508,score-ball-2-in-play,2508-score-ball-2-in-play,850616,850616,1,,3
2509,score-ball-2-in-play,2509-score-ball-2-in-play,850649,850649,1,,590
2510,score-ball-2-in-play,2510-score-ball-2-in-play,850766,850766,1,,591
2511,score-ball-2-in-play,2511-score-ball-2-in-play,850899,850899,1,,590
2512,score-ball-2-in-play,2512-score-ball-2-in-play,851016,851016,1,,591
2513,score-ball-2-in-play,2513-score-ball-2-in-play,851149,851149,1,,590
2514,score-ball-2-in-play,2514-score-ball-2-in-play,851249,851249,1,,591
2515,score-ball-2-in-play,2515-score-ball-2-in-play,851399,851399,1,,590
2516,score-ball-2-in-play,2516-score-ball-2-in-play,851499,851499,1,,591
2517,score-ball-2-in-play,2517-score-ball-2-in-play,851633,851766,4,,591
2518,score-ball-2-in-play,2518-score-ball-2-in-play,851899,851933,2,,2518
2519,score-ball-2-in-play,2519-score-ball-2-in-play,851949,856416,37,JUGADOR BOLA EXTRA,2519
2520,score-ball-2-in-play,2520-score-ball-2-in-play,856549,856549,1,,2520
2521,score-ball-2-in-play,2521-score-ball-2-in-play,856583,856583,1,,3
2522,score-ball-2-in-play,2522-score-ball-2-in-play,856616,856616,1,,13
2523,score-ball-2-in-play,2523-score-ball-2-in-play,856666,856666,1,,208
2524,score-ball-2-in-play,2524-score-ball-2-in-play,856749,856749,1,,13
2525,score-ball-2-in-play,2525-score-ball-2-in-play,856799,856799,1,,208
2526,score-ball-2-in-play,2526-score-ball-2-in-play,856883,856883,1,,13
2527,score-ball-2-in-play,2527-score-ball-2-in-play,856933,856933,1,,208
2528,score-ball-2-in-play,2528-score-ball-2-in-play,857016,857016,1,,13
2529,score-ball-2-in-play,2529-score-ball-2-in-play,857083,857083,1,,208
2530,score-ball-2-in-play,2530-score-ball-2-in-play,857166,857166,1,,13
2531,score-ball-2-in-play,2531-score-ball-2-in-play,857216,857216,1,,208
2532,score-ball-2-in-play,2532-score-ball-2-in-play,857299,857299,1,,13
2533,score-ball-2-in-play,2533-score-ball-2-in-play,857349,857349,1,,208
2534,score-ball-2-in-play,2534-score-ball-2-in-play,857433,857449,2,,13
2535,score-ball-2-in-play,2535-score-ball-2-in-play,857483,857499,2,,208
2536,score-ball-2-in-play,2536-score-ball-2-in-play,857566,857566,1,,569
2537,score-ball-2-in-play,2537-score-ball-2-in-play,857583,857583,1,,13
2538,score-ball-2-in-play,2538-score-ball-2-in-play,857616,857616,1,,207
2539,score-ball-2-in-play,2539-score-ball-2-in-play,857633,857633,1,,208
2540,score-ball-2-in-play,2540-score-ball-2-in-play,857683,857683,1,,2241
2541,score-ball-2-in-play,2541-score-ball-2-in-play,857699,857699,1,,623
2542,score-ball-2-in-play,2542-score-ball-2-in-play,857933,857949,2,JUGADOR BOLA EXTRA,2542
2543,score-ball-2-in-play,2543-score-ball-2-in-play,857966,857966,1,,3
2544,score-ball-2-in-play,2544-score-ball-2-in-play,857999,857999,1,,590
2545,score-ball-2-in-play,2545-score-ball-2-in-play,858099,858099,1,,591
2546,score-ball-2-in-play,2546-score-ball-2-in-play,858233,858233,1,,590
2547,score-ball-2-in-play,2547-score-ball-2-in-play,858349,858349,1,,591
2548,score-ball-2-in-play,2548-score-ball-2-in-play,858483,858483,1,,590
2549,score-ball-2-in-play,2549-score-ball-2-in-play,858599,858599,1,,591
2550,score-ball-2-in-play,2550-score-ball-2-in-play,858733,858733,1,,590
2551,score-ball-2-in-play,2551-score-ball-2-in-play,858849,858849,1,,591
2552,score-ball-2-in-play,2552-score-ball-2-in-play,858983,858983,1,,590
2553,score-ball-2-in-play,2553-score-ball-2-in-play,859083,859083,1,,591
2554,score-ball-2-in-play,2554-score-ball-2-in-play,859233,859233,1,,590
2555,score-ball-2-in-play,2555-score-ball-2-in-play,859283,863883,39,JUGADOR BOLA EXTRA,2555
2556,score-ball-2-in-play,2556-score-ball-2-in-play,863899,863916,2,,2556
2557,score-ball-2-in-play,2557-score-ball-2-in-play,863933,863933,1,,3
2558,score-ball-2-in-play,2558-score-ball-2-in-play,863949,863949,1,,13
2559,score-ball-2-in-play,2559-score-ball-2-in-play,864016,864016,1,,208
2560,score-ball-2-in-play,2560-score-ball-2-in-play,864083,864083,1,,13
2561,score-ball-2-in-play,2561-score-ball-2-in-play,864149,864149,1,,208
2562,score-ball-2-in-play,2562-score-ball-2-in-play,864233,864233,1,,13
2563,score-ball-2-in-play,2563-score-ball-2-in-play,864283,864283,1,,208
2564,score-ball-2-in-play,2564-score-ball-2-in-play,864366,864366,1,,13
2565,score-ball-2-in-play,2565-score-ball-2-in-play,864416,864416,1,,208
2566,score-ball-2-in-play,2566-score-ball-2-in-play,864499,864499,1,,13
2567,score-ball-2-in-play,2567-score-ball-2-in-play,864549,864549,1,,208
2568,score-ball-2-in-play,2568-score-ball-2-in-play,864633,864633,1,,13
2569,score-ball-2-in-play,2569-score-ball-2-in-play,864699,864699,1,,208
2570,score-ball-2-in-play,2570-score-ball-2-in-play,864783,864783,1,,13
2571,score-ball-2-in-play,2571-score-ball-2-in-play,864833,864833,1,,208
2572,score-ball-2-in-play,2572-score-ball-2-in-play,864916,864916,1,,13
2573,score-ball-2-in-play,2573-score-ball-2-in-play,864966,864966,1,,208
2574,score-ball-2-in-play,2574-score-ball-2-in-play,865016,865016,1,,623
2575,score-ball-2-in-play,2575-score-ball-2-in-play,865266,865266,1,JUGADOR BOLA EXTRA,2575
2576,score-ball-2-in-play,2576-score-ball-2-in-play,865299,865299,1,,3
2577,score-ball-2-in-play,2577-score-ball-2-in-play,865316,865316,1,,590
2578,score-ball-2-in-play,2578-score-ball-2-in-play,865433,865433,1,,591
2579,score-ball-2-in-play,2579-score-ball-2-in-play,865566,865566,1,,590
2580,score-ball-2-in-play,2580-score-ball-2-in-play,865683,865833,4,,590
2581,score-ball-2-in-play,2581-score-ball-2-in-play,865933,865933,1,,591
2582,score-ball-2-in-play,2582-score-ball-2-in-play,866083,866083,1,,590
2583,score-ball-2-in-play,2583-score-ball-2-in-play,866183,866183,1,,591
2584,score-ball-2-in-play,2584-score-ball-2-in-play,866316,866316,1,,590
2585,score-ball-2-in-play,2585-score-ball-2-in-play,866433,866433,1,,591
2586,score-ball-2-in-play,2586-score-ball-2-in-play,866566,866566,1,,590
2587,score-ball-2-in-play,2587-score-ball-2-in-play,866616,871083,34,JUGADOR BOLA EXTRA,2587
2588,score-ball-2-in-play,2588-score-ball-2-in-play,871233,871233,1,,3
2589,score-ball-2-in-play,2589-score-ball-2-in-play,871249,871249,1,,13
2590,score-ball-2-in-play,2590-score-ball-2-in-play,871316,871316,1,,208
2591,score-ball-2-in-play,2591-score-ball-2-in-play,871399,871399,1,,13
2592,score-ball-2-in-play,2592-score-ball-2-in-play,871449,871466,2,,208
2593,score-ball-2-in-play,2593-score-ball-2-in-play,871533,871549,2,,13
2594,score-ball-2-in-play,2594-score-ball-2-in-play,871583,871583,1,,2139
2595,score-ball-2-in-play,2595-score-ball-2-in-play,871599,871599,1,,208
2596,score-ball-2-in-play,2596-score-ball-2-in-play,871666,871666,1,,2196
2597,score-ball-2-in-play,2597-score-ball-2-in-play,871683,871683,1,,13
2598,score-ball-2-in-play,2598-score-ball-2-in-play,871716,871716,1,,676
2599,score-ball-2-in-play,2599-score-ball-2-in-play,871733,871733,1,,208
2600,score-ball-2-in-play,2600-score-ball-2-in-play,871799,871799,1,,2399
2601,score-ball-2-in-play,2601-score-ball-2-in-play,871816,871849,2,,212
2602,score-ball-2-in-play,2602-score-ball-2-in-play,871866,871933,2,,578
2603,score-ball-2-in-play,2603-score-ball-2-in-play,871949,871949,1,,13
2604,score-ball-2-in-play,2604-score-ball-2-in-play,872016,872016,1,,208
2605,score-ball-2-in-play,2605-score-ball-2-in-play,872083,872083,1,,13
2606,score-ball-2-in-play,2606-score-ball-2-in-play,872149,872149,1,,208
2607,score-ball-2-in-play,2607-score-ball-2-in-play,872233,872233,1,,13
2608,score-ball-2-in-play,2608-score-ball-2-in-play,872283,872283,1,,208
2609,score-ball-2-in-play,2609-score-ball-2-in-play,872333,872583,2,JUGADOR BOLA EXTRA,2609
2610,score-ball-2-in-play,2610-score-ball-2-in-play,872616,872616,1,JUGADOR BOLA EXTRA,2610
2611,score-ball-2-in-play,2611-score-ball-2-in-play,872633,872633,1,,3
2612,score-ball-2-in-play,2612-score-ball-2-in-play,872666,872666,1,,590
2613,score-ball-2-in-play,2613-score-ball-2-in-play,872783,872783,1,,591
2614,score-ball-2-in-play,2614-score-ball-2-in-play,872916,872916,1,,590
2615,score-ball-2-in-play,2615-score-ball-2-in-play,873016,873016,1,,591
2616,score-ball-2-in-play,2616-score-ball-2-in-play,873166,873166,1,,590
2617,score-ball-2-in-play,2617-score-ball-2-in-play,873266,873266,1,,591
2618,score-ball-2-in-play,2618-score-ball-2-in-play,873399,873399,1,,590
2619,score-ball-2-in-play,2619-score-ball-2-in-play,873516,873516,1,,591
2620,score-ball-2-in-play,2620-score-ball-2-in-play,873649,873783,4,,591
2621,score-ball-2-in-play,2621-score-ball-2-in-play,873916,873949,3,,2621
2622,score-ball-2-in-play,2622-score-ball-2-in-play,873966,878399,36,JUGADOR BOLA EXTRA,2622
2623,score-ball-2-in-play,2623-score-ball-2-in-play,878566,878566,1,,3
2624,score-ball-2-in-play,2624-score-ball-2-in-play,878599,878599,1,,13
2625,score-ball-2-in-play,2625-score-ball-2-in-play,878649,878649,1,,208
2626,score-ball-2-in-play,2626-score-ball-2-in-play,878733,878733,1,,13
2627,score-ball-2-in-play,2627-score-ball-2-in-play,878783,878783,1,,208
2628,score-ball-2-in-play,2628-score-ball-2-in-play,878866,878866,1,,13
2629,score-ball-2-in-play,2629-score-ball-2-in-play,878933,878933,1,,208
2630,score-ball-2-in-play,2630-score-ball-2-in-play,879016,879016,1,,13
2631,score-ball-2-in-play,2631-score-ball-2-in-play,879066,879066,1,,208
2632,score-ball-2-in-play,2632-score-ball-2-in-play,879149,879149,1,,13
2633,score-ball-2-in-play,2633-score-ball-2-in-play,879199,879199,1,,208
2634,score-ball-2-in-play,2634-score-ball-2-in-play,879283,879283,1,,13
2635,score-ball-2-in-play,2635-score-ball-2-in-play,879333,879333,1,,208
2636,score-ball-2-in-play,2636-score-ball-2-in-play,879416,879433,2,,13
2637,score-ball-2-in-play,2637-score-ball-2-in-play,879466,879483,2,,208
2638,score-ball-2-in-play,2638-score-ball-2-in-play,879549,879549,1,,569
2639,score-ball-2-in-play,2639-score-ball-2-in-play,879566,879566,1,,13
2640,score-ball-2-in-play,2640-score-ball-2-in-play,879616,879616,1,,208
2641,score-ball-2-in-play,2641-score-ball-2-in-play,879666,879666,1,,2241
2642,score-ball-2-in-play,2642-score-ball-2-in-play,879683,879933,3,JUGADOR BOLA EXTRA,2642
2643,score-ball-2-in-play,2643-score-ball-2-in-play,879949,879949,1,,2643
2644,score-ball-2-in-play,2644-score-ball-2-in-play,879983,879983,1,,3
2645,score-ball-2-in-play,2645-score-ball-2-in-play,880016,880016,1,,590
2646,score-ball-2-in-play,2646-score-ball-2-in-play,880116,880116,1,,591
2647,score-ball-2-in-play,2647-score-ball-2-in-play,880249,880249,1,,590
2648,score-ball-2-in-play,2648-score-ball-2-in-play,880366,880366,1,,591
2649,score-ball-2-in-play,2649-score-ball-2-in-play,880499,880499,1,,590
2650,score-ball-2-in-play,2650-score-ball-2-in-play,880616,880616,1,,591
2651,score-ball-2-in-play,2651-score-ball-2-in-play,880749,880749,1,,590
2652,score-ball-2-in-play,2652-score-ball-2-in-play,880849,880849,1,,591
2653,score-ball-2-in-play,2653-score-ball-2-in-play,880999,880999,1,,590
2654,score-ball-2-in-play,2654-score-ball-2-in-play,881099,881099,1,,591
2655,score-ball-2-in-play,2655-score-ball-2-in-play,881233,881233,1,,590
2656,score-ball-2-in-play,2656-score-ball-2-in-play,881266,885899,39,JUGADOR BOLA EXTRA,2656
2657,score-ball-2-in-play,2657-score-ball-2-in-play,885916,885916,1,,3
2658,score-ball-2-in-play,2658-score-ball-2-in-play,885933,885983,2,,577
2659,score-ball-2-in-play,2659-score-ball-2-in-play,885999,885999,1,,208
2660,score-ball-2-in-play,2660-score-ball-2-in-play,886083,886083,1,,13
2661,score-ball-2-in-play,2661-score-ball-2-in-play,886133,886133,1,,208
2662,score-ball-2-in-play,2662-score-ball-2-in-play,886216,886216,1,,13
2663,score-ball-2-in-play,2663-score-ball-2-in-play,886266,886266,1,,208
2664,score-ball-2-in-play,2664-score-ball-2-in-play,886349,886349,1,,13
2665,score-ball-2-in-play,2665-score-ball-2-in-play,886399,886399,1,,208
2666,score-ball-2-in-play,2666-score-ball-2-in-play,886483,886483,1,,13
2667,score-ball-2-in-play,2667-score-ball-2-in-play,886549,886549,1,,208
2668,score-ball-2-in-play,2668-score-ball-2-in-play,886616,886616,1,,13
2669,score-ball-2-in-play,2669-score-ball-2-in-play,886683,886683,1,,208
2670,score-ball-2-in-play,2670-score-ball-2-in-play,886766,886766,1,,13
2671,score-ball-2-in-play,2671-score-ball-2-in-play,886816,886816,1,,208
2672,score-ball-2-in-play,2672-score-ball-2-in-play,886899,886899,1,,13
2673,score-ball-2-in-play,2673-score-ball-2-in-play,886949,886949,1,,208
2674,score-ball-2-in-play,2674-score-ball-2-in-play,887016,887249,2,JUGADOR BOLA EXTRA,2674
2675,score-ball-2-in-play,2675-score-ball-2-in-play,887283,887283,1,,3
2676,score-ball-2-in-play,2676-score-ball-2-in-play,887316,887316,1,,590
2677,score-ball-2-in-play,2677-score-ball-2-in-play,887416,887416,1,,591
2678,score-ball-2-in-play,2678-score-ball-2-in-play,887549,887549,1,,590
2679,score-ball-2-in-play,2679-score-ball-2-in-play,887666,887816,4,,590
2680,score-ball-2-in-play,2680-score-ball-2-in-play,887933,887933,1,,591
2681,score-ball-2-in-play,2681-score-ball-2-in-play,888066,888066,1,,590
2682,score-ball-2-in-play,2682-score-ball-2-in-play,888166,888166,1,,591
2683,score-ball-2-in-play,2683-score-ball-2-in-play,888316,888316,1,,590
2684,score-ball-2-in-play,2684-score-ball-2-in-play,888416,888416,1,,591
2685,score-ball-2-in-play,2685-score-ball-2-in-play,888549,888549,1,,590
2686,score-ball-2-in-play,2686-score-ball-2-in-play,888583,893049,37,JUGADOR BOLA EXTRA,2686
2687,score-ball-2-in-play,2687-score-ball-2-in-play,893233,893233,1,,3
2688,score-ball-2-in-play,2688-score-ball-2-in-play,893266,893266,1,,13
2689,score-ball-2-in-play,2689-score-ball-2-in-play,893316,893316,1,,208
2690,score-ball-2-in-play,2690-score-ball-2-in-play,893399,893416,2,,13
2691,score-ball-2-in-play,2691-score-ball-2-in-play,893466,893466,1,,208
2692,score-ball-2-in-play,2692-score-ball-2-in-play,893549,893549,1,,13
2693,score-ball-2-in-play,2693-score-ball-2-in-play,893599,893599,1,,2139
2694,score-ball-2-in-play,2694-score-ball-2-in-play,893616,893616,1,,208
2695,score-ball-2-in-play,2695-score-ball-2-in-play,893683,893683,1,,2196
2696,score-ball-2-in-play,2696-score-ball-2-in-play,893699,893699,1,,13
2697,score-ball-2-in-play,2697-score-ball-2-in-play,893733,893733,1,,676
2698,score-ball-2-in-play,2698-score-ball-2-in-play,893749,893749,1,,208
2699,score-ball-2-in-play,2699-score-ball-2-in-play,893816,893816,1,,2200
2700,score-ball-2-in-play,2700-score-ball-2-in-play,893833,893866,2,,212
2701,score-ball-2-in-play,2701-score-ball-2-in-play,893883,893949,2,,578
2702,score-ball-2-in-play,2702-score-ball-2-in-play,893966,893966,1,,13
2703,score-ball-2-in-play,2703-score-ball-2-in-play,894016,894016,1,,208
2704,score-ball-2-in-play,2704-score-ball-2-in-play,894099,894099,1,,13
2705,score-ball-2-in-play,2705-score-ball-2-in-play,894166,894166,1,,208
2706,score-ball-2-in-play,2706-score-ball-2-in-play,894233,894233,1,,13
2707,score-ball-2-in-play,2707-score-ball-2-in-play,894299,894299,1,,208
2708,score-ball-2-in-play,2708-score-ball-2-in-play,894349,894349,1,,623
2709,score-ball-2-in-play,2709-score-ball-2-in-play,894599,894599,1,JUGADOR BOLA EXTRA,2709
2710,score-ball-2-in-play,2710-score-ball-2-in-play,894616,894616,1,,3
2711,score-ball-2-in-play,2711-score-ball-2-in-play,894649,894649,1,,590
2712,score-ball-2-in-play,2712-score-ball-2-in-play,894766,894766,1,,591
2713,score-ball-2-in-play,2713-score-ball-2-in-play,894899,894899,1,,590
2714,score-ball-2-in-play,2714-score-ball-2-in-play,895016,895016,1,,591
2715,score-ball-2-in-play,2715-score-ball-2-in-play,895149,895149,1,,590
2716,score-ball-2-in-play,2716-score-ball-2-in-play,895249,895249,1,,591
2717,score-ball-2-in-play,2717-score-ball-2-in-play,895399,895399,1,,590
2718,score-ball-2-in-play,2718-score-ball-2-in-play,895499,895499,1,,591
2719,score-ball-2-in-play,2719-score-ball-2-in-play,895633,895766,4,,591
2720,score-ball-2-in-play,2720-score-ball-2-in-play,895899,895933,2,,2720
2721,score-ball-2-in-play,2721-score-ball-2-in-play,895949,900416,36,JUGADOR BOLA EXTRA,2721
2722,score-ball-2-in-play,2722-score-ball-2-in-play,900549,900549,1,,2722
2723,score-ball-2-in-play,2723-score-ball-2-in-play,900583,900583,1,,3
2724,score-ball-2-in-play,2724-score-ball-2-in-play,900616,900616,1,,13
2725,score-ball-2-in-play,2725-score-ball-2-in-play,900666,900666,1,,208
2726,score-ball-2-in-play,2726-score-ball-2-in-play,900749,900749,1,,13
2727,score-ball-2-in-play,2727-score-ball-2-in-play,900799,900799,1,,208
2728,score-ball-2-in-play,2728-score-ball-2-in-play,900883,900883,1,,13
2729,score-ball-2-in-play,2729-score-ball-2-in-play,900933,900933,1,,208
2730,score-ball-2-in-play,2730-score-ball-2-in-play,901016,901016,1,,13
2731,score-ball-2-in-play,2731-score-ball-2-in-play,901083,901083,1,,208
2732,score-ball-2-in-play,2732-score-ball-2-in-play,901166,901166,1,,13
2733,score-ball-2-in-play,2733-score-ball-2-in-play,901216,901216,1,,208
2734,score-ball-2-in-play,2734-score-ball-2-in-play,901299,901299,1,,13
2735,score-ball-2-in-play,2735-score-ball-2-in-play,901349,901349,1,,208
2736,score-ball-2-in-play,2736-score-ball-2-in-play,901433,901449,2,,13
2737,score-ball-2-in-play,2737-score-ball-2-in-play,901483,901499,2,,208
2738,score-ball-2-in-play,2738-score-ball-2-in-play,901566,901566,1,,569
2739,score-ball-2-in-play,2739-score-ball-2-in-play,901583,901583,1,,13
2740,score-ball-2-in-play,2740-score-ball-2-in-play,901616,901616,1,,207
2741,score-ball-2-in-play,2741-score-ball-2-in-play,901633,901633,1,,208
2742,score-ball-2-in-play,2742-score-ball-2-in-play,901683,901683,1,,2241
2743,score-ball-2-in-play,2743-score-ball-2-in-play,901699,901699,1,,623
2744,score-ball-2-in-play,2744-score-ball-2-in-play,901933,901949,2,JUGADOR BOLA EXTRA,2542
2745,score-ball-2-in-play,2745-score-ball-2-in-play,901966,901966,1,,3
2746,score-ball-2-in-play,2746-score-ball-2-in-play,901999,901999,1,,590
2747,score-ball-2-in-play,2747-score-ball-2-in-play,902099,902099,1,,591
2748,score-ball-2-in-play,2748-score-ball-2-in-play,902233,902233,1,,590
2749,score-ball-2-in-play,2749-score-ball-2-in-play,902349,902349,1,,591
2750,score-ball-2-in-play,2750-score-ball-2-in-play,902483,902483,1,,590
2751,score-ball-2-in-play,2751-score-ball-2-in-play,902599,902599,1,,591
2752,score-ball-2-in-play,2752-score-ball-2-in-play,902733,902733,1,,590
2753,score-ball-2-in-play,2753-score-ball-2-in-play,902849,902849,1,,591
2754,score-ball-2-in-play,2754-score-ball-2-in-play,902983,902983,1,,590
2755,score-ball-2-in-play,2755-score-ball-2-in-play,903083,903083,1,,591
2756,score-ball-2-in-play,2756-score-ball-2-in-play,903233,903233,1,,590
2757,score-ball-2-in-play,2757-score-ball-2-in-play,903316,907883,38,JUGADOR BOLA EXTRA,2757
2758,score-ball-2-in-play,2758-score-ball-2-in-play,907899,907899,1,,3
2759,score-ball-2-in-play,2759-score-ball-2-in-play,907916,907916,1,,2759
2760,score-ball-2-in-play,2760-score-ball-2-in-play,907933,907933,1,,13
2761,score-ball-2-in-play,2761-score-ball-2-in-play,907983,907983,1,,208
2762,score-ball-2-in-play,2762-score-ball-2-in-play,908066,908066,1,,13
2763,score-ball-2-in-play,2763-score-ball-2-in-play,908116,908116,1,,208
2764,score-ball-2-in-play,2764-score-ball-2-in-play,908199,908199,1,,13
2765,score-ball-2-in-play,2765-score-ball-2-in-play,908249,908249,1,,208
2766,score-ball-2-in-play,2766-score-ball-2-in-play,908333,908333,1,,13
2767,score-ball-2-in-play,2767-score-ball-2-in-play,908399,908399,1,,208
2768,score-ball-2-in-play,2768-score-ball-2-in-play,908466,908466,1,,13
2769,score-ball-2-in-play,2769-score-ball-2-in-play,908533,908533,1,,208
2770,score-ball-2-in-play,2770-score-ball-2-in-play,908616,908616,1,,13
2771,score-ball-2-in-play,2771-score-ball-2-in-play,908666,908666,1,,208
2772,score-ball-2-in-play,2772-score-ball-2-in-play,908749,908749,1,,13
2773,score-ball-2-in-play,2773-score-ball-2-in-play,908799,908799,1,,208
2774,score-ball-2-in-play,2774-score-ball-2-in-play,908883,908883,1,,13
2775,score-ball-2-in-play,2775-score-ball-2-in-play,908933,908933,1,,208
2776,score-ball-2-in-play,2776-score-ball-2-in-play,908999,908999,1,,623
2777,score-ball-2-in-play,2777-score-ball-2-in-play,909266,909266,1,JUGADOR BOLA EXTRA,2777
2778,score-ball-2-in-play,2778-score-ball-2-in-play,909299,909299,1,,3
2779,score-ball-2-in-play,2779-score-ball-2-in-play,909316,909316,1,,590
2780,score-ball-2-in-play,2780-score-ball-2-in-play,909433,909433,1,,591
2781,score-ball-2-in-play,2781-score-ball-2-in-play,909566,909566,1,,590
2782,score-ball-2-in-play,2782-score-ball-2-in-play,909683,909833,4,,590
2783,score-ball-2-in-play,2783-score-ball-2-in-play,909933,909933,1,,591
2784,score-ball-2-in-play,2784-score-ball-2-in-play,910083,910083,1,,590
2785,score-ball-2-in-play,2785-score-ball-2-in-play,910183,910183,1,,591
2786,score-ball-2-in-play,2786-score-ball-2-in-play,910316,910316,1,,590
2787,score-ball-2-in-play,2787-score-ball-2-in-play,910433,910433,1,,591
2788,score-ball-2-in-play,2788-score-ball-2-in-play,910566,910566,1,,590
2789,score-ball-2-in-play,2789-score-ball-2-in-play,910616,915083,34,JUGADOR BOLA EXTRA,2789
2790,score-ball-2-in-play,2790-score-ball-2-in-play,915233,915233,1,,3
2791,score-ball-2-in-play,2791-score-ball-2-in-play,915249,915249,1,,13
2792,score-ball-2-in-play,2792-score-ball-2-in-play,915316,915316,1,,208
2793,score-ball-2-in-play,2793-score-ball-2-in-play,915399,915399,1,,13
2794,score-ball-2-in-play,2794-score-ball-2-in-play,915449,915466,2,,208
2795,score-ball-2-in-play,2795-score-ball-2-in-play,915533,915549,2,,13
2796,score-ball-2-in-play,2796-score-ball-2-in-play,915583,915583,1,,2139
2797,score-ball-2-in-play,2797-score-ball-2-in-play,915599,915599,1,,208
2798,score-ball-2-in-play,2798-score-ball-2-in-play,915666,915666,1,,2196
2799,score-ball-2-in-play,2799-score-ball-2-in-play,915683,915683,1,,13
2800,score-ball-2-in-play,2800-score-ball-2-in-play,915716,915716,1,,676
2801,score-ball-2-in-play,2801-score-ball-2-in-play,915733,915733,1,,208
2802,score-ball-2-in-play,2802-score-ball-2-in-play,915799,915799,1,,2399
2803,score-ball-2-in-play,2803-score-ball-2-in-play,915816,915849,2,,212
2804,score-ball-2-in-play,2804-score-ball-2-in-play,915866,915933,2,,578
2805,score-ball-2-in-play,2805-score-ball-2-in-play,915949,915949,1,,13
2806,score-ball-2-in-play,2806-score-ball-2-in-play,916016,916016,1,,208
2807,score-ball-2-in-play,2807-score-ball-2-in-play,916083,916083,1,,13
2808,score-ball-2-in-play,2808-score-ball-2-in-play,916149,916149,1,,208
2809,score-ball-2-in-play,2809-score-ball-2-in-play,916233,916233,1,,13
2810,score-ball-2-in-play,2810-score-ball-2-in-play,916283,916283,1,,208
2811,score-ball-2-in-play,2811-score-ball-2-in-play,916333,916583,2,JUGADOR BOLA EXTRA,2209
2812,score-ball-2-in-play,2812-score-ball-2-in-play,916616,916616,1,JUGADOR BOLA EXTRA,2812
2813,score-ball-2-in-play,2813-score-ball-2-in-play,916633,916633,1,,3
2814,score-ball-2-in-play,2814-score-ball-2-in-play,916666,916666,1,,590
2815,score-ball-2-in-play,2815-score-ball-2-in-play,916783,916783,1,,591
2816,score-ball-2-in-play,2816-score-ball-2-in-play,916916,916916,1,,590
2817,score-ball-2-in-play,2817-score-ball-2-in-play,917016,917016,1,,591
2818,score-ball-2-in-play,2818-score-ball-2-in-play,917166,917166,1,,590
2819,score-ball-2-in-play,2819-score-ball-2-in-play,917266,917266,1,,591
2820,score-ball-2-in-play,2820-score-ball-2-in-play,917399,917399,1,,590
2821,score-ball-2-in-play,2821-score-ball-2-in-play,917516,917516,1,,591
2822,score-ball-2-in-play,2822-score-ball-2-in-play,917649,917783,4,,591
2823,score-ball-2-in-play,2823-score-ball-2-in-play,917916,917949,3,,2823
2824,score-ball-2-in-play,2824-score-ball-2-in-play,917966,922399,35,JUGADOR BOLA EXTRA,2824
2825,score-ball-2-in-play,2825-score-ball-2-in-play,922566,922566,1,,3
2826,score-ball-2-in-play,2826-score-ball-2-in-play,922599,922599,1,,13
2827,score-ball-2-in-play,2827-score-ball-2-in-play,922649,922649,1,,208
2828,score-ball-2-in-play,2828-score-ball-2-in-play,922733,922733,1,,13
2829,score-ball-2-in-play,2829-score-ball-2-in-play,922783,922783,1,,208
2830,score-ball-2-in-play,2830-score-ball-2-in-play,922866,922866,1,,13
2831,score-ball-2-in-play,2831-score-ball-2-in-play,922933,922933,1,,208
2832,score-ball-2-in-play,2832-score-ball-2-in-play,923016,923016,1,,13
2833,score-ball-2-in-play,2833-score-ball-2-in-play,923066,923066,1,,208
2834,score-ball-2-in-play,2834-score-ball-2-in-play,923149,923149,1,,13
2835,score-ball-2-in-play,2835-score-ball-2-in-play,923199,923199,1,,208
2836,score-ball-2-in-play,2836-score-ball-2-in-play,923283,923283,1,,13
2837,score-ball-2-in-play,2837-score-ball-2-in-play,923333,923333,1,,208
2838,score-ball-2-in-play,2838-score-ball-2-in-play,923416,923433,2,,13
2839,score-ball-2-in-play,2839-score-ball-2-in-play,923466,923483,2,,208
2840,score-ball-2-in-play,2840-score-ball-2-in-play,923549,923549,1,,569
2841,score-ball-2-in-play,2841-score-ball-2-in-play,923566,923566,1,,13
2842,score-ball-2-in-play,2842-score-ball-2-in-play,923616,923616,1,,208
2843,score-ball-2-in-play,2843-score-ball-2-in-play,923666,923666,1,,2241
2844,score-ball-2-in-play,2844-score-ball-2-in-play,923683,923933,3,JUGADOR BOLA EXTRA,2844
2845,score-ball-2-in-play,2845-score-ball-2-in-play,923949,923949,1,,2845
2846,score-ball-2-in-play,2846-score-ball-2-in-play,923983,923983,1,,3
2847,score-ball-2-in-play,2847-score-ball-2-in-play,924016,924016,1,,590
2848,score-ball-2-in-play,2848-score-ball-2-in-play,924116,924116,1,,591
2849,score-ball-2-in-play,2849-score-ball-2-in-play,924249,924249,1,,590
2850,score-ball-2-in-play,2850-score-ball-2-in-play,924366,924366,1,,591
2851,score-ball-2-in-play,2851-score-ball-2-in-play,924499,924499,1,,590
2852,score-ball-2-in-play,2852-score-ball-2-in-play,924616,924616,1,,591
2853,score-ball-2-in-play,2853-score-ball-2-in-play,924749,924749,1,,590
2854,score-ball-2-in-play,2854-score-ball-2-in-play,924849,924849,1,,591
2855,score-ball-2-in-play,2855-score-ball-2-in-play,924999,924999,1,,590
2856,score-ball-2-in-play,2856-score-ball-2-in-play,925099,925099,1,,591
2857,score-ball-2-in-play,2857-score-ball-2-in-play,925233,925233,1,,590
2858,score-ball-2-in-play,2858-score-ball-2-in-play,925266,929899,39,JUGADOR BOLA EXTRA,2858
2859,score-ball-2-in-play,2859-score-ball-2-in-play,929916,929916,1,,3
2860,score-ball-2-in-play,2860-score-ball-2-in-play,929933,929983,2,,577
2861,score-ball-2-in-play,2861-score-ball-2-in-play,929999,929999,1,,208
2862,score-ball-2-in-play,2862-score-ball-2-in-play,930083,930083,1,,13
2863,score-ball-2-in-play,2863-score-ball-2-in-play,930133,930133,1,,208
2864,score-ball-2-in-play,2864-score-ball-2-in-play,930216,930216,1,,13
2865,score-ball-2-in-play,2865-score-ball-2-in-play,930266,930266,1,,208
2866,score-ball-2-in-play,2866-score-ball-2-in-play,930349,930349,1,,13
2867,score-ball-2-in-play,2867-score-ball-2-in-play,930399,930399,1,,208
2868,score-ball-2-in-play,2868-score-ball-2-in-play,930483,930483,1,,13
2869,score-ball-2-in-play,2869-score-ball-2-in-play,930549,930549,1,,208
2870,score-ball-2-in-play,2870-score-ball-2-in-play,930616,930616,1,,13
2871,score-ball-2-in-play,2871-score-ball-2-in-play,930683,930683,1,,208
2872,score-ball-2-in-play,2872-score-ball-2-in-play,930766,930766,1,,13
2873,score-ball-2-in-play,2873-score-ball-2-in-play,930816,930816,1,,208
2874,score-ball-2-in-play,2874-score-ball-2-in-play,930899,930899,1,,13
2875,score-ball-2-in-play,2875-score-ball-2-in-play,930949,930949,1,,208
2876,score-ball-2-in-play,2876-score-ball-2-in-play,931016,931249,2,JUGADOR BOLA EXTRA,2876
2877,score-ball-2-in-play,2877-score-ball-2-in-play,931283,931283,1,,3
2878,score-ball-2-in-play,2878-score-ball-2-in-play,931316,931316,1,,590
2879,score-ball-2-in-play,2879-score-ball-2-in-play,931416,931416,1,,591
2880,score-ball-2-in-play,2880-score-ball-2-in-play,931549,931549,1,,590
2881,score-ball-2-in-play,2881-score-ball-2-in-play,931666,931816,4,,590
2882,score-ball-2-in-play,2882-score-ball-2-in-play,931933,931933,1,,591
2883,score-ball-2-in-play,2883-score-ball-2-in-play,932066,932066,1,,590
2884,score-ball-2-in-play,2884-score-ball-2-in-play,932166,932166,1,,591
2885,score-ball-2-in-play,2885-score-ball-2-in-play,932316,932316,1,,590
2886,score-ball-2-in-play,2886-score-ball-2-in-play,932416,932416,1,,591
2887,score-ball-2-in-play,2887-score-ball-2-in-play,932549,932583,2,,2887
2888,score-ball-2-in-play,2888-score-ball-2-in-play,932616,937049,37,JUGADOR BOLA EXTRA,2888
2889,score-ball-2-in-play,2889-score-ball-2-in-play,937233,937233,1,,3
2890,score-ball-2-in-play,2890-score-ball-2-in-play,937266,937266,1,,13
2891,score-ball-2-in-play,2891-score-ball-2-in-play,937316,937316,1,,208
2892,score-ball-2-in-play,2892-score-ball-2-in-play,937399,937416,2,,13
2893,score-ball-2-in-play,2893-score-ball-2-in-play,937466,937466,1,,208
2894,score-ball-2-in-play,2894-score-ball-2-in-play,937549,937549,1,,13
2895,score-ball-2-in-play,2895-score-ball-2-in-play,937599,937599,1,,2139
2896,score-ball-2-in-play,2896-score-ball-2-in-play,937616,937616,1,,208
2897,score-ball-2-in-play,2897-score-ball-2-in-play,937683,937683,1,,2196
2898,score-ball-2-in-play,2898-score-ball-2-in-play,937699,937699,1,,13
2899,score-ball-2-in-play,2899-score-ball-2-in-play,937733,937733,1,,676
2900,score-ball-2-in-play,2900-score-ball-2-in-play,937749,937749,1,,208
2901,score-ball-2-in-play,2901-score-ball-2-in-play,937816,937816,1,,2399
2902,score-ball-2-in-play,2902-score-ball-2-in-play,937833,937866,2,,212
2903,score-ball-2-in-play,2903-score-ball-2-in-play,937883,937949,2,,578
2904,score-ball-2-in-play,2904-score-ball-2-in-play,937966,937966,1,,13
2905,score-ball-2-in-play,2905-score-ball-2-in-play,938016,938016,1,,208
2906,score-ball-2-in-play,2906-score-ball-2-in-play,938099,938099,1,,13
2907,score-ball-2-in-play,2907-score-ball-2-in-play,938166,938166,1,,208
2908,score-ball-2-in-play,2908-score-ball-2-in-play,938233,938233,1,,13
2909,score-ball-2-in-play,2909-score-ball-2-in-play,938299,938299,1,,208
2910,score-ball-2-in-play,2910-score-ball-2-in-play,938349,938349,1,,623
2911,score-ball-2-in-play,2911-score-ball-2-in-play,938599,938599,1,JUGADOR BOLA EXTRA,2308
2912,score-ball-2-in-play,2912-score-ball-2-in-play,938616,938616,1,,3
2913,score-ball-2-in-play,2913-score-ball-2-in-play,938649,938649,1,,590
2914,score-ball-2-in-play,2914-score-ball-2-in-play,938766,938766,1,,591
2915,score-ball-2-in-play,2915-score-ball-2-in-play,938899,938899,1,,590
2916,score-ball-2-in-play,2916-score-ball-2-in-play,939016,939016,1,,591
2917,score-ball-2-in-play,2917-score-ball-2-in-play,939149,939149,1,,590
2918,score-ball-2-in-play,2918-score-ball-2-in-play,939249,939249,1,,591
2919,score-ball-2-in-play,2919-score-ball-2-in-play,939399,939399,1,,590
2920,score-ball-2-in-play,2920-score-ball-2-in-play,939499,939499,1,,591
2921,score-ball-2-in-play,2921-score-ball-2-in-play,939633,939766,4,,591
2922,score-ball-2-in-play,2922-score-ball-2-in-play,939899,939899,1,,590
2923,score-ball-2-in-play,2923-score-ball-2-in-play,939949,944416,39,JUGADOR BOLA EXTRA,2923
2924,score-ball-2-in-play,2924-score-ball-2-in-play,944583,944583,1,,3
2925,score-ball-2-in-play,2925-score-ball-2-in-play,944616,944616,1,,13
2926,score-ball-2-in-play,2926-score-ball-2-in-play,944666,944666,1,,208
2927,score-ball-2-in-play,2927-score-ball-2-in-play,944749,944749,1,,13
2928,score-ball-2-in-play,2928-score-ball-2-in-play,944799,944799,1,,208
2929,score-ball-2-in-play,2929-score-ball-2-in-play,944883,944883,1,,13
2930,score-ball-2-in-play,2930-score-ball-2-in-play,944933,944933,1,,208
2931,score-ball-2-in-play,2931-score-ball-2-in-play,945016,945016,1,,13
2932,score-ball-2-in-play,2932-score-ball-2-in-play,945083,945083,1,,208
2933,score-ball-2-in-play,2933-score-ball-2-in-play,945166,945166,1,,13
2934,score-ball-2-in-play,2934-score-ball-2-in-play,945216,945216,1,,208
2935,score-ball-2-in-play,2935-score-ball-2-in-play,945299,945299,1,,13
2936,score-ball-2-in-play,2936-score-ball-2-in-play,945349,945349,1,,208
2937,score-ball-2-in-play,2937-score-ball-2-in-play,945433,945449,2,,13
2938,score-ball-2-in-play,2938-score-ball-2-in-play,945483,945499,2,,208
2939,score-ball-2-in-play,2939-score-ball-2-in-play,945566,945566,1,,569
2940,score-ball-2-in-play,2940-score-ball-2-in-play,945583,945583,1,,13
2941,score-ball-2-in-play,2941-score-ball-2-in-play,945616,945616,1,,207
2942,score-ball-2-in-play,2942-score-ball-2-in-play,945633,945633,1,,208
2943,score-ball-2-in-play,2943-score-ball-2-in-play,945683,945683,1,,2241
2944,score-ball-2-in-play,2944-score-ball-2-in-play,945699,945699,1,,623
2945,score-ball-2-in-play,2945-score-ball-2-in-play,945933,945949,2,JUGADOR BOLA EXTRA,2143
2946,score-ball-2-in-play,2946-score-ball-2-in-play,945966,945966,1,,3
2947,score-ball-2-in-play,2947-score-ball-2-in-play,945999,945999,1,,590
2948,score-ball-2-in-play,2948-score-ball-2-in-play,946099,946099,1,,591
2949,score-ball-2-in-play,2949-score-ball-2-in-play,946233,946233,1,,590
2950,score-ball-2-in-play,2950-score-ball-2-in-play,946349,946349,1,,591
2951,score-ball-2-in-play,2951-score-ball-2-in-play,946483,946483,1,,590
2952,score-ball-2-in-play,2952-score-ball-2-in-play,946599,946599,1,,591
2953,score-ball-2-in-play,2953-score-ball-2-in-play,946733,946733,1,,590
2954,score-ball-2-in-play,2954-score-ball-2-in-play,946849,946849,1,,591
2955,score-ball-2-in-play,2955-score-ball-2-in-play,946983,946983,1,,590
2956,score-ball-2-in-play,2956-score-ball-2-in-play,947083,947083,1,,591
2957,score-ball-2-in-play,2957-score-ball-2-in-play,947233,947233,1,,590
2958,score-ball-2-in-play,2958-score-ball-2-in-play,947283,951883,39,JUGADOR BOLA EXTRA,2958
2959,score-ball-2-in-play,2959-score-ball-2-in-play,951899,951899,1,,3
2960,score-ball-2-in-play,2960-score-ball-2-in-play,951916,951916,1,,2759
2961,score-ball-2-in-play,2961-score-ball-2-in-play,951933,951933,1,,13
2962,score-ball-2-in-play,2962-score-ball-2-in-play,951983,951983,1,,208
2963,score-ball-2-in-play,2963-score-ball-2-in-play,952066,952066,1,,13
2964,score-ball-2-in-play,2964-score-ball-2-in-play,952116,952116,1,,208
2965,score-ball-2-in-play,2965-score-ball-2-in-play,952199,952199,1,,13
2966,score-ball-2-in-play,2966-score-ball-2-in-play,952249,952249,1,,208
2967,score-ball-2-in-play,2967-score-ball-2-in-play,952333,952333,1,,13
2968,score-ball-2-in-play,2968-score-ball-2-in-play,952399,952399,1,,208
2969,score-ball-2-in-play,2969-score-ball-2-in-play,952466,952466,1,,13
2970,score-ball-2-in-play,2970-score-ball-2-in-play,952533,952533,1,,208
2971,score-ball-2-in-play,2971-score-ball-2-in-play,952616,952616,1,,13
2972,score-ball-2-in-play,2972-score-ball-2-in-play,952666,952666,1,,208
2973,score-ball-2-in-play,2973-score-ball-2-in-play,952749,952749,1,,13
2974,score-ball-2-in-play,2974-score-ball-2-in-play,952799,952799,1,,208
2975,score-ball-2-in-play,2975-score-ball-2-in-play,952883,952883,1,,13
2976,score-ball-2-in-play,2976-score-ball-2-in-play,952933,952933,1,,208
2977,score-ball-2-in-play,2977-score-ball-2-in-play,952999,952999,1,,623
2978,score-ball-2-in-play,2978-score-ball-2-in-play,953266,953266,1,JUGADOR BOLA EXTRA,2777
2979,score-ball-2-in-play,2979-score-ball-2-in-play,953299,953299,1,,3
2980,score-ball-2-in-play,2980-score-ball-2-in-play,953316,953316,1,,590
2981,score-ball-2-in-play,2981-score-ball-2-in-play,953433,953433,1,,591
2982,score-ball-2-in-play,2982-score-ball-2-in-play,953566,953566,1,,590
2983,score-ball-2-in-play,2983-score-ball-2-in-play,953683,953833,4,,590
2984,score-ball-2-in-play,2984-score-ball-2-in-play,953933,953933,1,,591
2985,score-ball-2-in-play,2985-score-ball-2-in-play,954083,954083,1,,590
2986,score-ball-2-in-play,2986-score-ball-2-in-play,954183,954183,1,,591
2987,score-ball-2-in-play,2987-score-ball-2-in-play,954316,954316,1,,590
2988,score-ball-2-in-play,2988-score-ball-2-in-play,954433,954433,1,,591
2989,score-ball-2-in-play,2989-score-ball-2-in-play,954566,954566,1,,590
2990,score-ball-2-in-play,2990-score-ball-2-in-play,954599,959066,35,JUGADOR BOLA EXTRA,2990
2991,score-ball-2-in-play,2991-score-ball-2-in-play,959233,959233,1,,3
2992,score-ball-2-in-play,2992-score-ball-2-in-play,959249,959249,1,,13
2993,score-ball-2-in-play,2993-score-ball-2-in-play,959316,959316,1,,208
2994,score-ball-2-in-play,2994-score-ball-2-in-play,959399,959399,1,,13
2995,score-ball-2-in-play,2995-score-ball-2-in-play,959449,959466,2,,208
2996,score-ball-2-in-play,2996-score-ball-2-in-play,959533,959549,2,,13
2997,score-ball-2-in-play,2997-score-ball-2-in-play,959583,959583,1,,2139
2998,score-ball-2-in-play,2998-score-ball-2-in-play,959599,959599,1,,208
2999,score-ball-2-in-play,2999-score-ball-2-in-play,959666,959666,1,,2196
3000,score-ball-2-in-play,3000-score-ball-2-in-play,959683,959683,1,,13
3001,score-ball-2-in-play,3001-score-ball-2-in-play,959716,959716,1,,676
3002,score-ball-2-in-play,3002-score-ball-2-in-play,959733,959733,1,,208
3003,score-ball-2-in-play,3003-score-ball-2-in-play,959799,959799,1,,2399
3004,score-ball-2-in-play,3004-score-ball-2-in-play,959816,959849,2,,212
3005,score-ball-2-in-play,3005-score-ball-2-in-play,959866,959933,2,,578
3006,score-ball-2-in-play,3006-score-ball-2-in-play,959949,959949,1,,13
3007,score-ball-2-in-play,3007-score-ball-2-in-play,960016,960016,1,,208
3008,score-ball-2-in-play,3008-score-ball-2-in-play,960083,960083,1,,13
3009,score-ball-2-in-play,3009-score-ball-2-in-play,960149,960149,1,,208
3010,score-ball-2-in-play,3010-score-ball-2-in-play,960233,960233,1,,13
3011,score-ball-2-in-play,3011-score-ball-2-in-play,960283,960283,1,,208
3012,score-ball-2-in-play,3012-score-ball-2-in-play,960333,960583,2,JUGADOR BOLA EXTRA,2209
3013,score-ball-2-in-play,3013-score-ball-2-in-play,960616,960616,1,JUGADOR BOLA EXTRA,3013
3014,score-ball-2-in-play,3014-score-ball-2-in-play,960633,960633,1,,3
3015,score-ball-2-in-play,3015-score-ball-2-in-play,960666,960666,1,,590
3016,score-ball-2-in-play,3016-score-ball-2-in-play,960783,960783,1,,591
3017,score-ball-2-in-play,3017-score-ball-2-in-play,960916,960916,1,,590
3018,score-ball-2-in-play,3018-score-ball-2-in-play,961016,961016,1,,591
3019,score-ball-2-in-play,3019-score-ball-2-in-play,961166,961166,1,,590
3020,score-ball-2-in-play,3020-score-ball-2-in-play,961266,961266,1,,591
3021,score-ball-2-in-play,3021-score-ball-2-in-play,961399,961399,1,,590
3022,score-ball-2-in-play,3022-score-ball-2-in-play,961516,961516,1,,591
3023,score-ball-2-in-play,3023-score-ball-2-in-play,961649,961783,4,,591
3024,score-ball-2-in-play,3024-score-ball-2-in-play,961916,961949,2,,3024
3025,score-ball-2-in-play,3025-score-ball-2-in-play,961966,966433,36,JUGADOR BOLA EXTRA,3025
3026,score-ball-2-in-play,3026-score-ball-2-in-play,966566,966566,1,,3
3027,score-ball-2-in-play,3027-score-ball-2-in-play,966599,966599,1,,13
3028,score-ball-2-in-play,3028-score-ball-2-in-play,966649,966649,1,,208
3029,score-ball-2-in-play,3029-score-ball-2-in-play,966733,966733,1,,13
3030,score-ball-2-in-play,3030-score-ball-2-in-play,966783,966783,1,,208
3031,score-ball-2-in-play,3031-score-ball-2-in-play,966866,966866,1,,13
3032,score-ball-2-in-play,3032-score-ball-2-in-play,966933,966933,1,,208
3033,score-ball-2-in-play,3033-score-ball-2-in-play,967016,967016,1,,13
3034,score-ball-2-in-play,3034-score-ball-2-in-play,967066,967066,1,,208
3035,score-ball-2-in-play,3035-score-ball-2-in-play,967149,967149,1,,13
3036,score-ball-2-in-play,3036-score-ball-2-in-play,967199,967199,1,,208
3037,score-ball-2-in-play,3037-score-ball-2-in-play,967283,967283,1,,13
3038,score-ball-2-in-play,3038-score-ball-2-in-play,967333,967333,1,,208
3039,score-ball-2-in-play,3039-score-ball-2-in-play,967416,967433,2,,13
3040,score-ball-2-in-play,3040-score-ball-2-in-play,967466,967483,2,,208
3041,score-ball-2-in-play,3041-score-ball-2-in-play,967549,967549,1,,569
3042,score-ball-2-in-play,3042-score-ball-2-in-play,967566,967566,1,,13
3043,score-ball-2-in-play,3043-score-ball-2-in-play,967616,967616,1,,208
3044,score-ball-2-in-play,3044-score-ball-2-in-play,967666,967666,1,,2241
3045,score-ball-2-in-play,3045-score-ball-2-in-play,967683,967933,3,JUGADOR BOLA EXTRA,3045
3046,score-ball-2-in-play,3046-score-ball-2-in-play,967949,967949,1,,3046
3047,score-ball-2-in-play,3047-score-ball-2-in-play,967983,967983,1,,3
3048,score-ball-2-in-play,3048-score-ball-2-in-play,968016,968016,1,,590
3049,score-ball-2-in-play,3049-score-ball-2-in-play,968116,968116,1,,591
3050,score-ball-2-in-play,3050-score-ball-2-in-play,968249,968249,1,,590
3051,score-ball-2-in-play,3051-score-ball-2-in-play,968366,968366,1,,591
3052,score-ball-2-in-play,3052-score-ball-2-in-play,968499,968499,1,,590
3053,score-ball-2-in-play,3053-score-ball-2-in-play,968616,968616,1,,591
3054,score-ball-2-in-play,3054-score-ball-2-in-play,968749,968749,1,,590
3055,score-ball-2-in-play,3055-score-ball-2-in-play,968849,968849,1,,591
3056,score-ball-2-in-play,3056-score-ball-2-in-play,968999,968999,1,,590
3057,score-ball-2-in-play,3057-score-ball-2-in-play,969099,969099,1,,591
3058,score-ball-2-in-play,3058-score-ball-2-in-play,969233,969233,1,,590
3059,score-ball-2-in-play,3059-score-ball-2-in-play,969266,973899,38,JUGADOR BOLA EXTRA,3059
3060,score-ball-2-in-play,3060-score-ball-2-in-play,973916,973916,1,,3
3061,score-ball-2-in-play,3061-score-ball-2-in-play,973933,973983,2,,577
3062,score-ball-2-in-play,3062-score-ball-2-in-play,973999,973999,1,,208
3063,score-ball-2-in-play,3063-score-ball-2-in-play,974083,974083,1,,13
3064,score-ball-2-in-play,3064-score-ball-2-in-play,974133,974133,1,,208
3065,score-ball-2-in-play,3065-score-ball-2-in-play,974216,974216,1,,13
3066,score-ball-2-in-play,3066-score-ball-2-in-play,974266,974266,1,,208
3067,score-ball-2-in-play,3067-score-ball-2-in-play,974349,974349,1,,13
3068,score-ball-2-in-play,3068-score-ball-2-in-play,974399,974399,1,,208
3069,score-ball-2-in-play,3069-score-ball-2-in-play,974483,974483,1,,13
3070,score-ball-2-in-play,3070-score-ball-2-in-play,974549,974549,1,,208
3071,score-ball-2-in-play,3071-score-ball-2-in-play,974616,974616,1,,13
3072,score-ball-2-in-play,3072-score-ball-2-in-play,974683,974683,1,,208
3073,score-ball-2-in-play,3073-score-ball-2-in-play,974766,974766,1,,13
3074,score-ball-2-in-play,3074-score-ball-2-in-play,974816,974816,1,,208
3075,score-ball-2-in-play,3075-score-ball-2-in-play,974899,974899,1,,13
3076,score-ball-2-in-play,3076-score-ball-2-in-play,974949,974949,1,,208
3077,score-ball-2-in-play,3077-score-ball-2-in-play,975016,975249,2,JUGADOR BOLA EXTRA,3077
3078,score-ball-2-in-play,3078-score-ball-2-in-play,975283,975283,1,,3
3079,score-ball-2-in-play,3079-score-ball-2-in-play,975316,975316,1,,590
3080,score-ball-2-in-play,3080-score-ball-2-in-play,975416,975416,1,,591
3081,score-ball-2-in-play,3081-score-ball-2-in-play,975549,975549,1,,590
3082,score-ball-2-in-play,3082-score-ball-2-in-play,975666,975816,4,,590
3083,score-ball-2-in-play,3083-score-ball-2-in-play,975933,975933,1,,591
3084,score-ball-2-in-play,3084-score-ball-2-in-play,976066,976066,1,,590
3085,score-ball-2-in-play,3085-score-ball-2-in-play,976166,976166,1,,591
3086,score-ball-2-in-play,3086-score-ball-2-in-play,976316,976316,1,,590
3087,score-ball-2-in-play,3087-score-ball-2-in-play,976416,976416,1,,591
3088,score-ball-2-in-play,3088-score-ball-2-in-play,976549,976549,1,,590
3089,score-ball-2-in-play,3089-score-ball-2-in-play,976616,981083,39,JUGADOR BOLA EXTRA,3089
3090,score-ball-2-in-play,3090-score-ball-2-in-play,981233,981233,1,,3
3091,score-ball-2-in-play,3091-score-ball-2-in-play,981266,981266,1,,13
3092,score-ball-2-in-play,3092-score-ball-2-in-play,981316,981316,1,,208
3093,score-ball-2-in-play,3093-score-ball-2-in-play,981399,981416,2,,13
3094,score-ball-2-in-play,3094-score-ball-2-in-play,981466,981466,1,,208
3095,score-ball-2-in-play,3095-score-ball-2-in-play,981549,981549,1,,13
3096,score-ball-2-in-play,3096-score-ball-2-in-play,981599,981599,1,,2139
3097,score-ball-2-in-play,3097-score-ball-2-in-play,981616,981616,1,,208
3098,score-ball-2-in-play,3098-score-ball-2-in-play,981683,981683,1,,2196
3099,score-ball-2-in-play,3099-score-ball-2-in-play,981699,981699,1,,13
3100,score-ball-2-in-play,3100-score-ball-2-in-play,981733,981733,1,,676
3101,score-ball-2-in-play,3101-score-ball-2-in-play,981749,981749,1,,208
3102,score-ball-2-in-play,3102-score-ball-2-in-play,981816,981816,1,,2399
3103,score-ball-2-in-play,3103-score-ball-2-in-play,981833,981866,2,,212
3104,score-ball-2-in-play,3104-score-ball-2-in-play,981883,981949,2,,578
3105,score-ball-2-in-play,3105-score-ball-2-in-play,981966,981966,1,,13
3106,score-ball-2-in-play,3106-score-ball-2-in-play,982016,982016,1,,208
3107,score-ball-2-in-play,3107-score-ball-2-in-play,982099,982099,1,,13
3108,score-ball-2-in-play,3108-score-ball-2-in-play,982166,982166,1,,208
3109,score-ball-2-in-play,3109-score-ball-2-in-play,982233,982233,1,,13
3110,score-ball-2-in-play,3110-score-ball-2-in-play,982299,982299,1,,208
3111,score-ball-2-in-play,3111-score-ball-2-in-play,982349,982349,1,,623
3112,score-ball-2-in-play,3112-score-ball-2-in-play,982599,982599,1,JUGADOR BOLA EXTRA,2308
3113,score-ball-2-in-play,3113-score-ball-2-in-play,982616,982616,1,,3
3114,score-ball-2-in-play,3114-score-ball-2-in-play,982649,982649,1,,590
3115,score-ball-2-in-play,3115-score-ball-2-in-play,982766,982766,1,,591
3116,score-ball-2-in-play,3116-score-ball-2-in-play,982899,982899,1,,590
3117,score-ball-2-in-play,3117-score-ball-2-in-play,983016,983016,1,,591
3118,score-ball-2-in-play,3118-score-ball-2-in-play,983149,983149,1,,590
3119,score-ball-2-in-play,3119-score-ball-2-in-play,983249,983249,1,,591
3120,score-ball-2-in-play,3120-score-ball-2-in-play,983399,983399,1,,590
3121,score-ball-2-in-play,3121-score-ball-2-in-play,983499,983499,1,,591
3122,score-ball-2-in-play,3122-score-ball-2-in-play,983633,983766,4,,591
3123,score-ball-2-in-play,3123-score-ball-2-in-play,983899,983899,1,,590
3124,score-ball-2-in-play,3124-score-ball-2-in-play,983949,988549,37,JUGADOR BOLA EXTRA,3124
3125,score-ball-2-in-play,3125-score-ball-2-in-play,988583,988583,1,,3
3126,score-ball-2-in-play,3126-score-ball-2-in-play,988616,988616,1,,13
3127,score-ball-2-in-play,3127-score-ball-2-in-play,988666,988666,1,,208
3128,score-ball-2-in-play,3128-score-ball-2-in-play,988749,988749,1,,13
3129,score-ball-2-in-play,3129-score-ball-2-in-play,988799,988799,1,,208
3130,score-ball-2-in-play,3130-score-ball-2-in-play,988883,988883,1,,13
3131,score-ball-2-in-play,3131-score-ball-2-in-play,988933,988933,1,,208
3132,score-ball-2-in-play,3132-score-ball-2-in-play,989016,989016,1,,13
3133,score-ball-2-in-play,3133-score-ball-2-in-play,989083,989083,1,,208
3134,score-ball-2-in-play,3134-score-ball-2-in-play,989166,989166,1,,13
3135,score-ball-2-in-play,3135-score-ball-2-in-play,989216,989216,1,,208
3136,score-ball-2-in-play,3136-score-ball-2-in-play,989299,989299,1,,13
3137,score-ball-2-in-play,3137-score-ball-2-in-play,989349,989349,1,,208
3138,score-ball-2-in-play,3138-score-ball-2-in-play,989433,989449,2,,13
3139,score-ball-2-in-play,3139-score-ball-2-in-play,989483,989499,2,,208
3140,score-ball-2-in-play,3140-score-ball-2-in-play,989566,989566,1,,569
3141,score-ball-2-in-play,3141-score-ball-2-in-play,989583,989583,1,,13
3142,score-ball-2-in-play,3142-score-ball-2-in-play,989616,989616,1,,207
3143,score-ball-2-in-play,3143-score-ball-2-in-play,989633,989633,1,,208
3144,score-ball-2-in-play,3144-score-ball-2-in-play,989683,989683,1,,2241
3145,score-ball-2-in-play,3145-score-ball-2-in-play,989699,989699,1,,623
3146,score-ball-2-in-play,3146-score-ball-2-in-play,989933,989949,2,JUGADOR BOLA EXTRA,2542
3147,score-ball-2-in-play,3147-score-ball-2-in-play,989966,989966,1,,3
3148,score-ball-2-in-play,3148-score-ball-2-in-play,989999,989999,1,,590
3149,score-ball-2-in-play,3149-score-ball-2-in-play,990099,990099,1,,591
3150,score-ball-2-in-play,3150-score-ball-2-in-play,990233,990233,1,,590
3151,score-ball-2-in-play,3151-score-ball-2-in-play,990349,990349,1,,591
3152,score-ball-2-in-play,3152-score-ball-2-in-play,990483,990483,1,,590
3153,score-ball-2-in-play,3153-score-ball-2-in-play,990599,990599,1,,591
3154,score-ball-2-in-play,3154-score-ball-2-in-play,990733,990733,1,,590
3155,score-ball-2-in-play,3155-score-ball-2-in-play,990849,990849,1,,591
3156,score-ball-2-in-play,3156-score-ball-2-in-play,990983,990983,1,,590
3157,score-ball-2-in-play,3157-score-ball-2-in-play,991083,991083,1,,591
3158,score-ball-2-in-play,3158-score-ball-2-in-play,991233,991233,1,,590
3159,score-ball-2-in-play,3159-score-ball-2-in-play,991283,995883,39,JUGADOR BOLA EXTRA,3159
3160,score-ball-2-in-play,3160-score-ball-2-in-play,995899,995899,1,,3
3161,score-ball-2-in-play,3161-score-ball-2-in-play,995916,995916,1,,2759
3162,score-ball-2-in-play,3162-score-ball-2-in-play,995933,995933,1,,13
3163,score-ball-2-in-play,3163-score-ball-2-in-play,995983,995983,1,,208
3164,score-ball-2-in-play,3164-score-ball-2-in-play,996066,996066,1,,13
3165,score-ball-2-in-play,3165-score-ball-2-in-play,996116,996116,1,,208
3166,score-ball-2-in-play,3166-score-ball-2-in-play,996199,996199,1,,13
3167,score-ball-2-in-play,3167-score-ball-2-in-play,996249,996249,1,,208
3168,score-ball-2-in-play,3168-score-ball-2-in-play,996333,996333,1,,13
3169,score-ball-2-in-play,3169-score-ball-2-in-play,996399,996399,1,,208
3170,score-ball-2-in-play,3170-score-ball-2-in-play,996466,996466,1,,13
3171,score-ball-2-in-play,3171-score-ball-2-in-play,996533,996533,1,,208
3172,score-ball-2-in-play,3172-score-ball-2-in-play,996616,996616,1,,13
3173,score-ball-2-in-play,3173-score-ball-2-in-play,996666,996666,1,,208
3174,score-ball-2-in-play,3174-score-ball-2-in-play,996749,996749,1,,13
3175,score-ball-2-in-play,3175-score-ball-2-in-play,996799,996799,1,,208
3176,score-ball-2-in-play,3176-score-ball-2-in-play,996883,996883,1,,13
3177,score-ball-2-in-play,3177-score-ball-2-in-play,996933,996933,1,,208
3178,score-ball-2-in-play,3178-score-ball-2-in-play,996999,996999,1,,623
3179,score-ball-2-in-play,3179-score-ball-2-in-play,997266,997266,1,JUGADOR BOLA EXTRA,2777
3180,score-ball-2-in-play,3180-score-ball-2-in-play,997299,997299,1,,3
3181,score-ball-2-in-play,3181-score-ball-2-in-play,997316,997316,1,,590
3182,score-ball-2-in-play,3182-score-ball-2-in-play,997433,997433,1,,591
3183,score-ball-2-in-play,3183-score-ball-2-in-play,997566,997566,1,,590
3184,score-ball-2-in-play,3184-score-ball-2-in-play,997683,997833,4,,590
3185,score-ball-2-in-play,3185-score-ball-2-in-play,997933,997933,1,,591
3186,score-ball-2-in-play,3186-score-ball-2-in-play,998083,998083,1,,590
3187,score-ball-2-in-play,3187-score-ball-2-in-play,998183,998183,1,,591
3188,score-ball-2-in-play,3188-score-ball-2-in-play,998316,998316,1,,590
3189,score-ball-2-in-play,3189-score-ball-2-in-play,998433,998433,1,,591
3190,score-ball-2-in-play,3190-score-ball-2-in-play,998566,998566,1,,590
3191,score-ball-2-in-play,3191-score-ball-2-in-play,998599,1003066,35,JUGADOR BOLA EXTRA,3191
3192,score-ball-2-in-play,3192-score-ball-2-in-play,1003233,1003233,1,,3
3193,score-ball-2-in-play,3193-score-ball-2-in-play,1003249,1003249,1,,13
3194,score-ball-2-in-play,3194-score-ball-2-in-play,1003316,1003316,1,,208
3195,score-ball-2-in-play,3195-score-ball-2-in-play,1003399,1003399,1,,13
3196,score-ball-2-in-play,3196-score-ball-2-in-play,1003449,1003466,2,,208
3197,score-ball-2-in-play,3197-score-ball-2-in-play,1003533,1003549,2,,13
3198,score-ball-2-in-play,3198-score-ball-2-in-play,1003583,1003583,1,,2139
3199,score-ball-2-in-play,3199-score-ball-2-in-play,1003599,1003599,1,,208
3200,score-ball-2-in-play,3200-score-ball-2-in-play,1003666,1003666,1,,2196
3201,score-ball-2-in-play,3201-score-ball-2-in-play,1003683,1003683,1,,13
3202,score-ball-2-in-play,3202-score-ball-2-in-play,1003716,1003716,1,,676
3203,score-ball-2-in-play,3203-score-ball-2-in-play,1003733,1003733,1,,208
3204,score-ball-2-in-play,3204-score-ball-2-in-play,1003799,1003799,1,,2399
3205,score-ball-2-in-play,3205-score-ball-2-in-play,1003816,1003849,2,,212
3206,score-ball-2-in-play,3206-score-ball-2-in-play,1003866,1003933,2,,578
3207,score-ball-2-in-play,3207-score-ball-2-in-play,1003949,1003949,1,,13
3208,score-ball-2-in-play,3208-score-ball-2-in-play,1004016,1004016,1,,208
3209,score-ball-2-in-play,3209-score-ball-2-in-play,1004083,1004083,1,,13
3210,score-ball-2-in-play,3210-score-ball-2-in-play,1004149,1004149,1,,208
3211,score-ball-2-in-play,3211-score-ball-2-in-play,1004233,1004233,1,,13
3212,score-ball-2-in-play,3212-score-ball-2-in-play,1004283,1004283,1,,208
3213,score-ball-2-in-play,3213-score-ball-2-in-play,1004333,1004583,2,JUGADOR BOLA EXTRA,2209
3214,score-ball-2-in-play,3214-score-ball-2-in-play,1004616,1004616,1,JUGADOR BOLA EXTRA,3214
3215,score-ball-2-in-play,3215-score-ball-2-in-play,1004633,1004633,1,,3
3216,score-ball-2-in-play,3216-score-ball-2-in-play,1004666,1004666,1,,590
3217,score-ball-2-in-play,3217-score-ball-2-in-play,1004783,1004783,1,,591
3218,score-ball-2-in-play,3218-score-ball-2-in-play,1004916,1004916,1,,590
3219,score-ball-2-in-play,3219-score-ball-2-in-play,1005016,1005016,1,,591
3220,score-ball-2-in-play,3220-score-ball-2-in-play,1005166,1005166,1,,590
3221,score-ball-2-in-play,3221-score-ball-2-in-play,1005266,1005266,1,,591
3222,score-ball-2-in-play,3222-score-ball-2-in-play,1005399,1005399,1,,590
3223,score-ball-2-in-play,3223-score-ball-2-in-play,1005516,1005516,1,,591
3224,score-ball-2-in-play,3224-score-ball-2-in-play,1005649,1005783,4,,591
3225,score-ball-2-in-play,3225-score-ball-2-in-play,1005916,1005949,2,,3225
3226,score-ball-2-in-play,3226-score-ball-2-in-play,1005966,1010433,37,JUGADOR BOLA EXTRA,3226
3227,score-ball-2-in-play,3227-score-ball-2-in-play,1010566,1010566,1,,3
3228,score-ball-2-in-play,3228-score-ball-2-in-play,1010599,1010599,1,,13
3229,score-ball-2-in-play,3229-score-ball-2-in-play,1010649,1010649,1,,208
3230,score-ball-2-in-play,3230-score-ball-2-in-play,1010733,1010733,1,,13
3231,score-ball-2-in-play,3231-score-ball-2-in-play,1010783,1010783,1,,208
3232,score-ball-2-in-play,3232-score-ball-2-in-play,1010866,1010866,1,,13
3233,score-ball-2-in-play,3233-score-ball-2-in-play,1010933,1010933,1,,208
3234,score-ball-2-in-play,3234-score-ball-2-in-play,1011016,1011016,1,,13
3235,score-ball-2-in-play,3235-score-ball-2-in-play,1011066,1011066,1,,208
3236,score-ball-2-in-play,3236-score-ball-2-in-play,1011149,1011149,1,,13
3237,score-ball-2-in-play,3237-score-ball-2-in-play,1011199,1011199,1,,208
3238,score-ball-2-in-play,3238-score-ball-2-in-play,1011283,1011283,1,,13
3239,score-ball-2-in-play,3239-score-ball-2-in-play,1011333,1011333,1,,208
3240,score-ball-2-in-play,3240-score-ball-2-in-play,1011416,1011433,2,,13
3241,score-ball-2-in-play,3241-score-ball-2-in-play,1011466,1011483,2,,208
3242,score-ball-2-in-play,3242-score-ball-2-in-play,1011549,1011549,1,,569
3243,score-ball-2-in-play,3243-score-ball-2-in-play,1011566,1011566,1,,13
3244,score-ball-2-in-play,3244-score-ball-2-in-play,1011616,1011616,1,,208
3245,score-ball-2-in-play,3245-score-ball-2-in-play,1011666,1011666,1,,2241
3246,score-ball-2-in-play,3246-score-ball-2-in-play,1011683,1011933,3,JUGADOR BOLA EXTRA,3246
3247,score-ball-2-in-play,3247-score-ball-2-in-play,1011949,1011949,1,,3247
3248,score-ball-2-in-play,3248-score-ball-2-in-play,1011983,1011983,1,,3
3249,score-ball-2-in-play,3249-score-ball-2-in-play,1012016,1012016,1,,590
3250,score-ball-2-in-play,3250-score-ball-2-in-play,1012116,1012116,1,,591
3251,score-ball-2-in-play,3251-score-ball-2-in-play,1012249,1012249,1,,590
3252,score-ball-2-in-play,3252-score-ball-2-in-play,1012366,1012366,1,,591
3253,score-ball-2-in-play,3253-score-ball-2-in-play,1012499,1012499,1,,590
3254,score-ball-2-in-play,3254-score-ball-2-in-play,1012616,1012616,1,,591
3255,score-ball-2-in-play,3255-score-ball-2-in-play,1012749,1012749,1,,590
3256,score-ball-2-in-play,3256-score-ball-2-in-play,1012849,1012849,1,,591
3257,score-ball-2-in-play,3257-score-ball-2-in-play,1012999,1012999,1,,590
3258,score-ball-2-in-play,3258-score-ball-2-in-play,1013099,1013099,1,,591
3259,score-ball-2-in-play,3259-score-ball-2-in-play,1013233,1013233,1,,590
3260,score-ball-2-in-play,3260-score-ball-2-in-play,1013266,1017899,37,JUGADOR BOLA EXTRA,3260
3261,score-ball-2-in-play,3261-score-ball-2-in-play,1017916,1017916,1,,3
3262,score-ball-2-in-play,3262-score-ball-2-in-play,1017933,1017983,2,,577
3263,score-ball-2-in-play,3263-score-ball-2-in-play,1017999,1017999,1,,208
3264,score-ball-2-in-play,3264-score-ball-2-in-play,1018083,1018083,1,,13
3265,score-ball-2-in-play,3265-score-ball-2-in-play,1018133,1018133,1,,208
3266,score-ball-2-in-play,3266-score-ball-2-in-play,1018216,1018216,1,,13
3267,score-ball-2-in-play,3267-score-ball-2-in-play,1018266,1018266,1,,208
3268,score-ball-2-in-play,3268-score-ball-2-in-play,1018349,1018349,1,,13
3269,score-ball-2-in-play,3269-score-ball-2-in-play,1018399,1018399,1,,208
3270,score-ball-2-in-play,3270-score-ball-2-in-play,1018483,1018483,1,,13
3271,score-ball-2-in-play,3271-score-ball-2-in-play,1018549,1018549,1,,208
3272,score-ball-2-in-play,3272-score-ball-2-in-play,1018616,1018616,1,,13
3273,score-ball-2-in-play,3273-score-ball-2-in-play,1018683,1018683,1,,208
3274,score-ball-2-in-play,3274-score-ball-2-in-play,1018766,1018766,1,,13
3275,score-ball-2-in-play,3275-score-ball-2-in-play,1018816,1018816,1,,208
3276,score-ball-2-in-play,3276-score-ball-2-in-play,1018899,1018899,1,,13
3277,score-ball-2-in-play,3277-score-ball-2-in-play,1018949,1018949,1,,208
3278,score-ball-2-in-play,3278-score-ball-2-in-play,1019016,1019249,2,JUGADOR BOLA EXTRA,3278
3279,score-ball-2-in-play,3279-score-ball-2-in-play,1019283,1019283,1,,3
3280,score-ball-2-in-play,3280-score-ball-2-in-play,1019316,1019316,1,,590
3281,score-ball-2-in-play,3281-score-ball-2-in-play,1019416,1019416,1,,591
3282,score-ball-2-in-play,3282-score-ball-2-in-play,1019549,1019549,1,,590
3283,score-ball-2-in-play,3283-score-ball-2-in-play,1019666,1019816,4,,590
3284,score-ball-2-in-play,3284-score-ball-2-in-play,1019933,1019933,1,,591
3285,score-ball-2-in-play,3285-score-ball-2-in-play,1020066,1020066,1,,590
3286,score-ball-2-in-play,3286-score-ball-2-in-play,1020166,1020166,1,,591
3287,score-ball-2-in-play,3287-score-ball-2-in-play,1020316,1020316,1,,590
3288,score-ball-2-in-play,3288-score-ball-2-in-play,1020416,1020416,1,,591
3289,score-ball-2-in-play,3289-score-ball-2-in-play,1020549,1020549,1,,590
3290,score-ball-2-in-play,3290-score-ball-2-in-play,1020616,1025083,37,JUGADOR BOLA EXTRA,3290
3291,score-ball-2-in-play,3291-score-ball-2-in-play,1025233,1025233,1,,3
3292,score-ball-2-in-play,3292-score-ball-2-in-play,1025266,1025266,1,,13
3293,score-ball-2-in-play,3293-score-ball-2-in-play,1025316,1025316,1,,208
3294,score-ball-2-in-play,3294-score-ball-2-in-play,1025399,1025416,2,,13
3295,score-ball-2-in-play,3295-score-ball-2-in-play,1025466,1025466,1,,208
3296,score-ball-2-in-play,3296-score-ball-2-in-play,1025549,1025549,1,,13
3297,score-ball-2-in-play,3297-score-ball-2-in-play,1025599,1025599,1,,2139
3298,score-ball-2-in-play,3298-score-ball-2-in-play,1025616,1025616,1,,208
3299,score-ball-2-in-play,3299-score-ball-2-in-play,1025683,1025683,1,,2196
3300,score-ball-2-in-play,3300-score-ball-2-in-play,1025699,1025699,1,,13
3301,score-ball-2-in-play,3301-score-ball-2-in-play,1025733,1025733,1,,676
3302,score-ball-2-in-play,3302-score-ball-2-in-play,1025749,1025749,1,,208
3303,score-ball-2-in-play,3303-score-ball-2-in-play,1025816,1025816,1,,2399
3304,score-ball-2-in-play,3304-score-ball-2-in-play,1025833,1025866,2,,212
3305,score-ball-2-in-play,3305-score-ball-2-in-play,1025883,1025949,2,,578
3306,score-ball-2-in-play,3306-score-ball-2-in-play,1025966,1025966,1,,13
3307,score-ball-2-in-play,3307-score-ball-2-in-play,1026016,1026016,1,,208
3308,score-ball-2-in-play,3308-score-ball-2-in-play,1026099,1026099,1,,13
3309,score-ball-2-in-play,3309-score-ball-2-in-play,1026166,1026166,1,,208
3310,score-ball-2-in-play,3310-score-ball-2-in-play,1026233,1026233,1,,13
3311,score-ball-2-in-play,3311-score-ball-2-in-play,1026299,1026299,1,,208
3312,score-ball-2-in-play,3312-score-ball-2-in-play,1026349,1026349,1,,623
3313,score-ball-2-in-play,3313-score-ball-2-in-play,1026599,1026599,1,JUGADOR BOLA EXTRA,2507
3314,score-ball-2-in-play,3314-score-ball-2-in-play,1026616,1026616,1,,3
3315,score-ball-2-in-play,3315-score-ball-2-in-play,1026649,1026649,1,,590
3316,score-ball-2-in-play,3316-score-ball-2-in-play,1026766,1026766,1,,591
3317,score-ball-2-in-play,3317-score-ball-2-in-play,1026899,1026899,1,,590
3318,score-ball-2-in-play,3318-score-ball-2-in-play,1027016,1027016,1,,591
3319,score-ball-2-in-play,3319-score-ball-2-in-play,1027149,1027149,1,,590
3320,score-ball-2-in-play,3320-score-ball-2-in-play,1027249,1027249,1,,591
3321,score-ball-2-in-play,3321-score-ball-2-in-play,1027399,1027399,1,,590
3322,score-ball-2-in-play,3322-score-ball-2-in-play,1027499,1027499,1,,591
3323,score-ball-2-in-play,3323-score-ball-2-in-play,1027633,1027766,4,,591
3324,score-ball-2-in-play,3324-score-ball-2-in-play,1027899,1027899,1,,590
3325,score-ball-2-in-play,3325-score-ball-2-in-play,1027949,1032416,38,JUGADOR BOLA EXTRA,3325
3326,score-ball-2-in-play,3326-score-ball-2-in-play,1032549,1032549,1,,3326
3327,score-ball-2-in-play,3327-score-ball-2-in-play,1032583,1032583,1,,13
3328,score-ball-2-in-play,3328-score-ball-2-in-play,1032633,1032633,1,,208
3329,score-ball-2-in-play,3329-score-ball-2-in-play,1032716,1032716,1,,13
3330,score-ball-2-in-play,3330-score-ball-2-in-play,1032783,1032783,1,,208
3331,score-ball-2-in-play,3331-score-ball-2-in-play,1032849,1032849,1,,13
3332,score-ball-2-in-play,3332-score-ball-2-in-play,1032916,1032916,1,,208
3333,score-ball-2-in-play,3333-score-ball-2-in-play,1032999,1032999,1,,13
3334,score-ball-2-in-play,3334-score-ball-2-in-play,1033049,1033049,1,,208
3335,score-ball-2-in-play,3335-score-ball-2-in-play,1033133,1033133,1,,13
3336,score-ball-2-in-play,3336-score-ball-2-in-play,1033183,1033183,1,,208
3337,score-ball-2-in-play,3337-score-ball-2-in-play,1033266,1033266,1,,13
3338,score-ball-2-in-play,3338-score-ball-2-in-play,1033316,1033316,1,,208
3339,score-ball-2-in-play,3339-score-ball-2-in-play,1033399,1033416,2,,13
3340,score-ball-2-in-play,3340-score-ball-2-in-play,1033466,1033466,1,,208
3341,score-ball-2-in-play,3341-score-ball-2-in-play,1033549,1033549,1,,13
3342,score-ball-2-in-play,3342-score-ball-2-in-play,1033599,1033599,1,,2139
3343,score-ball-2-in-play,3343-score-ball-2-in-play,1033616,1033616,1,,208
3344,score-ball-2-in-play,3344-score-ball-2-in-play,1033649,1033649,1,,2241
3345,score-ball-2-in-play,3345-score-ball-2-in-play,1033666,1033666,1,,623
3346,score-ball-2-in-play,3346-score-ball-2-in-play,1033933,1033949,2,JUGADOR BOLA EXTRA,2542
3347,score-ball-2-in-play,3347-score-ball-2-in-play,1033966,1033966,1,,3
3348,score-ball-2-in-play,3348-score-ball-2-in-play,1033999,1033999,1,,590
3349,score-ball-2-in-play,3349-score-ball-2-in-play,1034099,1034099,1,,591
3350,score-ball-2-in-play,3350-score-ball-2-in-play,1034233,1034233,1,,590
3351,score-ball-2-in-play,3351-score-ball-2-in-play,1034349,1034349,1,,591
3352,score-ball-2-in-play,3352-score-ball-2-in-play,1034483,1034483,1,,590
3353,score-ball-2-in-play,3353-score-ball-2-in-play,1034599,1034599,1,,591
3354,score-ball-2-in-play,3354-score-ball-2-in-play,1034733,1034733,1,,590
3355,score-ball-2-in-play,3355-score-ball-2-in-play,1034849,1034849,1,,591
3356,score-ball-2-in-play,3356-score-ball-2-in-play,1034983,1034983,1,,590
3357,score-ball-2-in-play,3357-score-ball-2-in-play,1035083,1035083,1,,591
3358,score-ball-2-in-play,3358-score-ball-2-in-play,1035233,1035233,1,,590
3359,score-ball-2-in-play,3359-score-ball-2-in-play,1035249,1039883,41,JUGADOR BOLA EXTRA,3359
3360,score-ball-2-in-play,3360-score-ball-2-in-play,1039899,1039916,2,,3360
3361,score-ball-2-in-play,3361-score-ball-2-in-play,1039933,1039933,1,,3
3362,score-ball-2-in-play,3362-score-ball-2-in-play,1039949,1039949,1,,13
3363,score-ball-2-in-play,3363-score-ball-2-in-play,1040016,1040016,1,,208
3364,score-ball-2-in-play,3364-score-ball-2-in-play,1040083,1040083,1,,13
3365,score-ball-2-in-play,3365-score-ball-2-in-play,1040149,1040149,1,,208
3366,score-ball-2-in-play,3366-score-ball-2-in-play,1040233,1040233,1,,13
3367,score-ball-2-in-play,3367-score-ball-2-in-play,1040283,1040283,1,,208
3368,score-ball-2-in-play,3368-score-ball-2-in-play,1040366,1040366,1,,13
3369,score-ball-2-in-play,3369-score-ball-2-in-play,1040416,1040416,1,,208
3370,score-ball-2-in-play,3370-score-ball-2-in-play,1040499,1040499,1,,13
3371,score-ball-2-in-play,3371-score-ball-2-in-play,1040549,1040549,1,,208
3372,score-ball-2-in-play,3372-score-ball-2-in-play,1040633,1040633,1,,13
3373,score-ball-2-in-play,3373-score-ball-2-in-play,1040699,1040699,1,,208
3374,score-ball-2-in-play,3374-score-ball-2-in-play,1040783,1040783,1,,13
3375,score-ball-2-in-play,3375-score-ball-2-in-play,1040833,1040833,1,,208
3376,score-ball-2-in-play,3376-score-ball-2-in-play,1040916,1040916,1,,13
3377,score-ball-2-in-play,3377-score-ball-2-in-play,1040966,1040966,1,,208
3378,score-ball-2-in-play,3378-score-ball-2-in-play,1041016,1041016,1,,623
3379,score-ball-2-in-play,3379-score-ball-2-in-play,1041266,1041266,1,JUGADOR BOLA EXTRA,2777
3380,score-ball-2-in-play,3380-score-ball-2-in-play,1041299,1041299,1,,3
3381,score-ball-2-in-play,3381-score-ball-2-in-play,1041316,1041316,1,,590
3382,score-ball-2-in-play,3382-score-ball-2-in-play,1041433,1041433,1,,591
3383,score-ball-2-in-play,3383-score-ball-2-in-play,1041566,1041566,1,,590
3384,score-ball-2-in-play,3384-score-ball-2-in-play,1041683,1041833,4,,590
3385,score-ball-2-in-play,3385-score-ball-2-in-play,1041933,1041933,1,,591
3386,score-ball-2-in-play,3386-score-ball-2-in-play,1042083,1042083,1,,590
3387,score-ball-2-in-play,3387-score-ball-2-in-play,1042183,1042183,1,,591
3388,score-ball-2-in-play,3388-score-ball-2-in-play,1042316,1042316,1,,590
3389,score-ball-2-in-play,3389-score-ball-2-in-play,1042433,1042433,1,,591
3390,score-ball-2-in-play,3390-score-ball-2-in-play,1042566,1042566,1,,590
3391,score-ball-2-in-play,3391-score-ball-2-in-play,1042616,1047083,35,JUGADOR BOLA EXTRA,3391
3392,score-ball-2-in-play,3392-score-ball-2-in-play,1047233,1047233,1,,3
3393,score-ball-2-in-play,3393-score-ball-2-in-play,1047249,1047249,1,,13
3394,score-ball-2-in-play,3394-score-ball-2-in-play,1047316,1047316,1,,208
3395,score-ball-2-in-play,3395-score-ball-2-in-play,1047399,1047399,1,,13
3396,score-ball-2-in-play,3396-score-ball-2-in-play,1047449,1047466,2,,208
3397,score-ball-2-in-play,3397-score-ball-2-in-play,1047533,1047549,2,,13
3398,score-ball-2-in-play,3398-score-ball-2-in-play,1047583,1047583,1,,2139
3399,score-ball-2-in-play,3399-score-ball-2-in-play,1047599,1047599,1,,208
3400,score-ball-2-in-play,3400-score-ball-2-in-play,1047666,1047666,1,,2196
3401,score-ball-2-in-play,3401-score-ball-2-in-play,1047683,1047683,1,,13
3402,score-ball-2-in-play,3402-score-ball-2-in-play,1047716,1047716,1,,676
3403,score-ball-2-in-play,3403-score-ball-2-in-play,1047733,1047733,1,,208
3404,score-ball-2-in-play,3404-score-ball-2-in-play,1047799,1047799,1,,2399
3405,score-ball-2-in-play,3405-score-ball-2-in-play,1047816,1047849,2,,212
3406,score-ball-2-in-play,3406-score-ball-2-in-play,1047866,1047933,2,,578
3407,score-ball-2-in-play,3407-score-ball-2-in-play,1047949,1047949,1,,13
3408,score-ball-2-in-play,3408-score-ball-2-in-play,1048016,1048016,1,,208
3409,score-ball-2-in-play,3409-score-ball-2-in-play,1048083,1048083,1,,13
3410,score-ball-2-in-play,3410-score-ball-2-in-play,1048149,1048149,1,,208
3411,score-ball-2-in-play,3411-score-ball-2-in-play,1048233,1048233,1,,13
3412,score-ball-2-in-play,3412-score-ball-2-in-play,1048283,1048283,1,,208
3413,score-ball-2-in-play,3413-score-ball-2-in-play,1048333,1048583,2,JUGADOR BOLA EXTRA,2609
3414,score-ball-2-in-play,3414-score-ball-2-in-play,1048616,1048616,1,JUGADOR BOLA EXTRA,3414
3415,score-ball-2-in-play,3415-score-ball-2-in-play,1048633,1048633,1,,3
3416,score-ball-2-in-play,3416-score-ball-2-in-play,1048666,1048666,1,,590
3417,score-ball-2-in-play,3417-score-ball-2-in-play,1048783,1048783,1,,591
3418,score-ball-2-in-play,3418-score-ball-2-in-play,1048916,1048916,1,,590
3419,score-ball-2-in-play,3419-score-ball-2-in-play,1049016,1049016,1,,591
3420,score-ball-2-in-play,3420-score-ball-2-in-play,1049166,1049166,1,,590
3421,score-ball-2-in-play,3421-score-ball-2-in-play,1049266,1049266,1,,591
3422,score-ball-2-in-play,3422-score-ball-2-in-play,1049399,1049399,1,,590
3423,score-ball-2-in-play,3423-score-ball-2-in-play,1049516,1049516,1,,591
3424,score-ball-2-in-play,3424-score-ball-2-in-play,1049649,1049783,4,,591
3425,score-ball-2-in-play,3425-score-ball-2-in-play,1049916,1049949,2,,3425
3426,score-ball-2-in-play,3426-score-ball-2-in-play,1049966,1054433,37,JUGADOR BOLA EXTRA,3426
3427,score-ball-2-in-play,3427-score-ball-2-in-play,1054566,1054566,1,,3
3428,score-ball-2-in-play,3428-score-ball-2-in-play,1054599,1054599,1,,13
3429,score-ball-2-in-play,3429-score-ball-2-in-play,1054649,1054649,1,,208
3430,score-ball-2-in-play,3430-score-ball-2-in-play,1054733,1054733,1,,13
3431,score-ball-2-in-play,3431-score-ball-2-in-play,1054783,1054783,1,,208
3432,score-ball-2-in-play,3432-score-ball-2-in-play,1054866,1054866,1,,13
3433,score-ball-2-in-play,3433-score-ball-2-in-play,1054933,1054933,1,,208
3434,score-ball-2-in-play,3434-score-ball-2-in-play,1055016,1055016,1,,13
3435,score-ball-2-in-play,3435-score-ball-2-in-play,1055066,1055066,1,,208
3436,score-ball-2-in-play,3436-score-ball-2-in-play,1055149,1055149,1,,13
3437,score-ball-2-in-play,3437-score-ball-2-in-play,1055199,1055199,1,,208
3438,score-ball-2-in-play,3438-score-ball-2-in-play,1055283,1055283,1,,13
3439,score-ball-2-in-play,3439-score-ball-2-in-play,1055333,1055333,1,,208
3440,score-ball-2-in-play,3440-score-ball-2-in-play,1055416,1055433,2,,13
3441,score-ball-2-in-play,3441-score-ball-2-in-play,1055466,1055483,2,,208
3442,score-ball-2-in-play,3442-score-ball-2-in-play,1055549,1055549,1,,569
3443,score-ball-2-in-play,3443-score-ball-2-in-play,1055566,1055566,1,,13
3444,score-ball-2-in-play,3444-score-ball-2-in-play,1055616,1055616,1,,208
3445,score-ball-2-in-play,3445-score-ball-2-in-play,1055666,1055666,1,,2241
3446,score-ball-2-in-play,3446-score-ball-2-in-play,1055683,1055933,3,JUGADOR BOLA EXTRA,3446
3447,score-ball-2-in-play,3447-score-ball-2-in-play,1055949,1055949,1,,3447
3448,score-ball-2-in-play,3448-score-ball-2-in-play,1055983,1055983,1,,3
3449,score-ball-2-in-play,3449-score-ball-2-in-play,1056016,1056016,1,,590
3450,score-ball-2-in-play,3450-score-ball-2-in-play,1056116,1056116,1,,591
3451,score-ball-2-in-play,3451-score-ball-2-in-play,1056249,1056249,1,,590
3452,score-ball-2-in-play,3452-score-ball-2-in-play,1056366,1056366,1,,591
3453,score-ball-2-in-play,3453-score-ball-2-in-play,1056499,1056499,1,,590
3454,score-ball-2-in-play,3454-score-ball-2-in-play,1056616,1056616,1,,591
3455,score-ball-2-in-play,3455-score-ball-2-in-play,1056749,1056749,1,,590
3456,score-ball-2-in-play,3456-score-ball-2-in-play,1056849,1056849,1,,591
3457,score-ball-2-in-play,3457-score-ball-2-in-play,1056999,1056999,1,,590
3458,score-ball-2-in-play,3458-score-ball-2-in-play,1057099,1057099,1,,591
3459,score-ball-2-in-play,3459-score-ball-2-in-play,1057233,1057266,2,,3459
3460,score-ball-2-in-play,3460-score-ball-2-in-play,1057299,1061899,38,JUGADOR BOLA EXTRA,3460
3461,score-ball-2-in-play,3461-score-ball-2-in-play,1061916,1061916,1,,3
3462,score-ball-2-in-play,3462-score-ball-2-in-play,1061933,1061983,2,,577
3463,score-ball-2-in-play,3463-score-ball-2-in-play,1061999,1061999,1,,208
3464,score-ball-2-in-play,3464-score-ball-2-in-play,1062083,1062083,1,,13
3465,score-ball-2-in-play,3465-score-ball-2-in-play,1062133,1062133,1,,208
3466,score-ball-2-in-play,3466-score-ball-2-in-play,1062216,1062216,1,,13
3467,score-ball-2-in-play,3467-score-ball-2-in-play,1062266,1062266,1,,208
3468,score-ball-2-in-play,3468-score-ball-2-in-play,1062349,1062349,1,,13
3469,score-ball-2-in-play,3469-score-ball-2-in-play,1062399,1062399,1,,208
3470,score-ball-2-in-play,3470-score-ball-2-in-play,1062483,1062483,1,,13
3471,score-ball-2-in-play,3471-score-ball-2-in-play,1062549,1062549,1,,208
3472,score-ball-2-in-play,3472-score-ball-2-in-play,1062616,1062616,1,,13
3473,score-ball-2-in-play,3473-score-ball-2-in-play,1062683,1062683,1,,208
3474,score-ball-2-in-play,3474-score-ball-2-in-play,1062766,1062766,1,,13
3475,score-ball-2-in-play,3475-score-ball-2-in-play,1062816,1062816,1,,208
3476,score-ball-2-in-play,3476-score-ball-2-in-play,1062899,1062899,1,,13
3477,score-ball-2-in-play,3477-score-ball-2-in-play,1062949,1062949,1,,208
3478,score-ball-2-in-play,3478-score-ball-2-in-play,1063016,1063249,2,JUGADOR BOLA EXTRA,3478
3479,score-ball-2-in-play,3479-score-ball-2-in-play,1063283,1063283,1,,3
3480,score-ball-2-in-play,3480-score-ball-2-in-play,1063316,1063316,1,,590
3481,score-ball-2-in-play,3481-score-ball-2-in-play,1063416,1063416,1,,591
3482,score-ball-2-in-play,3482-score-ball-2-in-play,1063549,1063549,1,,590
3483,score-ball-2-in-play,3483-score-ball-2-in-play,1063666,1063816,4,,590
3484,score-ball-2-in-play,3484-score-ball-2-in-play,1063933,1063933,1,,591
3485,score-ball-2-in-play,3485-score-ball-2-in-play,1064066,1064066,1,,590
3486,score-ball-2-in-play,3486-score-ball-2-in-play,1064166,1064166,1,,591
3487,score-ball-2-in-play,3487-score-ball-2-in-play,1064316,1064316,1,,590
3488,score-ball-2-in-play,3488-score-ball-2-in-play,1064416,1064416,1,,591
3489,score-ball-2-in-play,3489-score-ball-2-in-play,1064549,1064549,1,,590
3490,score-ball-2-in-play,3490-score-ball-2-in-play,1064616,1069083,39,JUGADOR BOLA EXTRA,3490
3491,score-ball-2-in-play,3491-score-ball-2-in-play,1069233,1069233,1,,3
3492,score-ball-2-in-play,3492-score-ball-2-in-play,1069266,1069266,1,,13
3493,score-ball-2-in-play,3493-score-ball-2-in-play,1069316,1069316,1,,208
3494,score-ball-2-in-play,3494-score-ball-2-in-play,1069399,1069416,2,,13
3495,score-ball-2-in-play,3495-score-ball-2-in-play,1069466,1069466,1,,208
3496,score-ball-2-in-play,3496-score-ball-2-in-play,1069549,1069549,1,,13
3497,score-ball-2-in-play,3497-score-ball-2-in-play,1069599,1069599,1,,2139
3498,score-ball-2-in-play,3498-score-ball-2-in-play,1069616,1069616,1,,208
3499,score-ball-2-in-play,3499-score-ball-2-in-play,1069683,1069683,1,,2196
3500,score-ball-2-in-play,3500-score-ball-2-in-play,1069699,1069699,1,,13
3501,score-ball-2-in-play,3501-score-ball-2-in-play,1069733,1069733,1,,676
3502,score-ball-2-in-play,3502-score-ball-2-in-play,1069749,1069749,1,,208
3503,score-ball-2-in-play,3503-score-ball-2-in-play,1069816,1069816,1,,2399
3504,score-ball-2-in-play,3504-score-ball-2-in-play,1069833,1069866,2,,212
3505,score-ball-2-in-play,3505-score-ball-2-in-play,1069883,1069949,2,,578
3506,score-ball-2-in-play,3506-score-ball-2-in-play,1069966,1069966,1,,13
3507,score-ball-2-in-play,3507-score-ball-2-in-play,1070016,1070016,1,,208
3508,score-ball-2-in-play,3508-score-ball-2-in-play,1070099,1070099,1,,13
3509,score-ball-2-in-play,3509-score-ball-2-in-play,1070166,1070166,1,,208
3510,score-ball-2-in-play,3510-score-ball-2-in-play,1070233,1070233,1,,13
3511,score-ball-2-in-play,3511-score-ball-2-in-play,1070299,1070299,1,,208
3512,score-ball-2-in-play,3512-score-ball-2-in-play,1070349,1070349,1,,623
3513,score-ball-2-in-play,3513-score-ball-2-in-play,1070599,1070599,1,JUGADOR BOLA EXTRA,3513
3514,score-ball-2-in-play,3514-score-ball-2-in-play,1070616,1070616,1,,3
3515,score-ball-2-in-play,3515-score-ball-2-in-play,1070649,1070649,1,,590
3516,score-ball-2-in-play,3516-score-ball-2-in-play,1070766,1070766,1,,591
3517,score-ball-2-in-play,3517-score-ball-2-in-play,1070899,1070899,1,,590
3518,score-ball-2-in-play,3518-score-ball-2-in-play,1071016,1071016,1,,591
3519,score-ball-2-in-play,3519-score-ball-2-in-play,1071149,1071149,1,,590
3520,score-ball-2-in-play,3520-score-ball-2-in-play,1071249,1071249,1,,591
3521,score-ball-2-in-play,3521-score-ball-2-in-play,1071399,1071399,1,,590
3522,score-ball-2-in-play,3522-score-ball-2-in-play,1071499,1071499,1,,591
3523,score-ball-2-in-play,3523-score-ball-2-in-play,1071633,1071766,4,,591
3524,score-ball-2-in-play,3524-score-ball-2-in-play,1071899,1071933,2,,3524
3525,score-ball-2-in-play,3525-score-ball-2-in-play,1071949,1076416,36,JUGADOR BOLA EXTRA,3525
3526,score-ball-2-in-play,3526-score-ball-2-in-play,1076549,1076549,1,,3526
3527,score-ball-2-in-play,3527-score-ball-2-in-play,1076583,1076583,1,,3
3528,score-ball-2-in-play,3528-score-ball-2-in-play,1076616,1076616,1,,13
3529,score-ball-2-in-play,3529-score-ball-2-in-play,1076666,1076666,1,,208
3530,score-ball-2-in-play,3530-score-ball-2-in-play,1076749,1076749,1,,13
3531,score-ball-2-in-play,3531-score-ball-2-in-play,1076799,1076799,1,,208
3532,score-ball-2-in-play,3532-score-ball-2-in-play,1076883,1076883,1,,13
3533,score-ball-2-in-play,3533-score-ball-2-in-play,1076933,1076933,1,,208
3534,score-ball-2-in-play,3534-score-ball-2-in-play,1077016,1077016,1,,13
3535,score-ball-2-in-play,3535-score-ball-2-in-play,1077083,1077083,1,,208
3536,score-ball-2-in-play,3536-score-ball-2-in-play,1077166,1077166,1,,13
3537,score-ball-2-in-play,3537-score-ball-2-in-play,1077216,1077216,1,,208
3538,score-ball-2-in-play,3538-score-ball-2-in-play,1077299,1077299,1,,13
3539,score-ball-2-in-play,3539-score-ball-2-in-play,1077349,1077349,1,,208
3540,score-ball-2-in-play,3540-score-ball-2-in-play,1077433,1077449,2,,13
3541,score-ball-2-in-play,3541-score-ball-2-in-play,1077483,1077499,2,,208
3542,score-ball-2-in-play,3542-score-ball-2-in-play,1077566,1077566,1,,569
3543,score-ball-2-in-play,3543-score-ball-2-in-play,1077583,1077583,1,,13
3544,score-ball-2-in-play,3544-score-ball-2-in-play,1077616,1077616,1,,207
3545,score-ball-2-in-play,3545-score-ball-2-in-play,1077633,1077633,1,,208
3546,score-ball-2-in-play,3546-score-ball-2-in-play,1077683,1077683,1,,2241
3547,score-ball-2-in-play,3547-score-ball-2-in-play,1077699,1077699,1,,623
3548,score-ball-2-in-play,3548-score-ball-2-in-play,1077933,1077949,2,JUGADOR BOLA EXTRA,2542
3549,score-ball-2-in-play,3549-score-ball-2-in-play,1077966,1077966,1,,3
3550,score-ball-2-in-play,3550-score-ball-2-in-play,1077999,1077999,1,,590
3551,score-ball-2-in-play,3551-score-ball-2-in-play,1078099,1078099,1,,591
3552,score-ball-2-in-play,3552-score-ball-2-in-play,1078233,1078233,1,,590
3553,score-ball-2-in-play,3553-score-ball-2-in-play,1078349,1078349,1,,591
3554,score-ball-2-in-play,3554-score-ball-2-in-play,1078483,1078483,1,,590
3555,score-ball-2-in-play,3555-score-ball-2-in-play,1078599,1078599,1,,591
3556,score-ball-2-in-play,3556-score-ball-2-in-play,1078733,1078733,1,,590
3557,score-ball-2-in-play,3557-score-ball-2-in-play,1078849,1078849,1,,591
3558,score-ball-2-in-play,3558-score-ball-2-in-play,1078983,1078983,1,,590
3559,score-ball-2-in-play,3559-score-ball-2-in-play,1079083,1079083,1,,591
3560,score-ball-2-in-play,3560-score-ball-2-in-play,1079233,1079233,1,,590
3561,score-ball-2-in-play,3561-score-ball-2-in-play,1079249,1083883,41,JUGADOR BOLA EXTRA,3561
3562,score-ball-2-in-play,3562-score-ball-2-in-play,1083899,1083899,1,,3
3563,score-ball-2-in-play,3563-score-ball-2-in-play,1083916,1083916,1,,2759
3564,score-ball-2-in-play,3564-score-ball-2-in-play,1083933,1083933,1,,13
3565,score-ball-2-in-play,3565-score-ball-2-in-play,1083983,1083983,1,,208
3566,score-ball-2-in-play,3566-score-ball-2-in-play,1084066,1084066,1,,13
3567,score-ball-2-in-play,3567-score-ball-2-in-play,1084116,1084116,1,,208
3568,score-ball-2-in-play,3568-score-ball-2-in-play,1084199,1084199,1,,13
3569,score-ball-2-in-play,3569-score-ball-2-in-play,1084249,1084249,1,,208
3570,score-ball-2-in-play,3570-score-ball-2-in-play,1084333,1084333,1,,13
3571,score-ball-2-in-play,3571-score-ball-2-in-play,1084399,1084399,1,,208
3572,score-ball-2-in-play,3572-score-ball-2-in-play,1084466,1084466,1,,13
3573,score-ball-2-in-play,3573-score-ball-2-in-play,1084533,1084533,1,,208
3574,score-ball-2-in-play,3574-score-ball-2-in-play,1084616,1084616,1,,13
3575,score-ball-2-in-play,3575-score-ball-2-in-play,1084666,1084666,1,,208
3576,score-ball-2-in-play,3576-score-ball-2-in-play,1084749,1084749,1,,13
3577,score-ball-2-in-play,3577-score-ball-2-in-play,1084799,1084799,1,,208
3578,score-ball-2-in-play,3578-score-ball-2-in-play,1084883,1084883,1,,13
3579,score-ball-2-in-play,3579-score-ball-2-in-play,1084933,1084933,1,,208
3580,score-ball-2-in-play,3580-score-ball-2-in-play,1084999,1084999,1,,623
3581,score-ball-2-in-play,3581-score-ball-2-in-play,1085266,1085266,1,JUGADOR BOLA EXTRA,2777
3582,score-ball-2-in-play,3582-score-ball-2-in-play,1085299,1085299,1,,3
3583,score-ball-2-in-play,3583-score-ball-2-in-play,1085316,1085316,1,,590
3584,score-ball-2-in-play,3584-score-ball-2-in-play,1085433,1085433,1,,591
3585,score-ball-2-in-play,3585-score-ball-2-in-play,1085566,1085566,1,,590
3586,score-ball-2-in-play,3586-score-ball-2-in-play,1085683,1085833,4,,590
3587,score-ball-2-in-play,3587-score-ball-2-in-play,1085933,1085933,1,,591
3588,score-ball-2-in-play,3588-score-ball-2-in-play,1086083,1086083,1,,590
3589,score-ball-2-in-play,3589-score-ball-2-in-play,1086183,1086183,1,,591
3590,score-ball-2-in-play,3590-score-ball-2-in-play,1086316,1086316,1,,590
3591,score-ball-2-in-play,3591-score-ball-2-in-play,1086433,1086433,1,,591
3592,score-ball-2-in-play,3592-score-ball-2-in-play,1086566,1086566,1,,590
3593,score-ball-2-in-play,3593-score-ball-2-in-play,1086616,1091083,35,JUGADOR BOLA EXTRA,3593
3594,score-ball-2-in-play,3594-score-ball-2-in-play,1091233,1091233,1,,3
3595,score-ball-2-in-play,3595-score-ball-2-in-play,1091249,1091249,1,,13
3596,score-ball-2-in-play,3596-score-ball-2-in-play,1091316,1091316,1,,208
3597,score-ball-2-in-play,3597-score-ball-2-in-play,1091399,1091399,1,,13
3598,score-ball-2-in-play,3598-score-ball-2-in-play,1091449,1091466,2,,208
3599,score-ball-2-in-play,3599-score-ball-2-in-play,1091533,1091549,2,,13
3600,score-ball-2-in-play,3600-score-ball-2-in-play,1091583,1091583,1,,2139
3601,score-ball-2-in-play,3601-score-ball-2-in-play,1091599,1091599,1,,208
3602,score-ball-2-in-play,3602-score-ball-2-in-play,1091666,1091666,1,,2196
3603,score-ball-2-in-play,3603-score-ball-2-in-play,1091683,1091683,1,,13
3604,score-ball-2-in-play,3604-score-ball-2-in-play,1091716,1091716,1,,676
3605,score-ball-2-in-play,3605-score-ball-2-in-play,1091733,1091733,1,,208
3606,score-ball-2-in-play,3606-score-ball-2-in-play,1091799,1091799,1,,2399
3607,score-ball-2-in-play,3607-score-ball-2-in-play,1091816,1091849,2,,212
3608,score-ball-2-in-play,3608-score-ball-2-in-play,1091866,1091933,2,,578
3609,score-ball-2-in-play,3609-score-ball-2-in-play,1091949,1091949,1,,13
3610,score-ball-2-in-play,3610-score-ball-2-in-play,1092016,1092016,1,,208
3611,score-ball-2-in-play,3611-score-ball-2-in-play,1092083,1092083,1,,13
3612,score-ball-2-in-play,3612-score-ball-2-in-play,1092149,1092149,1,,208
3613,score-ball-2-in-play,3613-score-ball-2-in-play,1092233,1092233,1,,13
3614,score-ball-2-in-play,3614-score-ball-2-in-play,1092283,1092283,1,,208
3615,score-ball-2-in-play,3615-score-ball-2-in-play,1092333,1092583,2,JUGADOR BOLA EXTRA,2209
3616,score-ball-2-in-play,3616-score-ball-2-in-play,1092616,1092616,1,JUGADOR BOLA EXTRA,3616
3617,score-ball-2-in-play,3617-score-ball-2-in-play,1092633,1092633,1,,3
3618,score-ball-2-in-play,3618-score-ball-2-in-play,1092666,1092666,1,,590
3619,score-ball-2-in-play,3619-score-ball-2-in-play,1092783,1092783,1,,591
3620,score-ball-2-in-play,3620-score-ball-2-in-play,1092916,1092916,1,,590
3621,score-ball-2-in-play,3621-score-ball-2-in-play,1093016,1093016,1,,591
3622,score-ball-2-in-play,3622-score-ball-2-in-play,1093166,1093166,1,,590
3623,score-ball-2-in-play,3623-score-ball-2-in-play,1093266,1093266,1,,591
3624,score-ball-2-in-play,3624-score-ball-2-in-play,1093399,1093399,1,,590
3625,score-ball-2-in-play,3625-score-ball-2-in-play,1093516,1093516,1,,591
3626,score-ball-2-in-play,3626-score-ball-2-in-play,1093649,1093783,4,,591
3627,score-ball-2-in-play,3627-score-ball-2-in-play,1093916,1093949,2,,3627
3628,score-ball-2-in-play,3628-score-ball-2-in-play,1093966,1120783,173,JUGADOR BOLA EXTRA,3628
3629,score-ball-2-drained,3629-score-ball-2-drained,1120966,1120966,1,JUGADOR BOLA EXTRA,3629
3630,score-ball-2-drained,3630-score-ball-2-drained,1121050,1122183,5,1 2 / JUGADOR BOLA,243
3631,score-ball-2-drained,3631-score-ball-2-drained,1122216,1122233,2,1 2 / JUGADOR BOLA,3631
3632,score-ball-2-drained,3632-score-ball-2-drained,1122266,1122383,3,JUGADOR BOLA,3632
3633,score-ball-2-drained,3633-score-ball-2-drained,1122433,1122433,1,JUGADOR BOLA,3633
3634,score-ball-2-drained,3634-score-ball-2-drained,1122483,1122483,1,JUGADOR BOLA,3634
3635,score-ball-2-drained,3635-score-ball-2-drained,1122550,1122550,1,JUGADOR BOLA,3635
3636,score-ball-2-drained,3636-score-ball-2-drained,1122600,1122600,1,JUGADOR BOLA,3636
3637,score-ball-2-drained,3637-score-ball-2-drained,1122650,1122650,1,JUGADOR BOLA,3637
3638,score-ball-2-drained,3638-score-ball-2-drained,1122700,1122700,1,JUGADOR BOLA,3638
3639,score-ball-2-drained,3639-score-ball-2-drained,1122766,1122766,1,JUGADOR BOLA,3639
3640,score-ball-2-drained,3640-score-ball-2-drained,1122816,1122816,1,JUGADOR BOLA,3640
3641,score-ball-2-drained,3641-score-ball-2-drained,1122866,1122866,1,JUGADOR BOLA,3641
3642,score-ball-2-drained,3642-score-ball-2-drained,1122933,1122933,1,JUGADOR BOLA,3642
3643,score-ball-2-drained,3643-score-ball-2-drained,1122983,1122983,1,JUGADOR BOLA,3643
3644,score-ball-2-drained,3644-score-ball-2-drained,1123033,1123033,1,JUGADOR BOLA,3644
3645,score-ball-2-drained,3645-score-ball-2-drained,1123083,1123083,1,JUGADOR BOLA,3645
3646,score-ball-2-drained,3646-score-ball-2-drained,1123150,1123150,1,JUGADOR BOLA,3646
3647,score-ball-2-drained,3647-score-ball-2-drained,1123200,1123200,1,JUGADOR BOLA,3647
3648,score-ball-2-drained,3648-score-ball-2-drained,1123250,1123250,1,JUGADOR BOLA,3648
3649,score-ball-2-drained,3649-score-ball-2-drained,1123316,1123316,1,JUGADOR BOLA,3649
3650,score-ball-2-drained,3650-score-ball-2-drained,1123366,1123366,1,JUGADOR BOLA,3650
3651,score-ball-2-drained,3651-score-ball-2-drained,1123416,1123433,2,JUGADOR BOLA,3651
3652,score-ball-2-drained,3652-score-ball-2-drained,1123466,1123483,2,JUGADOR BOLA,3652
3653,score-ball-2-drained,3653-score-ball-2-drained,1123533,1123550,2,JUGADOR BOLA,3653
3654,score-ball-2-drained,3654-score-ball-2-drained,1123583,1123650,4,JUGADOR BOLA,3654
3655,score-ball-2-drained,3655-score-ball-2-drained,1123700,1123850,6,JUGADOR BOLA,3655
3656,score-ball-2-drained,3656-score-ball-2-drained,1123866,1123916,2,JUGADOR BOLA,3656
3657,score-ball-2-drained,3657-score-ball-2-drained,1123933,1123933,1,JUGADOR BOLA,3657
3658,score-ball-2-drained,3658-score-ball-2-drained,1123983,1123983,1,JUGADOR BOLA,3658
3659,score-ball-2-drained,3659-score-ball-2-drained,1124033,1124033,1,JUGADOR BOLA,3659
3660,score-ball-2-drained,3660-score-ball-2-drained,1124083,1124083,1,JUGADOR BOLA,3660
3661,score-ball-2-drained,3661-score-ball-2-drained,1124150,1124150,1,JUGADOR BOLA,3661
3662,score-ball-2-drained,3662-score-ball-2-drained,1124200,1124200,1,JUGADOR BOLA,3662
3663,score-ball-2-drained,3663-score-ball-2-drained,1124250,1124250,1,JUGADOR BOLA,3663
3664,score-ball-2-drained,3664-score-ball-2-drained,1124316,1124316,1,JUGADOR BOLA,3664
3665,score-ball-2-drained,3665-score-ball-2-drained,1124366,1124366,1,JUGADOR BOLA,3665
3666,score-ball-2-drained,3666-score-ball-2-drained,1124416,1124416,1,JUGADOR BOLA,3666
3667,score-ball-2-drained,3667-score-ball-2-drained,1124466,1124466,1,JUGADOR BOLA,3667
3668,score-ball-2-drained,3668-score-ball-2-drained,1124533,1124533,1,JUGADOR BOLA,3668
3669,score-ball-2-drained,3669-score-ball-2-drained,1124583,1124583,1,JUGADOR BOLA,3669
3670,score-ball-2-drained,3670-score-ball-2-drained,1124633,1124633,1,JUGADOR BOLA,3670
3671,score-ball-2-drained,3671-score-ball-2-drained,1124700,1124700,1,JUGADOR BOLA,3671
3672,score-ball-2-drained,3672-score-ball-2-drained,1124750,1124750,1,JUGADOR BOLA,3672
3673,score-ball-2-drained,3673-score-ball-2-drained,1124800,1124800,1,JUGADOR BOLA,3673
3674,score-ball-2-drained,3674-score-ball-2-drained,1124850,1127450,30,1 2 / JUGADOR BOLA,3674
3675,score-ball-3-in-play,3675-score-ball-3-in-play,1127633,1135716,67,1 2 / JUGADOR BOLA,3675
3676,score-ball-3-in-play,3676-score-ball-3-in-play,1135733,1135733,1,,3
3677,score-ball-3-in-play,3677-score-ball-3-in-play,1135750,1135766,2,,13
3678,score-ball-3-in-play,3678-score-ball-3-in-play,1135800,1135800,1,,776
3679,score-ball-3-in-play,3679-score-ball-3-in-play,1135816,1135883,2,,211
3680,score-ball-3-in-play,3680-score-ball-3-in-play,1135900,1135933,2,,577
3681,score-ball-3-in-play,3681-score-ball-3-in-play,1135950,1135950,1,,208
3682,score-ball-3-in-play,3682-score-ball-3-in-play,1136033,1136033,1,,13
3683,score-ball-3-in-play,3683-score-ball-3-in-play,1136083,1136083,1,,208
3684,score-ball-3-in-play,3684-score-ball-3-in-play,1136166,1136166,1,,13
3685,score-ball-3-in-play,3685-score-ball-3-in-play,1136233,1136233,1,,208
3686,score-ball-3-in-play,3686-score-ball-3-in-play,1136316,1136316,1,,13
3687,score-ball-3-in-play,3687-score-ball-3-in-play,1136366,1136366,1,,208
3688,score-ball-3-in-play,3688-score-ball-3-in-play,1136450,1136450,1,,13
3689,score-ball-3-in-play,3689-score-ball-3-in-play,1136500,1136500,1,,208
3690,score-ball-3-in-play,3690-score-ball-3-in-play,1136583,1136583,1,,13
3691,score-ball-3-in-play,3691-score-ball-3-in-play,1136633,1136633,1,,208
3692,score-ball-3-in-play,3692-score-ball-3-in-play,1136716,1136716,1,,13
3693,score-ball-3-in-play,3693-score-ball-3-in-play,1136783,1136783,1,,208
3694,score-ball-3-in-play,3694-score-ball-3-in-play,1136833,1136833,1,,587
3695,score-ball-3-in-play,3695-score-ball-3-in-play,1137100,1137100,1,1 2 / JUGADOR BOLA,3695
3696,score-ball-3-in-play,3696-score-ball-3-in-play,1137133,1137133,1,,3
3697,score-ball-3-in-play,3697-score-ball-3-in-play,1137166,1137166,1,,590
3698,score-ball-3-in-play,3698-score-ball-3-in-play,1137266,1137266,1,,591
3699,score-ball-3-in-play,3699-score-ball-3-in-play,1137400,1137400,1,,590
3700,score-ball-3-in-play,3700-score-ball-3-in-play,1137516,1137516,1,,591
3701,score-ball-3-in-play,3701-score-ball-3-in-play,1137650,1137783,4,,591
3702,score-ball-3-in-play,3702-score-ball-3-in-play,1137916,1137916,1,,590
3703,score-ball-3-in-play,3703-score-ball-3-in-play,1138016,1138016,1,,591
3704,score-ball-3-in-play,3704-score-ball-3-in-play,1138166,1138166,1,,590
3705,score-ball-3-in-play,3705-score-ball-3-in-play,1138266,1138266,1,,591
3706,score-ball-3-in-play,3706-score-ball-3-in-play,1138400,1138400,1,,590
3707,score-ball-3-in-play,3707-score-ball-3-in-play,1138466,1142933,39,1 2 / JUGADOR BOLA,3707
3708,score-ball-3-in-play,3708-score-ball-3-in-play,1143066,1143066,1,,3
3709,score-ball-3-in-play,3709-score-ball-3-in-play,1143083,1143083,1,,13
3710,score-ball-3-in-play,3710-score-ball-3-in-play,1143150,1143150,1,,208
3711,score-ball-3-in-play,3711-score-ball-3-in-play,1143233,1143233,1,,13
3712,score-ball-3-in-play,3712-score-ball-3-in-play,1143283,1143283,1,,208
3713,score-ball-3-in-play,3713-score-ball-3-in-play,1143366,1143366,1,,13
3714,score-ball-3-in-play,3714-score-ball-3-in-play,1143416,1143433,2,,208
3715,score-ball-3-in-play,3715-score-ball-3-in-play,1143500,1143516,2,,13
3716,score-ball-3-in-play,3716-score-ball-3-in-play,1143550,1143550,1,,2139
3717,score-ball-3-in-play,3717-score-ball-3-in-play,1143566,1143566,1,,208
3718,score-ball-3-in-play,3718-score-ball-3-in-play,1143633,1143633,1,,2196
3719,score-ball-3-in-play,3719-score-ball-3-in-play,1143650,1143650,1,,13
3720,score-ball-3-in-play,3720-score-ball-3-in-play,1143700,1143700,1,,208
3721,score-ball-3-in-play,3721-score-ball-3-in-play,1143783,1143833,2,,212
3722,score-ball-3-in-play,3722-score-ball-3-in-play,1143850,1143916,2,,211
3723,score-ball-3-in-play,3723-score-ball-3-in-play,1143933,1143933,1,,13
3724,score-ball-3-in-play,3724-score-ball-3-in-play,1143983,1143983,1,,208
3725,score-ball-3-in-play,3725-score-ball-3-in-play,1144066,1144066,1,,13
3726,score-ball-3-in-play,3726-score-ball-3-in-play,1144116,1144116,1,,208
3727,score-ball-3-in-play,3727-score-ball-3-in-play,1144166,1144416,2,1 2 / JUGADOR BOLA,3727
3728,score-ball-3-in-play,3728-score-ball-3-in-play,1144450,1144450,1,1 2 / JUGADOR BOLA,3728
3729,score-ball-3-in-play,3729-score-ball-3-in-play,1144466,1144466,1,,3
3730,score-ball-3-in-play,3730-score-ball-3-in-play,1144500,1144500,1,,590
3731,score-ball-3-in-play,3731-score-ball-3-in-play,1144616,1144616,1,,591
3732,score-ball-3-in-play,3732-score-ball-3-in-play,1144750,1144750,1,,590
3733,score-ball-3-in-play,3733-score-ball-3-in-play,1144850,1144850,1,,591
3734,score-ball-3-in-play,3734-score-ball-3-in-play,1145000,1145000,1,,590
3735,score-ball-3-in-play,3735-score-ball-3-in-play,1145100,1145100,1,,591
3736,score-ball-3-in-play,3736-score-ball-3-in-play,1145233,1145233,1,,590
3737,score-ball-3-in-play,3737-score-ball-3-in-play,1145350,1145350,1,,591
3738,score-ball-3-in-play,3738-score-ball-3-in-play,1145483,1145483,1,,590
3739,score-ball-3-in-play,3739-score-ball-3-in-play,1145600,1150266,42,1 2 / JUGADOR BOLA,3739
3740,score-ball-3-in-play,3740-score-ball-3-in-play,1150400,1150400,1,,3
3741,score-ball-3-in-play,3741-score-ball-3-in-play,1150433,1150433,1,,13
3742,score-ball-3-in-play,3742-score-ball-3-in-play,1150483,1150483,1,,208
3743,score-ball-3-in-play,3743-score-ball-3-in-play,1150566,1150566,1,,13
3744,score-ball-3-in-play,3744-score-ball-3-in-play,1150616,1150616,1,,208
3745,score-ball-3-in-play,3745-score-ball-3-in-play,1150700,1150700,1,,13
3746,score-ball-3-in-play,3746-score-ball-3-in-play,1150766,1150766,1,,208
3747,score-ball-3-in-play,3747-score-ball-3-in-play,1150850,1150850,1,,13
3748,score-ball-3-in-play,3748-score-ball-3-in-play,1150900,1150900,1,,208
3749,score-ball-3-in-play,3749-score-ball-3-in-play,1150983,1150983,1,,13
3750,score-ball-3-in-play,3750-score-ball-3-in-play,1151033,1151033,1,,208
3751,score-ball-3-in-play,3751-score-ball-3-in-play,1151116,1151116,1,,13
3752,score-ball-3-in-play,3752-score-ball-3-in-play,1151166,1151166,1,,208
3753,score-ball-3-in-play,3753-score-ball-3-in-play,1151250,1151250,1,,13
3754,score-ball-3-in-play,3754-score-ball-3-in-play,1151316,1151316,1,,208
3755,score-ball-3-in-play,3755-score-ball-3-in-play,1151400,1151400,1,,13
3756,score-ball-3-in-play,3756-score-ball-3-in-play,1151450,1151466,2,,208
3757,score-ball-3-in-play,3757-score-ball-3-in-play,1151500,1151766,4,1 2 / JUGADOR BOLA,3757
3758,score-ball-3-in-play,3758-score-ball-3-in-play,1151783,1151800,2,,3758
3759,score-ball-3-in-play,3759-score-ball-3-in-play,1151816,1151816,1,,3
3760,score-ball-3-in-play,3760-score-ball-3-in-play,1151850,1151850,1,,590
3761,score-ball-3-in-play,3761-score-ball-3-in-play,1151950,1151950,1,,591
3762,score-ball-3-in-play,3762-score-ball-3-in-play,1152083,1152083,1,,590
3763,score-ball-3-in-play,3763-score-ball-3-in-play,1152200,1152200,1,,591
3764,score-ball-3-in-play,3764-score-ball-3-in-play,1152333,1152333,1,,590
3765,score-ball-3-in-play,3765-score-ball-3-in-play,1152450,1152450,1,,591
3766,score-ball-3-in-play,3766-score-ball-3-in-play,1152583,1152583,1,,590
3767,score-ball-3-in-play,3767-score-ball-3-in-play,1152700,1152700,1,,591
3768,score-ball-3-in-play,3768-score-ball-3-in-play,1152833,1152833,1,,590
3769,score-ball-3-in-play,3769-score-ball-3-in-play,1152933,1152933,1,,591
3770,score-ball-3-in-play,3770-score-ball-3-in-play,1153083,1153083,1,,590
3771,score-ball-3-in-play,3771-score-ball-3-in-play,1153100,1153100,1,,3771
3772,score-ball-3-in-play,3772-score-ball-3-in-play,1153133,1157733,40,1 2 / JUGADOR BOLA,3772
3773,score-ball-3-in-play,3773-score-ball-3-in-play,1157750,1157750,1,,3
3774,score-ball-3-in-play,3774-score-ball-3-in-play,1157766,1157783,2,,13
3775,score-ball-3-in-play,3775-score-ball-3-in-play,1157816,1157816,1,,575
3776,score-ball-3-in-play,3776-score-ball-3-in-play,1157833,1157900,2,,578
3777,score-ball-3-in-play,3777-score-ball-3-in-play,1157916,1157950,2,,577
3778,score-ball-3-in-play,3778-score-ball-3-in-play,1157966,1157966,1,,208
3779,score-ball-3-in-play,3779-score-ball-3-in-play,1158050,1158050,1,,13
3780,score-ball-3-in-play,3780-score-ball-3-in-play,1158100,1158100,1,,208
3781,score-ball-3-in-play,3781-score-ball-3-in-play,1158183,1158183,1,,13
3782,score-ball-3-in-play,3782-score-ball-3-in-play,1158233,1158233,1,,208
3783,score-ball-3-in-play,3783-score-ball-3-in-play,1158316,1158316,1,,13
3784,score-ball-3-in-play,3784-score-ball-3-in-play,1158383,1158383,1,,208
3785,score-ball-3-in-play,3785-score-ball-3-in-play,1158466,1158466,1,,13
3786,score-ball-3-in-play,3786-score-ball-3-in-play,1158516,1158516,1,,208
3787,score-ball-3-in-play,3787-score-ball-3-in-play,1158600,1158600,1,,13
3788,score-ball-3-in-play,3788-score-ball-3-in-play,1158650,1158650,1,,208
3789,score-ball-3-in-play,3789-score-ball-3-in-play,1158733,1158733,1,,13
3790,score-ball-3-in-play,3790-score-ball-3-in-play,1158783,1158783,1,,208
3791,score-ball-3-in-play,3791-score-ball-3-in-play,1158850,1159083,2,1 2 / JUGADOR BOLA,3791
3792,score-ball-3-in-play,3792-score-ball-3-in-play,1159116,1159116,1,,3
3793,score-ball-3-in-play,3793-score-ball-3-in-play,1159150,1159150,1,,590
3794,score-ball-3-in-play,3794-score-ball-3-in-play,1159250,1159250,1,,591
3795,score-ball-3-in-play,3795-score-ball-3-in-play,1159400,1159400,1,,590
3796,score-ball-3-in-play,3796-score-ball-3-in-play,1159500,1159500,1,,591
3797,score-ball-3-in-play,3797-score-ball-3-in-play,1159633,1159766,4,,591
3798,score-ball-3-in-play,3798-score-ball-3-in-play,1159900,1159900,1,,590
3799,score-ball-3-in-play,3799-score-ball-3-in-play,1160016,1160016,1,,591
3800,score-ball-3-in-play,3800-score-ball-3-in-play,1160150,1160150,1,,590
3801,score-ball-3-in-play,3801-score-ball-3-in-play,1160250,1160250,1,,591
3802,score-ball-3-in-play,3802-score-ball-3-in-play,1160400,1160400,1,,590
3803,score-ball-3-in-play,3803-score-ball-3-in-play,1160416,1160416,1,,3803
3804,score-ball-3-in-play,3804-score-ball-3-in-play,1160450,1165050,39,1 2 / JUGADOR BOLA,3804
3805,score-ball-3-in-play,3805-score-ball-3-in-play,1165083,1165083,1,,3
3806,score-ball-3-in-play,3806-score-ball-3-in-play,1165100,1165100,1,,13
3807,score-ball-3-in-play,3807-score-ball-3-in-play,1165166,1165166,1,,208
3808,score-ball-3-in-play,3808-score-ball-3-in-play,1165233,1165233,1,,13
3809,score-ball-3-in-play,3809-score-ball-3-in-play,1165300,1165300,1,,208
3810,score-ball-3-in-play,3810-score-ball-3-in-play,1165383,1165400,2,,13
3811,score-ball-3-in-play,3811-score-ball-3-in-play,1165433,1165450,2,,208
3812,score-ball-3-in-play,3812-score-ball-3-in-play,1165516,1165533,2,,13
3813,score-ball-3-in-play,3813-score-ball-3-in-play,1165566,1165566,1,,2139
3814,score-ball-3-in-play,3814-score-ball-3-in-play,1165583,1165583,1,,208
3815,score-ball-3-in-play,3815-score-ball-3-in-play,1165650,1165650,1,,2196
3816,score-ball-3-in-play,3816-score-ball-3-in-play,1165666,1165666,1,,13
3817,score-ball-3-in-play,3817-score-ball-3-in-play,1165700,1165700,1,,676
3818,score-ball-3-in-play,3818-score-ball-3-in-play,1165716,1165716,1,,208
3819,score-ball-3-in-play,3819-score-ball-3-in-play,1165783,1165783,1,,2200
3820,score-ball-3-in-play,3820-score-ball-3-in-play,1165800,1165800,1,,13
3821,score-ball-3-in-play,3821-score-ball-3-in-play,1165850,1165850,1,,208
3822,score-ball-3-in-play,3822-score-ball-3-in-play,1165933,1165983,2,,577
3823,score-ball-3-in-play,3823-score-ball-3-in-play,1166000,1166000,1,,208
3824,score-ball-3-in-play,3824-score-ball-3-in-play,1166083,1166083,1,,13
3825,score-ball-3-in-play,3825-score-ball-3-in-play,1166133,1166133,1,,208
3826,score-ball-3-in-play,3826-score-ball-3-in-play,1166183,1166183,1,,623
3827,score-ball-3-in-play,3827-score-ball-3-in-play,1166433,1166433,1,1 2 / JUGADOR BOLA,3827
3828,score-ball-3-in-play,3828-score-ball-3-in-play,1166466,1166466,1,,3
3829,score-ball-3-in-play,3829-score-ball-3-in-play,1166483,1166483,1,,590
3830,score-ball-3-in-play,3830-score-ball-3-in-play,1166600,1166600,1,,591
3831,score-ball-3-in-play,3831-score-ball-3-in-play,1166733,1166733,1,,590
3832,score-ball-3-in-play,3832-score-ball-3-in-play,1166850,1166850,1,,591
3833,score-ball-3-in-play,3833-score-ball-3-in-play,1166983,1166983,1,,590
3834,score-ball-3-in-play,3834-score-ball-3-in-play,1167083,1167083,1,,591
3835,score-ball-3-in-play,3835-score-ball-3-in-play,1167233,1167233,1,,590
3836,score-ball-3-in-play,3836-score-ball-3-in-play,1167333,1167333,1,,591
3837,score-ball-3-in-play,3837-score-ball-3-in-play,1167466,1167466,1,,590
3838,score-ball-3-in-play,3838-score-ball-3-in-play,1167583,1167733,3,,590
3839,score-ball-3-in-play,3839-score-ball-3-in-play,1167783,1172250,36,1 2 / JUGADOR BOLA,3839
3840,score-ball-3-in-play,3840-score-ball-3-in-play,1172400,1172400,1,,3840
3841,score-ball-3-in-play,3841-score-ball-3-in-play,1172416,1172416,1,,3
3842,score-ball-3-in-play,3842-score-ball-3-in-play,1172450,1172450,1,,13
3843,score-ball-3-in-play,3843-score-ball-3-in-play,1172500,1172500,1,,208
3844,score-ball-3-in-play,3844-score-ball-3-in-play,1172583,1172583,1,,13
3845,score-ball-3-in-play,3845-score-ball-3-in-play,1172633,1172633,1,,208
3846,score-ball-3-in-play,3846-score-ball-3-in-play,1172716,1172716,1,,13
3847,score-ball-3-in-play,3847-score-ball-3-in-play,1172783,1172783,1,,208
3848,score-ball-3-in-play,3848-score-ball-3-in-play,1172850,1172850,1,,13
3849,score-ball-3-in-play,3849-score-ball-3-in-play,1172916,1172916,1,,208
3850,score-ball-3-in-play,3850-score-ball-3-in-play,1173000,1173000,1,,13
3851,score-ball-3-in-play,3851-score-ball-3-in-play,1173050,1173050,1,,208
3852,score-ball-3-in-play,3852-score-ball-3-in-play,1173133,1173133,1,,13
3853,score-ball-3-in-play,3853-score-ball-3-in-play,1173183,1173183,1,,208
3854,score-ball-3-in-play,3854-score-ball-3-in-play,1173266,1173266,1,,13
3855,score-ball-3-in-play,3855-score-ball-3-in-play,1173316,1173316,1,,208
3856,score-ball-3-in-play,3856-score-ball-3-in-play,1173400,1173416,2,,13
3857,score-ball-3-in-play,3857-score-ball-3-in-play,1173466,1173466,1,,208
3858,score-ball-3-in-play,3858-score-ball-3-in-play,1173516,1173766,3,,3858
3859,score-ball-3-in-play,3859-score-ball-3-in-play,1173783,1173783,1,1 2 / JUGADOR BOLA,3859
3860,score-ball-3-in-play,3860-score-ball-3-in-play,1173800,1173800,1,,3
3861,score-ball-3-in-play,3861-score-ball-3-in-play,1173833,1173833,1,,590
3862,score-ball-3-in-play,3862-score-ball-3-in-play,1173933,1173933,1,,591
3863,score-ball-3-in-play,3863-score-ball-3-in-play,1174083,1174083,1,,590
3864,score-ball-3-in-play,3864-score-ball-3-in-play,1174183,1174183,1,,591
3865,score-ball-3-in-play,3865-score-ball-3-in-play,1174316,1174316,1,,590
3866,score-ball-3-in-play,3866-score-ball-3-in-play,1174433,1174433,1,,591
3867,score-ball-3-in-play,3867-score-ball-3-in-play,1174566,1174566,1,,590
3868,score-ball-3-in-play,3868-score-ball-3-in-play,1174683,1174683,1,,591
3869,score-ball-3-in-play,3869-score-ball-3-in-play,1174816,1174816,1,,590
3870,score-ball-3-in-play,3870-score-ball-3-in-play,1174933,1174933,1,,591
3871,score-ball-3-in-play,3871-score-ball-3-in-play,1175066,1175066,1,,590
3872,score-ball-3-in-play,3872-score-ball-3-in-play,1175116,1179716,38,1 2 / JUGADOR BOLA,3872
3873,score-ball-3-in-play,3873-score-ball-3-in-play,1179733,1179733,1,,3
3874,score-ball-3-in-play,3874-score-ball-3-in-play,1179750,1179766,2,,13
3875,score-ball-3-in-play,3875-score-ball-3-in-play,1179800,1179800,1,,575
3876,score-ball-3-in-play,3876-score-ball-3-in-play,1179816,1179883,2,,211
3877,score-ball-3-in-play,3877-score-ball-3-in-play,1179900,1179933,2,,577
3878,score-ball-3-in-play,3878-score-ball-3-in-play,1179950,1179950,1,,208
3879,score-ball-3-in-play,3879-score-ball-3-in-play,1180033,1180033,1,,13
3880,score-ball-3-in-play,3880-score-ball-3-in-play,1180083,1180083,1,,208
3881,score-ball-3-in-play,3881-score-ball-3-in-play,1180166,1180166,1,,13
3882,score-ball-3-in-play,3882-score-ball-3-in-play,1180233,1180233,1,,208
3883,score-ball-3-in-play,3883-score-ball-3-in-play,1180316,1180316,1,,13
3884,score-ball-3-in-play,3884-score-ball-3-in-play,1180366,1180366,1,,208
3885,score-ball-3-in-play,3885-score-ball-3-in-play,1180450,1180450,1,,13
3886,score-ball-3-in-play,3886-score-ball-3-in-play,1180500,1180500,1,,208
3887,score-ball-3-in-play,3887-score-ball-3-in-play,1180583,1180583,1,,13
3888,score-ball-3-in-play,3888-score-ball-3-in-play,1180633,1180633,1,,208
3889,score-ball-3-in-play,3889-score-ball-3-in-play,1180716,1180716,1,,13
3890,score-ball-3-in-play,3890-score-ball-3-in-play,1180783,1180783,1,,208
3891,score-ball-3-in-play,3891-score-ball-3-in-play,1180833,1180833,1,,623
3892,score-ball-3-in-play,3892-score-ball-3-in-play,1181100,1181100,1,1 2 / JUGADOR BOLA,3892
3893,score-ball-3-in-play,3893-score-ball-3-in-play,1181133,1181133,1,,3
3894,score-ball-3-in-play,3894-score-ball-3-in-play,1181166,1181166,1,,590
3895,score-ball-3-in-play,3895-score-ball-3-in-play,1181266,1181266,1,,591
3896,score-ball-3-in-play,3896-score-ball-3-in-play,1181400,1181400,1,,590
3897,score-ball-3-in-play,3897-score-ball-3-in-play,1181516,1181516,1,,591
3898,score-ball-3-in-play,3898-score-ball-3-in-play,1181650,1181783,4,,591
3899,score-ball-3-in-play,3899-score-ball-3-in-play,1181916,1181916,1,,590
3900,score-ball-3-in-play,3900-score-ball-3-in-play,1182016,1182016,1,,591
3901,score-ball-3-in-play,3901-score-ball-3-in-play,1182166,1182166,1,,590
3902,score-ball-3-in-play,3902-score-ball-3-in-play,1182266,1182266,1,,591
3903,score-ball-3-in-play,3903-score-ball-3-in-play,1182400,1182400,1,,590
3904,score-ball-3-in-play,3904-score-ball-3-in-play,1182466,1186933,39,1 2 / JUGADOR BOLA,3904
3905,score-ball-3-in-play,3905-score-ball-3-in-play,1187066,1187066,1,,3
3906,score-ball-3-in-play,3906-score-ball-3-in-play,1187083,1187083,1,,13
3907,score-ball-3-in-play,3907-score-ball-3-in-play,1187150,1187150,1,,208
3908,score-ball-3-in-play,3908-score-ball-3-in-play,1187233,1187233,1,,13
3909,score-ball-3-in-play,3909-score-ball-3-in-play,1187283,1187283,1,,208
3910,score-ball-3-in-play,3910-score-ball-3-in-play,1187366,1187366,1,,13
3911,score-ball-3-in-play,3911-score-ball-3-in-play,1187416,1187433,2,,208
3912,score-ball-3-in-play,3912-score-ball-3-in-play,1187500,1187516,2,,13
3913,score-ball-3-in-play,3913-score-ball-3-in-play,1187550,1187550,1,,2139
3914,score-ball-3-in-play,3914-score-ball-3-in-play,1187566,1187566,1,,208
3915,score-ball-3-in-play,3915-score-ball-3-in-play,1187633,1187633,1,,2196
3916,score-ball-3-in-play,3916-score-ball-3-in-play,1187650,1187650,1,,13
3917,score-ball-3-in-play,3917-score-ball-3-in-play,1187700,1187700,1,,208
3918,score-ball-3-in-play,3918-score-ball-3-in-play,1187783,1187833,2,,212
3919,score-ball-3-in-play,3919-score-ball-3-in-play,1187850,1187916,2,,211
3920,score-ball-3-in-play,3920-score-ball-3-in-play,1187933,1187933,1,,13
3921,score-ball-3-in-play,3921-score-ball-3-in-play,1187983,1187983,1,,208
3922,score-ball-3-in-play,3922-score-ball-3-in-play,1188066,1188066,1,,13
3923,score-ball-3-in-play,3923-score-ball-3-in-play,1188116,1188116,1,,208
3924,score-ball-3-in-play,3924-score-ball-3-in-play,1188166,1188416,2,1 2 / JUGADOR BOLA,3727
3925,score-ball-3-in-play,3925-score-ball-3-in-play,1188450,1188450,1,1 2 / JUGADOR BOLA,3925
3926,score-ball-3-in-play,3926-score-ball-3-in-play,1188466,1188466,1,,3
3927,score-ball-3-in-play,3927-score-ball-3-in-play,1188500,1188500,1,,590
3928,score-ball-3-in-play,3928-score-ball-3-in-play,1188616,1188616,1,,591
3929,score-ball-3-in-play,3929-score-ball-3-in-play,1188750,1188750,1,,590
3930,score-ball-3-in-play,3930-score-ball-3-in-play,1188850,1188850,1,,591
3931,score-ball-3-in-play,3931-score-ball-3-in-play,1189000,1189000,1,,590
3932,score-ball-3-in-play,3932-score-ball-3-in-play,1189100,1189100,1,,591
3933,score-ball-3-in-play,3933-score-ball-3-in-play,1189233,1189233,1,,590
3934,score-ball-3-in-play,3934-score-ball-3-in-play,1189350,1189350,1,,591
3935,score-ball-3-in-play,3935-score-ball-3-in-play,1189483,1189483,1,,590
3936,score-ball-3-in-play,3936-score-ball-3-in-play,1189600,1194266,44,1 2 / JUGADOR BOLA,3936
3937,score-ball-3-in-play,3937-score-ball-3-in-play,1194400,1194400,1,,3
3938,score-ball-3-in-play,3938-score-ball-3-in-play,1194433,1194433,1,,13
3939,score-ball-3-in-play,3939-score-ball-3-in-play,1194483,1194483,1,,208
3940,score-ball-3-in-play,3940-score-ball-3-in-play,1194566,1194566,1,,13
3941,score-ball-3-in-play,3941-score-ball-3-in-play,1194616,1194616,1,,208
3942,score-ball-3-in-play,3942-score-ball-3-in-play,1194700,1194700,1,,13
3943,score-ball-3-in-play,3943-score-ball-3-in-play,1194766,1194766,1,,208
3944,score-ball-3-in-play,3944-score-ball-3-in-play,1194850,1194850,1,,13
3945,score-ball-3-in-play,3945-score-ball-3-in-play,1194900,1194900,1,,208
3946,score-ball-3-in-play,3946-score-ball-3-in-play,1194983,1194983,1,,13
3947,score-ball-3-in-play,3947-score-ball-3-in-play,1195033,1195033,1,,208
3948,score-ball-3-in-play,3948-score-ball-3-in-play,1195116,1195116,1,,13
3949,score-ball-3-in-play,3949-score-ball-3-in-play,1195166,1195166,1,,208
3950,score-ball-3-in-play,3950-score-ball-3-in-play,1195250,1195250,1,,13
3951,score-ball-3-in-play,3951-score-ball-3-in-play,1195316,1195316,1,,208
3952,score-ball-3-in-play,3952-score-ball-3-in-play,1195400,1195400,1,,13
3953,score-ball-3-in-play,3953-score-ball-3-in-play,1195450,1195466,2,,208
3954,score-ball-3-in-play,3954-score-ball-3-in-play,1195500,1195766,4,1 2 / JUGADOR BOLA,3954
3955,score-ball-3-in-play,3955-score-ball-3-in-play,1195783,1195816,3,,590
3956,score-ball-3-in-play,3956-score-ball-3-in-play,1195933,1195933,1,,591
3957,score-ball-3-in-play,3957-score-ball-3-in-play,1196066,1196066,1,,590
3958,score-ball-3-in-play,3958-score-ball-3-in-play,1196166,1196166,1,,591
3959,score-ball-3-in-play,3959-score-ball-3-in-play,1196316,1196316,1,,590
3960,score-ball-3-in-play,3960-score-ball-3-in-play,1196416,1196416,1,,591
3961,score-ball-3-in-play,3961-score-ball-3-in-play,1196550,1196550,1,,590
3962,score-ball-3-in-play,3962-score-ball-3-in-play,1196666,1196666,1,,591
3963,score-ball-3-in-play,3963-score-ball-3-in-play,1196800,1196800,1,,590
3964,score-ball-3-in-play,3964-score-ball-3-in-play,1196916,1196916,1,,591
3965,score-ball-3-in-play,3965-score-ball-3-in-play,1197050,1197050,1,,590
3966,score-ball-3-in-play,3966-score-ball-3-in-play,1197100,1201733,39,1 2 / JUGADOR BOLA,3966
3967,score-ball-3-in-play,3967-score-ball-3-in-play,1201750,1201750,1,,3
3968,score-ball-3-in-play,3968-score-ball-3-in-play,1201766,1201783,2,,13
3969,score-ball-3-in-play,3969-score-ball-3-in-play,1201816,1201816,1,,575
3970,score-ball-3-in-play,3970-score-ball-3-in-play,1201833,1201900,2,,578
3971,score-ball-3-in-play,3971-score-ball-3-in-play,1201916,1201950,2,,577
3972,score-ball-3-in-play,3972-score-ball-3-in-play,1201966,1201966,1,,208
3973,score-ball-3-in-play,3973-score-ball-3-in-play,1202050,1202050,1,,13
3974,score-ball-3-in-play,3974-score-ball-3-in-play,1202100,1202100,1,,208
3975,score-ball-3-in-play,3975-score-ball-3-in-play,1202183,1202183,1,,13
3976,score-ball-3-in-play,3976-score-ball-3-in-play,1202233,1202233,1,,208
3977,score-ball-3-in-play,3977-score-ball-3-in-play,1202316,1202316,1,,13
3978,score-ball-3-in-play,3978-score-ball-3-in-play,1202383,1202383,1,,208
3979,score-ball-3-in-play,3979-score-ball-3-in-play,1202466,1202466,1,,13
3980,score-ball-3-in-play,3980-score-ball-3-in-play,1202516,1202516,1,,208
3981,score-ball-3-in-play,3981-score-ball-3-in-play,1202600,1202600,1,,13
3982,score-ball-3-in-play,3982-score-ball-3-in-play,1202650,1202650,1,,208
3983,score-ball-3-in-play,3983-score-ball-3-in-play,1202733,1202733,1,,13
3984,score-ball-3-in-play,3984-score-ball-3-in-play,1202783,1202783,1,,208
3985,score-ball-3-in-play,3985-score-ball-3-in-play,1202850,1203083,2,1 2 / JUGADOR BOLA,3985
3986,score-ball-3-in-play,3986-score-ball-3-in-play,1203116,1203116,1,,3
3987,score-ball-3-in-play,3987-score-ball-3-in-play,1203150,1203150,1,,590
3988,score-ball-3-in-play,3988-score-ball-3-in-play,1203250,1203250,1,,591
3989,score-ball-3-in-play,3989-score-ball-3-in-play,1203400,1203400,1,,590
3990,score-ball-3-in-play,3990-score-ball-3-in-play,1203500,1203500,1,,591
3991,score-ball-3-in-play,3991-score-ball-3-in-play,1203633,1203766,4,,591
3992,score-ball-3-in-play,3992-score-ball-3-in-play,1203900,1203900,1,,590
3993,score-ball-3-in-play,3993-score-ball-3-in-play,1204016,1204016,1,,591
3994,score-ball-3-in-play,3994-score-ball-3-in-play,1204150,1204150,1,,590
3995,score-ball-3-in-play,3995-score-ball-3-in-play,1204250,1204250,1,,591
3996,score-ball-3-in-play,3996-score-ball-3-in-play,1204400,1204400,1,,590
3997,score-ball-3-in-play,3997-score-ball-3-in-play,1204450,1208916,38,1 2 / JUGADOR BOLA,3997
3998,score-ball-3-in-play,3998-score-ball-3-in-play,1209083,1209083,1,,3
3999,score-ball-3-in-play,3999-score-ball-3-in-play,1209100,1209100,1,,13
4000,score-ball-3-in-play,4000-score-ball-3-in-play,1209166,1209166,1,,208
4001,score-ball-3-in-play,4001-score-ball-3-in-play,1209233,1209233,1,,13
4002,score-ball-3-in-play,4002-score-ball-3-in-play,1209300,1209300,1,,208
4003,score-ball-3-in-play,4003-score-ball-3-in-play,1209383,1209400,2,,13
4004,score-ball-3-in-play,4004-score-ball-3-in-play,1209433,1209450,2,,208
4005,score-ball-3-in-play,4005-score-ball-3-in-play,1209516,1209533,2,,13
4006,score-ball-3-in-play,4006-score-ball-3-in-play,1209566,1209566,1,,2139
4007,score-ball-3-in-play,4007-score-ball-3-in-play,1209583,1209583,1,,208
4008,score-ball-3-in-play,4008-score-ball-3-in-play,1209650,1209650,1,,2196
4009,score-ball-3-in-play,4009-score-ball-3-in-play,1209666,1209666,1,,13
4010,score-ball-3-in-play,4010-score-ball-3-in-play,1209700,1209700,1,,676
4011,score-ball-3-in-play,4011-score-ball-3-in-play,1209716,1209716,1,,208
4012,score-ball-3-in-play,4012-score-ball-3-in-play,1209783,1209783,1,,2200
4013,score-ball-3-in-play,4013-score-ball-3-in-play,1209800,1209800,1,,13
4014,score-ball-3-in-play,4014-score-ball-3-in-play,1209850,1209850,1,,208
4015,score-ball-3-in-play,4015-score-ball-3-in-play,1209933,1209983,2,,577
4016,score-ball-3-in-play,4016-score-ball-3-in-play,1210000,1210000,1,,208
4017,score-ball-3-in-play,4017-score-ball-3-in-play,1210083,1210083,1,,13
4018,score-ball-3-in-play,4018-score-ball-3-in-play,1210133,1210133,1,,208
4019,score-ball-3-in-play,4019-score-ball-3-in-play,1210183,1210183,1,,623
4020,score-ball-3-in-play,4020-score-ball-3-in-play,1210433,1210433,1,1 2 / JUGADOR BOLA,4020
4021,score-ball-3-in-play,4021-score-ball-3-in-play,1210466,1210466,1,,3
4022,score-ball-3-in-play,4022-score-ball-3-in-play,1210483,1210483,1,,590
4023,score-ball-3-in-play,4023-score-ball-3-in-play,1210600,1210600,1,,591
4024,score-ball-3-in-play,4024-score-ball-3-in-play,1210733,1210733,1,,590
4025,score-ball-3-in-play,4025-score-ball-3-in-play,1210850,1210850,1,,591
4026,score-ball-3-in-play,4026-score-ball-3-in-play,1210983,1210983,1,,590
4027,score-ball-3-in-play,4027-score-ball-3-in-play,1211083,1211083,1,,591
4028,score-ball-3-in-play,4028-score-ball-3-in-play,1211233,1211233,1,,590
4029,score-ball-3-in-play,4029-score-ball-3-in-play,1211333,1211333,1,,591
4030,score-ball-3-in-play,4030-score-ball-3-in-play,1211466,1211466,1,,590
4031,score-ball-3-in-play,4031-score-ball-3-in-play,1211583,1211733,3,,590
4032,score-ball-3-in-play,4032-score-ball-3-in-play,1211783,1216250,36,1 2 / JUGADOR BOLA,4032
4033,score-ball-3-in-play,4033-score-ball-3-in-play,1216400,1216400,1,,4033
4034,score-ball-3-in-play,4034-score-ball-3-in-play,1216416,1216416,1,,3
4035,score-ball-3-in-play,4035-score-ball-3-in-play,1216450,1216450,1,,13
4036,score-ball-3-in-play,4036-score-ball-3-in-play,1216500,1216500,1,,208
4037,score-ball-3-in-play,4037-score-ball-3-in-play,1216583,1216583,1,,13
4038,score-ball-3-in-play,4038-score-ball-3-in-play,1216633,1216633,1,,208
4039,score-ball-3-in-play,4039-score-ball-3-in-play,1216716,1216716,1,,13
4040,score-ball-3-in-play,4040-score-ball-3-in-play,1216783,1216783,1,,208
4041,score-ball-3-in-play,4041-score-ball-3-in-play,1216850,1216850,1,,13
4042,score-ball-3-in-play,4042-score-ball-3-in-play,1216916,1216916,1,,208
4043,score-ball-3-in-play,4043-score-ball-3-in-play,1217000,1217000,1,,13
4044,score-ball-3-in-play,4044-score-ball-3-in-play,1217050,1217050,1,,208
4045,score-ball-3-in-play,4045-score-ball-3-in-play,1217133,1217133,1,,13
4046,score-ball-3-in-play,4046-score-ball-3-in-play,1217183,1217183,1,,208
4047,score-ball-3-in-play,4047-score-ball-3-in-play,1217266,1217266,1,,13
4048,score-ball-3-in-play,4048-score-ball-3-in-play,1217316,1217316,1,,208
4049,score-ball-3-in-play,4049-score-ball-3-in-play,1217400,1217416,2,,13
4050,score-ball-3-in-play,4050-score-ball-3-in-play,1217466,1217466,1,,208
4051,score-ball-3-in-play,4051-score-ball-3-in-play,1217516,1217766,3,,3858
4052,score-ball-3-in-play,4052-score-ball-3-in-play,1217783,1217783,1,1 2 / JUGADOR BOLA,3859
4053,score-ball-3-in-play,4053-score-ball-3-in-play,1217800,1217800,1,,3
4054,score-ball-3-in-play,4054-score-ball-3-in-play,1217833,1217833,1,,590
4055,score-ball-3-in-play,4055-score-ball-3-in-play,1217933,1217933,1,,591
4056,score-ball-3-in-play,4056-score-ball-3-in-play,1218083,1218083,1,,590
4057,score-ball-3-in-play,4057-score-ball-3-in-play,1218183,1218183,1,,591
4058,score-ball-3-in-play,4058-score-ball-3-in-play,1218316,1218316,1,,590
4059,score-ball-3-in-play,4059-score-ball-3-in-play,1218433,1218433,1,,591
4060,score-ball-3-in-play,4060-score-ball-3-in-play,1218566,1218566,1,,590
4061,score-ball-3-in-play,4061-score-ball-3-in-play,1218683,1218683,1,,591
4062,score-ball-3-in-play,4062-score-ball-3-in-play,1218816,1218816,1,,590
4063,score-ball-3-in-play,4063-score-ball-3-in-play,1218933,1218933,1,,591
4064,score-ball-3-in-play,4064-score-ball-3-in-play,1219066,1219066,1,,590
4065,score-ball-3-in-play,4065-score-ball-3-in-play,1219083,1223716,38,1 2 / JUGADOR BOLA,4065
4066,score-ball-3-in-play,4066-score-ball-3-in-play,1223733,1223733,1,,3
4067,score-ball-3-in-play,4067-score-ball-3-in-play,1223750,1223766,2,,13
4068,score-ball-3-in-play,4068-score-ball-3-in-play,1223800,1223800,1,,776
4069,score-ball-3-in-play,4069-score-ball-3-in-play,1223816,1223883,2,,211
4070,score-ball-3-in-play,4070-score-ball-3-in-play,1223900,1223933,2,,577
4071,score-ball-3-in-play,4071-score-ball-3-in-play,1223950,1223950,1,,208
4072,score-ball-3-in-play,4072-score-ball-3-in-play,1224033,1224033,1,,13
4073,score-ball-3-in-play,4073-score-ball-3-in-play,1224083,1224083,1,,208
4074,score-ball-3-in-play,4074-score-ball-3-in-play,1224166,1224166,1,,13
4075,score-ball-3-in-play,4075-score-ball-3-in-play,1224233,1224233,1,,208
4076,score-ball-3-in-play,4076-score-ball-3-in-play,1224316,1224316,1,,13
4077,score-ball-3-in-play,4077-score-ball-3-in-play,1224366,1224366,1,,208
4078,score-ball-3-in-play,4078-score-ball-3-in-play,1224450,1224450,1,,13
4079,score-ball-3-in-play,4079-score-ball-3-in-play,1224500,1224500,1,,208
4080,score-ball-3-in-play,4080-score-ball-3-in-play,1224583,1224583,1,,13
4081,score-ball-3-in-play,4081-score-ball-3-in-play,1224633,1224633,1,,208
4082,score-ball-3-in-play,4082-score-ball-3-in-play,1224716,1224716,1,,13
4083,score-ball-3-in-play,4083-score-ball-3-in-play,1224783,1224783,1,,208
4084,score-ball-3-in-play,4084-score-ball-3-in-play,1224833,1224833,1,,623
4085,score-ball-3-in-play,4085-score-ball-3-in-play,1225100,1225100,1,1 2 / JUGADOR BOLA,3695
4086,score-ball-3-in-play,4086-score-ball-3-in-play,1225133,1225133,1,,3
4087,score-ball-3-in-play,4087-score-ball-3-in-play,1225166,1225166,1,,590
4088,score-ball-3-in-play,4088-score-ball-3-in-play,1225266,1225266,1,,591
4089,score-ball-3-in-play,4089-score-ball-3-in-play,1225400,1225400,1,,590
4090,score-ball-3-in-play,4090-score-ball-3-in-play,1225516,1225516,1,,591
4091,score-ball-3-in-play,4091-score-ball-3-in-play,1225650,1225783,4,,591
4092,score-ball-3-in-play,4092-score-ball-3-in-play,1225916,1225916,1,,590
4093,score-ball-3-in-play,4093-score-ball-3-in-play,1226016,1226016,1,,591
4094,score-ball-3-in-play,4094-score-ball-3-in-play,1226166,1226166,1,,590
4095,score-ball-3-in-play,4095-score-ball-3-in-play,1226266,1226266,1,,591
4096,score-ball-3-in-play,4096-score-ball-3-in-play,1226400,1226400,1,,590
4097,score-ball-3-in-play,4097-score-ball-3-in-play,1226466,1230933,40,1 2 / JUGADOR BOLA,4097
4098,score-ball-3-in-play,4098-score-ball-3-in-play,1231066,1231066,1,,3
4099,score-ball-3-in-play,4099-score-ball-3-in-play,1231083,1231083,1,,13
4100,score-ball-3-in-play,4100-score-ball-3-in-play,1231150,1231150,1,,208
4101,score-ball-3-in-play,4101-score-ball-3-in-play,1231233,1231233,1,,13
4102,score-ball-3-in-play,4102-score-ball-3-in-play,1231283,1231283,1,,208
4103,score-ball-3-in-play,4103-score-ball-3-in-play,1231366,1231366,1,,13
4104,score-ball-3-in-play,4104-score-ball-3-in-play,1231416,1231433,2,,208
4105,score-ball-3-in-play,4105-score-ball-3-in-play,1231500,1231516,2,,13
4106,score-ball-3-in-play,4106-score-ball-3-in-play,1231550,1231550,1,,2139
4107,score-ball-3-in-play,4107-score-ball-3-in-play,1231566,1231566,1,,208
4108,score-ball-3-in-play,4108-score-ball-3-in-play,1231633,1231633,1,,2196
4109,score-ball-3-in-play,4109-score-ball-3-in-play,1231650,1231650,1,,13
4110,score-ball-3-in-play,4110-score-ball-3-in-play,1231700,1231700,1,,208
4111,score-ball-3-in-play,4111-score-ball-3-in-play,1231783,1231833,2,,212
4112,score-ball-3-in-play,4112-score-ball-3-in-play,1231850,1231916,2,,211
4113,score-ball-3-in-play,4113-score-ball-3-in-play,1231933,1231933,1,,13
4114,score-ball-3-in-play,4114-score-ball-3-in-play,1231983,1231983,1,,208
4115,score-ball-3-in-play,4115-score-ball-3-in-play,1232066,1232066,1,,13
4116,score-ball-3-in-play,4116-score-ball-3-in-play,1232116,1232116,1,,208
4117,score-ball-3-in-play,4117-score-ball-3-in-play,1232166,1232416,2,1 2 / JUGADOR BOLA,3727
4118,score-ball-3-in-play,4118-score-ball-3-in-play,1232450,1232450,1,1 2 / JUGADOR BOLA,4118
4119,score-ball-3-in-play,4119-score-ball-3-in-play,1232466,1232466,1,,3
4120,score-ball-3-in-play,4120-score-ball-3-in-play,1232500,1232500,1,,590
4121,score-ball-3-in-play,4121-score-ball-3-in-play,1232616,1232616,1,,591
4122,score-ball-3-in-play,4122-score-ball-3-in-play,1232750,1232750,1,,590
4123,score-ball-3-in-play,4123-score-ball-3-in-play,1232850,1232850,1,,591
4124,score-ball-3-in-play,4124-score-ball-3-in-play,1233000,1233000,1,,590
4125,score-ball-3-in-play,4125-score-ball-3-in-play,1233100,1233100,1,,591
4126,score-ball-3-in-play,4126-score-ball-3-in-play,1233233,1233233,1,,590
4127,score-ball-3-in-play,4127-score-ball-3-in-play,1233350,1233350,1,,591
4128,score-ball-3-in-play,4128-score-ball-3-in-play,1233483,1233483,1,,590
4129,score-ball-3-in-play,4129-score-ball-3-in-play,1233600,1238266,42,1 2 / JUGADOR BOLA,4129
4130,score-ball-3-in-play,4130-score-ball-3-in-play,1238400,1238400,1,,3
4131,score-ball-3-in-play,4131-score-ball-3-in-play,1238433,1238433,1,,13
4132,score-ball-3-in-play,4132-score-ball-3-in-play,1238483,1238483,1,,208
4133,score-ball-3-in-play,4133-score-ball-3-in-play,1238566,1238566,1,,13
4134,score-ball-3-in-play,4134-score-ball-3-in-play,1238616,1238616,1,,208
4135,score-ball-3-in-play,4135-score-ball-3-in-play,1238700,1238700,1,,13
4136,score-ball-3-in-play,4136-score-ball-3-in-play,1238766,1238766,1,,208
4137,score-ball-3-in-play,4137-score-ball-3-in-play,1238850,1238850,1,,13
4138,score-ball-3-in-play,4138-score-ball-3-in-play,1238900,1238900,1,,208
4139,score-ball-3-in-play,4139-score-ball-3-in-play,1238983,1238983,1,,13
4140,score-ball-3-in-play,4140-score-ball-3-in-play,1239033,1239033,1,,208
4141,score-ball-3-in-play,4141-score-ball-3-in-play,1239116,1239116,1,,13
4142,score-ball-3-in-play,4142-score-ball-3-in-play,1239166,1239166,1,,208
4143,score-ball-3-in-play,4143-score-ball-3-in-play,1239250,1239250,1,,13
4144,score-ball-3-in-play,4144-score-ball-3-in-play,1239316,1239316,1,,208
4145,score-ball-3-in-play,4145-score-ball-3-in-play,1239400,1239400,1,,13
4146,score-ball-3-in-play,4146-score-ball-3-in-play,1239450,1239466,2,,208
4147,score-ball-3-in-play,4147-score-ball-3-in-play,1239500,1239766,4,1 2 / JUGADOR BOLA,4147
4148,score-ball-3-in-play,4148-score-ball-3-in-play,1239783,1239816,3,,590
4149,score-ball-3-in-play,4149-score-ball-3-in-play,1239933,1239933,1,,591
4150,score-ball-3-in-play,4150-score-ball-3-in-play,1240066,1240066,1,,590
4151,score-ball-3-in-play,4151-score-ball-3-in-play,1240166,1240166,1,,591
4152,score-ball-3-in-play,4152-score-ball-3-in-play,1240316,1240316,1,,590
4153,score-ball-3-in-play,4153-score-ball-3-in-play,1240416,1240416,1,,591
4154,score-ball-3-in-play,4154-score-ball-3-in-play,1240550,1240550,1,,590
4155,score-ball-3-in-play,4155-score-ball-3-in-play,1240666,1240666,1,,591
4156,score-ball-3-in-play,4156-score-ball-3-in-play,1240800,1240800,1,,590
4157,score-ball-3-in-play,4157-score-ball-3-in-play,1240916,1240916,1,,591
4158,score-ball-3-in-play,4158-score-ball-3-in-play,1241050,1241050,1,,590
4159,score-ball-3-in-play,4159-score-ball-3-in-play,1241100,1241100,1,,4159
4160,score-ball-3-in-play,4160-score-ball-3-in-play,1241133,1245733,39,1 2 / JUGADOR BOLA,4160
4161,score-ball-3-in-play,4161-score-ball-3-in-play,1245750,1245750,1,,3
4162,score-ball-3-in-play,4162-score-ball-3-in-play,1245766,1245783,2,,13
4163,score-ball-3-in-play,4163-score-ball-3-in-play,1245816,1245816,1,,776
4164,score-ball-3-in-play,4164-score-ball-3-in-play,1245833,1245900,2,,578
4165,score-ball-3-in-play,4165-score-ball-3-in-play,1245916,1245950,2,,577
4166,score-ball-3-in-play,4166-score-ball-3-in-play,1245966,1245966,1,,208
4167,score-ball-3-in-play,4167-score-ball-3-in-play,1246050,1246050,1,,13
4168,score-ball-3-in-play,4168-score-ball-3-in-play,1246100,1246100,1,,208
4169,score-ball-3-in-play,4169-score-ball-3-in-play,1246183,1246183,1,,13
4170,score-ball-3-in-play,4170-score-ball-3-in-play,1246233,1246233,1,,208
4171,score-ball-3-in-play,4171-score-ball-3-in-play,1246316,1246316,1,,13
4172,score-ball-3-in-play,4172-score-ball-3-in-play,1246383,1246383,1,,208
4173,score-ball-3-in-play,4173-score-ball-3-in-play,1246466,1246466,1,,13
4174,score-ball-3-in-play,4174-score-ball-3-in-play,1246516,1246516,1,,208
4175,score-ball-3-in-play,4175-score-ball-3-in-play,1246600,1246600,1,,13
4176,score-ball-3-in-play,4176-score-ball-3-in-play,1246650,1246650,1,,208
4177,score-ball-3-in-play,4177-score-ball-3-in-play,1246733,1246733,1,,13
4178,score-ball-3-in-play,4178-score-ball-3-in-play,1246783,1246783,1,,208
4179,score-ball-3-in-play,4179-score-ball-3-in-play,1246850,1247083,2,1 2 / JUGADOR BOLA,4179
4180,score-ball-3-in-play,4180-score-ball-3-in-play,1247116,1247116,1,,3
4181,score-ball-3-in-play,4181-score-ball-3-in-play,1247150,1247150,1,,590
4182,score-ball-3-in-play,4182-score-ball-3-in-play,1247250,1247250,1,,591
4183,score-ball-3-in-play,4183-score-ball-3-in-play,1247400,1247400,1,,590
4184,score-ball-3-in-play,4184-score-ball-3-in-play,1247500,1247500,1,,591
4185,score-ball-3-in-play,4185-score-ball-3-in-play,1247633,1247766,4,,591
4186,score-ball-3-in-play,4186-score-ball-3-in-play,1247900,1247900,1,,590
4187,score-ball-3-in-play,4187-score-ball-3-in-play,1248016,1248016,1,,591
4188,score-ball-3-in-play,4188-score-ball-3-in-play,1248150,1248150,1,,590
4189,score-ball-3-in-play,4189-score-ball-3-in-play,1248250,1248250,1,,591
4190,score-ball-3-in-play,4190-score-ball-3-in-play,1248400,1248450,2,,4190
4191,score-ball-3-in-play,4191-score-ball-3-in-play,1248466,1252916,38,1 2 / JUGADOR BOLA,4191
4192,score-ball-3-in-play,4192-score-ball-3-in-play,1253083,1253083,1,,3
4193,score-ball-3-in-play,4193-score-ball-3-in-play,1253100,1253100,1,,13
4194,score-ball-3-in-play,4194-score-ball-3-in-play,1253166,1253166,1,,208
4195,score-ball-3-in-play,4195-score-ball-3-in-play,1253233,1253233,1,,13
4196,score-ball-3-in-play,4196-score-ball-3-in-play,1253300,1253300,1,,208
4197,score-ball-3-in-play,4197-score-ball-3-in-play,1253383,1253400,2,,13
4198,score-ball-3-in-play,4198-score-ball-3-in-play,1253433,1253450,2,,208
4199,score-ball-3-in-play,4199-score-ball-3-in-play,1253516,1253533,2,,13
4200,score-ball-3-in-play,4200-score-ball-3-in-play,1253566,1253566,1,,2139
4201,score-ball-3-in-play,4201-score-ball-3-in-play,1253583,1253583,1,,208
4202,score-ball-3-in-play,4202-score-ball-3-in-play,1253650,1253650,1,,2196
4203,score-ball-3-in-play,4203-score-ball-3-in-play,1253666,1253666,1,,13
4204,score-ball-3-in-play,4204-score-ball-3-in-play,1253700,1253700,1,,676
4205,score-ball-3-in-play,4205-score-ball-3-in-play,1253716,1253716,1,,208
4206,score-ball-3-in-play,4206-score-ball-3-in-play,1253783,1253783,1,,2399
4207,score-ball-3-in-play,4207-score-ball-3-in-play,1253800,1253800,1,,13
4208,score-ball-3-in-play,4208-score-ball-3-in-play,1253850,1253850,1,,208
4209,score-ball-3-in-play,4209-score-ball-3-in-play,1253933,1253983,2,,577
4210,score-ball-3-in-play,4210-score-ball-3-in-play,1254000,1254000,1,,208
4211,score-ball-3-in-play,4211-score-ball-3-in-play,1254083,1254083,1,,13
4212,score-ball-3-in-play,4212-score-ball-3-in-play,1254133,1254133,1,,208
4213,score-ball-3-in-play,4213-score-ball-3-in-play,1254183,1254183,1,,623
4214,score-ball-3-in-play,4214-score-ball-3-in-play,1254433,1254433,1,1 2 / JUGADOR BOLA,4214
4215,score-ball-3-in-play,4215-score-ball-3-in-play,1254466,1254466,1,,3
4216,score-ball-3-in-play,4216-score-ball-3-in-play,1254483,1254483,1,,590
4217,score-ball-3-in-play,4217-score-ball-3-in-play,1254600,1254600,1,,591
4218,score-ball-3-in-play,4218-score-ball-3-in-play,1254733,1254733,1,,590
4219,score-ball-3-in-play,4219-score-ball-3-in-play,1254850,1254850,1,,591
4220,score-ball-3-in-play,4220-score-ball-3-in-play,1254983,1254983,1,,590
4221,score-ball-3-in-play,4221-score-ball-3-in-play,1255083,1255083,1,,591
4222,score-ball-3-in-play,4222-score-ball-3-in-play,1255233,1255233,1,,590
4223,score-ball-3-in-play,4223-score-ball-3-in-play,1255333,1255333,1,,591
4224,score-ball-3-in-play,4224-score-ball-3-in-play,1255466,1255466,1,,590
4225,score-ball-3-in-play,4225-score-ball-3-in-play,1255583,1255766,5,,3459
4226,score-ball-3-in-play,4226-score-ball-3-in-play,1255783,1260233,38,1 2 / JUGADOR BOLA,4226
4227,score-ball-3-in-play,4227-score-ball-3-in-play,1260400,1260400,1,,638
4228,score-ball-3-in-play,4228-score-ball-3-in-play,1260416,1260416,1,,3
4229,score-ball-3-in-play,4229-score-ball-3-in-play,1260450,1260450,1,,13
4230,score-ball-3-in-play,4230-score-ball-3-in-play,1260500,1260500,1,,208
4231,score-ball-3-in-play,4231-score-ball-3-in-play,1260583,1260583,1,,13
4232,score-ball-3-in-play,4232-score-ball-3-in-play,1260633,1260633,1,,208
4233,score-ball-3-in-play,4233-score-ball-3-in-play,1260716,1260716,1,,13
4234,score-ball-3-in-play,4234-score-ball-3-in-play,1260783,1260783,1,,208
4235,score-ball-3-in-play,4235-score-ball-3-in-play,1260850,1260850,1,,13
4236,score-ball-3-in-play,4236-score-ball-3-in-play,1260916,1260916,1,,208
4237,score-ball-3-in-play,4237-score-ball-3-in-play,1261000,1261000,1,,13
4238,score-ball-3-in-play,4238-score-ball-3-in-play,1261050,1261050,1,,208
4239,score-ball-3-in-play,4239-score-ball-3-in-play,1261133,1261133,1,,13
4240,score-ball-3-in-play,4240-score-ball-3-in-play,1261183,1261183,1,,208
4241,score-ball-3-in-play,4241-score-ball-3-in-play,1261266,1261266,1,,13
4242,score-ball-3-in-play,4242-score-ball-3-in-play,1261316,1261316,1,,208
4243,score-ball-3-in-play,4243-score-ball-3-in-play,1261400,1261416,2,,13
4244,score-ball-3-in-play,4244-score-ball-3-in-play,1261466,1261466,1,,208
4245,score-ball-3-in-play,4245-score-ball-3-in-play,1261516,1261766,3,,4245
4246,score-ball-3-in-play,4246-score-ball-3-in-play,1261783,1261783,1,1 2 / JUGADOR BOLA,4246
4247,score-ball-3-in-play,4247-score-ball-3-in-play,1261800,1261800,1,,3
4248,score-ball-3-in-play,4248-score-ball-3-in-play,1261833,1261833,1,,590
4249,score-ball-3-in-play,4249-score-ball-3-in-play,1261933,1261933,1,,591
4250,score-ball-3-in-play,4250-score-ball-3-in-play,1262083,1262083,1,,590
4251,score-ball-3-in-play,4251-score-ball-3-in-play,1262183,1262183,1,,591
4252,score-ball-3-in-play,4252-score-ball-3-in-play,1262316,1262316,1,,590
4253,score-ball-3-in-play,4253-score-ball-3-in-play,1262433,1262433,1,,591
4254,score-ball-3-in-play,4254-score-ball-3-in-play,1262566,1262566,1,,590
4255,score-ball-3-in-play,4255-score-ball-3-in-play,1262683,1262683,1,,591
4256,score-ball-3-in-play,4256-score-ball-3-in-play,1262816,1262816,1,,590
4257,score-ball-3-in-play,4257-score-ball-3-in-play,1262933,1262933,1,,591
4258,score-ball-3-in-play,4258-score-ball-3-in-play,1263066,1263066,1,,590
4259,score-ball-3-in-play,4259-score-ball-3-in-play,1263116,1267716,39,1 2 / JUGADOR BOLA,4259
4260,score-ball-3-in-play,4260-score-ball-3-in-play,1267733,1267733,1,,3
4261,score-ball-3-in-play,4261-score-ball-3-in-play,1267750,1267766,2,,13
4262,score-ball-3-in-play,4262-score-ball-3-in-play,1267800,1267800,1,,776
4263,score-ball-3-in-play,4263-score-ball-3-in-play,1267816,1267883,2,,211
4264,score-ball-3-in-play,4264-score-ball-3-in-play,1267900,1267933,2,,577
4265,score-ball-3-in-play,4265-score-ball-3-in-play,1267950,1267950,1,,208
4266,score-ball-3-in-play,4266-score-ball-3-in-play,1268033,1268033,1,,13
4267,score-ball-3-in-play,4267-score-ball-3-in-play,1268083,1268083,1,,208
4268,score-ball-3-in-play,4268-score-ball-3-in-play,1268166,1268166,1,,13
4269,score-ball-3-in-play,4269-score-ball-3-in-play,1268233,1268233,1,,208
4270,score-ball-3-in-play,4270-score-ball-3-in-play,1268316,1268316,1,,13
4271,score-ball-3-in-play,4271-score-ball-3-in-play,1268366,1268366,1,,208
4272,score-ball-3-in-play,4272-score-ball-3-in-play,1268450,1268450,1,,13
4273,score-ball-3-in-play,4273-score-ball-3-in-play,1268500,1268500,1,,208
4274,score-ball-3-in-play,4274-score-ball-3-in-play,1268583,1268583,1,,13
4275,score-ball-3-in-play,4275-score-ball-3-in-play,1268633,1268633,1,,208
4276,score-ball-3-in-play,4276-score-ball-3-in-play,1268716,1268716,1,,13
4277,score-ball-3-in-play,4277-score-ball-3-in-play,1268783,1268783,1,,208
4278,score-ball-3-in-play,4278-score-ball-3-in-play,1268833,1268833,1,,623
4279,score-ball-3-in-play,4279-score-ball-3-in-play,1269100,1269100,1,1 2 / JUGADOR BOLA,3695
4280,score-ball-3-in-play,4280-score-ball-3-in-play,1269133,1269133,1,,3
4281,score-ball-3-in-play,4281-score-ball-3-in-play,1269166,1269166,1,,590
4282,score-ball-3-in-play,4282-score-ball-3-in-play,1269266,1269266,1,,591
4283,score-ball-3-in-play,4283-score-ball-3-in-play,1269400,1269400,1,,590
4284,score-ball-3-in-play,4284-score-ball-3-in-play,1269516,1269516,1,,591
4285,score-ball-3-in-play,4285-score-ball-3-in-play,1269650,1269783,4,,591
4286,score-ball-3-in-play,4286-score-ball-3-in-play,1269916,1269916,1,,590
4287,score-ball-3-in-play,4287-score-ball-3-in-play,1270016,1270016,1,,591
4288,score-ball-3-in-play,4288-score-ball-3-in-play,1270166,1270166,1,,590
4289,score-ball-3-in-play,4289-score-ball-3-in-play,1270266,1270266,1,,591
4290,score-ball-3-in-play,4290-score-ball-3-in-play,1270400,1270400,1,,590
4291,score-ball-3-in-play,4291-score-ball-3-in-play,1270466,1274933,39,1 2 / JUGADOR BOLA,4291
4292,score-ball-3-in-play,4292-score-ball-3-in-play,1275066,1275066,1,,3
4293,score-ball-3-in-play,4293-score-ball-3-in-play,1275083,1275083,1,,13
4294,score-ball-3-in-play,4294-score-ball-3-in-play,1275150,1275150,1,,208
4295,score-ball-3-in-play,4295-score-ball-3-in-play,1275233,1275233,1,,13
4296,score-ball-3-in-play,4296-score-ball-3-in-play,1275283,1275283,1,,208
4297,score-ball-3-in-play,4297-score-ball-3-in-play,1275366,1275366,1,,13
4298,score-ball-3-in-play,4298-score-ball-3-in-play,1275416,1275433,2,,208
4299,score-ball-3-in-play,4299-score-ball-3-in-play,1275500,1275516,2,,13
4300,score-ball-3-in-play,4300-score-ball-3-in-play,1275550,1275550,1,,2139
4301,score-ball-3-in-play,4301-score-ball-3-in-play,1275566,1275566,1,,208
4302,score-ball-3-in-play,4302-score-ball-3-in-play,1275633,1275633,1,,2196
4303,score-ball-3-in-play,4303-score-ball-3-in-play,1275650,1275650,1,,13
4304,score-ball-3-in-play,4304-score-ball-3-in-play,1275700,1275700,1,,208
4305,score-ball-3-in-play,4305-score-ball-3-in-play,1275783,1275833,2,,212
4306,score-ball-3-in-play,4306-score-ball-3-in-play,1275850,1275916,2,,211
4307,score-ball-3-in-play,4307-score-ball-3-in-play,1275933,1275933,1,,13
4308,score-ball-3-in-play,4308-score-ball-3-in-play,1275983,1275983,1,,208
4309,score-ball-3-in-play,4309-score-ball-3-in-play,1276066,1276066,1,,13
4310,score-ball-3-in-play,4310-score-ball-3-in-play,1276116,1276116,1,,208
4311,score-ball-3-in-play,4311-score-ball-3-in-play,1276166,1276416,2,1 2 / JUGADOR BOLA,3727
4312,score-ball-3-in-play,4312-score-ball-3-in-play,1276450,1276450,1,1 2 / JUGADOR BOLA,4312
4313,score-ball-3-in-play,4313-score-ball-3-in-play,1276466,1276466,1,,3
4314,score-ball-3-in-play,4314-score-ball-3-in-play,1276500,1276500,1,,590
4315,score-ball-3-in-play,4315-score-ball-3-in-play,1276616,1276616,1,,591
4316,score-ball-3-in-play,4316-score-ball-3-in-play,1276750,1276750,1,,590
4317,score-ball-3-in-play,4317-score-ball-3-in-play,1276850,1276850,1,,591
4318,score-ball-3-in-play,4318-score-ball-3-in-play,1277000,1277000,1,,590
4319,score-ball-3-in-play,4319-score-ball-3-in-play,1277100,1277100,1,,591
4320,score-ball-3-in-play,4320-score-ball-3-in-play,1277233,1277233,1,,590
4321,score-ball-3-in-play,4321-score-ball-3-in-play,1277350,1277350,1,,591
4322,score-ball-3-in-play,4322-score-ball-3-in-play,1277483,1277483,1,,590
4323,score-ball-3-in-play,4323-score-ball-3-in-play,1277600,1282266,41,1 2 / JUGADOR BOLA,4323
4324,score-ball-3-in-play,4324-score-ball-3-in-play,1282400,1282400,1,,3
4325,score-ball-3-in-play,4325-score-ball-3-in-play,1282433,1282433,1,,13
4326,score-ball-3-in-play,4326-score-ball-3-in-play,1282483,1282483,1,,208
4327,score-ball-3-in-play,4327-score-ball-3-in-play,1282566,1282566,1,,13
4328,score-ball-3-in-play,4328-score-ball-3-in-play,1282616,1282616,1,,208
4329,score-ball-3-in-play,4329-score-ball-3-in-play,1282700,1282700,1,,13
4330,score-ball-3-in-play,4330-score-ball-3-in-play,1282766,1282766,1,,208
4331,score-ball-3-in-play,4331-score-ball-3-in-play,1282850,1282850,1,,13
4332,score-ball-3-in-play,4332-score-ball-3-in-play,1282900,1282900,1,,208
4333,score-ball-3-in-play,4333-score-ball-3-in-play,1282983,1282983,1,,13
4334,score-ball-3-in-play,4334-score-ball-3-in-play,1283033,1283033,1,,208
4335,score-ball-3-in-play,4335-score-ball-3-in-play,1283116,1283116,1,,13
4336,score-ball-3-in-play,4336-score-ball-3-in-play,1283166,1283166,1,,208
4337,score-ball-3-in-play,4337-score-ball-3-in-play,1283250,1283250,1,,13
4338,score-ball-3-in-play,4338-score-ball-3-in-play,1283316,1283316,1,,208
4339,score-ball-3-in-play,4339-score-ball-3-in-play,1283400,1283400,1,,13
4340,score-ball-3-in-play,4340-score-ball-3-in-play,1283450,1283466,2,,208
4341,score-ball-3-in-play,4341-score-ball-3-in-play,1283500,1283766,4,1 2 / JUGADOR BOLA,4341
4342,score-ball-3-in-play,4342-score-ball-3-in-play,1283783,1283783,1,,3
4343,score-ball-3-in-play,4343-score-ball-3-in-play,1283816,1283816,1,,590
4344,score-ball-3-in-play,4344-score-ball-3-in-play,1283933,1283933,1,,591
4345,score-ball-3-in-play,4345-score-ball-3-in-play,1284066,1284066,1,,590
4346,score-ball-3-in-play,4346-score-ball-3-in-play,1284166,1284166,1,,591
4347,score-ball-3-in-play,4347-score-ball-3-in-play,1284316,1284316,1,,590
4348,score-ball-3-in-play,4348-score-ball-3-in-play,1284416,1284416,1,,591
4349,score-ball-3-in-play,4349-score-ball-3-in-play,1284550,1284550,1,,590
4350,score-ball-3-in-play,4350-score-ball-3-in-play,1284666,1284666,1,,591
4351,score-ball-3-in-play,4351-score-ball-3-in-play,1284800,1284800,1,,590
4352,score-ball-3-in-play,4352-score-ball-3-in-play,1284916,1284916,1,,591
4353,score-ball-3-in-play,4353-score-ball-3-in-play,1285050,1285050,1,,590
4354,score-ball-3-in-play,4354-score-ball-3-in-play,1285100,1289733,41,1 2 / JUGADOR BOLA,4354
4355,score-ball-3-in-play,4355-score-ball-3-in-play,1289750,1289750,1,,3
4356,score-ball-3-in-play,4356-score-ball-3-in-play,1289766,1289783,2,,13
4357,score-ball-3-in-play,4357-score-ball-3-in-play,1289816,1289816,1,,575
4358,score-ball-3-in-play,4358-score-ball-3-in-play,1289833,1289900,2,,578
4359,score-ball-3-in-play,4359-score-ball-3-in-play,1289916,1289950,2,,577
4360,score-ball-3-in-play,4360-score-ball-3-in-play,1289966,1289966,1,,208
4361,score-ball-3-in-play,4361-score-ball-3-in-play,1290050,1290050,1,,13
4362,score-ball-3-in-play,4362-score-ball-3-in-play,1290100,1290100,1,,208
4363,score-ball-3-in-play,4363-score-ball-3-in-play,1290183,1290183,1,,13
4364,score-ball-3-in-play,4364-score-ball-3-in-play,1290233,1290233,1,,208
4365,score-ball-3-in-play,4365-score-ball-3-in-play,1290316,1290316,1,,13
4366,score-ball-3-in-play,4366-score-ball-3-in-play,1290383,1290383,1,,208
4367,score-ball-3-in-play,4367-score-ball-3-in-play,1290466,1290466,1,,13
4368,score-ball-3-in-play,4368-score-ball-3-in-play,1290516,1290516,1,,208
4369,score-ball-3-in-play,4369-score-ball-3-in-play,1290600,1290600,1,,13
4370,score-ball-3-in-play,4370-score-ball-3-in-play,1290650,1290650,1,,208
4371,score-ball-3-in-play,4371-score-ball-3-in-play,1290733,1290733,1,,13
4372,score-ball-3-in-play,4372-score-ball-3-in-play,1290783,1290783,1,,208
4373,score-ball-3-in-play,4373-score-ball-3-in-play,1290850,1291083,2,1 2 / JUGADOR BOLA,4373
4374,score-ball-3-in-play,4374-score-ball-3-in-play,1291116,1291116,1,,3
4375,score-ball-3-in-play,4375-score-ball-3-in-play,1291150,1291150,1,,590
4376,score-ball-3-in-play,4376-score-ball-3-in-play,1291250,1291250,1,,591
4377,score-ball-3-in-play,4377-score-ball-3-in-play,1291400,1291400,1,,590
4378,score-ball-3-in-play,4378-score-ball-3-in-play,1291500,1291500,1,,591
4379,score-ball-3-in-play,4379-score-ball-3-in-play,1291633,1291766,4,,591
4380,score-ball-3-in-play,4380-score-ball-3-in-play,1291900,1291900,1,,590
4381,score-ball-3-in-play,4381-score-ball-3-in-play,1292016,1292016,1,,591
4382,score-ball-3-in-play,4382-score-ball-3-in-play,1292150,1292150,1,,590
4383,score-ball-3-in-play,4383-score-ball-3-in-play,1292250,1292250,1,,591
4384,score-ball-3-in-play,4384-score-ball-3-in-play,1292400,1292400,1,,590
4385,score-ball-3-in-play,4385-score-ball-3-in-play,1292450,1296916,38,1 2 / JUGADOR BOLA,4385
4386,score-ball-3-in-play,4386-score-ball-3-in-play,1297083,1297083,1,,3
4387,score-ball-3-in-play,4387-score-ball-3-in-play,1297100,1297100,1,,13
4388,score-ball-3-in-play,4388-score-ball-3-in-play,1297166,1297166,1,,208
4389,score-ball-3-in-play,4389-score-ball-3-in-play,1297233,1297233,1,,13
4390,score-ball-3-in-play,4390-score-ball-3-in-play,1297300,1297300,1,,208
4391,score-ball-3-in-play,4391-score-ball-3-in-play,1297383,1297400,2,,13
4392,score-ball-3-in-play,4392-score-ball-3-in-play,1297433,1297450,2,,208
4393,score-ball-3-in-play,4393-score-ball-3-in-play,1297516,1297533,2,,13
4394,score-ball-3-in-play,4394-score-ball-3-in-play,1297566,1297566,1,,2139
4395,score-ball-3-in-play,4395-score-ball-3-in-play,1297583,1297583,1,,208
4396,score-ball-3-in-play,4396-score-ball-3-in-play,1297650,1297650,1,,2196
4397,score-ball-3-in-play,4397-score-ball-3-in-play,1297666,1297666,1,,13
4398,score-ball-3-in-play,4398-score-ball-3-in-play,1297700,1297700,1,,676
4399,score-ball-3-in-play,4399-score-ball-3-in-play,1297716,1297716,1,,208
4400,score-ball-3-in-play,4400-score-ball-3-in-play,1297783,1297783,1,,2200
4401,score-ball-3-in-play,4401-score-ball-3-in-play,1297800,1297800,1,,13
4402,score-ball-3-in-play,4402-score-ball-3-in-play,1297850,1297850,1,,208
4403,score-ball-3-in-play,4403-score-ball-3-in-play,1297933,1297983,2,,577
4404,score-ball-3-in-play,4404-score-ball-3-in-play,1298000,1298000,1,,208
4405,score-ball-3-in-play,4405-score-ball-3-in-play,1298083,1298083,1,,13
4406,score-ball-3-in-play,4406-score-ball-3-in-play,1298133,1298133,1,,208
4407,score-ball-3-in-play,4407-score-ball-3-in-play,1298183,1298183,1,,623
4408,score-ball-3-in-play,4408-score-ball-3-in-play,1298433,1298433,1,1 2 / JUGADOR BOLA,4214
4409,score-ball-3-in-play,4409-score-ball-3-in-play,1298466,1298466,1,,3
4410,score-ball-3-in-play,4410-score-ball-3-in-play,1298483,1298483,1,,590
4411,score-ball-3-in-play,4411-score-ball-3-in-play,1298600,1298600,1,,591
4412,score-ball-3-in-play,4412-score-ball-3-in-play,1298733,1298733,1,,590
4413,score-ball-3-in-play,4413-score-ball-3-in-play,1298850,1298850,1,,591
4414,score-ball-3-in-play,4414-score-ball-3-in-play,1298983,1298983,1,,590
4415,score-ball-3-in-play,4415-score-ball-3-in-play,1299083,1299083,1,,591
4416,score-ball-3-in-play,4416-score-ball-3-in-play,1299233,1299233,1,,590
4417,score-ball-3-in-play,4417-score-ball-3-in-play,1299333,1299333,1,,591
4418,score-ball-3-in-play,4418-score-ball-3-in-play,1299466,1299466,1,,590
4419,score-ball-3-in-play,4419-score-ball-3-in-play,1299583,1304233,41,1 2 / JUGADOR BOLA,4419
4420,score-ball-3-in-play,4420-score-ball-3-in-play,1304400,1304400,1,,4420
4421,score-ball-3-in-play,4421-score-ball-3-in-play,1304416,1304416,1,,3
4422,score-ball-3-in-play,4422-score-ball-3-in-play,1304450,1304450,1,,13
4423,score-ball-3-in-play,4423-score-ball-3-in-play,1304500,1304500,1,,208
4424,score-ball-3-in-play,4424-score-ball-3-in-play,1304583,1304583,1,,13
4425,score-ball-3-in-play,4425-score-ball-3-in-play,1304633,1304633,1,,208
4426,score-ball-3-in-play,4426-score-ball-3-in-play,1304716,1304716,1,,13
4427,score-ball-3-in-play,4427-score-ball-3-in-play,1304783,1304783,1,,208
4428,score-ball-3-in-play,4428-score-ball-3-in-play,1304850,1304850,1,,13
4429,score-ball-3-in-play,4429-score-ball-3-in-play,1304916,1304916,1,,208
4430,score-ball-3-in-play,4430-score-ball-3-in-play,1305000,1305000,1,,13
4431,score-ball-3-in-play,4431-score-ball-3-in-play,1305050,1305050,1,,208
4432,score-ball-3-in-play,4432-score-ball-3-in-play,1305133,1305133,1,,13
4433,score-ball-3-in-play,4433-score-ball-3-in-play,1305183,1305183,1,,208
4434,score-ball-3-in-play,4434-score-ball-3-in-play,1305266,1305266,1,,13
4435,score-ball-3-in-play,4435-score-ball-3-in-play,1305316,1305316,1,,208
4436,score-ball-3-in-play,4436-score-ball-3-in-play,1305400,1305416,2,,13
4437,score-ball-3-in-play,4437-score-ball-3-in-play,1305466,1305466,1,,208
4438,score-ball-3-in-play,4438-score-ball-3-in-play,1305516,1305766,3,,4245
4439,score-ball-3-in-play,4439-score-ball-3-in-play,1305783,1305783,1,1 2 / JUGADOR BOLA,4439
4440,score-ball-3-in-play,4440-score-ball-3-in-play,1305800,1305800,1,,3
4441,score-ball-3-in-play,4441-score-ball-3-in-play,1305833,1305833,1,,590
4442,score-ball-3-in-play,4442-score-ball-3-in-play,1305933,1305933,1,,591
4443,score-ball-3-in-play,4443-score-ball-3-in-play,1306083,1306083,1,,590
4444,score-ball-3-in-play,4444-score-ball-3-in-play,1306183,1306183,1,,591
4445,score-ball-3-in-play,4445-score-ball-3-in-play,1306316,1306316,1,,590
4446,score-ball-3-in-play,4446-score-ball-3-in-play,1306433,1306433,1,,591
4447,score-ball-3-in-play,4447-score-ball-3-in-play,1306566,1306566,1,,590
4448,score-ball-3-in-play,4448-score-ball-3-in-play,1306683,1306683,1,,591
4449,score-ball-3-in-play,4449-score-ball-3-in-play,1306816,1306816,1,,590
4450,score-ball-3-in-play,4450-score-ball-3-in-play,1306933,1306933,1,,591
4451,score-ball-3-in-play,4451-score-ball-3-in-play,1307066,1307066,1,,590
4452,score-ball-3-in-play,4452-score-ball-3-in-play,1307116,1311716,38,1 2 / JUGADOR BOLA,4452
4453,score-ball-3-in-play,4453-score-ball-3-in-play,1311733,1311733,1,,3
4454,score-ball-3-in-play,4454-score-ball-3-in-play,1311750,1311766,2,,13
4455,score-ball-3-in-play,4455-score-ball-3-in-play,1311800,1311800,1,,776
4456,score-ball-3-in-play,4456-score-ball-3-in-play,1311816,1311883,2,,211
4457,score-ball-3-in-play,4457-score-ball-3-in-play,1311900,1311933,2,,577
4458,score-ball-3-in-play,4458-score-ball-3-in-play,1311950,1311950,1,,208
4459,score-ball-3-in-play,4459-score-ball-3-in-play,1312033,1312033,1,,13
4460,score-ball-3-in-play,4460-score-ball-3-in-play,1312083,1312083,1,,208
4461,score-ball-3-in-play,4461-score-ball-3-in-play,1312166,1312166,1,,13
4462,score-ball-3-in-play,4462-score-ball-3-in-play,1312233,1312233,1,,208
4463,score-ball-3-in-play,4463-score-ball-3-in-play,1312316,1312316,1,,13
4464,score-ball-3-in-play,4464-score-ball-3-in-play,1312366,1312366,1,,208
4465,score-ball-3-in-play,4465-score-ball-3-in-play,1312450,1312450,1,,13
4466,score-ball-3-in-play,4466-score-ball-3-in-play,1312500,1312500,1,,208
4467,score-ball-3-in-play,4467-score-ball-3-in-play,1312583,1312583,1,,13
4468,score-ball-3-in-play,4468-score-ball-3-in-play,1312633,1312633,1,,208
4469,score-ball-3-in-play,4469-score-ball-3-in-play,1312716,1312716,1,,13
4470,score-ball-3-in-play,4470-score-ball-3-in-play,1312783,1312783,1,,208
4471,score-ball-3-in-play,4471-score-ball-3-in-play,1312833,1312833,1,,623
4472,score-ball-3-in-play,4472-score-ball-3-in-play,1313100,1313100,1,1 2 / JUGADOR BOLA,3695
4473,score-ball-3-in-play,4473-score-ball-3-in-play,1313133,1313133,1,,3
4474,score-ball-3-in-play,4474-score-ball-3-in-play,1313166,1313166,1,,590
4475,score-ball-3-in-play,4475-score-ball-3-in-play,1313266,1313266,1,,591
4476,score-ball-3-in-play,4476-score-ball-3-in-play,1313400,1313400,1,,590
4477,score-ball-3-in-play,4477-score-ball-3-in-play,1313516,1313516,1,,591
4478,score-ball-3-in-play,4478-score-ball-3-in-play,1313650,1313783,4,,591
4479,score-ball-3-in-play,4479-score-ball-3-in-play,1313916,1313916,1,,590
4480,score-ball-3-in-play,4480-score-ball-3-in-play,1314016,1314016,1,,591
4481,score-ball-3-in-play,4481-score-ball-3-in-play,1314166,1314166,1,,590
4482,score-ball-3-in-play,4482-score-ball-3-in-play,1314266,1314266,1,,591
4483,score-ball-3-in-play,4483-score-ball-3-in-play,1314400,1314400,1,,590
4484,score-ball-3-in-play,4484-score-ball-3-in-play,1314466,1318933,39,1 2 / JUGADOR BOLA,4484
4485,score-ball-3-in-play,4485-score-ball-3-in-play,1319066,1319066,1,,3
4486,score-ball-3-in-play,4486-score-ball-3-in-play,1319083,1319083,1,,13
4487,score-ball-3-in-play,4487-score-ball-3-in-play,1319150,1319150,1,,208
4488,score-ball-3-in-play,4488-score-ball-3-in-play,1319233,1319233,1,,13
4489,score-ball-3-in-play,4489-score-ball-3-in-play,1319283,1319283,1,,208
4490,score-ball-3-in-play,4490-score-ball-3-in-play,1319366,1319366,1,,13
4491,score-ball-3-in-play,4491-score-ball-3-in-play,1319416,1319433,2,,208
4492,score-ball-3-in-play,4492-score-ball-3-in-play,1319500,1319516,2,,13
4493,score-ball-3-in-play,4493-score-ball-3-in-play,1319550,1319550,1,,2139
4494,score-ball-3-in-play,4494-score-ball-3-in-play,1319566,1319566,1,,208
4495,score-ball-3-in-play,4495-score-ball-3-in-play,1319633,1319633,1,,2196
4496,score-ball-3-in-play,4496-score-ball-3-in-play,1319650,1319650,1,,13
4497,score-ball-3-in-play,4497-score-ball-3-in-play,1319700,1319700,1,,208
4498,score-ball-3-in-play,4498-score-ball-3-in-play,1319783,1319833,2,,212
4499,score-ball-3-in-play,4499-score-ball-3-in-play,1319850,1319916,2,,211
4500,score-ball-3-in-play,4500-score-ball-3-in-play,1319933,1319933,1,,13
4501,score-ball-3-in-play,4501-score-ball-3-in-play,1319983,1319983,1,,208
4502,score-ball-3-in-play,4502-score-ball-3-in-play,1320066,1320066,1,,13
4503,score-ball-3-in-play,4503-score-ball-3-in-play,1320116,1320116,1,,208
4504,score-ball-3-in-play,4504-score-ball-3-in-play,1320166,1320416,2,1 2 / JUGADOR BOLA,3727
4505,score-ball-3-in-play,4505-score-ball-3-in-play,1320450,1320450,1,1 2 / JUGADOR BOLA,4505
4506,score-ball-3-in-play,4506-score-ball-3-in-play,1320466,1320466,1,,3
4507,score-ball-3-in-play,4507-score-ball-3-in-play,1320500,1320500,1,,590
4508,score-ball-3-in-play,4508-score-ball-3-in-play,1320616,1320616,1,,591
4509,score-ball-3-in-play,4509-score-ball-3-in-play,1320750,1320750,1,,590
4510,score-ball-3-in-play,4510-score-ball-3-in-play,1320850,1320850,1,,591
4511,score-ball-3-in-play,4511-score-ball-3-in-play,1321000,1321000,1,,590
4512,score-ball-3-in-play,4512-score-ball-3-in-play,1321100,1321100,1,,591
4513,score-ball-3-in-play,4513-score-ball-3-in-play,1321233,1321233,1,,590
4514,score-ball-3-in-play,4514-score-ball-3-in-play,1321350,1321350,1,,591
4515,score-ball-3-in-play,4515-score-ball-3-in-play,1321483,1321483,1,,590
4516,score-ball-3-in-play,4516-score-ball-3-in-play,1321600,1326266,43,2 / 1 2 / JUGADOR BOLA,4516
4517,score-ball-3-in-play,4517-score-ball-3-in-play,1326400,1326400,1,,3
4518,score-ball-3-in-play,4518-score-ball-3-in-play,1326433,1326433,1,,13
4519,score-ball-3-in-play,4519-score-ball-3-in-play,1326483,1326483,1,,208
4520,score-ball-3-in-play,4520-score-ball-3-in-play,1326566,1326566,1,,13
4521,score-ball-3-in-play,4521-score-ball-3-in-play,1326616,1326616,1,,208
4522,score-ball-3-in-play,4522-score-ball-3-in-play,1326700,1326700,1,,13
4523,score-ball-3-in-play,4523-score-ball-3-in-play,1326766,1326766,1,,208
4524,score-ball-3-in-play,4524-score-ball-3-in-play,1326850,1326850,1,,13
4525,score-ball-3-in-play,4525-score-ball-3-in-play,1326900,1326900,1,,208
4526,score-ball-3-in-play,4526-score-ball-3-in-play,1326983,1326983,1,,13
4527,score-ball-3-in-play,4527-score-ball-3-in-play,1327033,1327033,1,,208
4528,score-ball-3-in-play,4528-score-ball-3-in-play,1327116,1327116,1,,13
4529,score-ball-3-in-play,4529-score-ball-3-in-play,1327166,1327166,1,,208
4530,score-ball-3-in-play,4530-score-ball-3-in-play,1327250,1327250,1,,13
4531,score-ball-3-in-play,4531-score-ball-3-in-play,1327316,1327316,1,,208
4532,score-ball-3-in-play,4532-score-ball-3-in-play,1327400,1327400,1,,13
4533,score-ball-3-in-play,4533-score-ball-3-in-play,1327450,1327466,2,,208
4534,score-ball-3-in-play,4534-score-ball-3-in-play,1327500,1327766,4,1 2 / JUGADOR BOLA,4534
4535,score-ball-3-in-play,4535-score-ball-3-in-play,1327783,1327816,3,,590
4536,score-ball-3-in-play,4536-score-ball-3-in-play,1327933,1327933,1,,591
4537,score-ball-3-in-play,4537-score-ball-3-in-play,1328066,1328066,1,,590
4538,score-ball-3-in-play,4538-score-ball-3-in-play,1328166,1328166,1,,591
4539,score-ball-3-in-play,4539-score-ball-3-in-play,1328316,1328316,1,,590
4540,score-ball-3-in-play,4540-score-ball-3-in-play,1328416,1328416,1,,591
4541,score-ball-3-in-play,4541-score-ball-3-in-play,1328550,1328550,1,,590
4542,score-ball-3-in-play,4542-score-ball-3-in-play,1328666,1328666,1,,591
4543,score-ball-3-in-play,4543-score-ball-3-in-play,1328800,1328800,1,,590
4544,score-ball-3-in-play,4544-score-ball-3-in-play,1328916,1328916,1,,591
4545,score-ball-3-in-play,4545-score-ball-3-in-play,1329050,1329050,1,,590
4546,score-ball-3-in-play,4546-score-ball-3-in-play,1329133,1333733,38,1 2 / JUGADOR BOLA,4546
4547,score-ball-3-in-play,4547-score-ball-3-in-play,1333750,1333750,1,,3
4548,score-ball-3-in-play,4548-score-ball-3-in-play,1333766,1333783,2,,13
4549,score-ball-3-in-play,4549-score-ball-3-in-play,1333816,1333816,1,,575
4550,score-ball-3-in-play,4550-score-ball-3-in-play,1333833,1333900,2,,578
4551,score-ball-3-in-play,4551-score-ball-3-in-play,1333916,1333950,2,,577
4552,score-ball-3-in-play,4552-score-ball-3-in-play,1333966,1333966,1,,208
4553,score-ball-3-in-play,4553-score-ball-3-in-play,1334050,1334050,1,,13
4554,score-ball-3-in-play,4554-score-ball-3-in-play,1334100,1334100,1,,208
4555,score-ball-3-in-play,4555-score-ball-3-in-play,1334183,1334183,1,,13
4556,score-ball-3-in-play,4556-score-ball-3-in-play,1334233,1334233,1,,208
4557,score-ball-3-in-play,4557-score-ball-3-in-play,1334316,1334316,1,,13
4558,score-ball-3-in-play,4558-score-ball-3-in-play,1334383,1334383,1,,208
4559,score-ball-3-in-play,4559-score-ball-3-in-play,1334466,1334466,1,,13
4560,score-ball-3-in-play,4560-score-ball-3-in-play,1334516,1334516,1,,208
4561,score-ball-3-in-play,4561-score-ball-3-in-play,1334600,1334600,1,,13
4562,score-ball-3-in-play,4562-score-ball-3-in-play,1334650,1334650,1,,208
4563,score-ball-3-in-play,4563-score-ball-3-in-play,1334733,1334733,1,,13
4564,score-ball-3-in-play,4564-score-ball-3-in-play,1334783,1334783,1,,208
4565,score-ball-3-in-play,4565-score-ball-3-in-play,1334850,1335083,2,1 2 / JUGADOR BOLA,4565
4566,score-ball-3-in-play,4566-score-ball-3-in-play,1335116,1335116,1,,3
4567,score-ball-3-in-play,4567-score-ball-3-in-play,1335150,1335150,1,,590
4568,score-ball-3-in-play,4568-score-ball-3-in-play,1335250,1335250,1,,591
4569,score-ball-3-in-play,4569-score-ball-3-in-play,1335400,1335400,1,,590
4570,score-ball-3-in-play,4570-score-ball-3-in-play,1335500,1335500,1,,591
4571,score-ball-3-in-play,4571-score-ball-3-in-play,1335633,1335766,4,,591
4572,score-ball-3-in-play,4572-score-ball-3-in-play,1335900,1335900,1,,590
4573,score-ball-3-in-play,4573-score-ball-3-in-play,1336016,1336016,1,,591
4574,score-ball-3-in-play,4574-score-ball-3-in-play,1336150,1336150,1,,590
4575,score-ball-3-in-play,4575-score-ball-3-in-play,1336250,1336250,1,,591
4576,score-ball-3-in-play,4576-score-ball-3-in-play,1336400,1336400,1,,590
4577,score-ball-3-in-play,4577-score-ball-3-in-play,1336416,1341050,40,1 2 / JUGADOR BOLA,4577
4578,score-ball-3-in-play,4578-score-ball-3-in-play,1341083,1341083,1,,3
4579,score-ball-3-in-play,4579-score-ball-3-in-play,1341100,1341100,1,,13
4580,score-ball-3-in-play,4580-score-ball-3-in-play,1341166,1341166,1,,208
4581,score-ball-3-in-play,4581-score-ball-3-in-play,1341233,1341233,1,,13
4582,score-ball-3-in-play,4582-score-ball-3-in-play,1341300,1341300,1,,208
4583,score-ball-3-in-play,4583-score-ball-3-in-play,1341383,1341400,2,,13
4584,score-ball-3-in-play,4584-score-ball-3-in-play,1341433,1341450,2,,208
4585,score-ball-3-in-play,4585-score-ball-3-in-play,1341516,1341533,2,,13
4586,score-ball-3-in-play,4586-score-ball-3-in-play,1341566,1341566,1,,2139
4587,score-ball-3-in-play,4587-score-ball-3-in-play,1341583,1341583,1,,208
4588,score-ball-3-in-play,4588-score-ball-3-in-play,1341650,1341650,1,,2196
4589,score-ball-3-in-play,4589-score-ball-3-in-play,1341666,1341666,1,,13
4590,score-ball-3-in-play,4590-score-ball-3-in-play,1341700,1341700,1,,676
4591,score-ball-3-in-play,4591-score-ball-3-in-play,1341716,1341716,1,,208
4592,score-ball-3-in-play,4592-score-ball-3-in-play,1341783,1341783,1,,2200
4593,score-ball-3-in-play,4593-score-ball-3-in-play,1341800,1341800,1,,13
4594,score-ball-3-in-play,4594-score-ball-3-in-play,1341850,1341850,1,,208
4595,score-ball-3-in-play,4595-score-ball-3-in-play,1341933,1341983,2,,577
4596,score-ball-3-in-play,4596-score-ball-3-in-play,1342000,1342000,1,,208
4597,score-ball-3-in-play,4597-score-ball-3-in-play,1342083,1342083,1,,13
4598,score-ball-3-in-play,4598-score-ball-3-in-play,1342133,1342133,1,,208
4599,score-ball-3-in-play,4599-score-ball-3-in-play,1342183,1342183,1,,623
4600,score-ball-3-in-play,4600-score-ball-3-in-play,1342433,1342433,1,1 2 / JUGADOR BOLA,3827
4601,score-ball-3-in-play,4601-score-ball-3-in-play,1342466,1342466,1,,3
4602,score-ball-3-in-play,4602-score-ball-3-in-play,1342483,1342483,1,,590
4603,score-ball-3-in-play,4603-score-ball-3-in-play,1342600,1342600,1,,591
4604,score-ball-3-in-play,4604-score-ball-3-in-play,1342733,1342733,1,,590
4605,score-ball-3-in-play,4605-score-ball-3-in-play,1342850,1342850,1,,591
4606,score-ball-3-in-play,4606-score-ball-3-in-play,1342983,1342983,1,,590
4607,score-ball-3-in-play,4607-score-ball-3-in-play,1343083,1343083,1,,591
4608,score-ball-3-in-play,4608-score-ball-3-in-play,1343233,1343233,1,,590
4609,score-ball-3-in-play,4609-score-ball-3-in-play,1343333,1343333,1,,591
4610,score-ball-3-in-play,4610-score-ball-3-in-play,1343466,1343466,1,,590
4611,score-ball-3-in-play,4611-score-ball-3-in-play,1343583,1343750,4,,4611
4612,score-ball-3-in-play,4612-score-ball-3-in-play,1343766,1343766,1,,3
4613,score-ball-3-in-play,4613-score-ball-3-in-play,1343783,1348233,38,1 2 / JUGADOR BOLA,4613
4614,score-ball-3-in-play,4614-score-ball-3-in-play,1348400,1348400,1,,4614
4615,score-ball-3-in-play,4615-score-ball-3-in-play,1348416,1348416,1,,3
4616,score-ball-3-in-play,4616-score-ball-3-in-play,1348450,1348450,1,,13
4617,score-ball-3-in-play,4617-score-ball-3-in-play,1348500,1348500,1,,208
4618,score-ball-3-in-play,4618-score-ball-3-in-play,1348583,1348583,1,,13
4619,score-ball-3-in-play,4619-score-ball-3-in-play,1348633,1348633,1,,208
4620,score-ball-3-in-play,4620-score-ball-3-in-play,1348716,1348716,1,,13
4621,score-ball-3-in-play,4621-score-ball-3-in-play,1348783,1348783,1,,208
4622,score-ball-3-in-play,4622-score-ball-3-in-play,1348850,1348850,1,,13
4623,score-ball-3-in-play,4623-score-ball-3-in-play,1348916,1348916,1,,208
4624,score-ball-3-in-play,4624-score-ball-3-in-play,1349000,1349000,1,,13
4625,score-ball-3-in-play,4625-score-ball-3-in-play,1349050,1349050,1,,208
4626,score-ball-3-in-play,4626-score-ball-3-in-play,1349133,1349133,1,,13
4627,score-ball-3-in-play,4627-score-ball-3-in-play,1349183,1349183,1,,208
4628,score-ball-3-in-play,4628-score-ball-3-in-play,1349266,1349266,1,,13
4629,score-ball-3-in-play,4629-score-ball-3-in-play,1349316,1349316,1,,208
4630,score-ball-3-in-play,4630-score-ball-3-in-play,1349400,1349416,2,,13
4631,score-ball-3-in-play,4631-score-ball-3-in-play,1349466,1349466,1,,208
4632,score-ball-3-in-play,4632-score-ball-3-in-play,1349516,1349766,3,,4245
4633,score-ball-3-in-play,4633-score-ball-3-in-play,1349783,1349783,1,1 2 / JUGADOR BOLA,4439
4634,score-ball-3-in-play,4634-score-ball-3-in-play,1349800,1349800,1,,3
4635,score-ball-3-in-play,4635-score-ball-3-in-play,1349833,1349833,1,,590
4636,score-ball-3-in-play,4636-score-ball-3-in-play,1349933,1349933,1,,591
4637,score-ball-3-in-play,4637-score-ball-3-in-play,1350083,1350083,1,,590
4638,score-ball-3-in-play,4638-score-ball-3-in-play,1350183,1350183,1,,591
4639,score-ball-3-in-play,4639-score-ball-3-in-play,1350316,1350316,1,,590
4640,score-ball-3-in-play,4640-score-ball-3-in-play,1350433,1350433,1,,591
4641,score-ball-3-in-play,4641-score-ball-3-in-play,1350566,1350566,1,,590
4642,score-ball-3-in-play,4642-score-ball-3-in-play,1350683,1350683,1,,591
4643,score-ball-3-in-play,4643-score-ball-3-in-play,1350816,1350816,1,,590
4644,score-ball-3-in-play,4644-score-ball-3-in-play,1350933,1350933,1,,591
4645,score-ball-3-in-play,4645-score-ball-3-in-play,1351066,1351066,1,,590
4646,score-ball-3-in-play,4646-score-ball-3-in-play,1351116,1355733,39,,638
4647,score-ball-3-in-play,4647-score-ball-3-in-play,1355750,1355766,2,,13
4648,score-ball-3-in-play,4648-score-ball-3-in-play,1355800,1355800,1,,575
4649,score-ball-3-in-play,4649-score-ball-3-in-play,1355816,1355883,2,,211
4650,score-ball-3-in-play,4650-score-ball-3-in-play,1355900,1355933,2,,577
4651,score-ball-3-in-play,4651-score-ball-3-in-play,1355950,1355950,1,,208
4652,score-ball-3-in-play,4652-score-ball-3-in-play,1356033,1356033,1,,13
4653,score-ball-3-in-play,4653-score-ball-3-in-play,1356083,1356083,1,,208
4654,score-ball-3-in-play,4654-score-ball-3-in-play,1356166,1356166,1,,13
4655,score-ball-3-in-play,4655-score-ball-3-in-play,1356233,1356233,1,,208
4656,score-ball-3-in-play,4656-score-ball-3-in-play,1356316,1356316,1,,13
4657,score-ball-3-in-play,4657-score-ball-3-in-play,1356366,1356366,1,,208
4658,score-ball-3-in-play,4658-score-ball-3-in-play,1356450,1356450,1,,13
4659,score-ball-3-in-play,4659-score-ball-3-in-play,1356500,1356500,1,,208
4660,score-ball-3-in-play,4660-score-ball-3-in-play,1356583,1356583,1,,13
4661,score-ball-3-in-play,4661-score-ball-3-in-play,1356633,1356633,1,,208
4662,score-ball-3-in-play,4662-score-ball-3-in-play,1356716,1356716,1,,13
4663,score-ball-3-in-play,4663-score-ball-3-in-play,1356783,1356783,1,,208
4664,score-ball-3-in-play,4664-score-ball-3-in-play,1356833,1356833,1,,623
4665,score-ball-3-in-play,4665-score-ball-3-in-play,1357100,1357100,1,1 2 / JUGADOR BOLA,3695
4666,score-ball-3-in-play,4666-score-ball-3-in-play,1357133,1357133,1,,3
4667,score-ball-3-in-play,4667-score-ball-3-in-play,1357166,1357166,1,,590
4668,score-ball-3-in-play,4668-score-ball-3-in-play,1357266,1357266,1,,591
4669,score-ball-3-in-play,4669-score-ball-3-in-play,1357400,1357400,1,,590
4670,score-ball-3-in-play,4670-score-ball-3-in-play,1357516,1357516,1,,591
4671,score-ball-3-in-play,4671-score-ball-3-in-play,1357650,1357783,4,,591
4672,score-ball-3-in-play,4672-score-ball-3-in-play,1357916,1357916,1,,590
4673,score-ball-3-in-play,4673-score-ball-3-in-play,1358016,1358016,1,,591
4674,score-ball-3-in-play,4674-score-ball-3-in-play,1358166,1358166,1,,590
4675,score-ball-3-in-play,4675-score-ball-3-in-play,1358266,1358266,1,,591
4676,score-ball-3-in-play,4676-score-ball-3-in-play,1358400,1358400,1,,590
4677,score-ball-3-in-play,4677-score-ball-3-in-play,1358466,1362933,39,1 2 / JUGADOR BOLA,4677
4678,score-ball-3-in-play,4678-score-ball-3-in-play,1363066,1363066,1,,3
4679,score-ball-3-in-play,4679-score-ball-3-in-play,1363083,1363083,1,,13
4680,score-ball-3-in-play,4680-score-ball-3-in-play,1363150,1363150,1,,208
4681,score-ball-3-in-play,4681-score-ball-3-in-play,1363233,1363233,1,,13
4682,score-ball-3-in-play,4682-score-ball-3-in-play,1363283,1363283,1,,208
4683,score-ball-3-in-play,4683-score-ball-3-in-play,1363366,1363366,1,,13
4684,score-ball-3-in-play,4684-score-ball-3-in-play,1363416,1363433,2,,208
4685,score-ball-3-in-play,4685-score-ball-3-in-play,1363500,1363516,2,,13
4686,score-ball-3-in-play,4686-score-ball-3-in-play,1363550,1363550,1,,2139
4687,score-ball-3-in-play,4687-score-ball-3-in-play,1363566,1363566,1,,208
4688,score-ball-3-in-play,4688-score-ball-3-in-play,1363633,1363633,1,,2196
4689,score-ball-3-in-play,4689-score-ball-3-in-play,1363650,1363650,1,,13
4690,score-ball-3-in-play,4690-score-ball-3-in-play,1363700,1363700,1,,208
4691,score-ball-3-in-play,4691-score-ball-3-in-play,1363783,1363833,2,,212
4692,score-ball-3-in-play,4692-score-ball-3-in-play,1363850,1363916,2,,211
4693,score-ball-3-in-play,4693-score-ball-3-in-play,1363933,1363933,1,,13
4694,score-ball-3-in-play,4694-score-ball-3-in-play,1363983,1363983,1,,208
4695,score-ball-3-in-play,4695-score-ball-3-in-play,1364066,1364066,1,,13
4696,score-ball-3-in-play,4696-score-ball-3-in-play,1364116,1364116,1,,208
4697,score-ball-3-in-play,4697-score-ball-3-in-play,1364166,1364416,2,1 2 / JUGADOR BOLA,3727
4698,score-ball-3-in-play,4698-score-ball-3-in-play,1364450,1364450,1,1 2 / JUGADOR BOLA,4698
4699,score-ball-3-in-play,4699-score-ball-3-in-play,1364466,1364466,1,,3
4700,score-ball-3-in-play,4700-score-ball-3-in-play,1364500,1364500,1,,590
4701,score-ball-3-in-play,4701-score-ball-3-in-play,1364616,1364616,1,,591
4702,score-ball-3-in-play,4702-score-ball-3-in-play,1364750,1364750,1,,590
4703,score-ball-3-in-play,4703-score-ball-3-in-play,1364850,1364850,1,,591
4704,score-ball-3-in-play,4704-score-ball-3-in-play,1365000,1365000,1,,590
4705,score-ball-3-in-play,4705-score-ball-3-in-play,1365100,1365100,1,,591
4706,score-ball-3-in-play,4706-score-ball-3-in-play,1365233,1365233,1,,590
4707,score-ball-3-in-play,4707-score-ball-3-in-play,1365350,1365350,1,,591
4708,score-ball-3-in-play,4708-score-ball-3-in-play,1365483,1365483,1,,590
4709,score-ball-3-in-play,4709-score-ball-3-in-play,1365600,1370266,43,1 2 / JUGADOR BOLA,4709
4710,score-ball-3-in-play,4710-score-ball-3-in-play,1370400,1370400,1,,3
4711,score-ball-3-in-play,4711-score-ball-3-in-play,1370433,1370433,1,,13
4712,score-ball-3-in-play,4712-score-ball-3-in-play,1370483,1370483,1,,208
4713,score-ball-3-in-play,4713-score-ball-3-in-play,1370566,1370566,1,,13
4714,score-ball-3-in-play,4714-score-ball-3-in-play,1370616,1370616,1,,208
4715,score-ball-3-in-play,4715-score-ball-3-in-play,1370700,1370700,1,,13
4716,score-ball-3-in-play,4716-score-ball-3-in-play,1370766,1370766,1,,208
4717,score-ball-3-in-play,4717-score-ball-3-in-play,1370850,1370850,1,,13
4718,score-ball-3-in-play,4718-score-ball-3-in-play,1370900,1370900,1,,208
4719,score-ball-3-in-play,4719-score-ball-3-in-play,1370983,1370983,1,,13
4720,score-ball-3-in-play,4720-score-ball-3-in-play,1371033,1371033,1,,208
4721,score-ball-3-in-play,4721-score-ball-3-in-play,1371116,1371116,1,,13
4722,score-ball-3-in-play,4722-score-ball-3-in-play,1371166,1371166,1,,208
4723,score-ball-3-in-play,4723-score-ball-3-in-play,1371250,1371250,1,,13
4724,score-ball-3-in-play,4724-score-ball-3-in-play,1371316,1371316,1,,208
4725,score-ball-3-in-play,4725-score-ball-3-in-play,1371400,1371400,1,,13
4726,score-ball-3-in-play,4726-score-ball-3-in-play,1371450,1371466,2,,208
4727,score-ball-3-in-play,4727-score-ball-3-in-play,1371500,1371766,4,1 2 / JUGADOR BOLA,4727
4728,score-ball-3-in-play,4728-score-ball-3-in-play,1371783,1371800,2,,4728
4729,score-ball-3-in-play,4729-score-ball-3-in-play,1371816,1371816,1,,3
4730,score-ball-3-in-play,4730-score-ball-3-in-play,1371850,1371850,1,,590
4731,score-ball-3-in-play,4731-score-ball-3-in-play,1371950,1371950,1,,591
4732,score-ball-3-in-play,4732-score-ball-3-in-play,1372083,1372083,1,,590
4733,score-ball-3-in-play,4733-score-ball-3-in-play,1372200,1372200,1,,591
4734,score-ball-3-in-play,4734-score-ball-3-in-play,1372333,1372333,1,,590
4735,score-ball-3-in-play,4735-score-ball-3-in-play,1372450,1372450,1,,591
4736,score-ball-3-in-play,4736-score-ball-3-in-play,1372583,1372583,1,,590
4737,score-ball-3-in-play,4737-score-ball-3-in-play,1372700,1372700,1,,591
4738,score-ball-3-in-play,4738-score-ball-3-in-play,1372833,1372833,1,,590
4739,score-ball-3-in-play,4739-score-ball-3-in-play,1372933,1372933,1,,591
4740,score-ball-3-in-play,4740-score-ball-3-in-play,1373083,1373083,1,,590
4741,score-ball-3-in-play,4741-score-ball-3-in-play,1373133,1377733,36,- - / 1 2 / JUGADOR BOLA,4741
4742,score-ball-3-in-play,4742-score-ball-3-in-play,1377750,1377750,1,,3
4743,score-ball-3-in-play,4743-score-ball-3-in-play,1377766,1377783,2,,13
4744,score-ball-3-in-play,4744-score-ball-3-in-play,1377816,1377816,1,,575
4745,score-ball-3-in-play,4745-score-ball-3-in-play,1377833,1377900,2,,578
4746,score-ball-3-in-play,4746-score-ball-3-in-play,1377916,1377950,2,,577
4747,score-ball-3-in-play,4747-score-ball-3-in-play,1377966,1377966,1,,208
4748,score-ball-3-in-play,4748-score-ball-3-in-play,1378050,1378050,1,,13
4749,score-ball-3-in-play,4749-score-ball-3-in-play,1378100,1378100,1,,208
4750,score-ball-3-in-play,4750-score-ball-3-in-play,1378183,1378183,1,,13
4751,score-ball-3-in-play,4751-score-ball-3-in-play,1378233,1378233,1,,208
4752,score-ball-3-in-play,4752-score-ball-3-in-play,1378316,1378316,1,,13
4753,score-ball-3-in-play,4753-score-ball-3-in-play,1378383,1378383,1,,208
4754,score-ball-3-in-play,4754-score-ball-3-in-play,1378466,1378466,1,,13
4755,score-ball-3-in-play,4755-score-ball-3-in-play,1378516,1378516,1,,208
4756,score-ball-3-in-play,4756-score-ball-3-in-play,1378600,1378600,1,,13
4757,score-ball-3-in-play,4757-score-ball-3-in-play,1378650,1378650,1,,208
4758,score-ball-3-in-play,4758-score-ball-3-in-play,1378733,1378733,1,,13
4759,score-ball-3-in-play,4759-score-ball-3-in-play,1378783,1378783,1,,208
4760,score-ball-3-in-play,4760-score-ball-3-in-play,1378850,1379083,2,1 2 / JUGADOR BOLA,4760
4761,score-ball-3-in-play,4761-score-ball-3-in-play,1379116,1379116,1,,3
4762,score-ball-3-in-play,4762-score-ball-3-in-play,1379150,1379150,1,,590
4763,score-ball-3-in-play,4763-score-ball-3-in-play,1379250,1379250,1,,591
4764,score-ball-3-in-play,4764-score-ball-3-in-play,1379400,1379400,1,,590
4765,score-ball-3-in-play,4765-score-ball-3-in-play,1379500,1379500,1,,591
4766,score-ball-3-in-play,4766-score-ball-3-in-play,1379633,1379766,4,,591
4767,score-ball-3-in-play,4767-score-ball-3-in-play,1379900,1379900,1,,590
4768,score-ball-3-in-play,4768-score-ball-3-in-play,1380016,1380016,1,,591
4769,score-ball-3-in-play,4769-score-ball-3-in-play,1380150,1380150,1,,590
4770,score-ball-3-in-play,4770-score-ball-3-in-play,1380250,1380250,1,,591
4771,score-ball-3-in-play,4771-score-ball-3-in-play,1380400,1380400,1,,590
4772,score-ball-3-in-play,4772-score-ball-3-in-play,1380450,1384916,39,2 / 1 2 / JUGADOR BOLA,4772
4773,score-ball-3-in-play,4773-score-ball-3-in-play,1385083,1385083,1,,3
4774,score-ball-3-in-play,4774-score-ball-3-in-play,1385100,1385100,1,,13
4775,score-ball-3-in-play,4775-score-ball-3-in-play,1385166,1385166,1,,208
4776,score-ball-3-in-play,4776-score-ball-3-in-play,1385233,1385233,1,,13
4777,score-ball-3-in-play,4777-score-ball-3-in-play,1385300,1385300,1,,208
4778,score-ball-3-in-play,4778-score-ball-3-in-play,1385383,1385400,2,,13
4779,score-ball-3-in-play,4779-score-ball-3-in-play,1385433,1385450,2,,208
4780,score-ball-3-in-play,4780-score-ball-3-in-play,1385516,1385533,2,,13
4781,score-ball-3-in-play,4781-score-ball-3-in-play,1385566,1385566,1,,2139
4782,score-ball-3-in-play,4782-score-ball-3-in-play,1385583,1385583,1,,208
4783,score-ball-3-in-play,4783-score-ball-3-in-play,1385650,1385650,1,,2196
4784,score-ball-3-in-play,4784-score-ball-3-in-play,1385666,1385666,1,,13
4785,score-ball-3-in-play,4785-score-ball-3-in-play,1385700,1385700,1,,676
4786,score-ball-3-in-play,4786-score-ball-3-in-play,1385716,1385716,1,,208
4787,score-ball-3-in-play,4787-score-ball-3-in-play,1385783,1385783,1,,2399
4788,score-ball-3-in-play,4788-score-ball-3-in-play,1385800,1385800,1,,13
4789,score-ball-3-in-play,4789-score-ball-3-in-play,1385850,1385850,1,,208
4790,score-ball-3-in-play,4790-score-ball-3-in-play,1385933,1385983,2,,577
4791,score-ball-3-in-play,4791-score-ball-3-in-play,1386000,1386000,1,,208
4792,score-ball-3-in-play,4792-score-ball-3-in-play,1386083,1386083,1,,13
4793,score-ball-3-in-play,4793-score-ball-3-in-play,1386133,1386133,1,,208
4794,score-ball-3-in-play,4794-score-ball-3-in-play,1386183,1386183,1,,623
4795,score-ball-3-in-play,4795-score-ball-3-in-play,1386433,1386433,1,1 2 / JUGADOR BOLA,4214
4796,score-ball-3-in-play,4796-score-ball-3-in-play,1386466,1386466,1,,3
4797,score-ball-3-in-play,4797-score-ball-3-in-play,1386483,1386483,1,,590
4798,score-ball-3-in-play,4798-score-ball-3-in-play,1386600,1386600,1,,591
4799,score-ball-3-in-play,4799-score-ball-3-in-play,1386733,1386733,1,,590
4800,score-ball-3-in-play,4800-score-ball-3-in-play,1386850,1386850,1,,591
4801,score-ball-3-in-play,4801-score-ball-3-in-play,1386983,1386983,1,,590
4802,score-ball-3-in-play,4802-score-ball-3-in-play,1387083,1387083,1,,591
4803,score-ball-3-in-play,4803-score-ball-3-in-play,1387233,1387233,1,,590
4804,score-ball-3-in-play,4804-score-ball-3-in-play,1387333,1387333,1,,591
4805,score-ball-3-in-play,4805-score-ball-3-in-play,1387466,1387466,1,,590
4806,score-ball-3-in-play,4806-score-ball-3-in-play,1387583,1387733,3,,590
4807,score-ball-3-in-play,4807-score-ball-3-in-play,1387783,1392250,36,2 / 1 2 / JUGADOR BOLA,4807
4808,score-ball-3-in-play,4808-score-ball-3-in-play,1392400,1392400,1,,4808
4809,score-ball-3-in-play,4809-score-ball-3-in-play,1392416,1392416,1,,13
4810,score-ball-3-in-play,4810-score-ball-3-in-play,1392466,1392466,1,,208
4811,score-ball-3-in-play,4811-score-ball-3-in-play,1392550,1392550,1,,13
4812,score-ball-3-in-play,4812-score-ball-3-in-play,1392616,1392616,1,,208
4813,score-ball-3-in-play,4813-score-ball-3-in-play,1392700,1392700,1,,13
4814,score-ball-3-in-play,4814-score-ball-3-in-play,1392750,1392750,1,,208
4815,score-ball-3-in-play,4815-score-ball-3-in-play,1392833,1392833,1,,13
4816,score-ball-3-in-play,4816-score-ball-3-in-play,1392883,1392883,1,,208
4817,score-ball-3-in-play,4817-score-ball-3-in-play,1392966,1392966,1,,13
4818,score-ball-3-in-play,4818-score-ball-3-in-play,1393016,1393016,1,,208
4819,score-ball-3-in-play,4819-score-ball-3-in-play,1393100,1393100,1,,13
4820,score-ball-3-in-play,4820-score-ball-3-in-play,1393166,1393166,1,,208
4821,score-ball-3-in-play,4821-score-ball-3-in-play,1393233,1393233,1,,13
4822,score-ball-3-in-play,4822-score-ball-3-in-play,1393300,1393300,1,,208
4823,score-ball-3-in-play,4823-score-ball-3-in-play,1393383,1393400,2,,13
4824,score-ball-3-in-play,4824-score-ball-3-in-play,1393433,1393450,2,,208
4825,score-ball-3-in-play,4825-score-ball-3-in-play,1393483,1393766,3,,4245
4826,score-ball-3-in-play,4826-score-ball-3-in-play,1393783,1393783,1,1 2 / JUGADOR BOLA,4439
4827,score-ball-3-in-play,4827-score-ball-3-in-play,1393800,1393800,1,,3
4828,score-ball-3-in-play,4828-score-ball-3-in-play,1393833,1393833,1,,590
4829,score-ball-3-in-play,4829-score-ball-3-in-play,1393933,1393933,1,,591
4830,score-ball-3-in-play,4830-score-ball-3-in-play,1394083,1394083,1,,590
4831,score-ball-3-in-play,4831-score-ball-3-in-play,1394183,1394183,1,,591
4832,score-ball-3-in-play,4832-score-ball-3-in-play,1394316,1394316,1,,590
4833,score-ball-3-in-play,4833-score-ball-3-in-play,1394433,1394433,1,,591
4834,score-ball-3-in-play,4834-score-ball-3-in-play,1394566,1394566,1,,590
4835,score-ball-3-in-play,4835-score-ball-3-in-play,1394683,1394683,1,,591
4836,score-ball-3-in-play,4836-score-ball-3-in-play,1394816,1394816,1,,590
4837,score-ball-3-in-play,4837-score-ball-3-in-play,1394933,1394933,1,,591
4838,score-ball-3-in-play,4838-score-ball-3-in-play,1395066,1395066,1,,590
4839,score-ball-3-in-play,4839-score-ball-3-in-play,1395116,1399716,38,1 2 / JUGADOR BOLA,4839
4840,score-ball-3-in-play,4840-score-ball-3-in-play,1399733,1399733,1,,3
4841,score-ball-3-in-play,4841-score-ball-3-in-play,1399750,1399766,2,,13
4842,score-ball-3-in-play,4842-score-ball-3-in-play,1399800,1399800,1,,575
4843,score-ball-3-in-play,4843-score-ball-3-in-play,1399816,1399883,2,,211
4844,score-ball-3-in-play,4844-score-ball-3-in-play,1399900,1399933,2,,577
4845,score-ball-3-in-play,4845-score-ball-3-in-play,1399950,1399950,1,,208
4846,score-ball-3-in-play,4846-score-ball-3-in-play,1400033,1400033,1,,13
4847,score-ball-3-in-play,4847-score-ball-3-in-play,1400083,1400083,1,,208
4848,score-ball-3-in-play,4848-score-ball-3-in-play,1400166,1400166,1,,13
4849,score-ball-3-in-play,4849-score-ball-3-in-play,1400233,1400233,1,,208
4850,score-ball-3-in-play,4850-score-ball-3-in-play,1400316,1400316,1,,13
4851,score-ball-3-in-play,4851-score-ball-3-in-play,1400366,1400366,1,,208
4852,score-ball-3-in-play,4852-score-ball-3-in-play,1400450,1400450,1,,13
4853,score-ball-3-in-play,4853-score-ball-3-in-play,1400500,1400500,1,,208
4854,score-ball-3-in-play,4854-score-ball-3-in-play,1400583,1400583,1,,13
4855,score-ball-3-in-play,4855-score-ball-3-in-play,1400633,1400633,1,,208
4856,score-ball-3-in-play,4856-score-ball-3-in-play,1400716,1400716,1,,13
4857,score-ball-3-in-play,4857-score-ball-3-in-play,1400783,1400783,1,,208
4858,score-ball-3-in-play,4858-score-ball-3-in-play,1400833,1400833,1,,623
4859,score-ball-3-in-play,4859-score-ball-3-in-play,1401100,1401100,1,1 2 / JUGADOR BOLA,3695
4860,score-ball-3-in-play,4860-score-ball-3-in-play,1401133,1401133,1,,3
4861,score-ball-3-in-play,4861-score-ball-3-in-play,1401166,1401166,1,,590
4862,score-ball-3-in-play,4862-score-ball-3-in-play,1401266,1401266,1,,591
4863,score-ball-3-in-play,4863-score-ball-3-in-play,1401400,1401400,1,,590
4864,score-ball-3-in-play,4864-score-ball-3-in-play,1401516,1401516,1,,591
4865,score-ball-3-in-play,4865-score-ball-3-in-play,1401650,1401783,4,,591
4866,score-ball-3-in-play,4866-score-ball-3-in-play,1401916,1401916,1,,590
4867,score-ball-3-in-play,4867-score-ball-3-in-play,1402016,1402016,1,,591
4868,score-ball-3-in-play,4868-score-ball-3-in-play,1402166,1402166,1,,590
4869,score-ball-3-in-play,4869-score-ball-3-in-play,1402266,1402266,1,,591
4870,score-ball-3-in-play,4870-score-ball-3-in-play,1402400,1402400,1,,590
4871,score-ball-3-in-play,4871-score-ball-3-in-play,1402466,1406933,39,2 / 1 2 / JUGADOR BOLA,4871
4872,score-ball-3-in-play,4872-score-ball-3-in-play,1407066,1407066,1,,3
4873,score-ball-3-in-play,4873-score-ball-3-in-play,1407083,1407083,1,,13
4874,score-ball-3-in-play,4874-score-ball-3-in-play,1407150,1407150,1,,208
4875,score-ball-3-in-play,4875-score-ball-3-in-play,1407233,1407233,1,,13
4876,score-ball-3-in-play,4876-score-ball-3-in-play,1407283,1407283,1,,208
4877,score-ball-3-in-play,4877-score-ball-3-in-play,1407366,1407366,1,,13
4878,score-ball-3-in-play,4878-score-ball-3-in-play,1407416,1407433,2,,208
4879,score-ball-3-in-play,4879-score-ball-3-in-play,1407500,1407516,2,,13
4880,score-ball-3-in-play,4880-score-ball-3-in-play,1407550,1407550,1,,2139
4881,score-ball-3-in-play,4881-score-ball-3-in-play,1407566,1407566,1,,208
4882,score-ball-3-in-play,4882-score-ball-3-in-play,1407633,1407633,1,,2196
4883,score-ball-3-in-play,4883-score-ball-3-in-play,1407650,1407650,1,,13
4884,score-ball-3-in-play,4884-score-ball-3-in-play,1407700,1407700,1,,208
4885,score-ball-3-in-play,4885-score-ball-3-in-play,1407783,1407833,2,,212
4886,score-ball-3-in-play,4886-score-ball-3-in-play,1407850,1407916,2,,211
4887,score-ball-3-in-play,4887-score-ball-3-in-play,1407933,1407933,1,,13
4888,score-ball-3-in-play,4888-score-ball-3-in-play,1407983,1407983,1,,208
4889,score-ball-3-in-play,4889-score-ball-3-in-play,1408066,1408066,1,,13
4890,score-ball-3-in-play,4890-score-ball-3-in-play,1408116,1408116,1,,208
4891,score-ball-3-in-play,4891-score-ball-3-in-play,1408166,1408416,2,1 2 / JUGADOR BOLA,3727
4892,score-ball-3-in-play,4892-score-ball-3-in-play,1408450,1408450,1,1 2 / JUGADOR BOLA,4892
4893,score-ball-3-in-play,4893-score-ball-3-in-play,1408466,1408466,1,,3
4894,score-ball-3-in-play,4894-score-ball-3-in-play,1408500,1408500,1,,590
4895,score-ball-3-in-play,4895-score-ball-3-in-play,1408616,1408616,1,,591
4896,score-ball-3-in-play,4896-score-ball-3-in-play,1408750,1408750,1,,590
4897,score-ball-3-in-play,4897-score-ball-3-in-play,1408850,1408850,1,,591
4898,score-ball-3-in-play,4898-score-ball-3-in-play,1409000,1409000,1,,590
4899,score-ball-3-in-play,4899-score-ball-3-in-play,1409100,1409100,1,,591
4900,score-ball-3-in-play,4900-score-ball-3-in-play,1409233,1409233,1,,590
4901,score-ball-3-in-play,4901-score-ball-3-in-play,1409350,1409350,1,,591
4902,score-ball-3-in-play,4902-score-ball-3-in-play,1409483,1409483,1,,590
4903,score-ball-3-in-play,4903-score-ball-3-in-play,1409600,1414266,41,2 / 1 2 / JUGADOR BOLA,4903
4904,score-ball-3-in-play,4904-score-ball-3-in-play,1414400,1414400,1,,3
4905,score-ball-3-in-play,4905-score-ball-3-in-play,1414433,1414433,1,,13
4906,score-ball-3-in-play,4906-score-ball-3-in-play,1414483,1414483,1,,208
4907,score-ball-3-in-play,4907-score-ball-3-in-play,1414566,1414566,1,,13
4908,score-ball-3-in-play,4908-score-ball-3-in-play,1414616,1414616,1,,208
4909,score-ball-3-in-play,4909-score-ball-3-in-play,1414700,1414700,1,,13
4910,score-ball-3-in-play,4910-score-ball-3-in-play,1414766,1414766,1,,208
4911,score-ball-3-in-play,4911-score-ball-3-in-play,1414850,1414850,1,,13
4912,score-ball-3-in-play,4912-score-ball-3-in-play,1414900,1414900,1,,208
4913,score-ball-3-in-play,4913-score-ball-3-in-play,1414983,1414983,1,,13
4914,score-ball-3-in-play,4914-score-ball-3-in-play,1415033,1415033,1,,208
4915,score-ball-3-in-play,4915-score-ball-3-in-play,1415116,1415116,1,,13
4916,score-ball-3-in-play,4916-score-ball-3-in-play,1415166,1415166,1,,208
4917,score-ball-3-in-play,4917-score-ball-3-in-play,1415250,1415250,1,,13
4918,score-ball-3-in-play,4918-score-ball-3-in-play,1415316,1415316,1,,208
4919,score-ball-3-in-play,4919-score-ball-3-in-play,1415400,1415400,1,,13
4920,score-ball-3-in-play,4920-score-ball-3-in-play,1415450,1415466,2,,208
4921,score-ball-3-in-play,4921-score-ball-3-in-play,1415500,1415766,4,1 2 / JUGADOR BOLA,4921
4922,score-ball-3-in-play,4922-score-ball-3-in-play,1415783,1415816,3,,590
4923,score-ball-3-in-play,4923-score-ball-3-in-play,1415933,1415933,1,,591
4924,score-ball-3-in-play,4924-score-ball-3-in-play,1416066,1416066,1,,590
4925,score-ball-3-in-play,4925-score-ball-3-in-play,1416166,1416166,1,,591
4926,score-ball-3-in-play,4926-score-ball-3-in-play,1416316,1416316,1,,590
4927,score-ball-3-in-play,4927-score-ball-3-in-play,1416416,1416416,1,,591
4928,score-ball-3-in-play,4928-score-ball-3-in-play,1416550,1416550,1,,590
4929,score-ball-3-in-play,4929-score-ball-3-in-play,1416666,1416666,1,,591
4930,score-ball-3-in-play,4930-score-ball-3-in-play,1416800,1416800,1,,590
4931,score-ball-3-in-play,4931-score-ball-3-in-play,1416916,1416916,1,,591
4932,score-ball-3-in-play,4932-score-ball-3-in-play,1417050,1417050,1,,590
4933,score-ball-3-in-play,4933-score-ball-3-in-play,1417100,1421733,42,- - / 1 2 / JUGADOR BOLA,4933
4934,score-ball-3-in-play,4934-score-ball-3-in-play,1421750,1421750,1,,3
4935,score-ball-3-in-play,4935-score-ball-3-in-play,1421766,1421783,2,,13
4936,score-ball-3-in-play,4936-score-ball-3-in-play,1421816,1421816,1,,575
4937,score-ball-3-in-play,4937-score-ball-3-in-play,1421833,1421900,2,,578
4938,score-ball-3-in-play,4938-score-ball-3-in-play,1421916,1421950,2,,577
4939,score-ball-3-in-play,4939-score-ball-3-in-play,1421966,1421966,1,,208
4940,score-ball-3-in-play,4940-score-ball-3-in-play,1422050,1422050,1,,13
4941,score-ball-3-in-play,4941-score-ball-3-in-play,1422100,1422100,1,,208
4942,score-ball-3-in-play,4942-score-ball-3-in-play,1422183,1422183,1,,13
4943,score-ball-3-in-play,4943-score-ball-3-in-play,1422233,1422233,1,,208
4944,score-ball-3-in-play,4944-score-ball-3-in-play,1422316,1422316,1,,13
4945,score-ball-3-in-play,4945-score-ball-3-in-play,1422383,1422383,1,,208
4946,score-ball-3-in-play,4946-score-ball-3-in-play,1422466,1422466,1,,13
4947,score-ball-3-in-play,4947-score-ball-3-in-play,1422516,1422516,1,,208
4948,score-ball-3-in-play,4948-score-ball-3-in-play,1422600,1422600,1,,13
4949,score-ball-3-in-play,4949-score-ball-3-in-play,1422650,1422650,1,,208
4950,score-ball-3-in-play,4950-score-ball-3-in-play,1422733,1422733,1,,13
4951,score-ball-3-in-play,4951-score-ball-3-in-play,1422783,1422783,1,,208
4952,score-ball-3-in-play,4952-score-ball-3-in-play,1422850,1423083,2,1 2 / JUGADOR BOLA,4952
4953,score-ball-3-in-play,4953-score-ball-3-in-play,1423116,1423116,1,,3
4954,score-ball-3-in-play,4954-score-ball-3-in-play,1423150,1423150,1,,590
4955,score-ball-3-in-play,4955-score-ball-3-in-play,1423250,1423250,1,,591
4956,score-ball-3-in-play,4956-score-ball-3-in-play,1423400,1423400,1,,590
4957,score-ball-3-in-play,4957-score-ball-3-in-play,1423500,1423500,1,,591
4958,score-ball-3-in-play,4958-score-ball-3-in-play,1423633,1423766,4,,591
4959,score-ball-3-in-play,4959-score-ball-3-in-play,1423900,1423900,1,,590
4960,score-ball-3-in-play,4960-score-ball-3-in-play,1424016,1424016,1,,591
4961,score-ball-3-in-play,4961-score-ball-3-in-play,1424150,1424150,1,,590
4962,score-ball-3-in-play,4962-score-ball-3-in-play,1424250,1424250,1,,591
4963,score-ball-3-in-play,4963-score-ball-3-in-play,1424400,1424400,1,,590
4964,score-ball-3-in-play,4964-score-ball-3-in-play,1424450,1428916,38,1 2 / JUGADOR BOLA,4964
4965,score-ball-3-in-play,4965-score-ball-3-in-play,1429083,1429083,1,,3
4966,score-ball-3-in-play,4966-score-ball-3-in-play,1429100,1429100,1,,13
4967,score-ball-3-in-play,4967-score-ball-3-in-play,1429166,1429166,1,,208
4968,score-ball-3-in-play,4968-score-ball-3-in-play,1429233,1429233,1,,13
4969,score-ball-3-in-play,4969-score-ball-3-in-play,1429300,1429300,1,,208
4970,score-ball-3-in-play,4970-score-ball-3-in-play,1429383,1429400,2,,13
4971,score-ball-3-in-play,4971-score-ball-3-in-play,1429433,1429450,2,,208
4972,score-ball-3-in-play,4972-score-ball-3-in-play,1429516,1429533,2,,13
4973,score-ball-3-in-play,4973-score-ball-3-in-play,1429566,1429566,1,,2139
4974,score-ball-3-in-play,4974-score-ball-3-in-play,1429583,1429583,1,,208
4975,score-ball-3-in-play,4975-score-ball-3-in-play,1429650,1429650,1,,2196
4976,score-ball-3-in-play,4976-score-ball-3-in-play,1429666,1429666,1,,13
4977,score-ball-3-in-play,4977-score-ball-3-in-play,1429700,1429700,1,,676
4978,score-ball-3-in-play,4978-score-ball-3-in-play,1429716,1429716,1,,208
4979,score-ball-3-in-play,4979-score-ball-3-in-play,1429783,1429783,1,,2200
4980,score-ball-3-in-play,4980-score-ball-3-in-play,1429800,1429800,1,,13
4981,score-ball-3-in-play,4981-score-ball-3-in-play,1429850,1429850,1,,208
4982,score-ball-3-in-play,4982-score-ball-3-in-play,1429933,1429983,2,,577
4983,score-ball-3-in-play,4983-score-ball-3-in-play,1430000,1430000,1,,208
4984,score-ball-3-in-play,4984-score-ball-3-in-play,1430083,1430083,1,,13
4985,score-ball-3-in-play,4985-score-ball-3-in-play,1430133,1430133,1,,208
4986,score-ball-3-in-play,4986-score-ball-3-in-play,1430183,1430183,1,,623
4987,score-ball-3-in-play,4987-score-ball-3-in-play,1430433,1430433,1,1 2 / JUGADOR BOLA,4214
4988,score-ball-3-in-play,4988-score-ball-3-in-play,1430466,1430466,1,,3
4989,score-ball-3-in-play,4989-score-ball-3-in-play,1430483,1430483,1,,590
4990,score-ball-3-in-play,4990-score-ball-3-in-play,1430600,1430600,1,,591
4991,score-ball-3-in-play,4991-score-ball-3-in-play,1430733,1430733,1,,590
4992,score-ball-3-in-play,4992-score-ball-3-in-play,1430850,1430850,1,,591
4993,score-ball-3-in-play,4993-score-ball-3-in-play,1430983,1430983,1,,590
4994,score-ball-3-in-play,4994-score-ball-3-in-play,1431083,1431083,1,,591
4995,score-ball-3-in-play,4995-score-ball-3-in-play,1431233,1431233,1,,590
4996,score-ball-3-in-play,4996-score-ball-3-in-play,1431333,1431333,1,,591
4997,score-ball-3-in-play,4997-score-ball-3-in-play,1431466,1431466,1,,590
4998,score-ball-3-in-play,4998-score-ball-3-in-play,1431583,1431800,5,,4998
4999,score-ball-3-in-play,4999-score-ball-3-in-play,1431816,1436250,36,1 2 / JUGADOR BOLA,4999
5000,score-ball-3-in-play,5000-score-ball-3-in-play,1436400,1436400,1,,1443
5001,score-ball-3-in-play,5001-score-ball-3-in-play,1436416,1436416,1,,13
5002,score-ball-3-in-play,5002-score-ball-3-in-play,1436466,1436466,1,,208
5003,score-ball-3-in-play,5003-score-ball-3-in-play,1436550,1436550,1,,13
5004,score-ball-3-in-play,5004-score-ball-3-in-play,1436616,1436616,1,,208
5005,score-ball-3-in-play,5005-score-ball-3-in-play,1436700,1436700,1,,13
5006,score-ball-3-in-play,5006-score-ball-3-in-play,1436750,1436750,1,,208
5007,score-ball-3-in-play,5007-score-ball-3-in-play,1436833,1436833,1,,13
5008,score-ball-3-in-play,5008-score-ball-3-in-play,1436883,1436883,1,,208
5009,score-ball-3-in-play,5009-score-ball-3-in-play,1436966,1436966,1,,13
5010,score-ball-3-in-play,5010-score-ball-3-in-play,1437016,1437016,1,,208
5011,score-ball-3-in-play,5011-score-ball-3-in-play,1437100,1437100,1,,13
5012,score-ball-3-in-play,5012-score-ball-3-in-play,1437166,1437166,1,,208
5013,score-ball-3-in-play,5013-score-ball-3-in-play,1437233,1437233,1,,13
5014,score-ball-3-in-play,5014-score-ball-3-in-play,1437300,1437300,1,,208
5015,score-ball-3-in-play,5015-score-ball-3-in-play,1437383,1437400,2,,13
5016,score-ball-3-in-play,5016-score-ball-3-in-play,1437433,1437450,2,,208
5017,score-ball-3-in-play,5017-score-ball-3-in-play,1437483,1437766,3,,4245
5018,score-ball-3-in-play,5018-score-ball-3-in-play,1437783,1437783,1,1 2 / JUGADOR BOLA,4439
5019,score-ball-3-in-play,5019-score-ball-3-in-play,1437800,1437800,1,,3
5020,score-ball-3-in-play,5020-score-ball-3-in-play,1437833,1437833,1,,590
5021,score-ball-3-in-play,5021-score-ball-3-in-play,1437933,1437933,1,,591
5022,score-ball-3-in-play,5022-score-ball-3-in-play,1438083,1438083,1,,590
5023,score-ball-3-in-play,5023-score-ball-3-in-play,1438183,1438183,1,,591
5024,score-ball-3-in-play,5024-score-ball-3-in-play,1438316,1438316,1,,590
5025,score-ball-3-in-play,5025-score-ball-3-in-play,1438433,1438433,1,,591
5026,score-ball-3-in-play,5026-score-ball-3-in-play,1438566,1438566,1,,590
5027,score-ball-3-in-play,5027-score-ball-3-in-play,1438683,1438683,1,,591
5028,score-ball-3-in-play,5028-score-ball-3-in-play,1438816,1438816,1,,590
5029,score-ball-3-in-play,5029-score-ball-3-in-play,1438933,1438933,1,,591
5030,score-ball-3-in-play,5030-score-ball-3-in-play,1439066,1439066,1,,590
5031,score-ball-3-in-play,5031-score-ball-3-in-play,1439116,1443716,38,1 2 / JUGADOR BOLA,5031
5032,score-ball-3-in-play,5032-score-ball-3-in-play,1443733,1443733,1,,5032
5033,score-ball-3-in-play,5033-score-ball-3-in-play,1443750,1443766,2,,13
5034,score-ball-3-in-play,5034-score-ball-3-in-play,1443800,1443800,1,,575
5035,score-ball-3-in-play,5035-score-ball-3-in-play,1443816,1443883,2,,211
5036,score-ball-3-in-play,5036-score-ball-3-in-play,1443900,1443933,2,,577
5037,score-ball-3-in-play,5037-score-ball-3-in-play,1443950,1443950,1,,208
5038,score-ball-3-in-play,5038-score-ball-3-in-play,1444033,1444033,1,,13
5039,score-ball-3-in-play,5039-score-ball-3-in-play,1444083,1444083,1,,208
5040,score-ball-3-in-play,5040-score-ball-3-in-play,1444166,1444166,1,,13
5041,score-ball-3-in-play,5041-score-ball-3-in-play,1444233,1444233,1,,208
5042,score-ball-3-in-play,5042-score-ball-3-in-play,1444316,1444316,1,,13
5043,score-ball-3-in-play,5043-score-ball-3-in-play,1444366,1444366,1,,208
5044,score-ball-3-in-play,5044-score-ball-3-in-play,1444450,1444450,1,,13
5045,score-ball-3-in-play,5045-score-ball-3-in-play,1444500,1444500,1,,208
5046,score-ball-3-in-play,5046-score-ball-3-in-play,1444583,1444583,1,,13
5047,score-ball-3-in-play,5047-score-ball-3-in-play,1444633,1444633,1,,208
5048,score-ball-3-in-play,5048-score-ball-3-in-play,1444716,1444716,1,,13
5049,score-ball-3-in-play,5049-score-ball-3-in-play,1444783,1444783,1,,208
5050,score-ball-3-in-play,5050-score-ball-3-in-play,1444833,1444833,1,,623
5051,score-ball-3-in-play,5051-score-ball-3-in-play,1445100,1445100,1,1 2 / JUGADOR BOLA,3827
5052,score-ball-3-in-play,5052-score-ball-3-in-play,1445133,1445133,1,,3
5053,score-ball-3-in-play,5053-score-ball-3-in-play,1445166,1445166,1,,590
5054,score-ball-3-in-play,5054-score-ball-3-in-play,1445266,1445266,1,,591
5055,score-ball-3-in-play,5055-score-ball-3-in-play,1445400,1445400,1,,590
5056,score-ball-3-in-play,5056-score-ball-3-in-play,1445516,1445516,1,,591
5057,score-ball-3-in-play,5057-score-ball-3-in-play,1445650,1445783,4,,591
5058,score-ball-3-in-play,5058-score-ball-3-in-play,1445916,1445916,1,,590
5059,score-ball-3-in-play,5059-score-ball-3-in-play,1446016,1446016,1,,591
5060,score-ball-3-in-play,5060-score-ball-3-in-play,1446166,1446166,1,,590
5061,score-ball-3-in-play,5061-score-ball-3-in-play,1446266,1446266,1,,591
5062,score-ball-3-in-play,5062-score-ball-3-in-play,1446400,1446400,1,,590
5063,score-ball-3-in-play,5063-score-ball-3-in-play,1446433,1450900,35,1 2 / JUGADOR BOLA,5063
5064,score-ball-3-in-play,5064-score-ball-3-in-play,1451066,1451066,1,,3
5065,score-ball-3-in-play,5065-score-ball-3-in-play,1451083,1451083,1,,13
5066,score-ball-3-in-play,5066-score-ball-3-in-play,1451150,1451150,1,,208
5067,score-ball-3-in-play,5067-score-ball-3-in-play,1451233,1451233,1,,13
5068,score-ball-3-in-play,5068-score-ball-3-in-play,1451283,1451283,1,,208
5069,score-ball-3-in-play,5069-score-ball-3-in-play,1451366,1451366,1,,13
5070,score-ball-3-in-play,5070-score-ball-3-in-play,1451416,1451433,2,,208
5071,score-ball-3-in-play,5071-score-ball-3-in-play,1451500,1451516,2,,13
5072,score-ball-3-in-play,5072-score-ball-3-in-play,1451550,1451550,1,,2139
5073,score-ball-3-in-play,5073-score-ball-3-in-play,1451566,1451566,1,,208
5074,score-ball-3-in-play,5074-score-ball-3-in-play,1451633,1451633,1,,2196
5075,score-ball-3-in-play,5075-score-ball-3-in-play,1451650,1451650,1,,13
5076,score-ball-3-in-play,5076-score-ball-3-in-play,1451700,1451700,1,,208
5077,score-ball-3-in-play,5077-score-ball-3-in-play,1451783,1451833,2,,212
5078,score-ball-3-in-play,5078-score-ball-3-in-play,1451850,1451916,2,,211
5079,score-ball-3-in-play,5079-score-ball-3-in-play,1451933,1451933,1,,13
5080,score-ball-3-in-play,5080-score-ball-3-in-play,1451983,1451983,1,,208
5081,score-ball-3-in-play,5081-score-ball-3-in-play,1452066,1452066,1,,13
5082,score-ball-3-in-play,5082-score-ball-3-in-play,1452116,1452116,1,,208
5083,score-ball-3-in-play,5083-score-ball-3-in-play,1452166,1452416,2,1 2 / JUGADOR BOLA,3727
5084,score-ball-3-in-play,5084-score-ball-3-in-play,1452450,1452450,1,1 2 / JUGADOR BOLA,5084
5085,score-ball-3-in-play,5085-score-ball-3-in-play,1452466,1452466,1,,3
5086,score-ball-3-in-play,5086-score-ball-3-in-play,1452500,1452500,1,,590
5087,score-ball-3-in-play,5087-score-ball-3-in-play,1452616,1452616,1,,591
5088,score-ball-3-in-play,5088-score-ball-3-in-play,1452750,1452750,1,,590
5089,score-ball-3-in-play,5089-score-ball-3-in-play,1452850,1452850,1,,591
5090,score-ball-3-in-play,5090-score-ball-3-in-play,1453000,1453000,1,,590
5091,score-ball-3-in-play,5091-score-ball-3-in-play,1453100,1453100,1,,591
5092,score-ball-3-in-play,5092-score-ball-3-in-play,1453233,1453233,1,,590
5093,score-ball-3-in-play,5093-score-ball-3-in-play,1453350,1453350,1,,591
5094,score-ball-3-in-play,5094-score-ball-3-in-play,1453483,1453483,1,,590
5095,score-ball-3-in-play,5095-score-ball-3-in-play,1453600,1453766,4,,5095
5096,score-ball-3-in-play,5096-score-ball-3-in-play,1453783,1458233,37,1 2 / JUGADOR BOLA,5096
5097,score-ball-3-in-play,5097-score-ball-3-in-play,1458400,1458400,1,,3
5098,score-ball-3-in-play,5098-score-ball-3-in-play,1458433,1458433,1,,13
5099,score-ball-3-in-play,5099-score-ball-3-in-play,1458483,1458483,1,,208
5100,score-ball-3-in-play,5100-score-ball-3-in-play,1458566,1458566,1,,13
5101,score-ball-3-in-play,5101-score-ball-3-in-play,1458616,1458616,1,,208
5102,score-ball-3-in-play,5102-score-ball-3-in-play,1458700,1458700,1,,13
5103,score-ball-3-in-play,5103-score-ball-3-in-play,1458766,1458766,1,,208
5104,score-ball-3-in-play,5104-score-ball-3-in-play,1458850,1458850,1,,13
5105,score-ball-3-in-play,5105-score-ball-3-in-play,1458900,1458900,1,,208
5106,score-ball-3-in-play,5106-score-ball-3-in-play,1458983,1458983,1,,13
5107,score-ball-3-in-play,5107-score-ball-3-in-play,1459033,1459033,1,,208
5108,score-ball-3-in-play,5108-score-ball-3-in-play,1459116,1459116,1,,13
5109,score-ball-3-in-play,5109-score-ball-3-in-play,1459166,1459166,1,,208
5110,score-ball-3-in-play,5110-score-ball-3-in-play,1459250,1459250,1,,13
5111,score-ball-3-in-play,5111-score-ball-3-in-play,1459316,1459316,1,,208
5112,score-ball-3-in-play,5112-score-ball-3-in-play,1459400,1459400,1,,13
5113,score-ball-3-in-play,5113-score-ball-3-in-play,1459450,1459466,2,,208
5114,score-ball-3-in-play,5114-score-ball-3-in-play,1459500,1459766,4,1 2 / JUGADOR BOLA,5114
5115,score-ball-3-in-play,5115-score-ball-3-in-play,1459783,1459800,2,,3758
5116,score-ball-3-in-play,5116-score-ball-3-in-play,1459816,1459816,1,,3
5117,score-ball-3-in-play,5117-score-ball-3-in-play,1459850,1459850,1,,590
5118,score-ball-3-in-play,5118-score-ball-3-in-play,1459950,1459950,1,,591
5119,score-ball-3-in-play,5119-score-ball-3-in-play,1460083,1460083,1,,590
5120,score-ball-3-in-play,5120-score-ball-3-in-play,1460200,1460200,1,,591
5121,score-ball-3-in-play,5121-score-ball-3-in-play,1460333,1460333,1,,590
5122,score-ball-3-in-play,5122-score-ball-3-in-play,1460450,1460450,1,,591
5123,score-ball-3-in-play,5123-score-ball-3-in-play,1460583,1460583,1,,590
5124,score-ball-3-in-play,5124-score-ball-3-in-play,1460700,1460700,1,,591
5125,score-ball-3-in-play,5125-score-ball-3-in-play,1460833,1460833,1,,590
5126,score-ball-3-in-play,5126-score-ball-3-in-play,1460933,1460933,1,,591
5127,score-ball-3-in-play,5127-score-ball-3-in-play,1461083,1461083,1,,590
5128,score-ball-3-in-play,5128-score-ball-3-in-play,1461100,1487933,176,2 / 1 2 / JUGADOR BOLA,5128
5129,score-ball-3-drained-gameover,5129-score-ball-3-drained-gameover,1488116,1488116,1,1 2 / JUGADOR BOLA,5129
5130,score-ball-3-drained-gameover,5130-score-ball-3-drained-gameover,1488233,1489350,4,1 3 / JUGADOR BOLA,304
5131,score-ball-3-drained-gameover,5131-score-ball-3-drained-gameover,1489383,1489400,2,1 3 / JUGADOR BOLA,5131
5132,score-ball-3-drained-gameover,5132-score-ball-3-drained-gameover,1489433,1489550,4,JUGADOR BOLA,5132
5133,score-ball-3-drained-gameover,5133-score-ball-3-drained-gameover,1489600,1489866,11,JUGADOR BOLA,5133
5134,score-ball-3-drained-gameover,5134-score-ball-3-drained-gameover,1489883,1489883,1,JUGADOR BOLA,5134
5135,score-ball-3-drained-gameover,5135-score-ball-3-drained-gameover,1489933,1489983,2,JUGADOR BOLA,5135
5136,score-ball-3-drained-gameover,5136-score-ball-3-drained-gameover,1490000,1490000,1,JUGADOR BOLA,5136
5137,score-ball-3-drained-gameover,5137-score-ball-3-drained-gameover,1490050,1490050,1,JUGADOR BOLA,5137
5138,score-ball-3-drained-gameover,5138-score-ball-3-drained-gameover,1490100,1490100,1,JUGADOR BOLA,5138
5139,score-ball-3-drained-gameover,5139-score-ball-3-drained-gameover,1490166,1490166,1,JUGADOR BOLA,5139
5140,score-ball-3-drained-gameover,5140-score-ball-3-drained-gameover,1490216,1490216,1,JUGADOR BOLA,5140
5141,score-ball-3-drained-gameover,5141-score-ball-3-drained-gameover,1490266,1490266,1,JUGADOR BOLA,5141
5142,score-ball-3-drained-gameover,5142-score-ball-3-drained-gameover,1490316,1490316,1,JUGADOR BOLA,5142
5143,score-ball-3-drained-gameover,5143-score-ball-3-drained-gameover,1490383,1490383,1,JUGADOR BOLA,5143
5144,score-ball-3-drained-gameover,5144-score-ball-3-drained-gameover,1490433,1490433,1,JUGADOR BOLA,5144
5145,score-ball-3-drained-gameover,5145-score-ball-3-drained-gameover,1490483,1490483,1,JUGADOR BOLA,5145
5146,score-ball-3-drained-gameover,5146-score-ball-3-drained-gameover,1490550,1490550,1,JUGADOR BOLA,5146
5147,score-ball-3-drained-gameover,5147-score-ball-3-drained-gameover,1490600,1490600,1,JUGADOR BOLA,5147
5148,score-ball-3-drained-gameover,5148-score-ball-3-drained-gameover,1490650,1490650,1,JUGADOR BOLA,5148
5149,score-ball-3-drained-gameover,5149-score-ball-3-drained-gameover,1490700,1490700,1,JUGADOR BOLA,5149
5150,score-ball-3-drained-gameover,5150-score-ball-3-drained-gameover,1490766,1490766,1,JUGADOR BOLA,5150
5151,score-ball-3-drained-gameover,5151-score-ball-3-drained-gameover,1490816,1490816,1,JUGADOR BOLA,5151
5152,score-ball-3-drained-gameover,5152-score-ball-3-drained-gameover,1490866,1490866,1,JUGADOR BOLA,5152
5153,score-ball-3-drained-gameover,5153-score-ball-3-drained-gameover,1490933,1490933,1,JUGADOR BOLA,5153
5154,score-ball-3-drained-gameover,5154-score-ball-3-drained-gameover,1490983,1490983,1,JUGADOR BOLA,5154
5155,score-ball-3-drained-gameover,5155-score-ball-3-drained-gameover,1491033,1491033,1,JUGADOR BOLA,5155
5156,score-ball-3-drained-gameover,5156-score-ball-3-drained-gameover,1491083,1491083,1,JUGADOR BOLA,5156
5157,score-ball-3-drained-gameover,5157-score-ball-3-drained-gameover,1491150,1491150,1,JUGADOR BOLA,5157
5158,score-ball-3-drained-gameover,5158-score-ball-3-drained-gameover,1491200,1491200,1,JUGADOR BOLA,5158
5159,score-ball-3-drained-gameover,5159-score-ball-3-drained-gameover,1491250,1491250,1,JUGADOR BOLA,5159
5160,score-ball-3-drained-gameover,5160-score-ball-3-drained-gameover,1491316,1491316,1,JUGADOR BOLA,5160
5161,score-ball-3-drained-gameover,5161-score-ball-3-drained-gameover,1491366,1491366,1,JUGADOR BOLA,5161
5162,score-ball-3-drained-gameover,5162-score-ball-3-drained-gameover,1491416,1491416,1,JUGADOR BOLA,5162
5163,score-ball-3-drained-gameover,5163-score-ball-3-drained-gameover,1491466,1491483,2,JUGADOR BOLA,5163
5164,score-ball-3-drained-gameover,5164-score-ball-3-drained-gameover,1491533,1491550,2,JUGADOR BOLA,5164
5165,score-ball-3-drained-gameover,5165-score-ball-3-drained-gameover,1491583,1491600,2,JUGADOR BOLA,5165
5166,score-ball-3-drained-gameover,5166-score-ball-3-drained-gameover,1491633,1491650,2,JUGADOR BOLA,5166
5167,score-ball-3-drained-gameover,5167-score-ball-3-drained-gameover,1491700,1491850,6,JUGADOR BOLA,5167
5168,score-ball-3-drained-gameover,5168-score-ball-3-drained-gameover,1491866,1491933,3,JUGADOR BOLA,5168
5169,score-ball-3-drained-gameover,5169-score-ball-3-drained-gameover,1491983,1491983,1,JUGADOR BOLA,5169
5170,score-ball-3-drained-gameover,5170-score-ball-3-drained-gameover,1492033,1493850,22,1 3 / JUGADOR BOLA,5170
5171,score-recover-wait,5171-score-recover-wait,1494050,1543950,317,1 3 / JUGADOR BOLA,5171
5172,score-recover-plunge,5172-score-recover-plunge,1544166,1553883,66,1 3 / JUGADOR BOLA,5172
5173,score-recover-hits,5173-score-recover-hits,1554100,1554266,7,1 3 / JUGADOR BOLA,5173
5174,score-recover-hits,5174-score-recover-hits,1554300,1554300,1,,3
5175,score-recover-hits,5175-score-recover-hits,1554316,1556150,29,,227
5176,score-recover-hits,5176-score-recover-hits,1556166,1556166,1,1 3 / JUGADOR BOLA,362
5177,score-recover-hits,5177-score-recover-hits,1556200,1556750,13,2 6.515 / 1 3 / JUGADOR BOLA,5177
5178,score-recover-hits,5178-score-recover-hits,1556783,1557550,17,1 3 / JUGADOR BOLA,5178
5179,score-recover-hits,5179-score-recover-hits,1557600,1558400,10,1 3 / JUGADOR BOLA,5179
5180,score-recover-hits,5180-score-recover-hits,1558483,1558516,2,,197
5181,score-recover-hits,5181-score-recover-hits,1559033,1559033,1,,3
5182,score-recover-hits,5182-score-recover-hits,1559066,1585616,166,1 3 / JUGADOR BOLA,5182
5183,score-recover-drained,5183-score-recover-drained,1585633,1585866,4,1 3 / JUGADOR BOLA,5183
5184,score-recover-drained,5184-score-recover-drained,1585883,1586350,3,,5184
5185,score-recover-drained,5185-score-recover-drained,1587016,1587016,1,,5185
5186,score-recover-drained,5186-score-recover-drained,1587033,1587483,3,,367
5187,score-recover-drained,5187-score-recover-drained,1588150,1589300,5,2,5187
5188,score-recover-drained,5188-score-recover-drained,1590616,1590616,1,,3
5189,score-recover-drained,5189-score-recover-drained,1590683,1590683,1,,5189
5190,score-recover-drained,5190-score-recover-drained,1590766,1590766,1,,5190
5191,score-recover-drained,5191-score-recover-drained,1590850,1590850,1,,5191
5192,score-recover-drained,5192-score-recover-drained,1590933,1590933,1,,5192
5193,score-recover-drained,5193-score-recover-drained,1591016,1591016,1,,5193
5194,score-recover-drained,5194-score-recover-drained,1591083,1591616,20,INSCRIPCI0N / :A / JUGAD 1:,5194
5195,score-high-score-entry,5195-score-high-score-entry,1591633,1593100,57,INSCRIPCI0N / :D / JUG 1:,5195
5196,wheel-c1-fwd-00,5196-wheel-c1-fwd-00,1593133,1594616,59,INSCRIPCI0N / :G / JUG 1:,5196
5197,wheel-c1-fwd-01,5197-wheel-c1-fwd-01,1594650,1596116,58,INSCRIPCI0N / :J / JUG 1:,5197
5198,wheel-c1-fwd-02,5198-wheel-c1-fwd-02,1596150,1597616,55,INSCRIPCI0N / :M / JUG 1:,5198
5199,wheel-c1-fwd-03,5199-wheel-c1-fwd-03,1597633,1599116,57,INSCRIPCI0N / :0 / JUG 1:,5199
5200,wheel-c1-fwd-04,5200-wheel-c1-fwd-04,1599150,1601100,75,INSCRIPCI0N / :0A / JUG 1:,5200
5201,wheel-c1-fixed,5201-wheel-c1-fixed,1601133,1602616,59,INSCRIPCI0N / :0D / JUG 1:,5201
5202,wheel-c2-fwd-00,5202-wheel-c2-fwd-00,1602650,1604116,58,INSCRIPCI0N / :0F / JUG 1:,5202
5203,wheel-c2-fwd-01,5203-wheel-c2-fwd-01,1604150,1605616,55,INSCRIPCI0N / :0I / JUG 1:,5203
5204,wheel-c2-fwd-02,5204-wheel-c2-fwd-02,1605633,1607616,76,INSCRIPCI0N / :0IA / JUG 1:,5204
5205,wheel-c2-fixed,5205-wheel-c2-fixed,1607633,1609100,58,INSCRIPCI0N / :0I8 / JUG 1:,5205
5206,wheel-c3-erase-symbol,5206-wheel-c3-erase-symbol,1609133,1611616,94,INSCRIPCI0N / :0I8A / JUG 1:,5206
5207,wheel-c3-erase-tried,5207-wheel-c3-erase-tried,1611633,1613100,57,INSCRIPCI0N / :0I8D / JUG 1:,5207
5208,wheel-c3-refwd-00,5208-wheel-c3-refwd-00,1613133,1614616,59,INSCRIPCI0N / :0I8G / JUG 1:,5208
5209,wheel-c3-refwd-01,5209-wheel-c3-refwd-01,1614650,1616116,57,INSCRIPCI0N / :0I8J / JUG 1:,5209
5210,wheel-c3-refwd-02,5210-wheel-c3-refwd-02,1616150,1617616,55,INSCRIPCI0N / :0I8M / JUG 1:,5210
5211,wheel-c3-refwd-03,5211-wheel-c3-refwd-03,1617633,1622616,190,INSCRIPCI0N / :0I8MA / JUG 1:,5211
5212,wheel-c3-fixed,5212-wheel-c3-fixed,1622650,1628700,232,INSCRIPCI0N / :0I8MA / JU 1:,5212
5213,wheel-c3-fixed,5213-wheel-c3-fixed,1628716,1628716,1,,3
5214,score-lottery,5214-score-lottery,1628800,1634316,108,,5214
5215,score-press-start-normal,5215-score-press-start-normal,1634550,1634566,2,PRESS START,5215
5216,score-post-entry-wait,5216-score-post-entry-wait,1656033,1656033,1,,3
5217,score-post-entry-wait,5217-score-post-entry-wait,1656066,1656066,1,,5217
5218,score-post-entry-wait,5218-score-post-entry-wait,1656116,1656116,1,,5218
5219,score-post-entry-wait,5219-score-post-entry-wait,1656200,1656200,1,,5217
5220,score-post-entry-wait,5220-score-post-entry-wait,1656250,1656250,1,,5218
5221,score-post-entry-wait,5221-score-post-entry-wait,1656333,1656333,1,,5217
5222,score-post-entry-wait,5222-score-post-entry-wait,1656400,1656400,1,,5218
5223,score-post-entry-wait,5223-score-post-entry-wait,1656466,1656466,1,,5217
5224,score-post-entry-wait,5224-score-post-entry-wait,1656533,1656533,1,,5218
5225,score-post-entry-wait,5225-score-post-entry-wait,1656616,1656616,1,,5217
5226,score-post-entry-wait,5226-score-post-entry-wait,1656666,1656666,1,,5218
5227,score-post-entry-wait,5227-score-post-entry-wait,1656750,1656750,1,,5217
5228,score-post-entry-wait,5228-score-post-entry-wait,1656800,1656800,1,,5218
5229,score-post-entry-wait,5229-score-post-entry-wait,1656883,1656883,1,,5229
5230,score-post-entry-wait,5230-score-post-entry-wait,1656916,1656916,1,,5230
5231,score-post-entry-wait,5231-score-post-entry-wait,1659083,1659083,1,,3
5232,score-post-entry-wait,5232-score-post-entry-wait,1659200,1659200,1,,6
5233,score-post-entry-wait,5233-score-post-entry-wait,1659250,1668116,387,,8
5234,score-post-entry-wait,5234-score-post-entry-wait,1668150,1668150,1,,3
5235,score-post-entry-wait,5235-score-post-entry-wait,1668166,1669616,3,,10
5236,score-post-entry-wait,5236-score-post-entry-wait,1671033,1673900,3,,5236
5237,score-post-entry-wait,5237-score-post-entry-wait,1673916,1673916,1,,12
5238,score-post-entry-wait,5238-score-post-entry-wait,1675333,1675333,1,,13
5239,score-attract-again,5239-score-attract-again,1676750,1676750,1,,3
5240,score-attract-again,5240-score-attract-again,1676783,1676933,4,,16
5241,score-attract-again,5241-score-attract-again,1677000,1677166,4,,16
5242,score-attract-again,5242-score-attract-again,1677216,1677383,4,,16
5243,score-attract-again,5243-score-attract-again,1677433,1678383,26,,20
5244,score-attract-again,5244-score-attract-again,1678433,1678433,1,,3
5245,score-attract-again,5245-score-attract-again,1678466,1678466,1,,23
5246,score-attract-again,5246-score-attract-again,1679316,1679316,1,,3
5247,score-attract-again,5247-score-attract-again,1679333,1680533,12,50 00,25
5248,score-attract-again,5248-score-attract-again,1681400,1681400,1,,3
5249,score-attract-again,5249-score-attract-again,1681433,1682616,13,00,27
5250,score-attract-again,5250-score-attract-again,1683500,1683500,1,. . / . .,5250
5251,score-attract-again,5251-score-attract-again,1683516,1683516,1,,3
5252,score-attract-again,5252-score-attract-again,1683533,1683900,16,00,5252
5253,score-attract-again,5253-score-attract-again,1684783,1684783,1,,3
5254,score-attract-again,5254-score-attract-again,1684800,1684800,1,,5254
5255,score-attract-again,5255-score-attract-again,1684916,1684916,1,,3
5256,score-attract-again,5256-score-attract-again,1685050,1685050,1,,5254
5257,score-attract-again,5257-score-attract-again,1685166,1685166,1,,3
5258,score-attract-again,5258-score-attract-again,1685300,1685300,1,,5254
5259,score-attract-again,5259-score-attract-again,1685400,1685400,1,,3
5260,score-attract-again,5260-score-attract-again,1685433,1685500,3,,5260
5261,score-attract-again,5261-score-attract-again,1686616,1686616,1,,3
5262,score-attract-again,5262-score-attract-again,1686650,1686650,1,,6
5263,score-attract-again,5263-score-attract-again,1686700,1695566,378,,8
5264,score-attract-again,5264-score-attract-again,1695583,1695583,1,,5264
5265,score-attract-again,5265-score-attract-again,1695600,1695600,1,,3
5266,score-attract-again,5266-score-attract-again,1695616,1695616,1,,33
5267,score-attract-again,5267-score-attract-again,1697050,1697050,1,,34
5268,score-attract-again,5268-score-attract-again,1698483,1699916,2,,5268
5269,score-attract-again,5269-score-attract-again,1699933,1701350,2,,36
5270,score-attract-again,5270-score-attract-again,1702766,1702766,1,,3
5271,score-attract-again,5271-score-attract-again,1702783,1702950,4,,16
5272,score-attract-again,5272-score-attract-again,1703016,1703166,4,,16
5273,score-attract-again,5273-score-attract-again,1703233,1703400,4,,16
5274,score-attract-again,5274-score-attract-again,1703450,1704400,25,,20
5275,score-attract-again,5275-score-attract-again,1704450,1704450,1,,3
5276,score-attract-again,5276-score-attract-again,1704466,1704466,1,,23
5277,score-attract-again,5277-score-attract-again,1705350,1708783,78,,45
5278,score-attract-again,5278-score-attract-again,1708850,1714383,125,,413
5279,score-attract-again,5279-score-attract-again,1714433,1714433,1,,3
5280,score-attract-again,5280-score-attract-again,1714466,1714466,1,,48
5281,score-attract-again,5281-score-attract-again,1714483,1714483,1,S.,49
5282,score-attract-again,5282-score-attract-again,1714516,1714516,1,S.M,50
5283,score-attract-again,5283-score-attract-again,1714550,1715166,23,S.MOONLIGHT / 300.000.000 / . .,51
5284,score-attract-again,5284-score-attract-again,1716066,1716066,1,,3
5285,score-attract-again,5285-score-attract-again,1716083,1717683,27,. . / . .,5285
5286,score-attract-again,5286-score-attract-again,1717700,1717700,1,,53
5287,score-attract-again,5287-score-attract-again,1717733,1717733,1,J.,54
5288,score-attract-again,5288-score-attract-again,1717766,1717766,1,,5288
5289,score-attract-again,5289-score-attract-again,1717783,1718433,26,J.SUNSHINE / 200.000.000 / . .,55
5290,score-attract-again,5290-score-attract-again,1719333,1719333,1,,6
5291,score-attract-again,5291-score-attract-again,1719400,1728250,387,,8
5292,score-attract-again,5292-score-attract-again,1728283,1728283,1,,3
5293,score-attract-again,5293-score-attract-again,1728316,1729750,3,,10
5294,score-attract-again,5294-score-attract-again,1731166,1732616,2,,11
5295,score-attract-again,5295-score-attract-again,1734050,1734050,1,,12
5296,score-attract-again,5296-score-attract-again,1735466,1735466,1,,13
5297,score-attract-again,5297-score-attract-again,1736883,1736883,1,,3
5298,score-attract-again,5298-score-attract-again,1736916,1737083,4,,16
5299,score-attract-again,5299-score-attract-again,1737133,1737300,4,,16
5300,score-attract-again,5300-score-attract-again,1737350,1738516,30,,20
5301,score-attract-again,5301-score-attract-again,1738566,1738566,1,,3
5302,score-attract-again,5302-score-attract-again,1738600,1738600,1,,23
5303,score-attract-again,5303-score-attract-again,1739466,1741466,31,,78
5304,score-attract-again,5304-score-attract-again,1741566,1744750,68,,79
5305,score-attract-again,5305-score-attract-again,1744800,1744800,1,,80
5306,score-attract-again,5306-score-attract-again,1744850,1747400,55,,81
5307,score-attract-again,5307-score-attract-again,1747450,1747566,6,,84
5308,score-attract-again,5308-score-attract-again,1747616,1747733,5,,87
5309,score-attract-again,5309-score-attract-again,1747783,1748933,25,,90
5310,score-attract-again,5310-score-attract-again,1749000,1749000,1,,91
5311,score-attract-again,5311-score-attract-again,1749050,1749050,1,,92
5312,score-attract-again,5312-score-attract-again,1749100,1749100,1,,93
5313,score-attract-again,5313-score-attract-again,1749166,1749166,1,,94
5314,score-attract-again,5314-score-attract-again,1749216,1749216,1,,95
5315,score-attract-again,5315-score-attract-again,1749266,1749266,1,,96
5316,score-attract-again,5316-score-attract-again,1749316,1749316,1,,97
5317,score-attract-again,5317-score-attract-again,1749383,1749383,1,,98
5318,score-attract-again,5318-score-attract-again,1749433,1749433,1,,99
5319,score-attract-again,5319-score-attract-again,1749483,1749500,2,,100
5320,score-attract-again,5320-score-attract-again,1749550,1749883,13,,107
5321,score-attract-again,5321-score-attract-again,1749933,1749983,2,,5321
5322,score-attract-again,5322-score-attract-again,1750000,1750000,1,,109
5323,score-attract-again,5323-score-attract-again,1750050,1750050,1,,110
5324,score-attract-again,5324-score-attract-again,1750100,1750100,1,,111
5325,score-attract-again,5325-score-attract-again,1750166,1750166,1,,112
5326,score-attract-again,5326-score-attract-again,1750216,1750216,1,,113
5327,score-attract-again,5327-score-attract-again,1750266,1750266,1,,114
5328,score-attract-again,5328-score-attract-again,1750316,1750316,1,,115
5329,score-attract-again,5329-score-attract-again,1750383,1750383,1,,116
5330,score-attract-again,5330-score-attract-again,1750433,1750433,1,,117
5331,score-attract-again,5331-score-attract-again,1750483,1750483,1,,118
5332,score-attract-again,5332-score-attract-again,1750550,1750550,1,,469
5333,score-attract-again,5333-score-attract-again,1750600,1750600,1,,470
5334,score-attract-again,5334-score-attract-again,1750650,1750650,1,,471
5335,score-attract-again,5335-score-attract-again,1750700,1750700,1,,119
5336,score-attract-again,5336-score-attract-again,1750766,1750766,1,,120
5337,score-attract-again,5337-score-attract-again,1750816,1750816,1,,121
5338,score-attract-again,5338-score-attract-again,1750866,1750866,1,,122
5339,score-attract-again,5339-score-attract-again,1750933,1750933,1,,123
5340,score-attract-again,5340-score-attract-again,1750983,1750983,1,,124
5341,score-attract-again,5341-score-attract-again,1751033,1751033,1,,125
5342,score-attract-again,5342-score-attract-again,1751083,1751083,1,,126
5343,score-attract-again,5343-score-attract-again,1751150,1751150,1,,127
5344,score-attract-again,5344-score-attract-again,1751200,1751200,1,,128
5345,score-attract-again,5345-score-attract-again,1751283,1751283,1,,5254
5346,score-attract-again,5346-score-attract-again,1751400,1751400,1,,3
5347,score-attract-again,5347-score-attract-again,1751533,1751550,2,,5254
5348,score-attract-again,5348-score-attract-again,1751633,1751633,1,,5348
5349,score-attract-again,5349-score-attract-again,1751650,1751650,1,,3
5350,score-attract-again,5350-score-attract-again,1751783,1751883,2,,5350
5351,score-attract-again,5351-score-attract-again,1751900,1751900,1,,3
5352,score-attract-again,5352-score-attract-again,1751916,1751983,3,,5260
5353,score-attract-again,5353-score-attract-again,1753133,1753133,1,,3
5354,score-attract-again,5354-score-attract-again,1753166,1753166,1,,6
5355,score-attract-again,5355-score-attract-again,1753216,1762083,387,,8
5356,score-attract-again,5356-score-attract-again,1762100,1762100,1,,3
5357,score-attract-again,5357-score-attract-again,1762133,1763566,3,,10
5358,score-attract-again,5358-score-attract-again,1765000,1767866,4,,12
5359,score-attract-again,5359-score-attract-again,1769300,1769300,1,,13
5360,score-attract-again,5360-score-attract-again,1770700,1770700,1,,3
5361,score-attract-again,5361-score-attract-again,1770733,1770900,4,,16
5362,score-attract-again,5362-score-attract-again,1770950,1771116,4,,16
5363,score-attract-again,5363-score-attract-again,1771166,1771333,4,,16
5364,score-attract-again,5364-score-attract-again,1771400,1771566,6,,16
5365,score-attract-again,5365-score-attract-again,1771616,1772333,19,,20
5366,score-attract-again,5366-score-attract-again,1772400,1772400,1,,3
5367,score-attract-again,5367-score-attract-again,1772416,1772416,1,,23
5368,score-attract-again,5368-score-attract-again,1773266,1773266,1,,3
5369,score-attract-again,5369-score-attract-again,1773300,1774483,12,50 00,25
5370,score-attract-again,5370-score-attract-again,1775366,1775366,1,,3
5371,score-attract-again,5371-score-attract-again,1775400,1776583,13,00,27
5372,score-attract-again,5372-score-attract-again,1777466,1777466,1,,3
5373,score-attract-again,5373-score-attract-again,1777483,1777850,17,00,5252
5374,score-attract-again,5374-score-attract-again,1778733,1778733,1,,3
5375,score-attract-again,5375-score-attract-again,1778766,1778766,1,,5254
5376,score-attract-again,5376-score-attract-again,1778866,1778866,1,,3
5377,score-attract-again,5377-score-attract-again,1779016,1779016,1,,5254
5378,score-attract-again,5378-score-attract-again,1779116,1779116,1,,3
5379,score-attract-again,5379-score-attract-again,1779250,1779250,1,,5254
5380,score-attract-again,5380-score-attract-again,1779366,1779366,1,,3
5381,score-attract-again,5381-score-attract-again,1779400,1779450,2,,5260
5382,score-attract-again,5382-score-attract-again,1780583,1780583,1,,3
5383,score-attract-again,5383-score-attract-again,1780616,1780616,1,,6
5384,score-attract-again,5384-score-attract-again,1780666,1789533,378,,8
5385,score-attract-again,5385-score-attract-again,1789550,1789550,1,,3
5386,score-attract-again,5386-score-attract-again,1789566,1789583,2,,33
5387,score-attract-again,5387-score-attract-again,1791016,1791016,1,,34
5388,score-attract-again,5388-score-attract-again,1792450,1793866,2,,5268
5389,score-attract-again,5389-score-attract-again,1793883,1795316,2,,36
5390,score-attract-again,5390-score-attract-again,1796716,1796716,1,,3
5391,score-attract-again,5391-score-attract-again,1796750,1796916,4,,16
5392,score-attract-again,5392-score-attract-again,1796966,1797133,4,,16
5393,score-attract-again,5393-score-attract-again,1797183,1797350,4,,16
5394,score-attract-again,5394-score-attract-again,1797400,1798350,26,,20
5395,score-attract-again,5395-score-attract-again,1798400,1798400,1,,3
5396,score-attract-again,5396-score-attract-again,1798433,1798433,1,,23
5397,score-attract-again,5397-score-attract-again,1799316,1802733,79,,45
5398,score-attract-again,5398-score-attract-again,1802816,1808333,125,,413
5399,score-attract-again,5399-score-attract-again,1808400,1808400,1,,3
5400,score-attract-again,5400-score-attract-again,1808416,1808416,1,,48
5401,score-attract-again,5401-score-attract-again,1808450,1808450,1,S.,49
5402,score-attract-again,5402-score-attract-again,1808466,1808466,1,S.M,50
5403,score-attract-again,5403-score-attract-again,1808500,1809133,23,S.MOONLIGHT / 300.000.000 / . .,51
5404,score-attract-again,5404-score-attract-again,1810016,1810016,1,,3
5405,score-attract-again,5405-score-attract-again,1810050,1811633,27,. . / . .,5285
5406,score-attract-again,5406-score-attract-again,1811650,1811650,1,,3
5407,score-attract-again,5407-score-attract-again,1811666,1811666,1,,53
5408,score-attract-again,5408-score-attract-again,1811700,1811700,1,J.,54
5409,score-attract-again,5409-score-attract-again,1811716,1812400,28,J.SUNSHINE / 200.000.000 / . .,55
5410,score-attract-again,5410-score-attract-again,1813300,1813300,1,,6
