0x0000013c
00000000000000000000000000000000000000000000000000000000000000000000000000000000000000000000000000000000000000000000000000000000
00000000000000000000000000000000000000000000000000000000000000000000000000000000000000000000000000000000000000000000000000000000
00000000000000000000000000000000000000000000000000000000000000000000000000000000000000000000000000000000000000000000000000000000
00000000000000000000000000000000000000000000000000000000000000000000000000000000000000000000000000000000000000000000000000000000
00000000000000000000000000000000000000000000000000000000000000000000000000000000000000000000000000000000000000000000000000000000
00000000000000000000000000000000000000000000000000000000000000000000000000000000000000000000000000000000000000000000000000000000
00000000000000000000000000000000000000000000000000000000000000000000000000000000000000000000000000000000000000000000000000000000
00000000000000000000000000000000000000000000000000000000000000000000000000000000000000000000000000000000000000000000000000000000
00000000000000000000000000000000000000000000000000000000000000000000000000000000000000000000000000000000000000000000000000000000
00000000000000000000000030000030003330000033330003333330003333003300033000333330000000000000000000000000000000000000000000000000
00000000000000000000000033030330033333000033330003333330003333003330033003333330000000000000000000000000000000000000000000000000
00000000000000000000000033030330333033300003300000033000000330003333033033300000000000000000000000000000000000000000000000000000
00000000000000000000000033333330330003300003300000033000000330003333333033003330000000000000000000000000000000000000000000000000
00000000000000000000000003333300333333300003300000033000000330003303333033300330000000000000000000000000000000000000000000000000
00000000000000000000000003303300330003300033330000033000003333003300333003333330000000000000000000000000000000000000000000000000
00000000000000000000000003000300330003300033330000033000003333003300033000333330000000000000000000000000000000000000000000000000
00000000000000000000000000000000000000000000000000000000000000000000000000000000000000000000000000000000000000000000000000000000
00000000000000000000000000000000000000000000000000000000000000000000000000000000000000000000000000000000000000000000000000000000
00000000000000000000000000000000000000000000000000000000000000000000000000000000000000000000000000000000000000000000000000000000
00000000000000000000000000000000000000000000000000000000000000000000000000000000000000000000000000000000000000000000000000000000
00000000000000000000000000000000000000000000000000000000000000000000000000000000000000000000000000000000000000000000000000000000
00000000000000000000000000000000000000000000000000000000000000000000000000000000000000000000000000000000000000000000000000000000
00000000000000000000000000000000000000000000000000000000000000000000000000000000000000000000000000000000000000000000000000000000
00000000000000000000000000000000000000000000000000000000000000000000000000000000000000000000000000000000000000000000000000000000
00000000000000000000000000000000000000000000000000000000000000000000000000000000000000000000000000000000000000000000000000000000
00000000000000000000000000000000000000000000000000000000000000000000000000000000000000000000000000000000000000000000000000000000
00000000000000000000000000000000000000000000000000000000000000000000000000000000000000000000000000000000000000000000000000000000
00000000000000000000000000000000000000000000000000000000000000000000000000000000000000000000000000000000000000000000000000000000
00000000000000000000000000000000000000000000000000000000000000000000000000000000000000000000000000000000000000000000000000000000
00000000000000000000000000000000000000000000000000000000000000000000000000000000000000000000000000000000000000000000000000000000
00000000000000000000000000000000000000000000000000000000000000000000000000000000000000000000000000000000000000000000000000000000
00000000000000000000000000000000000000000000000000000000000000000000000000000000000000000000000000000000000000000000000000000000

0x0000014d
00000000000000000000000000000000000000000000000000000000000000000000000000000000000000000000000000000000000000000000000000000000
00000000000000000000000000000000000000000000000000000000000000000000000000000000000000000000000000000000000000000000000000000000
00000000000000000000000000000000000000000000000000000000000000000000000000000000000000000000000000000000000000000000000000000000
00000000000000000000000000000000000000000000000000000000000000000000000000000000000000000000000000000000000000000000000000000000
00000000000000000000000000000000000000000000000000000000000000000000000000000000000000000000000000000000000000000000000000000000
00000000000000000000000000000000000000000000000000000000000000000000000000000000000000000000000000000000000000000000000000000000
00000000000000000000000000000000000000000000000000000000000000000000000000000000000000000000000000000000000000000000000000000000
00000000000000000000000000000000000000000000000000000000000000000000000000000000000000000000000000000000000000000000000000000000
00000000000000000000000000000000000000000000000000000000000000000000000000000000000000000000000000000000000000000000000000000000
00000000000000000000000030000030003330000033330003333330003333003300033000333330000000003333333003333300333333000000000000000000
00000000000000000000000033030330033333000033330003333330003333003330033003333330000000003333333033333330333333300000000000000000
00000000000000000000000033030330333033300003300000033000000330003333033033300000000000003300000033000330330003300000000000000000
00000000000000000000000033333330330003300003300000033000000330003333333033003330000000003333300033000330330033300000000000000000
00000000000000000000000003333300333333300003300000033000000330003303333033300330000000003333300033000330333330000000000000000000
00000000000000000000000003303300330003300033330000033000003333003300333003333330000000003300000033333330330333000000000000000000
00000000000000000000000003000300330003300033330000033000003333003300033000333330000000003300000003333300330033300000000000000000
00000000000000000000000000000000000000000000000000000000000000000000000000000000000000000000000000000000000000000000000000000000
00000000000000000000000000000000000000000000000000000000000000000000000000000000000000000000000000000000000000000000000000000000
00000000000000000000000000000000000000000000000000000000000000000000000000000000000000000000000000000000000000000000000000000000
00000000000000000000000000000000000000000000000000000000000000000000000000000000000000000000000000000000000000000000000000000000
00000000000000000000000000000000000000000000000000000000000000000000000000000000000000000000000000000000000000000000000000000000
00000000000000000000000003333000000000003333330000333300033333300333330000000000003333003333330033000330000000000000000000000000
00000000000000000000000033003300000000003333333000333300033333303333333000000000033333303333333033000330000000000000000000000000
00000000000000000000000033333300000000003300333000033000000330003330000000000000330003303300033033000330000000000000000000000000
00000000000000000000000003333000000000003333330000033000000330000333330000000000330000003333333033000330000000000000000000000000
00000000000000000000000033033330000000003300333000033000000330000000333000000000333003303333330033303330000000000000000000000000
00000000000000000000000033000330000000003333333000333300000330003333333000000000033333303300000033333330000000000000000000000000
00000000000000000000000003333300000000003333330000333300000330000333330000000000003333003300000003333300000000000000000000000000
00000000000000000000000000000000000000000000000000000000000000000000000000000000000000000000000000000000000000000000000000000000
00000000000000000000000000000000000000000000000000000000000000000000000000000000000000000000000000000000000000000000000000000000
00000000000000000000000000000000000000000000000000000000000000000000000000000000000000000000000000000000000000000000000000000000
00000000000000000000000000000000000000000000000000000000000000000000000000000000000000000000000000000000000000000000000000000000

0x0000029a
00000000000000000000000000000000000000000000000000000000000000000000000000000000000000000000000000000000000000000000000000000000
00000000000000000000000000000000000000000000000000000000000000000000000000000000000000000000000000000000000000000000000000000000
00000000000000000000000000000000000000000000000000000000000000000000000000000000000000000000000000000000000000000000000000000000
00000000000000000000000000000000000000000000000000000000000000000000000000000000000000000000000000000000000000000000000000000000
00000000000000000000000000000000000000000000000000000000000000000000000000000000000000000000000000000000000000000000000000000000
00000000000000000000000000000000000000000000000000000000000000000000000000000000000000000000000000000000000000000000000000000000
00000000000000000000000000000000000000000000000000000000000000000000000000000000000000000000000000000000000000000000000000000000
00000000000000000000000000000000000000000000000000000000000000000000000000000000000000000000000000000000000000000000000000000000
00000000000000000000000000000000000000000000000000000000000000000000000000000000000000000000000000000000000000000000000000000000
00000000000000000000000000000000000000000000000000000000000000000000000000000000000000000000000000000000000000000000000000000000
00000000000000000000000000000000000000000000000000000000000000000000000000000000000000000000000000000000000000000000000000000000
00000000000000000000000000000000000000000000000000000000000000000000000000000000000000000000000000000000000000000000000000000000
00000000000000000000000000000000333333000033300033000000330000000333330000000000033333003300033000000000000000000000000000000000
00000000000000000000000000000000333333300333330033000000330000003333333000000000333333303300333000000000000000000000000000000000
00000000000000000000000000000000330033303330333033000000330000003330000000000000330003303303330000000000000000000000000000000000
00000000000000000000000000000000333333003300033033000000330000000333330000000000330003303333300000000000000000000000000000000000
00000000000000000000000000000000330033303333333033000000330000000000333000000000330003303333330000000000000000000000000000000000
00000000000000000000000000000000333333303300033033333300333333003333333000000000333333303303333000000000000000000000000000000000
00000000000000000000000000000000333333003300033033333300333333000333330000000000033333003300333000000000000000000000000000000000
00000000000000000000000000000000000000000000000000000000000000000000000000000000000000000000000000000000000000000000000000000000
00000000000000000000000000000000000000000000000000000000000000000000000000000000000000000000000000000000000000000000000000000000
00000000000000000000000000000000000000000000000000000000000000000000000000000000000000000000000000000000000000000000000000000000
00000000000000000000000000000000000000000000000000000000000000000000000000000000000000000000000000000000000000000000000000000000
00000000000000000000000000000000000000000000000000000000000000000000000000000000000000000000000000000000000000000000000000000000
00000000000000000000000000000000000000000000000000000000000000000000000000000000000000000000000000000000000000000000000000000000
00000000000000000000000000000000000000000000000000000000000000000000000000000000000000000000000000000000000000000000000000000000
00000000000000000000000000000000000000000000000000000000000000000000000000000000000000000000000000000000000000000000000000000000
00000000000000000000000000000000000000000000000000000000000000000000000000000000000000000000000000000000000000000000000000000000
00000000000000000000000000000000000000000000000000000000000000000000000000000000000000000000000000000000000000000000000000000000
00000000000000000000000000000000000000000000000000000000000000000000000000000000000000000000000000000000000000000000000000000000
00000000000000000000000000000000000000000000000000000000000000000000000000000000000000000000000000000000000000000000000000000000
00000000000000000000000000000000000000000000000000000000000000000000000000000000000000000000000000000000000000000000000000000000

0x000006f7
00000000000000000000000000000000000000000000000000000000000000000000000000000000000000000000000000000000000000000000000000000000
00000000000000000000000000000000000000000000000000000000000000000000000000000000000000000000000000000000000000000000000000000000
00000000000000000000000000000000000000000000000000000000000000000000000000000000000000000000000000000000000000000000000000000000
00000000000000000000000000000000000000000000000000000000000000000000000000000000000000000000000000000000000000000000000000000000
00000000000000000000000000000000000000000000000000000000000000000000000000000000000000000000000000000000000000000000000000000000
00000000000000000000000000000000000000000000000000000000000000000000000000000000000000000000000000000000000000000000000000000000
00000000000000000000000000000000000000000000000000000000000000000000000000000000000000000000000000000000000000000000000000000000
00000000000000000000000000000000000000000000000000000000000000000000000000000000000000000000000000000000000000000000000000000000
00000000000000000000000000000000000000000000000000000000000000000000000000000000000000000000000000000000000000000000000000000000
00000000000000000000000000000000000000000000000000000000000000000000000000000000000000000000000000000000000000000000000000000000
00000000000000000000000000000000000000000000000000000000000000000000000000000000000000000000000000000000000000000000000000000000
00000000000000000000000000000000000000000000000000000000000000000000000000000000000000000000000000000000000000000000000000000000
00000000000000000000000000000000000000000000000000000000000000000000000000000000000000000000000000000000000000000000000000000000
00000000000000000000000000000000000000000000000000000000000000000000000000000000000000000000000000000000000000000000000000000000
00000000000000000000000000000000000000000000000000000000000000000000000000000000000000000000000000000000000000000000000000000000
00000000000000000000000000000000000000000000000000000000000000000000000000000000000000000000000000000000000000000000000000000000
00000000000000000000000000000000000000000000000000000000000000000000000000000000000000000000000000000000000000000000000000000000
00000000000000000000000000000000000000000000000000000000000000000000000000000000000000000000000000000000000000000000000000000000
00000000000000000000000000000000000000000000000000000000000000000000000000000000000000000000000000000000000000000000000000000000
00000000000000000000000000000000000000000000000000000000000000000000000000000000000000000000000000000000000000000000000000000000
00000000000000000000000000000000000000000000000000000000000000000000000000000000000000000000000000000000000000000000000000000000
00000000000000000000000000000000000000000000000000000000000000000000000000000000000000000000000000000000000000000000000000000000
00000000000000000000000000000000000000000000000000000000000000000000000000000000000000000000000000000000000000000000000000000000
00000000000000000000000000000000000000000000000000000000000000000000000000000000000000000000000000000000000000000000000000000000
00000000000000000000000000000000000000000000000000000000000000000000000000000000000000000000000000000000000000000000000000000000
00000000000000000000000000000000000000000000000000000000000000000000000000000000000000000000000000000000000000000000000000000000
00000000000000000000000000000000000000000000000000000000000000000000000000000000000000000000000000000000000000000000000000000000
00000000000000000000000000000000000000000000000000000000000000000000000000000000000000000000000000000000000000000000000000000000
00000000000000000000000000000000000000000000000000000000000000000000000000000000000000000000000000000000000000000000000000000000
00000000000000000000000000000000000000000000000000000000000000000000000000000000000000000000000000000000000000000000000000000000
00000000000000000000000000000000000000000000000000000000000000000000000000000000000000000000000000000000000000000000000000000000
00000000000000000000000000000000000000000000000000000000000000000000000000000000000000000000000000000000000000000000000000000000

0x00000718
00000000000000000000000000000000000000000000000000000000000000000000000000000000000000000000000000000000000000000000000000000000
00000000000000000000000000000000000000000000000000000000000000000000000000000000000000000000000000000000000000000000000000000000
00000000000000000000000000000000000000000000000000000000000000000000000000000000000000000000000000000000000000000000000000000000
00000000000000000000000000000000000000000000000000000000000000000000000000000000000000000000000000000000000000000000000000000000
00000000000000000000000000000000000000000000000000000000000000000000000000000000000000000000000000000000000000000000000000000000
00003333333333333100000000000000000000000333333320000002333333300000000000000000000000000000000000000000033333300000023333330000
00003133133313313200000122221000000000000313313320000003331331300000000122221000000000000001222210000000231331310000223133130000
00003333333333333220013333333310000000000333333331000003333333300000013333333310000000000133333333100002233333330002223333330000
00001133333333311222233333333333100000000333333332000013333333300002233333333333100000022333333333331022233333331022213333330000
00000131333331311122233333333333300000000333333332000023333333300022233333333333300000222333333333333022133333332222113333330000
00000033333333321122223333333333320000000333333333000033333333300122223333333333320001222233333333333221133333333221113333330000
00000033333333321122223333333333331000000313333313100131333331300122223333333333331001222233333333333321000000000000000000000000
00000000000000000000000000000000000000000000000000000000000000000000000000000000000000000000000000000000000000000000000000000000
00000000000000000000000000000000000000000000000000000000000000000000000000000000000000000000000000000000000000000000000000000000
00000000000000000000000000000000000000000000000000000000000000000000000000000000000000000000000000000000000000000000000000000000
00000000000000000000000000000000000000000000000000000000000000000000000000000000000000000000000000000000000000000000000000000000
00000000000000000000000000000000000000000000000000000000000000000000000000000000000000000000000000000000000000000000000000000000
00000000000000000000000000000000000000000000000000000000000000000000000000000000000000000000000000000000000000000000000000000000
00000000000000000000000000000000000000000000000000000000000000000000000000000000000000000000000000000000000000000000000000000000
00000000000000000000000000000000000000000000000000000000000000000000000000000000000000000000000000000000000000000000000000000000
00000000000000000000000000000000000000000000000000000000000000000000000000000000000000000000000000000000000000000000000000000000
00000000000000000000000000000000000000000000000000000000000000000000000000000000000000000000000000000000000000000000000000000000
00000000000000000000000000000000000000000000000000000000000000000000000000000000000000000000000000000000000000000000000000000000
00000000000000000000000000000000000000000000000000000000000000000000000000000000000000000000000000000000000000000000000000000000
00000000000000000000000000000000000000000000000000000000000000000000000000000000000000000000000000000000000000000000000000000000
00000000000000000000000000000000000000000000000000000000000000000000000000000000000000000000000000000000000000000000000000000000
00000000000000000000000000000000000000000000000000000000000000000000000000000000000000000000000000000000000000000000000000000000
00000000000000000000000000000000000000000000000000000000000000000000000000000000000000000000000000000000000000000000000000000000
00000000000000000000000000000000000000000000000000000000000000000000000000000000000000000000000000000000000000000000000000000000
00000000000000000000000000000000000000000000000000000000000000000000000000000000000000000000000000000000000000000000000000000000
00000000000000000000000000000000000000000000000000000000000000000000000000000000000000000000000000000000000000000000000000000000
00000000000000000000000000000000000000000000000000000000000000000000000000000000000000000000000000000000000000000000000000000000

0x00000729
00000000000000000000000000000000000000000000000000000000000000000000000000000000000000000000000000000000000000000000000000000000
00000000000000000000000000000000000000000000000000000000000000000000000000000000000000000000000000000000000000000000000000000000
00000000000000000000000000000000000000000000000000000000000000000000000000000000000000000000000000000000000000000000000000000000
00000000000000000000000000000000000000000000000000000000000000000000000000000000000000000000000000000000000000000000000000000000
00000000000000000000000000000000000000000000000000000000000000000000000000000000000000000000000000000000000000000000000000000000
00003333333333333100000000000000000000000333333320000002333333300000000000000000000000000000000000000000033333300000023333330000
00003133133313313200000122221000000000000313313320000003331331300000000122221000000000000001222210000000231331310000223133130000
00003333333333333220013333333310000000000333333331000003333333300000013333333310000000000133333333100002233333330002223333330000
00001133333333311222233333333333100000000333333332000013333333300002233333333333100000022333333333331022233333331022213333330000
00000131333331311122233333333333300000000333333332000023333333300022233333333333300000222333333333333022133333332222113333330000
00000033333333321122223333333333320000000333333333000033333333300122223333333333320001222233333333333221133333333221113333330000
00000033333333321122223333333333331000000313333313100131333331300122223333333333331001222233333333333321131333313311113133130000
00000033333333321122222233333333333100000333333333100233333333301122222233333333333101222222333333333331133333333331113333330000
00000033333333321122222233333333333100000333333333200333333333301122222233333333333101222222333333333333133333333333113333330000
00000031333331321122222223333333333100000333333333200333333333301122222223333333333301222222233333333333133333333333313333330000
00000033333333231122222222333333333100000333333233311333323333301122222222333333333301222222223333333333133333333331323333330000
00000033333332231112222223333333333200000333333222211333223333301112222223333333333301122222233333333332133333332333333333320000
00000033333322231111122222223333333200000313312221222313222131301111122222223333333201111222222233333332133333322333333333220000
00000033333222231111122222222322322100000333322122222332212333201111122222222322322201111222222223223222131333121331333332120000
00000031332221231111111222222222222000000333222112222222112332201111111222222222222001111112222222222221133332221133333322220000
00000033322222233111111222222222222000000332222112222231112322200111111222222222222000111112222222222221133322221113333222220000
00000033222222233311111111222222221000000222222102222231012222200111111111222222221000111111112222222211133222221113332222220000
00002222222222222211111111112122210000000222222102232221012222200011111111112122210000011111111121222111122222221111322222220000
00002122122221221231111111111111100000000212212102122121012121200001111111111111100000001111111111111011122222221111132222220000
00002222222222222233111111111110000000000222222102222221012222200000111111111110000000000111111111100011121222120111112122120000
00000111111111111113311111111100000000000111111101111111011111100000001111111100000000000001111111000011122222220011112222220000
00000011111111111111300000000000000000000011111100111111011111000000000000000000000000000000000000000011111111100001111111110000
00000000000000000000000000000000000000000000000000000000000000000000000000000000000000000000000000000011111111000000111111100000
00000000000000000000000000000000000000000000000000000000000000000000000000000000000000000000000000000000000000000000000000000000
00000000000000000000000000000000000000000000000000000000000000000000000000000000000000000000000000000000000000000000000000000000
00000000000000000000000000000000000000000000000000000000000000000000000000000000000000000000000000000000000000000000000000000000
00000000000000000000000000000000000000000000000000000000000000000000000000000000000000000000000000000000000000000000000000000000

0x0000074a
22222222222222222222222222222222222222222222222222222222222222222222222222222222222222223222222222222222222222222222222222222210
22222222222222222222222222222222222222222222222222222222222222222222222222222222222222222222222222222222222222222222222222222221
22222222222222222222222222222222222222222222222222222222222222222222222222222222222222222222222222222222222222222222222222222221
22222222223332222222222222222222222222222222222222222222222222222222222222222222222222222222222222222222222222222222222222222222
22200000000000000022222222222222222222220000000000222220000000002222222222222222222222222222222222222222000000002222200000000222
22203333333333333102220000000022222222220333333320222202333333302222220000000033222222222200000000222222033333302222023333330222
22203133133313313200200122221002222222220313313320222203331331302222200122221002222222222001222210022220231331310220223133130222
22203333333333333220013333333310222222220333333331022203333333302220013333333310222222200133333333102202233333330002223333330000
00001133333333311222233333333333100000000333333332000013333333300002233333333333100000022333333333331022233333331022213333330000
00000131333331311122233333333333300000000333333332000023333333300022233333333333300000222333333333333022133333332222113333330000
00000033333333321122223333333333320000000333333333000033333333300122223333333333320001222233333333333221133333333221113333330000
00000033333333321122223333333333331000000313333313100131333331300122223333333333331001222233333333333321131333313311113133130000
00000033333333321122222233333333333100000333333333100233333333301122222233333333333101222222333333333331133333333331113333330000
00000033333333321122222233333333333100000333333333200333333333301122222233333333333101222222333333333333133333333333113333330000
00000031333331321122222223333333333100000333333333200333333333301122222223333333333301222222233333333333133333333333313333330000
00000033333333231122222222333333333100000333333233311333323333301122222222333333333301222222223333333333133333333331323333330000
00000033333332231112222223333333333200000333333222211333223333301112222223333333333301122222233333333332133333332333333333320000
00000033333322231111122222223333333200000313312221222313222131301111122222223333333201111222222233333332133333322333333333220000
00000033333222231111122222222322322100000333322122222332212333201111122222222322322201111222222223223222131333121331333332120000
00000031332221231111111222222222222000000333222112222222112332201111111222222222222001111112222222222221133332221133333322220000
00000033322222233111111222222222222000000332222112222231112322200111111222222222222000111112222222222221133322221113333222220000
00000033222222233311111111222222221000000222222102222231012222200111111111222222221000111111112222222211133222221113332222220000
00002222222222222211111111112122210000000222222102232221012222200011111111112122210000011111111121222111122222221111322222220000
00002122122221221231111111111111100000000212212102122121012121200001111111111111100000001111111111111011122222221111132222220000
00002222222222222233111111111110000000000222222102222221012222200000111111111110000000000111111111100011121222120111112122120000
00000111111111111113311111111100000000000111111101111111011111100000001111111100000000000001111111000011122222220011112222220000
00000011111111111111300000000000000000000011111100111111011111000000000000000000000000000000000000000011111111100001111111110000
00000000000000000000000000000000000000000000000000000000000000000000000000000000000000000000000000000011111111000000111111100000
00000000000000000000000000000000000000000000000000000000000000000000000000000000000000000000000000000000000000000000000000000000
00000000000000000000000000000000000000000000000000000000000000000000000000000000000000000000000000000000000000000000000000000000
00000000000000000000000000000000000000000000000000000000000000000000000000000000000000000000000000000000000000000000000000000000
00000000000000000000000000000000000000000000000000000000000000000000000000000000000000000000000000000000000000000000000000000000

0x0000075b
22222222222222222222222222222222222222222222222222222222222222222222222222222222222222223222222222222222222222222222222222222210
22222222222222222222222222222222222222222222222222222222222222222222222222222222222222222222222222222222222222222222222222222221
22222222222222222222222222222222222222222222222222222222222222222222222222222222222222222222222222222222222222222222222222222221
22222222223332222222222222222222222222222222222222222222222222222222222222222222222222222222222222222222222222222222222222222222
22200000000000000022222222222222222222220000000000222220000000002222222222222222222222222222222222222222000000002222200000000222
22203333333333333102220000000022222222220333333320222202333333302222220000000033222222222200000000222222033333302222023333330222
22203133133313313200200122221002222222220313313320222203331331302222200122221002222222222001222210022220231331310220223133130222
22203333333333333220013333333310222222220333333331022203333333302220013333333310222222200133333333102202233333330202223333330222
22201133333333311222233333333333122222220333333332022213333333302202233333333333122222022333333333331022233333331022213333330222
22222131333331311122233333333333302222220333333332022023333333302022233333333333302220222333333333333022133333332222113333330222
22222033333333321122223333333333320222220333333333022033333333302122223333333333320201222233333333333221133333333221113333330222
22222033333333321122223333333333331022220313333313122131333331300122223333333333331001222233333333333321131333313311113133130222
22222033333333321122222233333333333102220333333333102233333333301122222233333333333101222222333333333331133333333331113333330221
22222033333333321122222233333333333102220333333333202333333333301122222233333333333101222222333333333333133333333333113333330222
22222031333331321122222223333333333102220333333333202333333333301122222223333333333301222222233333333333133333333333313333330222
22222033333333231122222222333333333102220333333233311333323333301122222222333333333301222222223333333333133333333331323333330221
12222033333332231112222223333333333202220333333222211333223333301112222223333333333301122222233333333332133333332333333333320221
22222033333322231111122222223333333202220313312221222313222131301111122222223333333201111222222233333332133333322333333333220221
22222033333222231111122222222322322102220333322122222332212333201111122222222322322201111222222223223222131333121331333332120220
22222031332221231111111222222222222022220333222112222222112332201111111222222222222001111112222222222221133332221133333322220220
22222033322222233111111222222222222022220332222112222231112322200111111222222222222000111112222222222221133322221113333222220222
22200033222222233311111111222222221222220222222102222231012222200111111111222222221000111111112222222211133222221113332222220222
22202222222222222211111111112122210222220222222102232221012222200011111111112122210200011111111121222111122222221111322222220222
22202122122221221231111111111111102222220212212102122121012121202001111111111111102220001111111111111011122222221111132222220222
22202222222222222233111111111110022222220222222102222221012222202200111111111110022222000111111111100011121222120111112122120222
22200111111111111113311111111100222222220111111101111111011111102220001111111100222222220001111111002011122222220011112222220222
22222011111111111111300000000022222222220011111100111111011111002222200000000002222222222200000000022011111111100001111111110222
22222200000000000000002222222222122222222000000002000000200000022222222222222222222222222222222222222011111111002200111111100222
22222222222200122222222222222221122222222222222222222222222222222222222222222222222222222222222222222000000000002220000000002222
22222222222222222222222222222221112222222222222222222222222222222222222222222222222222222222222222222222222222222222222222222222
22222222222222222222222222222222212222222222222222222222222222222222222222222222222222222222222222222222222222122222222222222222
22222222222222222222222222222222211111222222222222222222223332222222222222222222222222222222222222222222222221122222222222222222

0x0000076b
22222222222222222222222222222222222222222222222222222222222222222222222222222222222222222222222222222222222222222222222222222221
22222222222222222222222222222222222222222222222222222222222222222222222222222222222222222222222222222222222222222222222222222221
22222222223332222222222222222222222222222222222222222222222222222222222222222222222222222222222222222222222222222222222222222222
22222222222232222222222222222222222222222222222222222222222222222222222222222222222222222222222222222222222222222222222222222222
22200000000000000022222222222222222222220000000000222220000000002222222222222222222222222222222222222222000000002222200000000222
22203333333333333102220000000022222222220333333320222202333333302222220000000033222222222200000000222222033333302222023333330222
22203133133313313200200122221002222222220313313320222203331331302222200122221002222222222001222210022220231331310220223133130222
22203333333333333220013333333310222222220333333331022203333333302220013333333310222222200133333333102202233333330202223333330222
22201133333333311222233333333333122222220333333332022213333333302202233333333333122222022333333333331022233333331022213333330222
22222131333331311122233333333333302222220333333332022023333333302022233333333333302220222333333333333022133333332222113333330222
22222033333333321122223333333333320222220333333333022033333333302122223333333333320201222233333333333221133333333221113333330222
22222033333333321122223333333333331022220313333313122131333331300122223333333333331001222233333333333321131333313311113133130222
22222033333333321122222233333333333102220333333333102233333333301122222233333333333101222222333333333331133333333331113333330221
22222033333333321122222233333333333102220333333333202333333333301122222233333333333101222222333333333333133333333333113333330222
22222031333331321122222223333333333102220333333333202333333333301122222223333333333301222222233333333333133333333333313333330222
22222033333333231122222222333333333102220333333233311333323333301122222222333333333301222222223333333333133333333331323333330221
12222033333332231112222223333333333202220333333222211333223333301112222223333333333301122222233333333332133333332333333333320221
22222033333322231111122222223333333202220313312221222313222131301111122222223333333201111222222233333332133333322333333333220221
22222033333222231111122222222322322102220333322122222332212333201111122222222322322201111222222223223222131333121331333332120220
22222031332221231111111222222222222022220333222112222222112332201111111222222222222001111112222222222221133332221133333322220220
22222033322222233111111222222222222022220332222112222231112322200111111222222222222000111112222222222221133322221113333222220222
22200033222222233311111111222222221222220222222102222231012222200111111111222222221000111111112222222211133222221113332222220222
22202222222222222211111111112122210222220222222102232221012222200011111111112122210200011111111121222111122222221111322222220222
22202122122221221231111111111111102222220212212102122121012121202001111111111111102220001111111111111011122222221111132222220222
22202222222222222233111111111110022222220222222102222221012222202200111111111110022222000111111111100011121222120111112122120222
22200111111111111113311111111100222222220111111101111111011111102220001111111100222222220001111111002011122222220011112222220222
22222011111111111111300000000022222222220011111100111111011111002222200000000002222222222200000000022011111111100001111111110222
22222200000000000000002222222222122222222000000002000000200000022222222222222222222222222222222222222011111111002200111111100222
22222222222200122222222222222221122222222222222222222222222222222222222222222222222222222222222222222000000000002220000000002222
22222222222222222222222222222221112222222222222222222222222222222222222222222222222222222222222222222222222222222222222222222222
22222222222222222222222222222222212222222222222222222222222222222222222222222222222222222222222222222222222222122222222222222222
22222222222222222222222222222222211111222222222222222222223332222222222222222222222222222222222222222222222221122222222222222222

0x0000077c
22222222222222222222222222222222222222222222222222222222222222222222222222222222222222222222222222222222222222222222222222222221
22222222222222222222222222222222222222222222222222222222222222222222222222222222222222222222222222222222222222222222222222222221
22222222223332222222222222222222222222222222222222222222222222222222222222222222222222222222222222222222222222222222222222222222
22222222222232222222222222222222222222222222222222222222222222222222222222222222222222222222222222222222222222222222222222222222
22200000000000000022222222222222222222220000000000222220000000002222222222222233222222222222222222222222000000002222200000000222
22203333333333333102220000000022222222220333333320222202333333302222220000000022222222222200000000222222033333302222023333330222
22203133133313313200200122221002222222220313313320222203331331302222200122221002222222222001222210022220231331310220223133130222
22203333333333333220013333333310222222220333333331022203333333302220013333333310222222200133333333102202233333330202223333330222
22201133333333311222233333333333122222220333333332022213333333302202233333333333122222022333333333331022233333331022213333330222
22222131333331311122233333333333302222220333333332022023333333302022233333333333302220222333333333333022133333332222113333330222
22222033333333321122223333333333320222220333333333022033333333302122223333333333320201222233333333333221133333333221113333330222
22222033333333321122223333333333331022220313333313122131333331300122223333333333331001222233333333333321131333313311113133130221
22222033333333321122222233333333333102220333333333102233333333301122222233333333333101222222333333333331133333333331113333330222
22222033333333321122222233333333333102220333333333202333333333301122222233333333333101222222333333333333133333333333113333330222
22222031333331321122222223333333333102220333333333202333333333301122222223333333333301222222233333333333133333333333313333330221
12222033333333231122222222333333333102220333333233311333323333301122222222333333333301222222223333333333133333333331323333330221
22222033333332231112222223333333333202220333333222211333223333301112222223333333333301122222233333333332133333332333333333320221
22222033333322231111122222223333333202220313312221222313222131301111122222223333333201111222222233333332133333322333333333220220
22222033333222231111122222222322322102220333322122222332212333201111122222222322322201111222222223223222131333121331333332120220
22222031332221231111111222222222222022220333222112222222112332201111111222222222222001111112222222222221133332221133333322220222
22222033322222233111111222222222222022220332222112222231112322200111111222222222222000111112222222222221133322221113333222220222
22200033222222233311111111222222221222220222222102222231012222200111111111222222221000111111112222222211133222221113332222220222
22202222222222222211111111112122210222220222222102232221012222200011111111112122210200011111111121222111122222221111322222220222
22202122122221221231111111111111102222220212212102122121012121202001111111111111102220001111111111111011122222221111132222220222
22202222222222222233111111111110022222220222222102222221012222202200111111111110022222000111111111100011121222120111112122120222
22200111111111111113311111111100222222220111111101111111011111102220001111111100222222220001111111002011122222220011112222220222
22222011111111111111300000000022122222220011111100111111011111002222200000000002222222222200000000022011111111100001111111110222
22222200000000000000002222222221122222222000000002000000200000022222222222222222222222222222222222222011111111002200111111100222
22222222222222222222222222222221112222222222222222222222222222222222222222222222222222222222222222222000000000002220000000002222
22222222222222222222222222222222212222222222222222222222222222222222222222222222222222222222222222222222222222122222222222222222
22222222222222222222222222222222211111222222222222222222223332222222222222222222222222222222222222222222222221122222222222222222
22222222222222222222222222222222111111222222222222222222222232222222222222222222222222222222222222222222222222122222212222222222

0x0000078d
22222222222222222222222222222222222222222222222222222222222222222222222222222222222222222222222222222222222222222222222222222221
22222222223332222222222222222222222222222222222222222222222222222222222222222222222222222222222222222222222222222222222222222222
22222222222232222222222222222222222222222222222222222222222222222222222222222222222222222222222222222222222222222222222222222222
22222222211133222222222222222222222222222222222222222222222222222222222222222233222222222222222222222222222222222222222222222222
22200000000000000022222222222222222222220000000000222220000000002222222222222222222222222222222222222222000000002222200000000222
22203333333333333102220000000022222222220333333320222202333333302222220000000022222222222200000000222221033333302222023333330222
22203133133313313200200122221002222222220313313320222203331331302222200122221002222222222001222210022220231331310220223133130222
22203333333333333220013333333310222222220333333331022203333333302220013333333310222222200133333333102202233333330202223333330222
22201133333333311222233333333333122222220333333332022213333333302202233333333333122222022333333333331022233333331022213333330222
22222131333331311122233333333333302222220333333332022023333333302022233333333333302220222333333333333022133333332222113333330222
22222033333333321122223333333333320222220333333333022033333333302122223333333333320201222233333333333221133333333221113333330221
22222033333333321122223333333333331022220313333313122131333331300122223333333333331001222233333333333321131333313311113133130222
22222033333333321122222233333333333102220333333333102233333333301122222233333333333101222222333333333331133333333331113333330222
22222033333333321122222233333333333102220333333333202333333333301122222233333333333101222222333333333333133333333333113333330221
12222031333331321122222223333333333102220333333333202333333333301122222223333333333301222222233333333333133333333333313333330221
22222033333333231122222222333333333102220333333233311333323333301122222222333333333301222222223333333333133333333331323333330221
22222033333332231112222223333333333202220333333222211333223333301112222223333333333301122222233333333332133333332333333333320220
22222033333322231111122222223333333202220313312221222313222131301111122222223333333201111222222233333332133333322333333333220220
22222033333222231111122222222322322102220333322122222332212333201111122222222322322201111222222223223222131333121331333332120222
22222031332221231111111222222222222022220333222112222222112332201111111222222222222001111112222222222221133332221133333322220222
22222033322222233111111222222222222022220332222112222231112322200111111222222222222000111112222222222221133322221113333222220222
22200033222222233311111111222222221222220222222102222231012222200111111111222222221000111111112222222211133222221113332222220222
22202222222222222211111111112122210222220222222102232221012222200011111111112122210200011111111121222111122222221111322222220222
22202122122221221231111111111111102222220212212102122121012121202001111111111111102220001111111111111011122222221111132222220222
22202222222222222233111111111110022222220222222102222221012222202200111111111110022222000111111111100011121222120111112122120222
22200111111111111113311111111100122222220111111101111111011111102220001111111100222222220001111111002011122222220011112222220222
22222011111111111111300000000021122222220011111100111111011111002222200000000002222222222200000000022011111111100001111111110222
22222200000000000000002222222221112222222000000002000000200000022222222222222222222222222222222222222011111111002200111111100222
22222222222222222222222222222222212222222222222222222222222222222222222222222222222222222222222222222000000000002220000000002222
22222222222222222222222222222222211111222222222222222222223332222222222222222222222222222222222222222222222221122222222222222222
22222222222222222222222222222222111111222222222222222222222232222222222222222222222222222222222222222222222222122222212222222222
22222222222222222222222222222221111111122222222222222222100233222222222222222222222222222222222222222222222222222222112222222222

0x0000079d
22222222223332222222222222222222222222222222222222222222222222222222222222222222222222222222222222222222222222222222222222222222
22222222222232222222222222222222222222222222222222222222222222222222222222222222222222222222222222222222222222222222222222222222
22222222211133222222222222222222222222222222222222222222222222222222222222222233222222222222222222222222222222222222222222222222
22222222100023222222222222222222222222222222222222222222222222222222222222222222222222222222222222222222222222222222222222222222
22200000000000000022222222222222222222220000000000222220000000002222222222222222222222222222222222222222000000002222200000000222
22203333333333333102220000000022222222220333333320222202333333302222220000000022222222222200000000222221033333302222023333330222
22203133133313313200200122221002222222220313313320222203331331302222200122221002222222222001222210022220231331310220223133130222
22203333333333333220013333333310222222220333333331022203333333302220013333333310222222200133333333102202233333330202223333330222
22201133333333311222233333333333122222220333333332022213333333302202233333333333122222022333333333331022233333331022213333330222
22222131333331311122233333333333302222220333333332022023333333302022233333333333302220222333333333333022133333332222113333330222
22222033333333321122223333333333320222220333333333022033333333302122223333333333320201222233333333333221133333333221113333330221
22222033333333321122223333333333331022220313333313122131333331300122223333333333331001222233333333333321131333313311113133130222
22222033333333321122222233333333333102220333333333102233333333301122222233333333333101222222333333333331133333333331113333330222
22222033333333321122222233333333333102220333333333202333333333301122222233333333333101222222333333333333133333333333113333330221
12222031333331321122222223333333333102220333333333202333333333301122222223333333333301222222233333333333133333333333313333330221
22222033333333231122222222333333333102220333333233311333323333301122222222333333333301222222223333333333133333333331323333330221
22222033333332231112222223333333333202220333333222211333223333301112222223333333333301122222233333333332133333332333333333320220
22222033333322231111122222223333333202220313312221222313222131301111122222223333333201111222222233333332133333322333333333220220
22222033333222231111122222222322322102220333322122222332212333201111122222222322322201111222222223223222131333121331333332120222
22222031332221231111111222222222222022220333222112222222112332201111111222222222222001111112222222222221133332221133333322220222
22222033322222233111111222222222222022220332222112222231112322200111111222222222222000111112222222222221133322221113333222220222
22200033222222233311111111222222221222220222222102222231012222200111111111222222221000111111112222222211133222221113332222220222
22202222222222222211111111112122210222220222222102232221012222200011111111112122210200011111111121222111122222221111322222220222
22202122122221221231111111111111102222220212212102122121012121202001111111111111102220001111111111111011122222221111132222220222
22202222222222222233111111111110022222220222222102222221012222202200111111111110022222000111111111100011121222120111112122120222
22200111111111111113311111111100122222220111111101111111011111102220001111111100222222220001111111002011122222220011112222220222
22222011111111111111300000000021122222220011111100111111011111002222200000000002222222222200000000022011111111100001111111110222
22222200000000000000002222222221112222222000000002000000200000022222222222222222222222222222222222222011111111002200111111100222
22222222222222222222222222222222212222222222222222222222222222222222222222222222222222222222222222222000000000002220000000002222
22222222222222222222222222222222211111222222222222222222223332222222222222222222222222222222222222222222222221122222222222222222
22222222222222222222222222222222111111222222222222222222222232222222222222222222222222222222222222222222222222122222212222222222
22222222222222222222222222222221111111122222222222222222100233222222222222222222222222222222222222222222222222222222112222222222

0x000007ae
22222222223332222222222222222222222222222222222222222222222222222222222222222222222222222222222222222222222222222222222222222222
22222222222232222222222222222222222222222222222222222222222222222222222222222222222222222222222222222222222222222222222222222222
22222222211133222222222222222222222222222222222222222222222222222222222222222233222222222222222222222222222222222222222222222222
22222222100023222222222222222222222222222222222222222222222222222222222222222222222222222222222222222222222222222222222222222222
22200000000000000022222222222222222222220000000000222220000000002222222222222222222222222222222222222221000000002222200000000222
22203333333333333102220000000022222222220333333320222202333333302222220000000022222222222200000000222221033333302222023333330222
22203133133313313200200122221002222222220313313320222203331331302222200122221002222222222001222210022220231331310220223133130222
22203333333333333220013333333310222222220333333331022203333333302220013333333310222222200133333333102202233333330202223333330222
22201133333333311222233333333333122222220333333332022213333333302202233333333333122222022333333333331022233333331022213333330222
22222131333331311122233333333333302222220333333332022023333333302022233333333333302220222333333333333022133333332222113333330221
22222033333333321122223333333333320222220333333333022033333333302122223333333333320201222233333333333221133333333221113333330222
22222033333333321122223333333333331022220313333313122131333331300122223333333333331001222233333333333321131333313311113133130222
22222033333333321122222233333333333102220333333333102233333333301122222233333333333101222222333333333331133333333331113333330221
12222033333333321122222233333333333102220333333333202333333333301122222233333333333101222222333333333333133333333333113333330221
22222031333331321122222223333333333102220333333333202333333333301122222223333333333301222222233333333333133333333333313333330221
22222033333333231122222222333333333102220333333233311333323333301122222222333333333301222222223333333333133333333331323333330220
22222033333332231112222223333333333202220333333222211333223333301112222223333333333301122222233333333332133333332333333333320220
22222033333322231111122222223333333202220313312221222313222131301111122222223333333201111222222233333332133333322333333333220222
22222033333222231111122222222322322102220333322122222332212333201111122222222322322201111222222223223222131333121331333332120222
22222031332221231111111222222222222022220333222112222222112332201111111222222222222001111112222222222221133332221133333322220222
22222033322222233111111222222222222022220332222112222231112322200111111222222222222000111112222222222221133322221113333222220222
22200033222222233311111111222222221222220222222102222231012222200111111111222222221000111111112222222211133222221113332222220222
22202222222222222211111111112122210222220222222102232221012222200011111111112122210200011111111121222111122222221111322222220222
22202122122221221231111111111111102222220212212102122121012121202001111111111111102220001111111111111011122222221111132222220222
22202222222222222233111111111110022222220222222102222221012222202200111111111110022222000111111111100011121222120111112122120222
22200111111111111113311111111100122222220111111101111111011111102220001111111100222222220001111111002011122222220011112222220222
22222011111111111111300000000021112222220011111100111111011111002222200000000002222222222200000000022011111111100001111111110222
22222200000000000000002222222222212222222000000002000000200000022222222222222222222222222222222222222011111111002200111111100222
22222222222222222222222222222222211111222222222222222222223332222222222222222222222222222222222222222000000000002220000000002222
22222222222222222222222222222222111111222222222222222222222232222222222222222222222222222222222222222222222222122222212222222222
22222222222222222222222222222221111111122222222222222222100233222222222222222222222222222222222222222222222222222222112222222222
22222222222222222222222222222221111111222222222222222222100133222222222222222222222222222222222222222222222222222221112222222222

0x000007bf
22222222222232222222222222222222222222222222222222222222222222222222222222222222222222222222222222222222222222222222222222222222
22222222211133222222222222222222222222222222222222222222222222222222222222222233222222222222222222222222222222222222222222222222
22222222100023222222222222222222222222222222222222222222222222222222222222222222222222222222222222222222222222222222222222222222
22222222200013222222222222222222222222222222222222222222222222222222222222222222222222222222222222222221222222222222222222222222
22200000000000000022222222222222222222220000000000222220000000002222222222222222222222222222222222222221000000002222200000000222
22203333333333333102220000000022222222220333333320222202333333302222220000000022222222222200000000222221033333302222023333330222
22203133133313313200200122221002222222220313313320222203331331302222200122221002222222222001222210022220231331310220223133130222
22203333333333333220013333333310222222220333333331022203333333302220013333333310222222200133333333102202233333330202223333330222
22201133333333311222233333333333122222220333333332022213333333302202233333333333122222022333333333331022233333331022213333330222
22222131333331311122233333333333302222220333333332022023333333302022233333333333302220222333333333333022133333332222113333330221
22222033333333321122223333333333320222220333333333022033333333302122223333333333320201222233333333333221133333333221113333330222
22222033333333321122223333333333331022220313333313122131333331300122223333333333331001222233333333333321131333313311113133130222
22222033333333321122222233333333333102220333333333102233333333301122222233333333333101222222333333333331133333333331113333330221
12222033333333321122222233333333333102220333333333202333333333301122222233333333333101222222333333333333133333333333113333330221
22222031333331321122222223333333333102220333333333202333333333301122222223333333333301222222233333333333133333333333313333330221
22222033333333231122222222333333333102220333333233311333323333301122222222333333333301222222223333333333133333333331323333330220
22222033333332231112222223333333333202220333333222211333223333301112222223333333333301122222233333333332133333332333333333320220
22222033333322231111122222223333333202220313312221222313222131301111122222223333333201111222222233333332133333322333333333220222
22222033333222231111122222222322322102220333322122222332212333201111122222222322322201111222222223223222131333121331333332120222
22222031332221231111111222222222222022220333222112222222112332201111111222222222222001111112222222222221133332221133333322220222
22222033322222233111111222222222222022220332222112222231112322200111111222222222222000111112222222222221133322221113333222220222
22200033222222233311111111222222221222220222222102222231012222200111111111222222221000111111112222222211133222221113332222220222
22202222222222222211111111112122210222220222222102232221012222200011111111112122210200011111111121222111122222221111322222220222
22202122122221221231111111111111102222220212212102122121012121202001111111111111102220001111111111111011122222221111132222220222
22202222222222222233111111111110022222220222222102222221012222202200111111111110022222000111111111100011121222120111112122120222
22200111111111111113311111111100122222220111111101111111011111102220001111111100222222220001111111002011122222220011112222220222
22222011111111111111300000000021112222220011111100111111011111002222200000000002222222222200000000022011111111100001111111110222
22222200000000000000002222222222212222222000000002000000200000022222222222222222222222222222222222222011111111002200111111100222
22222222222222222222222222222222211111222222222222222222223332222222222222222222222222222222222222222000000000002220000000002222
22222222222222222222222222222222111111222222222222222222222232222222222222222222222222222222222222222222222222122222212222222222
22222222222222222222222222222221111111122222222222222222100233222222222222222222222222222222222222222222222222222222112222222222
22222222222222222222222222222221111111222222222222222222100133222222222222222222222222222222222222222222222222222221112222222222

0x000007cf
22222222222232222222222222222222222222222222222222222222222222222222222222222222222222222222222222222222222222222222222222222222
22222222211133222222222222222222222222222222222222222222222222222222222222222233222222222222222222222222222222222222222222222222
22222222100023222222222222222222222222222222222222222222222222222222222222222222222222222222222222222222222222222222222222222222
22222222200013222222222222222222222222222222222222222222222222222222222222222222222222222222222222222221222222222222222222222222
22200000000000000022222222222222222222220000000000222220000000002222222222222222222222222222222222222221000000002222200000000222
22203333333333333102210000000022222222220333333320222202333333302222220000000022222222222200000000222222033333302222023333330222
22203133133313313200200122221002222222220313313320222203331331302222200122221002222222222001222210022220231331310220223133130222
22203333333333333220013333333310222222220333333331022203333333302220013333333310222222200133333333102202233333330202223333330222
22201133333333311222233333333333122222220333333332022213333333302202233333333333122222022333333333331022233333331022213333330221
22222131333331311122233333333333302222220333333332022023333333302022233333333333302220222333333333333022133333332222113333330222
22222033333333321122223333333333320222220333333333022033333333302122223333333333320201222233333333333221133333333221113333330222
22222033333333321122223333333333331022220313333313122131333331300122223333333333331001222233333333333321131333313311113133130221
12222033333333321122222233333333333102220333333333102233333333301122222233333333333101222222333333333331133333333331113333330221
22222033333333321122222233333333333102220333333333202333333333301122222233333333333101222222333333333333133333333333113333330221
22222031333331321122222223333333333102220333333333202333333333301122222223333333333301222222233333333333133333333333313333330220
22222033333333231122222222333333333102220333333233311333323333301122222222333333333301222222223333333333133333333331323333330220
22222033333332231112222223333333333202220333333222211333223333301112222223333333333301122222233333333332133333332333333333320222
22222033333322231111122222223333333202220313312221222313222131301111122222223333333201111222222233333332133333322333333333220222
22222033333222231111122222222322322102220333322122222332212333201111122222222322322201111222222223223222131333121331333332120222
22222031332221231111111222222222222022220333222112222222112332201111111222222222222001111112222222222221133332221133333322220222
22222033322222233111111222222222222022220332222112222231112322200111111222222222222000111112222222222221133322221113333222220222
22200033222222233311111111222222221222220222222102222231012222200111111111222222221000111111112222222211133222221113332222220222
22202222222222222211111111112122210222220222222102232221012222200011111111112122210200011111111121222111122222221111322222220222
22202122122221221231111111111111102222220212212102122121012121202001111111111111102220001111111111111011122222221111132222220222
22202222222222222233111111111110022222220222222102222221012222202200111111111110022222000111111111100011121222120111112122120222
22200111111111111113311111111100112222220111111101111111011111102220001111111100222222220001111111002011122222220011112222220222
22222011111111111111300000000022212222220011111100111111011111002222200000000002222222222200000000022011111111100001111111110222
22222200000000000000002222222222211111222000000002000000200000022222222222222222222222222222222222222011111111002200111111100222
22222222222222222222222222222222111111222222222222222222222232222222222222222222222222222222222222222000000000002220000000002222
22222222222222222222222222222221111111122222222222222222100233222222222222222222222222222222222222222222222222222222112222222222
22222222222222222222222222222221111111222222222222222222100133222222222222222222222222222222222222222222222222222221112222222222
22222222222222222222222222222222221112222222222222222222100022222222222222222222222222222222222212222222222222222221122222222222

0x000007e0
22222222211133222222222222222222222222222222222222222222222222222222222222222233222222222222222222222222222222222222222222222222
22222222100023222222222222222222222222222222222222222222222222222222222222222222222222222222222222222222222222222222222222222222
22222222200013222222222222222222222222222222222222222222222222222222222222222222222222222222222222222221222222222222222222222222
22222222210012222222222222222222222222222222222222222222222222222222222222222222222222222222222222222221222222222222222222222222
22200000000000000022211222222222222222220000000000222220000000002222222222222222222222222222222222222222000000002222200000000222
22203333333333333102210000000022222222220333333320222202333333302222220000000022222222222200000000222222033333302222023333330222
22203133133313313200200122221002222222220313313320222203331331302222200122221002222222222001222210022220231331310220223133130222
22203333333333333220013333333310222222220333333331022203333333302220013333333310222222200133333333102202233333330202223333330221
22201133333333311222233333333333122222220333333332022213333333302202233333333333122222022333333333331022233333331022213333330222
22222131333331311122233333333333302222220333333332022023333333302022233333333333302220222333333333333022133333332222113333330222
22222033333333321122223333333333320222220333333333022033333333302122223333333333320201222233333333333221133333333221113333330221
12222033333333321122223333333333331022220313333313122131333331300122223333333333331001222233333333333321131333313311113133130221
22222033333333321122222233333333333102220333333333102233333333301122222233333333333101222222333333333331133333333331113333330221
22222033333333321122222233333333333102220333333333202333333333301122222233333333333101222222333333333333133333333333113333330220
22222031333331321122222223333333333102220333333333202333333333301122222223333333333301222222233333333333133333333333313333330220
22222033333333231122222222333333333102220333333233311333323333301122222222333333333301222222223333333333133333333331323333330222
22222033333332231112222223333333333202220333333222211333223333301112222223333333333301122222233333333332133333332333333333320222
22222033333322231111122222223333333202220313312221222313222131301111122222223333333201111222222233333332133333322333333333220222
22222033333222231111122222222322322102220333322122222332212333201111122222222322322201111222222223223222131333121331333332120222
22222031332221231111111222222222222022220333222112222222112332201111111222222222222001111112222222222221133332221133333322220222
22222033322222233111111222222222222022220332222112222231112322200111111222222222222000111112222222222221133322221113333222220222
22200033222222233311111111222222221222220222222102222231012222200111111111222222221000111111112222222211133222221113332222220222
22202222222222222211111111112122210222220222222102232221012222200011111111112122210200011111111121222111122222221111322222220222
22202122122221221231111111111111102222220212212102122121012121202001111111111111102220001111111111111011122222221111132222220222
22202222222222222233111111111110012222220222222102222221012222202200111111111110022222000111111111100011121222120111112122120222
22200111111111111113311111111100212222220111111101111111011111102220001111111100222222220001111111002011122222220011112222220222
22222011111111111111300000000022211111220011111100111111011111002222200000000002222222222200000000022011111111100001111111110222
22222200000000000000002222222222111111222000000002000000200000022222222222222222222222222222222222222011111111002200111111100222
22222222222222222222222222222221111111122222222222222222100233222222222222222222222222222222222222222000000000002220000000002222
22222222222222222222222222222221111111222222222222222222100133222222222222222222222222222222222222222222222222222221112222222222
22222222222222222222222222222222221112222222222222222222100022222222222222222222222222222222222212222222222222222221122222222222
22222222212222222222222222222222222211212222222222222222210012222222222222222222222222222222222112222222222222222221222222222222

0x00000801
22222222100023222222222222222222222222222222222222222222222222222222222222222222222222222222222222222222222222222222222222222222
22222222200013222222222222222222222222222222222222222222222222222222222222222222222222222222222222222221222222222222222222222222
22222222210012222222222222222222222222222222222222222222222222222222222222222222222222222222222222222221222222222222222222222222
22222222222122222222211222222222222222222222222222222222222222222222222222222222222222222222222222222222222222222222222222222222
22200000000000000022211222222222222222220000000000222220000000002222222222222222222222222222222222222222000000002222200000000222
22203333333333333102220000000022222222220333333320222202333333302222220000000022222222222200000000222222033333302222023333330222
22203133133313313200200122221002222222220313313320222203331331302222200122221002222222222001222210022210231331310220223133130221
22203333333333333220013333333310222222220333333331022203333333302220013333333310222222200133333333102202233333330202223333330222
22201133333333311222233333333333122222220333333332022213333333302202233333333333122222022333333333331022233333331022213333330222
22222131333331311122233333333333302222220333333332022023333333302022233333333333302220222333333333333022133333332222113333330221
12222033333333321122223333333333320222220333333333022033333333302122223333333333320201222233333333333221133333333221113333330221
22222033333333321122223333333333331022220313333313122131333331300122223333333333331001222233333333333321131333313311113133130221
22222033333333321122222233333333333102220333333333102233333333301122222233333333333101222222333333333331133333333331113333330220
22222033333333321122222233333333333102220333333333202333333333301122222233333333333101222222333333333333133333333333113333330220
22222031333331321122222223333333333102220333333333202333333333301122222223333333333301222222233333333333133333333333313333330222
22222033333333231122222222333333333102220333333233311333323333301122222222333333333301222222223333333333133333333331323333330222
22222033333332231112222223333333333202220333333222211333223333301112222223333333333301122222233333333332133333332333333333320222
22222033333322231111122222223333333202220313312221222313222131301111122222223333333201111222222233333332133333322333333333220222
22222033333222231111122222222322322102220333322122222332212333201111122222222322322201111222222223223222131333121331333332120222
22222031332221231111111222222222222022220333222112222222112332201111111222222222222001111112222222222221133332221133333322220222
22222033322222233111111222222222222022220332222112222231112322200111111222222222222000111112222222222221133322221113333222220222
22200033222222233311111111222222221222220222222102222231012222200111111111222222221000111111112222222211133222221113332222220222
22202222222222222211111111112122210222220222222102232221012222200011111111112122210200011111111121222111122222221111322222220222
22202122122221221231111111111111102222220212212102122121012121202001111111111111102220001111111111111011122222221111132222220222
22202222222222222233111111111110012222220222222102222221012222202200111111111110022222000111111111100011121222120111112122120222
22200111111111111113311111111100211111220111111101111111011111102220001111111100222222220001111111002011122222220011112222220222
22222011111111111111300000000022111111220011111100111111011111002222200000000002222222222200000000022011111111100001111111110222
22222200000000000000002222222221111111122000000002000000100000022222222222222222222222222222222222222011111111002200111111100222
22222222222222222222222222222221111111222222222222222222100133222222222222222222222222222222222222222000000000002220000000002222
22222222222222222222222222222222221112222222222222222222100022222222222222222222222222222222222212222222222222222221122222222222
22222222212222222222222222222222222211212222222222222222210012222222222222222222222222222222222112222222222222222221222222222222
21122222212221222222122112222222222221212222222222222222222222222222202222222222222222222222222212222222222212222222222222222222

0x00000823
22222222200013222222222222222222222222222222222222222222222222222222222222222222222222222222222222222221222222222222222222222222
22222222210012222222222222222222222222222222222222222222222222222222222222222222222222222222222222222221222222222222222222222222
22222222222122222222211222222222222222222222222222222222222222222222222222222222222222222222222222222222222222222222222222222222
22222222222222222222211222222222222222222222222222222222222222222222222222222222222222222222222222222222322222222222222222222222
22200000000000000022222222222222222222220000000000222220000000002222222222222222222222222222222222222222000000002222200000000222
22203333333333333102220000000022222222220333333320222202333333302222220000000022222222222200000000222211033333302222023333330221
22203133133313313200200122221002222222220313313320222203331331302222200122221002222222222001222210022210231331310220223133130222
22203333333333333220013333333310222222220333333331022203333333302220013333333310222222200133333333102202233333330202223333330222
22201133333333311222233333333333122222220333333332022213333333302202233333333333122222022333333333331022233333331022213333330221
12222131333331311122233333333333302222220333333332022023333333302022233333333333302220222333333333333022133333332222113333330221
22222033333333321122223333333333320222220333333333022033333333302122223333333333320201222233333333333221133333333221113333330221
22222033333333321122223333333333331022220313333313122131333331300122223333333333331001222233333333333321131333313311113133130220
22222033333333321122222233333333333102220333333333102233333333301122222233333333333101222222333333333331133333333331113333330220
22222033333333321122222233333333333102220333333333202333333333301122222233333333333101222222333333333333133333333333113333330222
22222031333331321122222223333333333102220333333333202333333333301122222223333333333301222222233333333333133333333333313333330222
22222033333333231122222222333333333102220333333233311333323333301122222222333333333301222222223333333333133333333331323333330222
22222033333332231112222223333333333202220333333222211333223333301112222223333333333301122222233333333332133333332333333333320222
22222033333322231111122222223333333202220313312221222313222131301111122222223333333201111222222233333332133333322333333333220222
22222033333222231111122222222322322102220333322122222332212333201111122222222322322201111222222223223222131333121331333332120222
22222031332221231111111222222222222022220333222112222222112332201111111222222222222001111112222222222221133332221133333322220222
22222033322222233111111222222222222022220332222112222231112322200111111222222222222000111112222222222221133322221113333222220222
22200033222222233311111111222222221222220222222102222231012222200111111111222222221000111111112222222211133222221113332222220222
22202222222222222211111111112122210222220222222102232221012222200011111111112122210200011111111121222111122222221111322222220222
22202122122221221231111111111111102222220212212102122121012121202001111111111111102220001111111111111011122222221111132222220222
22202222222222222233111111111110011111220222222102222221012222202200111111111110022222000111111111100011121222120111112122120222
22200111111111111113311111111100111111220111111101111111011111102220001111111100222222220001111111002011122222220011112222220222
22222011111111111111300000000021111111120011111100111111011111002222200000000002222222222200000000022011111111100001111111110222
22222200000000000000002222222221111111222000000002000000100000022222222222222222222222222222222222222011111111002200111111100222
22222222222222222222222222222222221112222222222222222222100022222222222222222222222222222222222212222000000000002220000000002222
22222222212222222222222222222222222211212222222222222222210012222222222222222222222222222222222112222222222222222221222222222222
21122222212221222222122112222222222221212222222222222222222222222222202222222222222222222222222212222222222212222222222222222222
11222222222221222222211111222222222111111222222222222222222222222222212222222222222222222222222212222222222222222211222222222222

0x00000833
22222222210012222222222222222222222222222222222222222222222222222222222222222222222222222222222222222221222222222222222222222222
22222222222122222222211222222222222222222222222222222222222222222222222222222222222222222222222222222222222222222222222222222222
22222222222222222222211222222222222222222222222222222222222222222222222222222222222222222222222222222222322222222222222222222222
22222222222222222222222222222222222222222222222222222222222222222222222222222222222222222222222222222222332222222222222222222222
22200000000000000022222222222222222222220000000000222220000000002222222222222222222222222222222222222211000000002222200000000221
22203333333333333102220000000022222222220333333320222202333333302222220000000022222222222200000000222211033333302222023333330222
22203133133313313200200122221002222222220313313320222203331331302222200122221002222222222001222210022220231331310220223133130222
22203333333333333220013333333310222222220333333331022203333333302220013333333310222222200133333333102202233333330202223333330221
12201133333333311222233333333333122222220333333332022213333333302202233333333333122222022333333333331022233333331022213333330221
22222131333331311122233333333333302222220333333332022023333333302022233333333333302220222333333333333022133333332222113333330221
22222033333333321122223333333333320222220333333333022033333333302122223333333333320201222233333333333221133333333221113333330220
22222033333333321122223333333333331022220313333313122131333331300122223333333333331001222233333333333321131333313311113133130220
22222033333333321122222233333333333102220333333333102233333333301122222233333333333101222222333333333331133333333331113333330222
22222033333333321122222233333333333102220333333333202333333333301122222233333333333101222222333333333333133333333333113333330222
22222031333331321122222223333333333102220333333333202333333333301122222223333333333301222222233333333333133333333333313333330222
22222033333333231122222222333333333102220333333233311333323333301122222222333333333301222222223333333333133333333331323333330222
22222033333332231112222223333333333202220333333222211333223333301112222223333333333301122222233333333332133333332333333333320222
22222033333322231111122222223333333202220313312221222313222131301111122222223333333201111222222233333332133333322333333333220222
22222033333222231111122222222322322102220333322122222332212333201111122222222322322201111222222223223222131333121331333332120222
22222031332221231111111222222222222022220333222112222222112332201111111222222222222001111112222222222221133332221133333322220222
22222033322222233111111222222222222022220332222112222231112322200111111222222222222000111112222222222221133322221113333222220222
22200033222222233311111111222222221222220222222102222231012222200111111111222222221000111111112222222211133222221113332222220222
22202222222222222211111111112122210222220222222102232221012222200011111111112122210200011111111121222111122222221111322222220222
22202122122221221231111111111111101111220212212102122121012121202001111111111111102220001111111111111011122222221111132222220222
22202222222222222233111111111110011111220222222102222221012222202200111111111110022222000111111111100011121222120111112122120222
22200111111111111113311111111100111111120111111101111111011111102220001111111100222222220001111111002011122222220011112222220222
22222011111111111111300000000021111111220011111100111111011111002222200000000002222222222200000000022011111111100001111111110222
22222200000000000000002222222222221112222000000002000000100000022222222222222222222222222222222212222011111111002200111111100222
22222222212222222222222222222222222211212222222222222222210012222222222222222222222222222222222112222000000000002220000000002222
21122222212221222222122112222222222221212222222222222222222222222222202222222222222222222222222212222222222212222222222222222222
11222222222221222222211111222222222111111222222222222222222222222222212222222222222222222222222212222222222222222211222222222222
12222222223221222222211110112222222111111122222222222222222222222222222222222222222222222222222211233221112322222111222222222222

0x00000855
22222222222122222222211222222222222222222222222222222222222222222222222222222222222222222222222222222222222222222222222222222222
22222222222222222222211222222222222222222222222222222222222222222222222222222222222222222222222222222222322222222222222222222222
22222222222222222222222222222222222222222222222222222222222222222222222222222222222222222222222222222222332222222222222222222222
22222222222222222222222222222222222222222222222222222222222222222222222222222222222222222222222222222211222222222222222222222221
22200000000000000022222222222222222222220000000000222220000000002222222222222222222222222222222222222211000000002222200000000222
22203333333333333102220000000022222222220333333320222202333333302222220000000022222222222200000000222222033333302222023333330222
22203133133313313200200122221002222222220313313320222203331331302222200122221002222222222001222210022220231331310220223133130221
12203333333333333220013333333310222222220333333331022203333333302220013333333310222222200133333333102202233333330202223333330221
22201133333333311222233333333333122222220333333332022213333333302202233333333333122222022333333333331022233333331022213333330221
22222131333331311122233333333333302222220333333332022023333333302022233333333333302220222333333333333022133333332222113333330220
22222033333333321122223333333333320222220333333333022033333333303122223333333333320201222233333333333221133333333221113333330220
22222033333333321122223333333333331022220313333313122131333331300122223333333333331001222233333333333321131333313311113133130222
22222033333333321122222233333333333102220333333333102233333333301122222233333333333101222222333333333331133333333331113333330222
22222033333333321122222233333333333102220333333333202333333333301122222233333333333101222222333333333333133333333333113333330222
22222031333331321122222223333333333102220333333333202333333333301122222223333333333301222222233333333333133333333333313333330222
22222033333333231122222222333333333102220333333233311333323333301122222222333333333301222222223333333333133333333331323333330222
22222033333332231112222223333333333202220333333222211333223333301112222223333333333301122222233333333332133333332333333333320222
22222033333322231111122222223333333202220313312221222313222131301111122222223333333201111222222233333332133333322333333333220222
22222033333222231111122222222322322102220333322122222332212333201111122222222322322201111222222223223222131333121331333332120222
22222031332221231111111222222222222022220333222112222222112332201111111222222222222001111112222222222221133332221133333322220222
22222033322222233111111222222222222022220332222112222231112322200111111222222222222000111112222222222221133322221113333222220222
22200033222222233311111111222222221222220222222102222231012222200111111111222222221000111111112222222211133222221113332222220222
22202222222222222211111111112122210111220222222102232221012222200011111111112122210200011111111121222111122222221111322222220222
22202122122221221231111111111111101111220212212102122121012121202001111111111111102220001111111111111011122222221111132222220222
22202222222222222233111111111110011111120222222102222221012222202200111111111110022222000111111111100011121222120111112122120222
22200111111111111113311111111100111111220111111101111111011111102220001111111100222222220001111111002011122222220011112222220222
22222011111111111111300000000022221112220011111100111111011111002222200000000002222222222200000000022011111111100001111111110222
22222200000000000000002222222222222211212000000002000000200000022222222222222222222222222222222112222011111111002200111111100222
21122222212221222222122112222222222221212222222222222222222222222222202222222222222222222222222212222000000000002220000000002222
11222222222221222222211111222222222111111222222222222222222222222222212222222222222222222222222212222222222222222211222222222222
12222222223221222222211110112222222111111122222222222222222222222222222222222222222222222222222211233221112322222111222222222222
12222222223322222222221000112222222211111112222222222222122222222222222222222222222222222222222211233321101222221001222222221222

0x00000876
22222222222222222222211222222222222222222222222222222222222222222222222222222222222222222222222222222222322222222222222222222222
22222222222222222222222222222222222222222222222222222222222222222222222222222222222222222222222222222222332222222222222222222222
22222222222222222222222222222222222222222222222222222222222222222222222222222222222222222222222222222211222222222222222222222221
22222221112222222222222222222222222222222222222222222222222222222222222222222222222222222222222222222211222222222222222222222222
22200000000000000022222222222222222222220000000000222220000000002222222222222222222222222222222222222222000000002222200000000222
22203333333333333102220000000022222222220333333320222202333333302222220000000022222222222200000000222222033333302222023333330221
12203133133313313200200122221002222222220313313320222203331331302222200122221002222222222001222210022220231331310220223133130221
22203333333333333220013333333310222222220333333331022203333333302220013333333310222222200133333333102202233333330202223333330221
22201133333333311222233333333333112222220333333332022213333333302202233333333333122222022333333333331022233333331022213333330220
22222131333331311122233333333333302222220333333332022023333333303022233333333333302220222333333333333022133333332222113333330220
22222033333333321122223333333333320222220333333333022033333333302122223333333333320201222233333333333221133333333221113333330222
22222033333333321122223333333333331022220313333313122131333331300122223333333333331001222233333333333321131333313311113133130222
22222033333333321122222233333333333102220333333333102233333333301122222233333333333101222222333333333331133333333331113333330222
22222033333333321122222233333333333102220333333333202333333333301122222233333333333101222222333333333333133333333333113333330222
22222031333331321122222223333333333102220333333333202333333333301122222223333333333301222222233333333333133333333333313333330222
22222033333333231122222222333333333102220333333233311333323333301122222222333333333301222222223333333333133333333331323333330222
22222033333332231112222223333333333202220333333222211333223333301112222223333333333301122222233333333332133333332333333333320222
22222033333322231111122222223333333202220313312221222313222131301111122222223333333201111222222233333332133333322333333333220222
22222033333222231111122222222322322102220333322122222332212333201111122222222322322201111222222223223222131333121331333332120222
22222031332221231111111222222222222022220333222112222222112332201111111222222222222001111112222222222221133332221133333322220222
22222033322222233111111222222222222022220332222112222231112322200111111222222222222000111112222222222221133322221113333222220222
22200033222222233311111111222222221111220222222102222231012222200111111111222222221000111111112222222211133222221113332222220222
22202222222222222211111111112122210111220222222102232221012222200011111111112122210200011111111121222111122222221111322222220222
22202122122221221231111111111111101111120212212102122121012121202001111111111111102220001111111111111011122222221111132222220222
22202222222222222233111111111110011111220222222102222221012222202200111111111110022222000111111111100011121222120111112122120222
22200111111111111113311111111100221112220111111101111111011111102220001111111100222222220001111111002011122222220011112222220222
22222011111111111111300000000022222211210011111100111111011111002222200000000002222222222200000000022011111111100001111111110222
21122200000000000000002112222222222221212000000002000000200000022222202222222222222222222222222212222011111111002200111111100222
11222222222221222222211111222222222111111222222222222222222222222222212222222222222222222222222212222000000000002210000000002222
12222222223221222222211110112222222111111122222222222222222222222222222222222222222222222222222211233221112322222111222222222222
12222222223322222222221000112222222211111112222222222222122222222222222222222222222222222222222211233321101222221001222222221222
11222222112222222222221000111112222222111112122222222211111111222222222222222222222222212222222210023322101222221001222222221222

0x00000887
22222222222222222222222222222222222222222222222222222222222222222222222222222222222222222222222222222222332222222222222222222222
22222222222222222222222222222222222222222222222222222222222222222222222222222222222222222222222222222211222222222222222222222221
22222221112222222222222222222222222222222222222222222222222222222222222222222222222222222222222222222211222222222222222222222222
22222211112222222222222222222222222222222222222222222222222222222222222222222222222222222222222222222222222222222222222222222222
22200000000000000022222222222222222222220000000000222220000000002222222222222222222222222222222222222222000000002222200000000221
12203333333333333102220000000022222222220333333320222202333333302222220000000022222222222200000000222222033333302222023333330221
22203133133313313200200122221002222222220313313320222203331331302222200122221002222222222001222210022220231331310220223133130221
22203333333333333220013333333310212222220333333331022203333333302220013333333310222222200133333333102202233333330202223333330220
22201133333333311222233333333333122222220333333332022213333333303202233333333333122222022333333333331022233333331022213333330220
22222131333331311122233333333333302222220333333332022023333333302022233333333333302220222333333333333022133333332222113333330222
22222033333333321122223333333333320222220333333333022033333333302122223333333333320201222233333333333221133333333221113333330222
22222033333333321122223333333333331022220313333313132131333331300122223333333333331001222233333333333321131333313311113133130222
22222033333333321122222233333333333102220333333333102233333333301122222233333333333101222222333333333331133333333331113333330222
22222033333333321122222233333333333102220333333333202333333333301122222233333333333101222222333333333333133333333333113333330222
22222031333331321122222223333333333102220333333333202333333333301122222223333333333301222222233333333333133333333333313333330222
22222033333333231122222222333333333102220333333233311333323333301122222222333333333301222222223333333333133333333331323333330222
22222033333332231112222223333333333202220333333222211333223333301112222223333333333301122222233333333332133333332333333333320222
22222033333322231111122222223333333202220313312221222313222131301111122222223333333201111222222233333332133333322333333333220222
22222033333222231111122222222322322102220333322122222332212333201111122222222322322201111222222223223222131333121331333332120222
22222031332221231111111222222222222022220333222112222222112332201111111222222222222001111112222222222221133332221133333322220222
22222033322222233111111222222222222011220332222112222231112322200111111222222222222000111112222222222221133322221113333222220222
22200033222222233311111111222222221111220222222102222231012222200111111111222222221000111111112222222211133222221113332222220222
22202222222222222211111111112122210111120222222102232221012222200011111111112122210200011111111121222111122222221111322222220222
22202122122221221231111111111111101111220212212102122121012121202001111111111111102220001111111111111011122222221111132222220222
22202222222222222233111111111110021112220222222102222221012222202200111111111110022222000111111111100011121222120111112122120222
22200111111111111113311111111100222211210111111101111111011111102220001111111100222222220001111111002011122222220011112222220222
21122011111111111111300000000022222221210011111100111111011111002222200000000002222222222200000000022011111111100001111111110222
11222200000000000000001111222222222111111000000002000000200000022222212222222222222222222222222212222011111111002200111111100222
12222222223221222222211110112222222111111122222222222222222222222222222222222222222222222222222211233000000000002110000000002222
12222222223322222222221000112222222211111112222222222222122222222222222222222222222222222222222211233321101222221001222222221222
11222222112222222222221000111112222222111112122222222211111111222222222222222222222222212222222210023322101222221001222222221222
21222222112222222222221000011111222221111111112222222121111111222222222222222222122222212222222210012222210122221112222221122221

0x000008a8
22222222222222222222222222222222222222222222222222222222222222222222222222222222222222222222222222222211222222222222222222222221
22222221112222222222222222222222222222222222222222222222222222222222222222222222222222222222222222222211222222222222222222222222
22222211112222222222222222222222222222222222222222222222222222222222222222222222222222222222222222222222222222222222222222222222
22222222222222222222222222222222222222222222222222222222222222222222222222222222222222222222222222222222222222222222222222222221
12200000000000000022222222222222222222220000000000222220000000002222222222222222222222222222222222222222000000002222200000000221
22203333333333333102220000000022222222220333333320222202333333302222220000000022222222222200000000222222033333302222023333330221
22203133133313313200200122221002212222220313313320222203331331302222200122221002222222222001222210022220231331310220223133130220
22203333333333333220013333333310222222220333333331022203333333303220013333333310222222200133333333102202233333330202223333330220
22201133333333311222233333333333122222220333333332022113333333302202233333333333122222022333333333331022233333331022213333330222
22222131333331311122233333333333302222220333333332022023333333302022233333333333302220222333333333333022133333332222113333330222
22222033333333321122223333333333320222220333333333032033333333302122223333333333320201222233333333333221133333333221113333330222
22222033333333321122223333333333331022220313333313122131333331300122223333333333331001222233333333333321131333313311113133130222
22222033333333321122222233333333333102220333333333102233333333301122222233333333333101222222333333333331133333333331113333330222
22222033333333321122222233333333333102220333333333202333333333301122222233333333333101222222333333333333133333333333113333330222
22222031333331321122222223333333333102220333333333202333333333301122222223333333333301222222233333333333133333333333313333330222
22222033333333231122222222333333333102220333333233311333323333301122222222333333333301222222223333333333133333333331323333330222
22222033333332231112222223333333333202220333333222211333223333301112222223333333333301122222233333333332133333332333333333320222
22222033333322231111122222223333333202220313312221222313222131301111122222223333333201111222222233333332133333322333333333220222
22222033333222231111122222222322322102220333322122222332212333201111122222222322322201111222222223223222131333121331333332120222
22222031332221231111111222222222222011220333222112222222112332201111111222222222222001111112222222222221133332221133333322220222
22222033322222233111111222222222222011220332222112222231112322200111111222222222222000111112222222222221133322221113333222220222
22200033222222233311111111222222221111120222222102222231012222200111111111222222221000111111112222222211133222221113332222220222
22202222222222222211111111112122210111220222222102232221012222200011111111112122210200011111111121222111122222221111322222220222
22202122122221221231111111111111101112220212212102122121012121202001111111111111102220001111111111111011122222221111132222220222
22202222222222222233111111111110022211210222222102222221012222202200111111111110022222000111111111100011121222120111112122120222
21100111111111111113311111111100222221210111111101111111011111102220001111111100222222220001111111002011122222220011112222220222
11222011111111111111300000000022222111110011111100111111011111002222200000000002222222222200000000022011111111100001111111110222
12222200000000000000001110112222222111111000000002000000200000022222222222222222222222222222222211233011111111002100111111100222
12222222223322222222221000112222222211111112222222222222122222222222222222222222222222222222222211233000000000001000000000001222
11222222112222222222221000111112222222111112122222222211111111222222222222222222222222212222222210023322101222221001222222221222
21222222112222222222221000011111222221111111112222222121111111222222222222222222122222212222222210012222210122221112222221122221
22222222222222222222221000000101112222111111211122222221111111222222222222222221122222222112222211112222221122222222222211122222

0x000008b9
22222221112222222222222222222222222222222222222222222222222222222222222222222222222222222222222222222211222222222222222222222222
22222211112222222222222222222222222222222222222222222222222222222222222222222222222222222222222222222222222222222222222222222222
22222222222222222222222222222222222222222222222222222222222222222222222222222222222222222222222222222222222222222222222222222221
12222222222222222222222222222222222222222222222222222222222222222222222222222222222222222222222222222222222222222222222222222221
22200000000000000022222222222222222222220000000000222230000000002222222222222222222222222222222222222222000000002222200000000221
22203333333333333102220000000022212222220333333320222202333333302222220000000022222222222200000000222222033333302222023333330220
22203133133313313200200122221003222222220313313320222203331331303222200122221002222222222001222210022220231331310220223133130220
22203333333333333220013333333310322222220333333331022103333333302220013333333310222222200133333333102202233333330202223333330222
22201133333333311222233333333333122222220333333332022013333333302202233333333333122222022333333333331022233333331022213333330222
22222131333331311122233333333333302222220333333332032023333333302022233333333333302220222333333333333022133333332222113333330222
22222033333333321122223333333333320222220333333333022033333333302122223333333333320201222233333333333221133333333221113333330222
22222033333333321122223333333333331022220313333313122131333331300122223333333333331001222233333333333321131333313311113133130222
22222033333333321122222233333333333102220333333333102233333333301122222233333333333101222222333333333331133333333331113333330222
22222033333333321122222233333333333102220333333333202333333333301122222233333333333101222222333333333333133333333333113333330222
22222031333331321122222223333333333102220333333333202333333333301122222223333333333301222222233333333333133333333333313333330222
22222033333333231122222222333333333102220333333233311333323333301122222222333333333301222222223333333333133333333331323333330222
22222033333332231112222223333333333202220333333222211333223333301112222223333333333301122222233333333332133333332333333333320222
22222033333322231111122222223333333202220313312221222313222131301111122222223333333201111222222233333332133333322333333333220222
22222033333222231111122222222322322101220333322122222332212333201111122222222322322201111222222223223222131333121331333332120222
22222031332221231111111222222222222011220333222112222222112332201111111222222222222001111112222222222221133332221133333322220222
22222033322222233111111222222222222011120332222112222231112322200111111222222222222000111112222222222221133322221113333222220222
22200033222222233311111111222222221111220222222102222231012222200111111111222222221000111111112222222211133222221113332222220222
22202222222222222211111111112122210112220222222102232221012222200011111111112122210200011111111121222111122222221111322222220222
22202122122221221231111111111111102211210212212102122121012121202001111111111111102220001111111111111011122222221111132222220222
21102222222222222233111111111110022221210222222102222221012222202200111111111110022222000111111111100011121222120111112122120222
11200111111111111113311111111100222111110111111101111111011111102220001111111100222222220001111111002011122222220011112222220222
12222011111111111111300000000022222111110011111100111111011111002222200000000002222222222200000000033011111111100001111111110222
12222200000000000000001000112222222211111000000002000000100000022222222222222222222222222222222211233011111111001000111111100222
11222222112222222222221000111112222222111112122222222211111111222222222222222222222222212222222210023000000000001000000000001222
21222222112222222222221000011111222221111111112222222121111111222222222222222222122222212222222210012222210122221112222221122221
22222222222222222222221000000101112222111111211122222221111111222222222222222221122222222112222211112222221122222222222211122222
22222222222222222222221100000100111112111111211112211221111111122122222222222122222222222111222222112222221222222222222111221222

0x000008da
22222211112222222222222222222222222222222222222222222222222222222222222222222222222222222222222222222222222222222222222222222222
22222222222222222222222222222222222222222222222222222222222222222222222222222222222222222222222222222222222222222222222222222221
12222222222222222222222222222222222222222222222222222222222222222222222222222222222222222222222222222222222222222222222222222221
22222222222222222222222222222222222222222222222222222233332222222222222222222222222222222222222222222222222222222222222222222221
22200000000000000022222222222222212222220000000000222220000000002222222222222222222222222222222222222222000000002222200000000220
22203333333333333102220000000023222222220333333320222202333333303222220000000012222222222200000000222222033333302222023333330220
22203133133313313200300122221003322222220313313320222103331331302222200122221002222222222001222210022220231331310220223133130222
22203333333333333220013333333310322222220333333331022003333333302220013333333310222222200133333333102202233333330202223333330222
22201133333333311222233333333333122222220333333332032013333333302202233333333333122222022333333333331022233333331022213333330222
22222131333331311122233333333333302222220333333332022023333333302022233333333333302220222333333333333022133333332222113333330222
22222033333333321122223333333333320222220333333333022033333333302122223333333333320201222233333333333221133333333221113333330222
22222033333333321122223333333333331022220313333313122131333331300122223333333333331001222233333333333321131333313311113133130222
22222033333333321122222233333333333102220333333333102233333333301122222233333333333101222222333333333331133333333331113333330222
22222033333333321122222233333333333102220333333333202333333333301122222233333333333101222222333333333333133333333333113333330222
22222031333331321122222223333333333102220333333333202333333333301122222223333333333301222222233333333333133333333333313333330222
22222033333333231122222222333333333102220333333233311333323333301122222222333333333301222222223333333333133333333331323333330222
22222033333332231112222223333333333202220333333222211333223333301112222223333333333301122222233333333332133333332333333333320222
22222033333322231111122222223333333201220313312221222313222131301111122222223333333201111222222233333332133333322333333333220222
22222033333222231111122222222322322101220333322122222332212333201111122222222322322201111222222223223222131333121331333332120222
22222031332221231111111222222222222011120333222112222222112332201111111222222222222001111112222222222221133332221133333322220222
22222033322222233111111222222222222011220332222112222231112322200111111222222222222000111112222222222221133322221113333222220222
22200033222222233311111111222222221112220222222102222231012222200111111111222222221000111111112222222211133222221113332222220222
22202222222222222211111111112122210211210222222102232221012222200011111111112122210200011111111121222111122222221111322222220222
21102122122221221231111111111111102221210212212102122121012121202001111111111111102220001111111111111011122222221111132222220222
11202222222222222233111111111110022111110222222102222221012222202200111111111110022222000111111111100011121222120111112122120222
12200111111111111113311111111100222111110111111101111111011111102220001111111100222222220001111111003011122222220011112222220222
12222011111111111111300000000022222211110011111100111111011111002222200000000002222222222200000000033011111111100001111111110222
11222200000000000000001000111112222222111000000002000000100000022222222222222222222222212222222210023011111111001000111111100222
21222222112222222222221000011111222221111111112222222121111111222222222222222222122222212222222210012000000000001110000000002221
22222222222222222222221000000101112222111111211122222221111111222222222222222221122222222112222211112222221122222222222211122222
22222222222222222222221100000100111112111111211112211221111111122122222222222122222222222111222222112222221222222222222111221222
22222222222221222222211100000000001001211111111112221121111111122112222222222112222222222211222222222222222222222222222212222222

0x000008fc
22222222222222222222222222222222222222222222222222222222222222222222222222222222222222222222222222222222222222222222222222222221
12222222222222222222222222222222222222222222222222222222222222222222222222222222222222222222222222222222222222222222222222222221
22222222222222222222222222222222222222222222222222222233332222222222222222222222222222222222222222222222222222222222222222222221
22222222222222222222222222222222212222222222222222222223333222222222222222222222222222222222222222222222222222122222222222222220
22200000000000000022222222222223222222220000000000222220000000003222222222222212222222222222222222222222000000002222200000000220
22203333333333333103330000000023322222220333333320222102333333302222220000000022222222222200000000222222033333302222023333330222
22203133133313313200300122221003322222220313313320222003331331302222200122221002222222222001222210022220231331310220223133130222
22203333333333333220013333333310222222220333333331032003333333302220013333333310222222200133333333102202233333330202223333330222
22201133333333311222233333333333122222220333333332022213333333302202233333333333122222022333333333331022233333331022213333330222
22222131333331311122233333333333302222220333333332022023333333302022233333333333302220222333333333333022133333332222113333330222
22222033333333321122223333333333320222220333333333022033333333302122223333333333320201222233333333333221133333333221113333330222
22222033333333321122223333333333331022220313333313122131333331300122223333333333331001222233333333333321131333313311113133130222
22222033333333321122222233333333333102220333333333102233333333301122222233333333333101222222333333333331133333333331113333330222
22222033333333321122222233333333333102220333333333202333333333301122222233333333333101222222333333333333133333333333113333330222
22222031333331321122222223333333333102220333333333202333333333301122222223333333333301222222233333333333133333333333313333330222
22222033333333231122222222333333333102220333333233311333323333301122222222333333333301222222223333333333133333333331323333330222
22222033333332231112222223333333333201220333333222211333223333301112222223333333333301122222233333333332133333332333333333320222
22222033333322231111122222223333333201220313312221222313222131301111122222223333333201111222222233333332133333322333333333220222
22222033333222231111122222222322322101120333322122222332212333201111122222222322322201111222222223223222131333121331333332120222
22222031332221231111111222222222222011220333222112222222112332201111111222222222222001111112222222222221133332221133333322220222
22222033322222233111111222222222222012220332222112222231112322200111111222222222222000111112222222222221133322221113333222220222
22200033222222233311111111222222221211210222222102222231012222200111111111222222221000111111112222222211133222221113332222220222
21102222222222222211111111112122210221210222222102232221012222200011111111112122210200011111111121222111122222221111322222220222
11202122122221221231111111111111102111110212212102122121012121202001111111111111102220001111111111111011122222221111132222220222
12202222222222222233111111111110022111110222222102222221012222202200111111111110022222000111111111100011121222120111112122120222
12200111111111111113311111111100222211110111111101111111011111102220001111111100222222220001111111003011122222220011112222220222
11222011111111111111300000000012222222110011111100111111011111002222200000000002222222212200000000023011111111100001111111110222
21222200000000000000001000011111222221111000000002000000100000022222222222222222122222212222222210012011111111001100111111100221
22222222222222222222221000000101112222111111211122222221111111222222222222222221122222222112222211112000000000002220000000002222
22222222222222222222221100000100111112111111211112211221111111122122222222222122222222222111222222112222221222222222222111221222
22222222222221222222211100000000001001211111111112221121111111122112222222222112222222222211222222222222222222222222222212222222
22222222222211122222221100000000001000111111111111211112111111011111111222222222211222222221222222222222222222222222222212222111

0x0000090c
12222222222222222222222222222222222222222222222222222222222222222222222222222222222222222222222222222222222222222222222222222221
22222222222222222222222222222222222222222222222222222233332222222222222222222222222222222222222222222222222222222222222222222221
22222222222222222222222222222222212222222222222222222223333222222222222222222222222222222222222222222222222222122222222222222220
22222222222222222222222222222223222222222222222222222222333222223222222222222212222222222222222222222222222222222222222221222220
22200000000000000023332222111123322222220000000000222100000000002222222222222222222222222222222222222222000000002222200000000222
22203333333333333102330000000013322222220333333320222002333333302222220000000022222222222200000000222222033333302222023333330222
22203133133313313200200122221002222222220313313320232003331331302222200122221002222222222001222210022220231331310220223133130222
22203333333333333220013333333310222222220333333331022203333333302220013333333310222222200133333333102202233333330202223333330222
22201133333333311222233333333333122222220333333332022213333333302202233333333333122222022333333333331022233333331022213333330222
22222131333331311122233333333333302222220333333332022023333333302022233333333333302220222333333333333022133333332222113333330222
22222033333333321122223333333333320222220333333333022033333333302122223333333333320201222233333333333221133333333221113333330222
22222033333333321122223333333333331022220313333313122131333331300122223333333333331001222233333333333321131333313311113133130222
22222033333333321122222233333333333102220333333333102233333333301122222233333333333101222222333333333331133333333331113333330222
22222033333333321122222233333333333102220333333333202333333333301122222233333333333101222222333333333333133333333333113333330222
22222031333331321122222223333333333102220333333333202333333333301122222223333333333301222222233333333333133333333333313333330222
22222033333333231122222222333333333101220333333233311333323333301122222222333333333301222222223333333333133333333331323333330222
22222033333332231112222223333333333201220333333222211333223333301112222223333333333301122222233333333332133333332333333333320222
22222033333322231111122222223333333201120313312221222313222131301111122222223333333201111222222233333332133333322333333333220222
22222033333222231111122222222322322101220333322122222332212333201111122222222322322201111222222223223222131333121331333332120222
22222031332221231111111222222222222012220333222112222222112332201111111222222222222001111112222222222221133332221133333322220222
22222033322222233111111222222222222011210332222112222231112322200111111222222222222000111112222222222221133322221113333222220222
21100033222222233311111111222222221221210222222102222231012222200111111111222222221000111111112222222211133222221113332222220222
11202222222222222211111111112122210111110222222102232221012222200011111111112122210200011111111121222111122222221111322222220222
12202122122221221231111111111111102111110212212102122121012121202001111111111111102220001111111111111011122222221111132222220222
12202222222222222233111111111110022211110222222102222221012222202200111111111110022222000111111111100011121222120111112122120222
11200111111111111113311111111100222222110111111101111111011111102220001111111100222222210001111111003011122222220011112222220222
21222011111111111111300000000011222221110011111100111111011111002222200000000002122222212200000000012011111111100001111111110221
22222200000000000000001000000101112222111000000002000000100000022222222222222221122222222112222211112011111111002200111111100222
22222222222222222222221100000100111112111111211112211221111111122122222222222122222222222111222222112000000000002220000000001222
22222222222221222222211100000000001001211111111112221121111111122112222222222112222222222211222222222222222222222222222212222222
22222222222211122222221100000000001000111111111111211112111111011111111222222222211222222221222222222222222222222222222212222111
22222222222211222222222100000110000000111111111001121111211111011111111112222222211112222221222222222222222222222221221112212111

0x0000092e
22222222222222222222222222222222222222222222222222222233332222222222222222222222222222222222222222222222222222222222222222222221
22222222222222222222222222222222212222222222222222222223333222222222222222222222222222222222222222222222222222122222222222222220
22222222222222222222222222222223222222222222222222222222333222223222222222222212222222222222222222222222222222222222222221222220
22222222222222211223332222111123322222222222222222222100133222112222222222222222222222222222222222222222222222222222222211222222
22200000000000000022332322110013322222220000000000222000000000002222222222222222222222222222222222222222000000002222200000000222
22203333333333333101230000000012222222220333333320232002333333302222220000000022222222222200000000222222033333302222023333330222
22203133133313313200100122221001222222220313313320222203331331302222200122221002222222222001222210022220231331310220223133130222
22203333333333333220013333333310222222220333333331022203333333302220013333333310222222200133333333102202233333330202223333330222
22201133333333311222233333333333122222220333333332022213333333302202233333333333122222022333333333331022233333331022213333330222
22222131333331311122233333333333302222220333333332022023333333302022233333333333302220222333333333333022133333332222113333330222
22222033333333321122223333333333320222220333333333022033333333302122223333333333320201222233333333333221133333333221113333330222
22222033333333321122223333333333331022220313333313122131333331300122223333333333331001222233333333333321131333313311113133130222
22222033333333321122222233333333333102220333333333102233333333301122222233333333333101222222333333333331133333333331113333330222
22222033333333321122222233333333333102220333333333202333333333301122222233333333333101222222333333333333133333333333113333330222
22222031333331321122222223333333333101220333333333202333333333301122222223333333333301222222233333333333133333333333313333330222
22222033333333231122222222333333333101220333333233311333323333301122222222333333333301222222223333333333133333333331323333330222
22222033333332231112222223333333333201120333333222211333223333301112222223333333333301122222233333333332133333332333333333320222
22222033333322231111122222223333333201220313312221222313222131301111122222223333333201111222222233333332133333322333333333220222
22222033333222231111122222222322322102220333322122222332212333201111122222222322322201111222222223223222131333121331333332120222
22222031332221231111111222222222222011210333222112222222112332201111111222222222222001111112222222222221133332221133333322220222
21122033322222233111111222222222222021210332222112222231112322200111111222222222222000111112222222222221133322221113333222220222
11200033222222233311111111222222221111110222222102222231012222200111111111222222221000111111112222222211133222221113332222220222
12202222222222222211111111112122210111110222222102232221012222200011111111112122210200011111111121222111122222221111322222220222
12202122122221221231111111111111102211110212212102122121012121202001111111111111102220001111111111111011122222221111132222220222
11202222222222222233111111111110022222110222222102222221012222202200111111111110022222000111111111100011121222120111112122120222
21200111111111111113311111111100222221110111111101111111011111102220001111111100122222210001111111002011122222220011112222220221
22222011111111111111300000000001112222110011111100111111011111002222200000000001122222222100000000012011111111100001111111110222
22222200000000000000001100000100111112111000000002000000100000022122222222222122222222222111222222112011111111002200111111100222
22222222222221222222211100000000001001211111111112221121111111122112222222222112222222222211222222222000000000002220000000002222
22222222222211122222221100000000001000111111111111211112111111011111111222222222211222222221222222222222222222222222222212222111
22222222222211222222222100000110000000111111111001121111211111011111111112222222211112222221222222222222222222222221221112212111
22222222222211221222122110100111000000000000110001111111111110111111111112222222211111122221112222222222222222122211211111121111

0x0000094f
22222222222222222222222222222222212222222222222222222223333222222222222222222222222222222222222222222222222222122222222222222220
22222222222222222222222222222223222222222222222222222222333222223222222222222212222222222222222222222222222222222222222221222220
22222222222222211223332222111123322222222222222222222100133222112222222222222222222222222222222222222222222222222222222211222222
22222222222232211122332322110013322222222222222222222000123322212222222222222222222222222222222222222222222222222222222201222222
22200000000000000001233322210012222222220000000000232000000000002222222222222222222222222222222222222222000000002222200000000222
22203333333333333100120000000001222222220333333320222202333333302222220000000022222222222200000000222222033333301222023333330222
22203133133313313200100122221001222222220313313320222203331331302222200122221002222222222001222210022220231331310220223133130222
22203333333333333220013333333310222222220333333331022203333333302220013333333310222222200133333333102202233333330102223333330222
22201133333333311222233333333333122222220333333332022213333333302202233333333333122222022333333333331022233333331022213333330222
22222131333331311122233333333333302222220333333332022023333333302022233333333333302220222333333333333022133333332222113333330222
22222033333333321122223333333333320222220333333333022033333333302122223333333333320201222233333333333221133333333221113333330222
22222033333333321122223333333333331022220313333313122131333331300122223333333333331001222233333333333321131333313311113133130222
22222033333333321122222233333333333102220333333333102233333333301122222233333333333101222222333333333331133333333331113333330222
22222033333333321122222233333333333101220333333333202333333333301122222233333333333101222222333333333333133333333333113333330222
22222031333331321122222223333333333101220333333333202333333333301122222223333333333301222222233333333333133333333333313333330222
22222033333333231122222222333333333101120333333233311333323333301122222222333333333301222222223333333333133333333331323333330222
22222033333332231112222223333333333201220333333222211333223333301112222223333333333301122222233333333332133333332333333333320222
22222033333322231111122222223333333202220313312221222313222131301111122222223333333201111222222233333332133333322333333333220222
22222033333222231111122222222322322101210333322122222332212333201111122222222322322201111222222223223222131333121331333332120222
21122031332221231111111222222222222021210333222112222222112332201111111222222222222001111112222222222221133332221133333322220222
11222033322222233111111222222222222011110332222112222231112322200111111222222222222000111112222222222221133322221113333222220222
12200033222222233311111111222222221111110222222102222231012222200111111111222222221000111111112222222211133222221113332222220222
12202222222222222211111111112122210211110222222102232221012222200011111111112122210200011111111121222111122222221111322222220222
11202122122221221231111111111111102222110212212102122121012121202001111111111111102220001111111111111011122222221111132222220222
21202222222222222233111111111110022221110222222102222221012222202200111111111110022222000111111111100011121222120111112122120221
22200111111111111113311111111100112222110111111101111111011111102220001111111100122222220001111111002011122222220011112222220222
22222011111111111111300000000000111112110011111100111111011111002122200000000002222222222100000000012011111111100001111111110222
22222200000000000000001100000000001001211000000002000000100000022112222222222112222222222211222222222011111111002200111111100222
22222222222211122222221100000000001000111111111111211112111111011111111222222222211222222221222222222000000000002220000000002111
22222222222211222222222100000110000000111111111001121111211111011111111112222222211112222221222222222222222222222221221112212111
22222222222211221222122110100111000000000000110001111111111110111111111112222222211111122221112222222222222222122211211111121111
22222222222211211222122111000011000000000000000001111111111111111111111111222222211111112121111211222222112221112211211111111110

0x00000960
22222222222222222222222222222223222222222222222222222222333222223222222222222212222222222222222222222222222222222222222221222220
22222222222222211223332222111123322222222222222222222100133222112222222222222222222222222222222222222222222222222222222211222222
22222222222232211122332322110013322222222222222222222000123322212222222222222222222222222222222222222222222222222222222201222222
22222222223333211001233322210012222222222222222222232000023222222222222222222222222222222222222222222222222222222222222212222222
22200000000000000000122222221001222222220000000000222200000000002222222222222222222222222222222222222222000000001222200000000222
22203333333333333101120000000011222222220333333320222202333333302222220000000022222222222200000000222222033333302222023333330222
22203133133313313200100122221002222222220313313320222203331331302222200122221002222222222001222210022220231331310120223133130222
22203333333333333220013333333310222222220333333331022203333333302220013333333310222222200133333333102202233333330102223333330222
22201133333333311222233333333333122222220333333332022213333333302202233333333333122222022333333333331022233333331022213333330222
22222131333331311122233333333333302222220333333332022023333333302022233333333333302220222333333333333022133333332222113333330222
22222033333333321122223333333333320222220333333333022033333333302122223333333333320201222233333333333221133333333221113333330222
22222033333333321122223333333333331022220313333313122131333331300122223333333333331001222233333333333321131333313311113133130222
22222033333333321122222233333333333101220333333333102233333333301122222233333333333101222222333333333331133333333331113333330222
22222033333333321122222233333333333101220333333333202333333333301122222233333333333101222222333333333333133333333333113333330222
22222031333331321122222223333333333101120333333333202333333333301122222223333333333301222222233333333333133333333333313333330222
22222033333333231122222222333333333101220333333233311333323333301122222222333333333301222222223333333333133333333331323333330222
22222033333332231112222223333333333202220333333222211333223333301112222223333333333301122222233333333332133333332333333333320222
22222033333322231111122222223333333201210313312221222313222131301111122222223333333201111222222233333332133333322333333333220222
21122033333222231111122222222322322101210333322122222332212333201111122222222322322201111222222223223222131333121331333332120222
11222031332221231111111222222222222011110333222112222222112332201111111222222222222001111112222222222221133332221133333322220222
12222033322222233111111222222222222011110332222112222231112322200111111222222222222000111112222222222221133322221113333222220222
12200033222222233311111111222222221211110222222102222231012222200111111111222222221000111111112222222211133222221113332222220222
11202222222222222211111111112122210222110222222102232221012222200011111111112122210200011111111121222111122222221111322222220222
21202122122221221231111111111111102221110212212102122121012121202001111111111111102220001111111111111011122222221111132222220221
22202222222222222233111111111110012222110222222102222221012222202200111111111110022222000111111111100011121222120111112122120222
22200111111111111113311111111100111112110111111101111111011111102120001111111100222222220001111111002011122222220011112222220222
22222011111111111111300000000000001001210011111100111111011111002112200000000002222222222200000000022011111111100001111111110222
22222200000000000000001100000000001000111000000001000000100000011111111222222222211222222221222222222011111111002200111111100111
22222222222211222222222100000110000000111111111001121111211111011111111112222222211112222221222222222000000000002220000000002111
22222222222211221222122110100111000000000000110001111111111110111111111112222222211111122221112222222222222222122211211111121111
22222222222211211222122111000011000000000000000001111111111111111111111111222222211111112121111211222222112221112211211111111110
22222222222222211222222100000000000000000011010000111111121111111111111111112222221111111111111212122221111222112211111111111110

0x00000981
22222222222222211223332222111123322222222222222222222100133222112222222222222222222222222222222222222222222222222222222211222222
22222222222232211122332322110013322222222222222222222000123322212222222222222222222222222222222222222222222222222222222201222222
22222222223333211001233322210012222222222222222222232000023222222222222222222222222222222222222222222222222222222222222212222222
22222222223332210000122222221001222222222222222222222200022222222222222222222222222222222222222222222222222222221222222222222222
22200000000000000011122222222111222222220000000000222210000000002222222222222222222222222222222222222222000000002222200000000222
22203333333333333101120000000012222222220333333320222202333333302222220000000022222222222200000000222222033333301122023333330222
22203133133313313200200122221002222222220313313320222203331331302222200122221002222222222001222210022220231331310120223133130222
22203333333333333220013333333310122222220333333331022203333333302220013333333310222222200133333333102202233333330202223333330222
22201133333333311222233333333333122222220333333332022213333333302202233333333333122222022333333333331022233333331022213333330222
22222131333331311122233333333333302222220333333332022023333333302022233333333333302220222333333333333022133333332222113333330222
22222033333333321122223333333333320222220333333333022033333333302122223333333333320201222233333333333221133333333221113333330222
22222033333333321122223333333333331011220313333313122131333331300122223333333333331001222233333333333321131333313311113133130222
22222033333333321122222233333333333101220333333333102233333333301122222233333333333101222222333333333331133333333331113333330222
22222033333333321122222233333333333101120333333333202333333333301122222233333333333101222222333333333333133333333333113333330222
22222031333331321122222223333333333101220333333333202333333333301122222223333333333301222222233333333333133333333333313333330222
22222033333333231122222222333333333102220333333233311333323333301122222222333333333301222222223333333333133333333331323333330222
22222033333332231112222223333333333201210333333222211333223333301112222223333333333301122222233333333332133333332333333333320222
21122033333322231111122222223333333201210313312221222313222131301111122222223333333201111222222233333332133333322333333333220222
11222033333222231111122222222322322101110333322122222332212333201111122222222322322201111222222223223222131333121331333332120222
12222031332221231111111222222222222011110333222112222222112332201111111222222222222001111112222222222221133332221133333322220222
12222033322222233111111222222222222011110332222112222231112322200111111222222222222000111112222222222221133322221113333222220222
11200033222222233311111111222222221222110222222102222231012222200111111111222222221000111111112222222211133222221113332222220222
21202222222222222211111111112122210221110222222102232221012222200011111111112122210200011111111121222111122222221111322222220221
22202122122221221231111111111111102222110212212102122121012121202001111111111111102220001111111111111011122222221111132222220222
22202222222222222233111111111110011112110222222102222221012222202100111111111110022222000111111111100011121222120111112122120222
22200111111111111113311111111100001001210111111101111111011111102110001111111100222222220001111111002011122222220011112222220222
22222011111111111111300000000000001000110011111100111111011111001111100000000002211222222200000000022011111111100001111111110111
22222200000000000000002100000110000000111000000001000000200000011111111112222222211112222221222222222011111111002200111111100111
22222222222211221222122110100111000000000000110001111111111110111111111112222222211111122221112222222000000000002210000000001111
22222222222211211222122111000011000000000000000001111111111111111111111111222222211111112121111211222222112221112211211111111110
22222222222222211222222100000000000000000011010000111111121111111111111111112222221111111111111212122221111222112211111111111110
11222222222222222222222100000000000000000011110000111111111111111111111111111211122111111111111112212222222222122211111111111110

0x000009a2
22222222222232211122332322110013322222222222222222222000123322212222222222222222222222222222222222222222222222222222222201222222
22222222223333211001233322210012222222222222222222232000023222222222222222222222222222222222222222222222222222222222222212222222
22222222223332210000122222221001222222222222222222222200022222222222222222222222222222222222222222222222222222221222222222222222
22222222233321121111122222222111222222222222222222222211122222222222222222222222222222222222222222222222222222222222222222222222
22200000000000000011122222222212222222220000000000222220000000002222222222222222222222222222222222222222000000001122200000000222
22203333333333333102220000000022222222220333333320222202333333302222220000000022222222222200000000222222033333302122023333330222
22203133133313313200200122221002122222220313313320222203331331302222200122221002222222222001222210022220231331310220223133130222
22203333333333333220013333333310122222220333333331022203333333302220013333333310222222200133333333102202233333330202223333330222
22201133333333311222233333333333112222220333333332022213333333302202233333333333122222022333333333331022233333331022213333330222
22222131333331311122233333333333302222220333333332022023333333302022233333333333302220222333333333333022133333332222113333330222
22222033333333321122223333333333320111220333333333022033333333302122223333333333320201222233333333333221133333333221113333330222
22222033333333321122223333333333331011220313333313122131333331300122223333333333331001222233333333333321131333313311113133130222
22222033333333321122222233333333333101120333333333102233333333301122222233333333333101222222333333333331133333333331113333330222
22222033333333321122222233333333333101220333333333202333333333301122222233333333333101222222333333333333133333333333113333330222
22222031333331321122222223333333333102220333333333202333333333301122222223333333333301222222233333333333133333333333313333330222
22222033333333231122222222333333333101210333333233311333323333301122222222333333333301222222223333333333133333333331323333330222
21122033333332231112222223333333333201210333333222211333223333301112222223333333333301122222233333333332133333332333333333320222
11222033333322231111122222223333333201110313312221222313222131301111122222223333333201111222222233333332133333322333333333220222
12222033333222231111122222222322322101110333322122222332212333201111122222222322322201111222222223223222131333121331333332120222
12222031332221231111111222222222222011110333222112222222112332201111111222222222222001111112222222222221133332221133333322220222
11222033322222233111111222222222222022110332222112222231112322200111111222222222222000111112222222222221133322221113333222220222
21200033222222233311111111222222221221110222222102222231012222200111111111222222221000111111112222222211133222221113332222220221
22202222222222222211111111112122210222110222222102232221012222200011111111112122210200011111111121222111122222221111322222220222
22202122122221221231111111111111101112110212212102122121012121202001111111111111102220001111111111111011122222221111132222220222
22202222222222222233111111111110001001210222222102222221012222202100111111111110022222000111111111100011121222120111112122120222
22200111111111111113311111111100001000110111111101111111011111101110001111111100211222220001111111002011122222220011112222220111
22222011111111111111300000000010000000110011111100111111011111001111100000000002211112222200000000022011111111100001111111110111
22222200000000000000002110100111000000000000000001000000100000011111111112222222211111122221112222222011111111002200111111100111
22222222222211211222122111000011000000000000000001111111111111111111111111222222211111112121111211222000000000002210000000001110
22222222222222211222222100000000000000000011010000111111121111111111111111112222221111111111111212122221111222112211111111111110
11222222222222222222222100000000000000000011110000111111111111111111111111111211122111111111111112212222222222122211111111111110
11222222222222222222222111000000000000101111111100011110111111111111111111111111112111111111111111112222221222122211111111111100

0x000009b3
22222222223333211001233322210012222222222222222222232000023222222222222222222222222222222222222222222222222222222222222212222222
22222222223332210000122222221001222222222222222222222200022222222222222222222222222222222222222222222222222222221222222222222222
22222222233321121111122222222111222222222222222222222211122222222222222222222222222222222222222222222222222222222222222222222222
22222222233200022211122222222212222222222222222222222222222222222222222222222222222222222222222222222222222222221122222222222222
22200000000000000022222222222222222222220000000000222220000000002222222222222222222222222222222222222222000000002122200000000222
22203333333333333102220000000022122222220333333320222202333333302222220000000022222222222200000000222222033333302222023333330222
22203133133313313200200122221001122222220313313320222203331331302222200122221002222222222001222210022220231331310220223133130222
22203333333333333220013333333310112222220333333331022203333333302220013333333310222222200133333333102202233333330202223333330222
22201133333333311222233333333333112222220333333332022213333333302202233333333333122222022333333333331022233333331022213333330222
22222131333331311122233333333333301111220333333332022023333333302022233333333333302220222333333333333022133333332222113333330222
22222033333333321122223333333333320111220333333333022033333333302122223333333333320201222233333333333221133333333221113333330222
22222033333333321122223333333333331011120313333313122131333331300122223333333333331001222233333333333321131333313311113133130222
22222033333333321122222233333333333101220333333333102233333333301122222233333333333101222222333333333331133333333331113333330222
22222033333333321122222233333333333102220333333333202333333333301122222233333333333101222222333333333333133333333333113333330222
22222031333331321122222223333333333101210333333333202333333333301122222223333333333301222222233333333333133333333333313333330222
21122033333333231122222222333333333101210333333233311333323333301122222222333333333301222222223333333333133333333331323333330222
11222033333332231112222223333333333201110333333222211333223333301112222223333333333301122222233333333332133333332333333333320222
12222033333322231111122222223333333201110313312221222313222131301111122222223333333201111222222233333332133333322333333333220222
12222033333222231111122222222322322101110333322122222332212333201111122222222322322201111222222223223222131333121331333332120222
11222031332221231111111222222222222022110333222112222222112332201111111222222222222001111112222222222221133332221133333322220222
21222033322222233111111222222222222021110332222112222231112322200111111222222222222000111112222222222221133322221113333222220221
22200033222222233311111111222222221222110222222102222231012222200111111111222222221000111111112222222211133222221113332222220222
22202222222222222211111111112122210112110222222102232221012222200011111111112122210200011111111121222111122222221111322222220222
22202122122221221231111111111111101001210212212102122121012121202001111111111111102220001111111111111011122222221111132222220222
22202222222222222233111111111110001000110222222102222221012222201100111111111110011222000111111111100011121222120111112122120111
22200111111111111113311111111100000000110111111101111111011111101110001111111100211112220001111111002011122222220011112222220111
22222011111111111111300000000011000000000011111100111111011111001111100000000002211111122200000000022011111111100001111111110111
22222200000000000000002111000011000000000000000001000000100000011111111111222222211111112121111211222011111111002200111111100110
22222222222222211222222100000000000000000011010000111111121111111111111111112222221111111111111212122000000000002210000000001110
11222222222222222222222100000000000000000011110000111111111111111111111111111211122111111111111112212222222222122211111111111110
11222222222222222222222111000000000000101111111100011110111111111111111111111111112111111111111111112222221222122211111111111100
21222222222221222222222211000000000000001111110000011100111111111111111111111111111111111111111111112222221222112221111111111110

0x000009d4
22222222223332210000122222221001222222222222222222222200022222222222222222222222222222222222222222222222222222221222222222222222
22222222233321121111122222222111222222222222222222222211122222222222222222222222222222222222222222222222222222222222222222222222
22222222233200022211122222222212222222222222222222222222222222222222222222222222222222222222222222222222222222221122222222222222
22222222233200012222222222222222222222222222222222222222222222222222222222222222222222222222222222222222222222222122222222212222
22200000000000000022222222222222122222220000000000222220000000002222222222222222222222222222222222222222000000002222200000000222
22203333333333333102220000000021122222220333333320222202333333302222220000000022222222222200000000222222033333302222023333330222
22203133133313313200200122221001112222220313313320222203331331302222200122221002222222222001222210022220231331310220223133130222
22203333333333333220013333333310212222220333333331022203333333302220013333333310222222200133333333102202233333330202223333330222
22201133333333311222233333333333111111220333333332022213333333302202233333333333122222022333333333331022233333331022213333330222
22222131333331311122233333333333301111220333333332022023333333302022233333333333302220222333333333333022133333332222113333330222
22222033333333321122223333333333320111120333333333022033333333302122223333333333320201222233333333333221133333333221113333330222
22222033333333321122223333333333331011220313333313122131333331300122223333333333331001222233333333333321131333313311113133130222
22222033333333321122222233333333333102220333333333102233333333301122222233333333333101222222333333333331133333333331113333330222
22222033333333321122222233333333333101210333333333202333333333301122222233333333333101222222333333333333133333333333113333330222
21122031333331321122222223333333333101210333333333202333333333301122222223333333333301222222233333333333133333333333313333330222
11222033333333231122222222333333333101110333333233311333323333301122222222333333333301222222223333333333133333333331323333330222
12222033333332231112222223333333333201110333333222211333223333301112222223333333333301122222233333333332133333332333333333320222
12222033333322231111122222223333333201110313312221222313222131301111122222223333333201111222222233333332133333322333333333220222
11222033333222231111122222222322322102110333322122222332212333201111122222222322322201111222222223223222131333121331333332120222
21222031332221231111111222222222222021110333222112222222112332201111111222222222222001111112222222222221133332221133333322220221
22222033322222233111111222222222222022110332222112222231112322200111111222222222222000111112222222222221133322221113333222220222
22200033222222233311111111222222221112110222222102222231012222200111111111222222221000111111112222222211133222221113332222220222
22202222222222222211111111112122210001210222222102232221012222200011111111112122210200011111111121222111122222221111322222220222
22202122122221221231111111111111101000110212212102122121012121201001111111111111101220001111111111111011122222221111132222220111
22202222222222222233111111111110000000110222222102222221012222201100111111111110011112000111111111100011121222120111112122120111
22200111111111111113311111111100000000000111111101111111011111101110001111111100211111120001111111002011122222220011112222220111
22222011111111111111300000000011000000000011111100111111011111001111100000000002211111112100000000022011111111100001111111110110
22222200000000000000002100000000000000000000000000000000100000011111111111112222221111111111111212122011111111002200111111100110
11222222222222222222222100000000000000000011110000111111111111111111111111111211122111111111111112212000000000002210000000001110
11222222222222222222222111000000000000101111111100011110111111111111111111111111112111111111111111112222221222122211111111111100
21222222222221222222222211000000000000001111110000011100111111111111111111111111111111111111111111112222221222112221111111111110
22222222222222222222222211100000000000000110110000001100000111111111111111111111111111111111111111222222222222222221111111111100

0x000009f6
22222222233321121111122222222111222222222222222222222211122222222222222222222222222222222222222222222222222222222222222222222222
22222222233200022211122222222212222222222222222222222222222222222222222222222222222222222222222222222222222222221122222222222222
22222222233200012222222222222222222222222222222222222222222222222222222222222222222222222222222222222222222222222122222222212222
22222222222200022222222222222222122222222222222222222222222222222222222222222222222222222222222222222222222222222222222222212222
22200000000000000022222222222221122222220000000000222220000000002222222222222222222222222222222222222222000000002222200000000222
22203333333333333102220000000021112222220333333320222202333333302222220000000022222222222200000000222222033333302222023333330222
22203133133313313200200122221002212222220313313320222203331331302222200122221002222222222001222210022220231331310220223133130222
22203333333333333220013333333310211111220333333331022203333333302220013333333310222222200133333333102202233333330202223333330222
22201133333333311222233333333333111111220333333332022213333333302202233333333333122222022333333333331022233333331022213333330222
22222131333331311122233333333333301111120333333332022023333333302022233333333333302220222333333333333022133333332222113333330222
22222033333333321122223333333333320111220333333333022033333333302122223333333333320201222233333333333221133333333221113333330222
22222033333333321122223333333333331012220313333313122131333331300122223333333333331001222233333333333321131333313311113133130222
22222033333333321122222233333333333101210333333333102233333333301122222233333333333101222222333333333331133333333331113333330222
21122033333333321122222233333333333101210333333333202333333333301122222233333333333101222222333333333333133333333333113333330222
11222031333331321122222223333333333101110333333333202333333333301122222223333333333301222222233333333333133333333333313333330222
12222033333333231122222222333333333101110333333233311333323333301122222222333333333301222222223333333333133333333331323333330222
12222033333332231112222223333333333201110333333222211333223333301112222223333333333301122222233333333332133333332333333333320222
11222033333322231111122222223333333202110313312221222313222131301111122222223333333201111222222233333332133333322333333333220222
21222033333222231111122222222322322101110333322122222332212333201111122222222322322201111222222223223222131333121331333332120221
22222031332221231111111222222222222022110333222112222222112332201111111222222222222001111112222222222221133332221133333322220222
22222033322222233111111222222222222012110332222112222231112322200111111222222222222000111112222222222221133322221113333222220222
22200033222222233311111111222222221001210222222102222231012222200111111111222222221000111111112222222211133222221113332222220222
22202222222222222211111111112122210000110222222102232221012222200011111111112122210200011111111121222111122222221111322222220111
22202122122221221231111111111111100000110212212102122121012121201001111111111111101110001111111111111011122222221111132222220111
22202222222222222233111111111110000000000222222102222221012222201100111111111110011111000111111111100011121222120111112122120111
22200111111111111113311111111100000000000111111101111111011111101110001111111100211111110001111111002011122222220011112222220110
22222011111111111111300000000000000000000011111100111111011111001111100000000002221111111100000000022011111111100001111111110110
11222200000000000000002100000000000000000000000000000000100000011111111111111211122111111111111112212011111111002200111111100110
11222222222222222222222111000000000000101111111100011110111111111111111111111111112111111111111111112000000000002210000000001100
21222222222221222222222211000000000000001111110000011100111111111111111111111111111111111111111111112222221222112221111111111110
22222222222222222222222211100000000000000110110000001100000111111111111111111111111111111111111111222222222222222221111111111100
21123322111232222222222211100000000000000000000000000000000111111111111111111111111111111111111111112211112222222221111111111110

0x00000a06
22222222233200022211122222222212222222222222222222222222222222222222222222222222222222222222222222222222222222221122222222222222
22222222233200012222222222222222222222222222222222222222222222222222222222222222222222222222222222222222222222222122222222212222
22222222222200022222222222222222122222222222222222222222222222222222222222222222222222222222222222222222222222222222222222212222
22222222222200122222222222222221122222222222222222222222222222222222222222222222222222222222222222222222222221122222222222222222
22200000000000000022222222222221112222220000000000222220000000002222222222222222222222222222222222222222000000002222200000000222
22203333333333333102220000000022212222220333333320222202333333302222220000000022222222222200000000222222033333302222023333330222
22203133133313313200200122221002211111220313313320222203331331302222200122221002222222222001222210022220231331310220223133130222
22203333333333333220013333333310111111220333333331022203333333302220013333333310222222200133333333102202233333330202223333330222
22201133333333311222233333333333111111120333333332022213333333302202233333333333122222022333333333331022233333331022213333330222
22222131333331311122233333333333301111220333333332022023333333302022233333333333302220222333333333333022133333332222113333330222
22222033333333321122223333333333320112220333333333022033333333302122223333333333320201222233333333333221133333333221113333330222
22222033333333321122223333333333331011210313333313122131333331300122223333333333331001222233333333333321131333313311113133130222
21122033333333321122222233333333333101210333333333102233333333301122222233333333333101222222333333333331133333333331113333330222
11222033333333321122222233333333333101110333333333202333333333301122222233333333333101222222333333333333133333333333113333330222
12222031333331321122222223333333333101110333333333202333333333301122222223333333333301222222233333333333133333333333313333330222
12222033333333231122222222333333333101110333333233311333323333301122222222333333333301222222223333333333133333333331323333330222
11222033333332231112222223333333333202110333333222211333223333301112222223333333333301122222233333333332133333332333333333320222
21222033333322231111122222223333333201110313312221222313222131301111122222223333333201111222222233333332133333322333333333220221
22222033333222231111122222222322322102110333322122222332212333201111122222222322322201111222222223223222131333121331333332120222
22222031332221231111111222222222222012110333222112222222112332201111111222222222222001111112222222222221133332221133333322220222
22222033322222233111111222222222222001210332222112222231112322200111111222222222222000111112222222222221133322221113333222220222
22200033222222233311111111222222221000110222222102222231012222200111111111222222221000111111112222222211133222221113332222220111
22202222222222222211111111112122210000110222222102232221012222200011111111112122210100011111111121222111122222221111322222220111
22202122122221221231111111111111100000000212212102122121012121201001111111111111101110001111111111111011122222221111132222220111
22202222222222222233111111111110000000000222222102222221012222201100111111111110011111000111111111100011121222120111112122120110
22200111111111111113311111111100000000000111111101111111011111101110001111111100221111110001111111002011122222220011112222220110
11222011111111111111300000000000000000000011111100111111011111001111100000000001122111111100000000012011111111100001111111110110
11222200000000000000002111000000000000101000000000000000100000011111111111111111112111111111111111112011111111002200111111100100
21222222222221222222222211000000000000001111110000011100111111111111111111111111111111111111111111112000000000002220000000001110
22222222222222222222222211100000000000000110110000001100000111111111111111111111111111111111111111222222222222222221111111111100
21123322111232222222222211100000000000000000000000000000000111111111111111111111111111111111111111112211112222222221111111111110
21113332110122222222222211100000000000000000000000000000000010010001101111111111111111111111111111112211112222222211112222111110

0x00000a28
22222222233200012222222222222222222222222222222222222222222222222222222222222222222222222222222222222222222222222122222222212222
22222222222200022222222222222222122222222222222222222222222222222222222222222222222222222222222222222222222222222222222222212222
22222222222200122222222222222221122222222222222222222222222222222222222222222222222222222222222222222222222221122222222222222222
22222222222222222222222222222221112222222222222222222222222222222222222222222222222222222222222222222222222222222222222222222222
22200000000000000022222222222222212222220000000000222220000000002222222222222222222222222222222222222222000000002222200000000222
22203333333333333102220000000022211111220333333320222202333333302222220000000022222222222200000000222222033333302222023333330222
22203133133313313200200122221002111111220313313320222203331331302222200122221002222222222001222210022220231331310220223133130222
22203333333333333220013333333310111111120333333331022203333333302220013333333310222222200133333333102202233333330202223333330222
22201133333333311222233333333333111111220333333332022213333333302202233333333333122222022333333333331022233333331022213333330222
22222131333331311122233333333333301112220333333332022023333333302022233333333333302220222333333333333022133333332222113333330222
22222033333333321122223333333333320211210333333333022033333333302122223333333333320201222233333333333221133333333221113333330222
21122033333333321122223333333333331021210313333313122131333331300122223333333333331001222233333333333321131333313311113133130222
11222033333333321122222233333333333101110333333333102233333333301122222233333333333101222222333333333331133333333331113333330222
12222033333333321122222233333333333101110333333333202333333333301122222233333333333101222222333333333333133333333333113333330222
12222031333331321122222223333333333101110333333333202333333333301122222223333333333301222222233333333333133333333333313333330222
11222033333333231122222222333333333102110333333233311333323333301122222222333333333301222222223333333333133333333331323333330222
21222033333332231112222223333333333201110333333222211333223333301112222223333333333301122222233333333332133333332333333333320221
22222033333322231111122222223333333202110313312221222313222131301111122222223333333201111222222233333332133333322333333333220222
22222033333222231111122222222322322102110333322122222332212333201111122222222322322201111222222223223222131333121331333332120222
22222031332221231111111222222222222001210333222112222222112332201111111222222222222001111112222222222221133332221133333322220222
22222033322222233111111222222222222000110332222112222231112322200111111222222222222000111112222222222221133322221113333222220111
22200033222222233311111111222222221000110222222102222231012222200111111111222222221000111111112222222211133222221113332222220111
22202222222222222211111111112122210000000222222102232221012222200011111111112122210100011111111121222111122222221111322222220111
22202122122221221231111111111111100000000212212102122121012121201001111111111111101110001111111111111011122222221111132222220110
22202222222222222233111111111110000000000222222102222221012222201100111111111110021111000111111111100011121222120111112122120110
11200111111111111113311111111100000000000111111101111111011111101110001111111100122111110001111111002011122222220011112222220110
11222011111111111111300000000000000000100011111100111111011111001111100000000001112111111100000000012011111111100001111111110100
21222200000000000000002211000000000000001000000000000000100000011111111111111111111111111111111111112011111111002200111111100110
22222222222222222222222211100000000000000110110000001100000111111111111111111111111111111111111111222000000000002220000000001100
21123322111232222222222211100000000000000000000000000000000111111111111111111111111111111111111111112211112222222221111111111110
21113332110122222222222211100000000000000000000000000000000010010001101111111111111111111111111111112211112222222211112222111110
11002322210012222222222221110000000000000000000000000000000000000000000001111111111111111111111111112221111222222211122222211100

0x00000a38
22222222222200022222222222222222122222222222222222222222222222222222222222222222222222222222222222222222222222222222222222212222
22222222222200122222222222222221122222222222222222222222222222222222222222222222222222222222222222222222222221122222222222222222
22222222222222222222222222222221112222222222222222222222222222222222222222222222222222222222222222222222222222222222222222222222
22222222222222222222222222222222212222222222222222222222222222222222222222222222222222222222222222222222222222122222222222222222
22200000000000000022222222222222211111220000000000222220000000002222222222222222222222222222222222222222000000002222200000000222
22203333333333333102220000000022111111220333333320222202333333302222220000000022222222222200000000222222033333302222023333330222
22203133133313313200200122221001111111120313313320222203331331302222200122221002222222222001222210022220231331310220223133130222
22203333333333333220013333333310111111220333333331022203333333302220013333333310222222200133333333102202233333330202223333330222
22201133333333311222233333333333121112220333333332022213333333302202233333333333122222022333333333331022233333331022213333330222
22222131333331311122233333333333302211210333333332022023333333302022233333333333302220222333333333333022133333332222113333330222
21122033333333321122223333333333320221210333333333022033333333302122223333333333320201222233333333333221133333333221113333330222
11222033333333321122223333333333331011110313333313122131333331300122223333333333331001222233333333333321131333313311113133130222
12222033333333321122222233333333333101110333333333102233333333301122222233333333333101222222333333333331133333333331113333330222
12222033333333321122222233333333333101110333333333202333333333301122222233333333333101222222333333333333133333333333113333330222
11222031333331321122222223333333333102110333333333202333333333301122222223333333333301222222233333333333133333333333313333330222
21222033333333231122222222333333333101110333333233311333323333301122222222333333333301222222223333333333133333333331323333330221
22222033333332231112222223333333333202110333333222211333223333301112222223333333333301122222233333333332133333332333333333320222
22222033333322231111122222223333333202110313312221222313222131301111122222223333333201111222222233333332133333322333333333220222
22222033333222231111122222222322322101210333322122222332212333201111122222222322322201111222222223223222131333121331333332120222
22222031332221231111111222222222222000110333222112222222112332201111111222222222222001111112222222222221133332221133333322220111
22222033322222233111111222222222222000110332222112222231112322200111111222222222222000111112222222222221133322221113333222220111
22200033222222233311111111222222221000000222222102222231012222200111111111222222221000111111112222222211133222221113332222220111
22202222222222222211111111112122210000000222222102232221012222200011111111112122210100011111111121222111122222221111322222220110
22202122122221221231111111111111100000000212212102122121012121201001111111111111101110001111111111111011122222221111132222220110
11202222222222222233111111111110000000000222222102222221012222201100111111111110022111000111111111100011121222120111112122120110
11200111111111111113311111111100000000100111111101111111011111101110001111111100112111110001111111002011122222220011112222220100
21222011111111111111300000000000000000000011111100111111011111001111100000000001111111111100000000012011111111100001111111110110
22222200000000000000002211100000000000000000000000000000000000011111111111111111111111111111111111222011111111002200111111100100
21123322111232222222222211100000000000000000000000000000000111111111111111111111111111111111111111112000000000002220000000001110
21113332110122222222222211100000000000000000000000000000000010010001101111111111111111111111111111112211112222222211112222111110
11002322210012222222222221110000000000000000000000000000000000000000000001111111111111111111111111112221111222222211122222211100
21001222221112222222222221110000000000000000000000000000000000000000000001111111111111111111111111112221121222222211212222211100

0x00000a5a
22222222222200122222222222222221122222222222222222222222222222222222222222222222222222222222222222222222222221122222222222222222
22222222222222222222222222222221112222222222222222222222222222222222222222222222222222222222222222222222222222222222222222222222
22222222222222222222222222222222212222222222222222222222222222222222222222222222222222222222222222222222222222122222222222222222
22222222222222222222222222222222211111222222222222222222223332222222222222222222222222222222222222222222222221122222222222222222
22200000000000000022222222222222111111220000000000222220000000002222222222222222222222222222222222222222000000002222200000000222
22203333333333333102220000000021111111120333333320222202333333302222220000000022222222222200000000222222033333302222023333330222
22203133133313313200200122221001111111220313313320222203331331302222200122221002222222222001222210022220231331310220223133130222
22203333333333333220013333333310221112220333333331022203333333302220013333333310222222200133333333102202233333330202223333330222
22201133333333311222233333333333122211210333333332022213333333302202233333333333122222022333333333331022233333331022213333330222
21122131333331311122233333333333302221210333333332022023333333302022233333333333302220222333333333333022133333332222113333330222
11222033333333321122223333333333320111110333333333022033333333302122223333333333320201222233333333333221133333333221113333330222
12222033333333321122223333333333331011110313333313122131333331300122223333333333331001222233333333333321131333313311113133130222
12222033333333321122222233333333333101110333333333102233333333301122222233333333333101222222333333333331133333333331113333330222
11222033333333321122222233333333333102110333333333202333333333301122222233333333333101222222333333333333133333333333113333330222
21222031333331321122222223333333333101110333333333202333333333301122222223333333333301222222233333333333133333333333313333330221
22222033333333231122222222333333333102110333333233311333323333301122222222333333333301222222223333333333133333333331323333330222
22222033333332231112222223333333333202110333333222211333223333301112222223333333333301122222233333333332133333332333333333320222
22222033333322231111122222223333333201210313312221222313222131301111122222223333333201111222222233333332133333322333333333220222
22222033333222231111122222222322322100110333322122222332212333201111122222222322322201111222222223223222131333121331333332120111
22222031332221231111111222222222222000110333222112222222112332201111111222222222222001111112222222222221133332221133333322220111
22222033322222233111111222222222222000000332222112222231112322200111111222222222222000111112222222222221133322221113333222220111
22200033222222233311111111222222221000000222222102222231012222200111111111222222221000111111112222222211133222221113332222220110
22202222222222222211111111112122210000000222222102232221012222200011111111112122210100011111111121222111122222221111322222220110
11202122122221221231111111111111100000000212212102122121012121201001111111111111102110001111111111111011122222221111132222220110
11202222222222222233111111111110000000100222222102222221012222201100111111111110012111000111111111100011121222120111112122120100
21200111111111111113311111111100000000000111111101111111011111101110001111111100111111110001111111002011122222220011112222220110
22222011111111111111300000000000000000000011111100111111011111001111100000000001111111111100000000022011111111100001111111110100
21123300000000000000002211100000000000000000000000000000000000011111111111111111111111111111111111112011111111002200111111100110
21113332110122222222222211100000000000000000000000000000000010010001101111111111111111111111111111112000000000002210000000001110
11002322210012222222222221110000000000000000000000000000000000000000000001111111111111111111111111112221111222222211122222211100
21001222221112222222222221110000000000000000000000000000000000000000000001111111111111111111111111112221121222222211212222211100
21111222222112222222222222110000000000000000000000000000000000000000000000111111101111111111111111111221122222212222111121111100

0x00000a7b
22222222222222222222222222222221112222222222222222222222222222222222222222222222222222222222222222222222222222222222222222222222
22222222222222222222222222222222212222222222222222222222222222222222222222222222222222222222222222222222222222122222222222222222
22222222222222222222222222222222211111222222222222222222223332222222222222222222222222222222222222222222222221122222222222222222
22222222222222222222222222222222111111222222222222222222222232222222222222222222222222222222222222222222222222122222212222222222
22200000000000000022222222222221111111120000000000222220000000002222222222222222222222222222222222222222000000002222100000000222
22203333333333333102220000000021111111220333333320222202333333302222220000000022222222222200000000222222033333302221023333330222
22203133133313313200200122221002221112220313313320222203331331302222200122221002222222222001222210022220231331310220223133130222
22203333333333333220013333333310222211210333333331022203333333302220013333333310222222200133333333102202233333330202223333330222
21101133333333311222233333333333122221210333333332022213333333302202233333333333122222022333333333331022233333331022213333330222
11222131333331311122233333333333302111110333333332022023333333302022233333333333302220222333333333333022133333332222113333330222
12222033333333321122223333333333320111110333333333022033333333302122223333333333320201222233333333333221133333333221113333330222
12222033333333321122223333333333331011110313333313122131333331300122223333333333331001222233333333333321131333313311113133130222
11222033333333321122222233333333333102110333333333102233333333301122222233333333333101222222333333333331133333333331113333330222
21222033333333321122222233333333333101110333333333202333333333301122222233333333333101222222333333333333133333333333113333330221
22222031333331321122222223333333333102110333333333202333333333301122222223333333333301222222233333333333133333333333313333330222
22222033333333231122222222333333333102110333333233311333323333301122222222333333333301222222223333333333133333333331323333330222
22222033333332231112222223333333333201210333333222211333223333301112222223333333333301122222233333333332133333332333333333320222
22222033333322231111122222223333333200110313312221222313222131301111122222223333333201111222222233333332133333322333333333220111
22222033333222231111122222222322322100110333322122222332212333201111122222222322322201111222222223223222131333121331333332120111
22222031332221231111111222222222222000000333222112222222112332201111111222222222222001111112222222222221133332221133333322220111
22222033322222233111111222222222222000000332222112222231112322200111111222222222222000111112222222222221133322221113333222220110
22200033222222233311111111222222221000000222222102222231012222200111111111222222221000111111112222222211133222221113332222220110
11202222222222222211111111112122210000000222222102232221012222200011111111112122210100011111111121222111122222221111322222220110
11202122122221221231111111111111100000100212212102122121012121201001111111111111102110001111111111111011122222221111132222220100
21202222222222222233111111111110000000000222222102222221012222201100111111111110011111000111111111100011121222120111112122120110
22200111111111111113311111111100000000000111111101111111011111101110001111111100111111110001111111002011122222220011112222220100
21123011111111111111300000000000000000000011111100111111011111001111100000000001111111111100000000012011111111100001111111110110
21113300000000000000002211100000000000000000000000000000000000010001101111111111111111111111111111112011111111002200111111100110
11002322210012222222222221110000000000000000000000000000000000000000000001111111111111111111111111112000000000002210000000001100
21001222221112222222222221110000000000000000000000000000000000000000000001111111111111111111111111112221121222222211212222211100
21111222222112222222222222110000000000000000000000000000000000000000000000111111101111111111111111111221122222212222111121111100
22221222222222222222222222221100000000000000000000000000000000000000000000111112101111111111111111111122221222211221111222111100

0x00000a8c
22222222222222222222222222222222212222222222222222222222222222222222222222222222222222222222222222222222222222122222222222222222
22222222222222222222222222222222211111222222222222222222223332222222222222222222222222222222222222222222222221122222222222222222
22222222222222222222222222222222111111222222222222222222222232222222222222222222222222222222222222222222222222122222212222222222
22222222222222222222222222222221111111122222222222222222100233222222222222222222222222222222222222222222222222222222112222222222
22200000000000000022222222222221111111220000000000222220000000002222222222222222222222222222222222222222000000002221100000000222
22203333333333333102220000000022221112220333333320222202333333302222220000000022222222222200000000222222033333302221023333330222
22203133133313313200200122221002222211210313313320222203331331302222200122221002222222222001222210022220231331310220223133130222
21103333333333333220013333333310222221210333333331022203333333302220013333333310222222200133333333102202233333330202223333330222
11201133333333311222233333333333122111110333333332022213333333302202233333333333122222022333333333331022233333331022213333330222
12222131333331311122233333333333302111110333333332022023333333302022233333333333302220222333333333333022133333332222113333330222
12222033333333321122223333333333320211110333333333022033333333302122223333333333320201222233333333333221133333333221113333330222
11222033333333321122223333333333331022110313333313122131333331300122223333333333331001222233333333333321131333313311113133130222
21222033333333321122222233333333333101110333333333102233333333301122222233333333333101222222333333333331133333333331113333330221
22222033333333321122222233333333333102110333333333202333333333301122222233333333333101222222333333333333133333333333113333330222
22222031333331321122222223333333333102110333333333201333333333301122222223333333333301222222233333333333133333333333313333330222
22222033333333231122222222333333333101210333333233311333323333301122222222333333333301222222223333333333133333333331323333330222
22222033333332231112222223333333333200110333333222211333223333301112222223333333333301122222233333333332133333332333333333320111
22222033333322231111122222223333333200110313312221222313222131301111122222223333333201111222222233333332133333322333333333220111
22222033333222231111122222222322322100000333322122222332212333201111122222222322322201111222222223223222131333121331333332120111
22222031332221231111111222222222222000000333222112222222112332201111111222222222222001111112222222222221133332221133333322220110
22222033322222233111111222222222222000000332222112222231112322200111111222222222222000111112222222222221133322221113333222220110
11200033222222233311111111222222221000000222222102222231012222200111111111222222221000111111112222222211133222221113332222220110
11202222222222222211111111112122210000100222222102232221012222200011111111112122210100011111111121222111122222221111322222220100
21202122122221221231111111111111100000000212212102122121012121201001111111111111101110001111111111111011122222221111132222220110
22202222222222222233111111111110000000000222222102222221012222201100111111111110011111000111111111100011121222120111112122120100
21100111111111111113311111111100000000000111111101111111011111101110001111111100111111110001111111002011122222220011112222220110
21113011111111111111300000000000000000000011111100111111011111000001100000000001111111111100000000012011111111100001111111110110
11002300000000000000002221110000000000000000000000000000000000000000000001111111111111111111111111112011111111002200111111100100
21001222221112222222222221110000000000000000000000000000000000000000000001111111111111111111111111112000000000002210000000001100
21111222222112222222222222110000000000000000000000000000000000000000000000111111101111111111111111111221122222212222111121111100
22221222222222222222222222221100000000000000000000000000000000000000000000111112101111111111111111111122221222211221111222111100
22222222222222222222222222221110000000000000000000000000000000000000000000011112111111111111111111110121122222211221111221111100

0x00000aad
22222222222222222222222222222222211111222222222222222222223332222222222222222222222222222222222222222222222221122222222222222222
22222222222222222222222222222222111111222222222222222222222232222222222222222222222222222222222222222222222222122222212222222222
22222222222222222222222222222221111111122222222222222222100233222222222222222222222222222222222222222222222222222222112222222222
22222222222222222222222222222221111111222222222222222222100133222222222222222222222222222222222222222222222222222221112222222222
22200000000000000022222222222222221112220000000000222220000000002222222222222222222222222222222212222222000000002221100000000222
22203333333333333102220000000022222211210333333320222202333333302222220000000022222222222200000000222222033333302221023333330222
21103133133313313200100122221002222221210313313320222203331331302222200122221002222222222001222210022220231331310220223133130222
11203333333333333220013333333310222111110333333331022203333333302220013333333310222222200133333333102202233333330202223333330222
12201133333333311222233333333333122111110333333332022213333333302202233333333333122222022333333333331022233333331022213333330222
12222131333331311122233333333333302211110333333332022023333333302022233333333333302220222333333333333022133333332222113333330222
11222033333333321122223333333333320222110333333333022033333333302122223333333333320201222233333333333221133333333221113333330222
21222033333333321122223333333333331021110313333313122131333331300122223333333333331001222233333333333321131333313311113133130221
22222033333333321122222233333333333102110333333333102233333333301122222233333333333101222222333333333331133333333331113333330222
22222033333333321122222233333333333102110333333333201333333333301122222233333333333101222222333333333333133333333333113333330222
22222031333331321122222223333333333101210333333333201333333333301122222223333333333301222222233333333333133333333333313333330222
22222033333333231122222222333333333100110333333233311333323333301122222222333333333301222222223333333333133333333331323333330111
22222033333332231112222223333333333200110333333222211333223333301112222223333333333301122222233333333332133333332333333333320111
22222033333322231111122222223333333200000313312221222313222131301111122222223333333201111222222233333332133333322333333333220111
22222033333222231111122222222322322100000333322122222332212333201111122222222322322201111222222223223222131333121331333332120110
22222031332221231111111222222222222000000333222112222222112332201111111222222222222001111112222222222221133332221133333322220110
11222033322222233111111222222222222000000332222112222231112322200111111222222222222000111112222222222221133322221113333222220110
11200033222222233311111111222222221000100222222102222231012222200111111111222222221000111111112222222211133222221113332222220100
21202222222222222211111111112122210000000222222102232221012222200011111111112122210100011111111121222111122222221111322222220110
22202122122221221231111111111111100000000212212102122121012121201001111111111111101110001111111111111011122222221111132222220100
21102222222222222233111111111110000000000222222102222221012222201100111111111110011111000111111111100011121222120111112122120110
21100111111111111113311111111100000000000111111101111111011111100000001111111100111111110001111111002011122222220011112222220110
11002011111111111111300000000000000000000011111100111111011111000000000000000001111111111100000000012011111111100001111111110100
21001200000000000000002221110000000000000000000000000000000000000000000001111111111111111111111111112011111111002200111111100100
21111222222112222222222222110000000000000000000000000000000000000000000000111111101111111111111111111000000000002220000000001100
22221222222222222222222222221100000000000000000000000000000000000000000000111112101111111111111111111122221222211221111222111100
22222222222222222222222222221110000000000000000000000000000000000000000000011112111111111111111111110121122222211221111221111100
22222222222222222222222222221110000000000000000000000000000000000000000000001102111111011111111111110121122122211222211221111111

0x00000ace
22222222222222222222222222222222111111222222222222222222222232222222222222222222222222222222222222222222222222122222212222222222
22222222222222222222222222222221111111122222222222222222100233222222222222222222222222222222222222222222222222222222112222222222
22222222222222222222222222222221111111222222222222222222100133222222222222222222222222222222222222222222222222222221112222222222
22222222222222222222222222222222221112222222222222222222100022222222222222222222222222222222222212222222222222222221122222222222
22200000000000000022222222222222222211210000000000222220000000002222222222222222222222222222222112222222000000002221200000000222
21103333333333333102120000000022222221210333333320222202333333302222200000000022222222222200000000222222033333302222023333330222
11203133133313313200200122221002222111110313313320222203331331302222200122221002222222222001222210022220231331310210223133130222
12203333333333333220013333333310222111110333333331022203333333302220013333333310222222200133333333103202233333330102223333330222
12201133333333311222233333333333122211110333333332022213333333302202233333333333122222022333333333331022233333331022213333330222
11222131333331311122233333333333302222110333333332022023333333302022233333333333302220222333333333333022133333332222113333330222
21222033333333321122223333333333320221110333333333022033333333302122223333333333320201222233333333333221133333333221113333330221
22222033333333321122223333333333331022110313333313122131333331300122223333333333331001222233333333333321131333313311113133130222
22222033333333321122222233333333333102110333333333101233333333301122222233333333333101222222333333333331133333333331113333330222
22222033333333321122222233333333333101210333333333201333333333301122222233333333333101222222333333333333133333333333113333330222
22222031333331321122222223333333333100110333333333201333333333301122222223333333333301222222233333333333133333333333313333330111
22222033333333231122222222333333333100110333333233311333323333301122222222333333333301222222223333333333133333333331323333330111
22222033333332231112222223333333333200000333333222211333223333301112222223333333333301122222233333333332133333332333333333320111
22222033333322231111122222223333333200000313312221222313222131301111122222223333333201111222222233333332133333322333333333220110
22222033333222231111122222222322322100000333322122222332212333201111122222222322322201111222222223223222131333121331333332120110
11222031332221231111111222222222222000000333222112222222112332201111111222222222222001111112222222222221133332221133333322220110
11222033322222233111111222222222222000100332222112222231112322200111111222222222222000111112222222222221133322221113333222220100
21200033222222233311111111222222221000000222222102222231012222200111111111222222221000111111112222222211133222221113332222220110
22202222222222222211111111112122210000000222222102232221012222200011111111112122210100011111111121222111122222221111322222220100
21102122122221221231111111111111100000000212212102122121012121201001111111111111101110001111111111111011122222221111132222220110
21102222222222222233111111111110000000000222222102222221012222200000111111111110011111000111111111100011121222120111112122120110
11000111111111111113311111111100000000000111111101111111011111100000001111111100111111110001111111002011122222220011112222220100
21001011111111111111300000000000000000000011111100111111011111000000000000000001111111111100000000012011111111100001111111110100
21111200000000000000002222110000000000000000000000000000000000000000000000111111101111111111111111111011111111002200111111100100
22221222222222222222222222221100000000000000000000000000000000000000000000111112101111111111111111111000000000001220000000001100
22222222222222222222222222221110000000000000000000000000000000000000000000011112111111111111111111110121122222211221111221111100
22222222222222222222222222221110000000000000000000000000000000000000000000001102111111011111111111110121122122211222211221111111
22222222222222222222222222222110000000000000000000000000000000000000000000000011111110000111111111100011112122211222212211111111

0x00000adf
22222222222222222222222222222221111111122222222222222222100233222222222222222222222222222222222222222222222222222222112222222222
22222222222222222222222222222221111111222222222222222222100133222222222222222222222222222222222222222222222222222221112222222222
22222222222222222222222222222222221112222222222222222222100022222222222222222222222222222222222212222222222222222221122222222222
22222222212222222222222222222222222211212222222222222222210012222222222222222222222222222222222112222222222222222221222222222222
21100000000000000022122112222222222221210000000000222220000000002222202222222222222222222222222212222222000000002222200000000222
11203333333333333102210000000022222111110333333320222202333333302222210000000022222222222200000000222222033333302211023333330222
12203133133313313200200122221002222111110313313320222203331331302222200122221002222222222001222210033220231331310110223133130222
12203333333333333220013333333310222211110333333331022203333333302220013333333310222222200133333333103302233333330002223333330222
11201133333333311222233333333333122222110333333332022213333333302202233333333333122222022333333333331022233333331022213333330222
21222131333331311122233333333333302221110333333332022023333333302022233333333333302220222333333333333022133333332222113333330221
22222033333333321122223333333333320222110333333333022033333333302122223333333333320201222233333333333221133333333221113333330222
22222033333333321122223333333333331012110313333313111131333331300122223333333333331001222233333333333321131333313311113133130222
22222033333333321122222233333333333101210333333333101233333333301122222233333333333101222222333333333331133333333331113333330222
22222033333333321122222233333333333100110333333333201333333333301122222233333333333101222222333333333333133333333333113333330111
22222031333331321122222223333333333100110333333333201333333333301122222223333333333301222222233333333333133333333333313333330111
22222033333333231122222222333333333100000333333233311333323333301122222222333333333301222222223333333333133333333331323333330111
22222033333332231112222223333333333200000333333222211333223333301112222223333333333301122222233333333332133333332333333333320110
22222033333322231111122222223333333200000313312221222313222131301111122222223333333201111222222233333332133333322333333333220110
11222033333222231111122222222322322100000333322122222332212333201111122222222322322201111222222223223222131333121331333332120110
11222031332221231111111222222222222000100333222112222222112332201111111222222222222001111112222222222221133332221133333322220100
21222033322222233111111222222222222000000332222112222231112322200111111222222222222000111112222222222221133322221113333222220110
22200033222222233311111111222222221000000222222102222231012222200111111111222222221000111111112222222211133222221113332222220100
21102222222222222211111111112122210000000222222102232221012222200011111111112122210100011111111121222111122222221111322222220110
21102122122221221231111111111111100000000212212102122121012121200001111111111111101110001111111111111011122222221111132222220110
11002222222222222233111111111110000000000222222102222221012222200000111111111110011111000111111111100011121222120111112122120100
21000111111111111113311111111100000000000111111101111111011111100000001111111100111111110001111111002011122222220011112222220100
21111011111111111111300000000000000000000011111100111111011111000000000000000001101111111100000000011011111111100001111111110100
22221200000000000000002222221100000000000000000000000000000000000000000000111112101111111111111111111011111111001200111111100100
22222222222222222222222222221110000000000000000000000000000000000000000000011112111111111111111111110000000000001220000000001100
22222222222222222222222222221110000000000000000000000000000000000000000000001102111111011111111111110121122122211222211221111111
22222222222222222222222222222110000000000000000000000000000000000000000000000011111110000111111111100011112122211222212211111111
21222222222222222222222222322211111000000000000000000000000000000000000000000001111100000111111111110011111222211222222211111100

0x00000b00
22222222222222222222222222222221111111222222222222222222100133222222222222222222222222222222222222222222222222222221112222222222
22222222222222222222222222222222221112222222222222222222100022222222222222222222222222222222222212222222222222222221122222222222
22222222212222222222222222222222222211212222222222222222210012222222222222222222222222222222222112222222222222222221222222222222
21122222212221222222122112222222222221212222222222222222222222222222202222222222222222222222222212222222222212222222222222222222
11200000000000000022211111222222222111110000000000222220000000002222212222222222222222222222222212222222000000002211200000000222
12203333333333333102210000000022222111110333333320222202333333302222220000000022222222222200000000233221033333302111023333330222
12203133133313313200200122221002222211110313313320222203331331302222200122221002222222222001222210033320231331310000223133130222
11203333333333333220013333333310222222110333333331022203333333302220013333333310222222200133333333103302233333330002223333330222
21201133333333311222233333333333122221110333333332022113333333302202233333333333122222022333333333331022233333331022213333330221
22222131333331311122233333333333302222110333333332022023333333302022233333333333302220222333333333333022133333332222113333330222
22222033333333321122223333333333320112110333333333011033333333302122223333333333320201222233333333333221133333333221113333330222
22222033333333321122223333333333331001210313333313121131333331300122223333333333331001222233333333333321131333313311113133130222
22222033333333321122222233333333333100110333333333101233333333301122222233333333333101222222333333333331133333333331113333330111
22222033333333321122222233333333333100110333333333201333333333301122222233333333333101222222333333333333133333333333113333330111
22222031333331321122222223333333333100000333333333201333333333301122222223333333333301222222233333333333133333333333313333330111
22222033333333231122222222333333333100000333333233311333323333301122222222333333333301222222223333333333133333333331323333330110
22222033333332231112222223333333333200000333333222211333223333301112222223333333333301122222233333333332133333332333333333320110
11222033333322231111122222223333333200000313312221222313222131301111122222223333333201111222222233333332133333322333333333220110
11222033333222231111122222222322322100100333322122222332212333201111122222222322322201111222222223223222131333121331333332120100
21222031332221231111111222222222222000000333222112222222112332201111111222222222222001111112222222222221133332221133333322220110
22222033322222233111111222222222222000000332222112222231112322200111111222222222222000111112222222222221133322221113333222220100
21100033222222233311111111222222221000000222222102222231012222200111111111222222221000111111112222222211133222221113332222220110
21102222222222222211111111112122210000000222222102232221012222200011111111112122210100011111111121222111122222221111322222220110
11002122122221221231111111111111100000000212212102122121012121200001111111111111101110001111111111111011122222221111132222220100
21002222222222222233111111111110000000000222222102222221012222200000111111111110011111000111111111100011121222120111112122120100
21100111111111111113311111111100000000000111111101111111011111100000001111111100101111110001111111001011122222220011112222220100
22221011111111111111300000000000000000000011111100111111011111000000000000000002101111111100000000011011111111100001111111110100
22222200000000000000002222221110000000000000000000000000000000000000000000011112111111111111111111110011111111001200111111100100
22222222222222222222222222221110000000000000000000000000000000000000000000001102111111011111111111110000000000001220000000001111
22222222222222222222222222222110000000000000000000000000000000000000000000000011111110000111111111100011112122211222212211111111
21222222222222222222222222322211111000000000000000000000000000000000000000000001111100000111111111110011111222211222222211111100
21122222211222222222222222322221111100000000000000000000000000000000000000000000111000000011111111111111111211211212211210111100

0x00000b22
22222222222222222222222222222222221112222222222222222222100022222222222222222222222222222222222212222222222222222221122222222222
22222222212222222222222222222222222211212222222222222222210012222222222222222222222222222222222112222222222222222221222222222222
21122222212221222222122112222222222221212222222222222222222222222222202222222222222222222222222212222222222212222222222222222222
11222222222221222222211111222222222111111222222222222222222222222222212222222222222222222222222212222222222222222211222222222222
12200000000000000022211110112222222111110000000000222220000000002222222222222222222222222222222211233221000000002111200000000222
12203333333333333102220000000022222211110333333320222202333333302222220000000022222222222200000000233321033333301001023333330222
11203133133313313200200122221002222222110313313320222203331331302222200122221002222222212001222210023320231331310000223133130222
21203333333333333220013333333310222221110333333331022103333333302220013333333310122222200133333333102202233333330102223333330221
22201133333333311222233333333333112222110333333332022213333333302202233333333333122222022333333333331022233333331022213333330222
22222131333331311122233333333333301112110333333332011023333333302022233333333333302220222333333333333022133333332222113333330222
22222033333333321122223333333333320001210333333333021033333333302122223333333333320201222233333333333221133333333221113333330222
22222033333333321122223333333333331000110313333313111131333331300122223333333333331001222233333333333321131333313311113133130111
22222033333333321122222233333333333100110333333333101233333333301122222233333333333101222222333333333331133333333331113333330111
22222033333333321122222233333333333100000333333333201333333333301122222233333333333101222222333333333333133333333333113333330111
22222031333331321122222223333333333100000333333333201333333333301122222223333333333301222222233333333333133333333333313333330110
22222033333333231122222222333333333100000333333233311333323333301122222222333333333301222222223333333333133333333331323333330110
11222033333332231112222223333333333200000333333222211333223333301112222223333333333301122222233333333332133333332333333333320110
11222033333322231111122222223333333200100313312221222313222131301111122222223333333201111222222233333332133333322333333333220100
21222033333222231111122222222322322100000333322122222332212333201111122222222322322201111222222223223222131333121331333332120110
22222031332221231111111222222222222000000333222112222222112332201111111222222222222001111112222222222221133332221133333322220100
21123033322222233111111222222222222000000332222112222231112322200111111222222222222000111112222222222221133322221113333222220110
21100033222222233311111111222222221000000222222102222231012222200111111111222222221000111111112222222211133222221113332222220110
11002222222222222211111111112122210000000222222102232221012222200011111111112122210100011111111121222111122222221111322222220100
21002122122221221231111111111111100000000212212102122121012121200001111111111111101110001111111111111011122222221111132222220100
21102222222222222233111111111110000000000222222102222221012222200000111111111110001111000111111111100011121222120111112122120100
22200111111111111113311111111100000000000111111101111111011111100000001111111100101111110001111111001011122222220011112222220100
22222011111111111111300000000010000000000011111100111111011111000000000000000002111111111100000000010011111111100001111111110100
22222200000000000000002222221110000000000000000000000000000000000000000000001102111111011111111111110011111111001200111111100111
22222222222222222222222222222110000000000000000000000000000000000000000000000011111110000111111111100000000000001220000000001111
21222222222222222222222222322211111000000000000000000000000000000000000000000001111100000111111111110011111222211222222211111100
21122222211222222222222222322221111100000000000000000000000000000000000000000000111000000011111111111111111211211212211210111100
21212222111222222222222222322222222110000000000000000000000000000000000000000000000000000000111111111111111111111112111100111000

0x00000b32
22222222212222222222222222222222222211212222222222222222210012222222222222222222222222222222222112222222222222222221222222222222
21122222212221222222122112222222222221212222222222222222222222222222202222222222222222222222222212222222222212222222222222222222
11222222222221222222211111222222222111111222222222222222222222222222212222222222222222222222222212222222222222222211222222222222
12222222223221222222211110112222222111111122222222222222222222222222222222222222222222222222222211233221112322222111222222222222
12200000000000000022221000112222222211110000000000222220000000002222222222222222222222222222222211233321000000001001200000000222
11203333333333333102220000000012222222110333333320222202333333302222220000000022222222212200000000023322033333301001023333330222
21203133133313313200200122221001222221110313313320222103331331302222200122221002122222212001222210012220231331310110223133130221
22203333333333333220013333333310112222110333333331022203333333302220013333333310122222200133333333102202233333330202223333330222
22201133333333311222233333333333111112110333333332011213333333302102233333333333122222022333333333331022233333331022213333330222
22222131333331311122233333333333301001210333333332021023333333302022233333333333302220222333333333333022133333332222113333330222
22222033333333321122223333333333320000110333333333011033333333301122223333333333320201222233333333333221133333333221113333330111
22222033333333321122223333333333331000110313333313121131333331300122223333333333331001222233333333333321131333313311113133130111
22222033333333321122222233333333333100000333333333101233333333301122222233333333333101222222333333333331133333333331113333330111
22222033333333321122222233333333333100000333333333201333333333301122222233333333333101222222333333333333133333333333113333330110
22222031333331321122222223333333333100000333333333201333333333301122222223333333333301222222233333333333133333333333313333330110
11222033333333231122222222333333333100000333333233311333323333301122222222333333333301222222223333333333133333333331323333330110
11222033333332231112222223333333333200100333333222211333223333301112222223333333333301122222233333333332133333332333333333320100
21222033333322231111122222223333333200000313312221222313222131301111122222223333333201111222222233333332133333322333333333220110
22222033333222231111122222222322322100000333322122222332212333201111122222222322322201111222222223223222131333121331333332120100
21123031332221231111111222222222222000000333222112222222112332201111111222222222222001111112222222222221133332221133333322220110
21113033322222233111111222222222222000000332222112222231112322200111111222222222222000111112222222222221133322221113333222220110
11000033222222233311111111222222221000000222222102222231012222200111111111222222221000111111112222222211133222221113332222220100
21002222222222222211111111112122210000000222222102232221012222200011111111112122210100011111111121222111122222221111322222220100
21102122122221221231111111111111100000000212212102122121012121200001111111111111101110001111111111111011122222221111132222220100
22202222222222222233111111111110000000000222222102222221012222200000111111111110001111000111111111100011121222120111112122120100
22200111111111111113311111111100000000000111111101111111011111100000001111111100111111110001111111000011122222220011112222220100
22222011111111111111300000000010000000000011111100111111011111000000000000000002111111011100000000010011111111100001111111110111
22222200000000000000002222222110000000000000000000000000000000000000000000000011111110000111111111100011111111001200111111100111
21222222222222222222222222322211111000000000000000000000000000000000000000000001111100000111111111110000000000001220000000001100
21122222211222222222222222322221111100000000000000000000000000000000000000000000111000000011111111111111111211211212211210111100
21212222111222222222222222322222222110000000000000000000000000000000000000000000000000000000111111111111111111111112111100111000
22222222222222222222222222222222222211111110000000000000000000000000000000000000000000000000001101111111111121111221111100111100

0x00000b54
21122222212221222222122112222222222221212222222222222222222222222222202222222222222222222222222212222222222212222222222222222222
11222222222221222222211111222222222111111222222222222222222222222222212222222222222222222222222212222222222222222211222222222222
12222222223221222222211110112222222111111122222222222222222222222222222222222222222222222222222211233221112322222111222222222222
12222222223322222222221000112222222211111112222222222222122222222222222222222222222222222222222211233321101222221001222222221222
11200000000000000022221000111112222222110000000000222210000000002222222222222222222222212222222210023322000000001001200000000222
21203333333333333102220000000011222221110333333320222102333333302222220000000022122222212200000000012222033333301112023333330221
22203133133313313200200122221001112222110313313320222203331331302222200122221001122222222001222210012220231331310220223133130222
22203333333333333220013333333310111112110333333331011203333333302120013333333310222222200133333333102202233333330202223333330222
22201133333333311222233333333333101001210333333332021113333333302102233333333333122222022333333333331022233333331022213333330222
22222131333331311122233333333333301000110333333332011023333333301022233333333333301220222333333333333022133333332222113333330111
22222033333333321122223333333333320000110333333333021033333333301122223333333333320101222233333333333221133333333221113333330111
22222033333333321122223333333333331000000313333313111131333331300122223333333333331001222233333333333321131333313311113133130111
22222033333333321122222233333333333100000333333333101233333333301122222233333333333101222222333333333331133333333331113333330110
22222033333333321122222233333333333100000333333333201333333333301122222233333333333101222222333333333333133333333333113333330110
11222031333331321122222223333333333100000333333333201333333333301122222223333333333301222222233333333333133333333333313333330110
11222033333333231122222222333333333100100333333233311333323333301122222222333333333301222222223333333333133333333331323333330100
21222033333332231112222223333333333200000333333222211333223333301112222223333333333301122222233333333332133333332333333333320110
22222033333322231111122222223333333200000313312221222313222131301111122222223333333201111222222233333332133333322333333333220100
21123033333222231111122222222322322100000333322122222332212333201111122222222322322201111222222223223222131333121331333332120110
21113031332221231111111222222222222000000333222112222222112332201111111222222222222001111112222222222221133332221133333322220110
11002033322222233111111222222222222000000332222112222231112322200111111222222222222000111112222222222221133322221113333222220100
21000033222222233311111111222222221000000222222102222231012222200111111111222222221000111111112222222211133222221113332222220100
21102222222222222211111111112122210000000222222102232221012222200011111111112122210100011111111121222111122222221111322222220100
22202122122221221231111111111111100000000212212102122121012121200001111111111111101110001111111111111011122222221111132222220100
22202222222222222233111111111110000000000222222102222221012222200000111111111110011111000111111111100011121222120111112122120100
22200111111111111113311111111100000000000111111101111111011111100000001111111100111111010001111111000011122222220011112222220111
22222011111111111111300000000010000000000011111100111111011111000000000000000001111110000100000000000011111111100001111111110111
21222200000000000000002222322211111000000000000000000000000000000000000000000001111100000111111111110011111111001200111111100100
21122222211222222222222222322221111100000000000000000000000000000000000000000000111000000011111111111000000000001210000000001100
21212222111222222222222222322222222110000000000000000000000000000000000000000000000000000000111111111111111111111112111100111000
22222222222222222222222222222222222211111110000000000000000000000000000000000000000000000000001101111111111121111221111100111100
12222222222222222222222222222222222222111111101011000000000000000000000000000000000000000000000100111111111121111111111101111100

0x00000b75
11222222222221222222211111222222222111111222222222222222222222222222212222222222222222222222222212222222222222222211222222222222
12222222223221222222211110112222222111111122222222222222222222222222222222222222222222222222222211233221112322222111222222222222
12222222223322222222221000112222222211111112222222222222122222222222222222222222222222222222222211233321101222221001222222221222
11222222112222222222221000111112222222111112122222222211111111222222222222222222222222212222222210023322101222221001222222221222
21200000000000000022221000011111222221110000000000222120000000002222222222222222122222212222222210012222000000001112200000000221
22203333333333333102220000000001112222110333333320222202333333302222220000000021122222222100000000112222033333302222023333330222
22203133133313313200200122221000111112110313313320211203331331302122200122221002222222222001222210012220231331310220223133130222
22203333333333333220013333333310001001210333333331021103333333302110013333333310222222200133333333102202233333330202223333330222
22201133333333311222233333333333101000110333333332011113333333301102233333333333111222022333333333331022233333331022213333330111
22222131333331311122233333333333300000110333333332021023333333301022233333333333301110222333333333333022133333332222113333330111
22222033333333321122223333333333320000000333333333011033333333301122223333333333320101222233333333333221133333333221113333330111
22222033333333321122223333333333331000000313333313111131333331300122223333333333331001222233333333333321131333313311113133130110
22222033333333321122222233333333333100000333333333101233333333301122222233333333333101222222333333333331133333333331113333330110
11222033333333321122222233333333333100000333333333201333333333301122222233333333333101222222333333333333133333333333113333330110
11222031333331321122222223333333333100100333333333201333333333301122222223333333333301222222233333333333133333333333313333330100
21222033333333231122222222333333333100000333333233311333323333301122222222333333333301222222223333333333133333333331323333330110
22222033333332231112222223333333333200000333333222211333223333301112222223333333333301122222233333333332133333332333333333320100
21123033333322231111122222223333333200000313312221222313222131301111122222223333333201111222222233333332133333322333333333220110
21113033333222231111122222222322322100000333322122222332212333201111122222222322322201111222222223223222131333121331333332120110
11002031332221231111111222222222222000000333222112222222112332201111111222222222222001111112222222222221133332221133333322220100
21001033322222233111111222222222222000000332222112222231112322200111111222222222222000111112222222222221133322221113333222220100
21100033222222233311111111222222221000000222222102222231012222200111111111222222221000111111112222222211133222221113332222220100
22202222222222222211111111112122210000000222222102232221012222200011111111112122210100011111111121222111122222221111322222220100
22202122122221221231111111111111100000000212212102122121012121200001111111111111101110001111111111111011122222221111132222220100
22202222222222222233111111111110000000000222222102222221012222200000111111111110011111000111111111100011121222120111112122120111
22200111111111111113311111111100000000000111111101111111011111100000001111111100111110000001111111000011122222220011112222220111
21222011111111111111300000000011111000000011111100111111011111000000000000000001111100000100000000010011111111100001111111110100
21122200000000000000002222322221111100000000000000000000000000000000000000000000111000000011111111111011111111001200111111100100
21212222111222222222222222322222222110000000000000000000000000000000000000000000000000000000111111111000000000001110000000001000
22222222222222222222222222222222222211111110000000000000000000000000000000000000000000000000001101111111111121111221111100111100
12222222222222222222222222222222222222111111101011000000000000000000000000000000000000000000000100111111111121111111111101111100
12222111222222222222222223232322232222222222111111111000000000000000000000000000000000000000000010010111111122222211111111111100

0x00000b86
12222222223221222222211110112222222111111122222222222222222222222222222222222222222222222222222211233221112322222111222222222222
12222222223322222222221000112222222211111112222222222222122222222222222222222222222222222222222211233321101222221001222222221222
11222222112222222222221000111112222222111112122222222211111111222222222222222222222222212222222210023322101222221001222222221222
21222222112222222222221000011111222221111111112222222121111111222222222222222222122222212222222210012222210122221112222221122221
22200000000000000022221000000101112222110000000000222220000000002222222222222221122222222112222211112222000000002222200000000222
22203333333333333102220000000000111112110333333320211202333333302122220000000022222222222100000000112222033333302222023333330222
22203133133313313200200122221000001001210313313320221103331331302112200122221002222222222001222210022220231331310220223133130222
22203333333333333220013333333310001000110333333331011103333333301110013333333310211222200133333333102202233333330202223333330111
22201133333333311222233333333333100000110333333332021113333333301102233333333333111112022333333333331022233333331022213333330111
22222131333331311122233333333333300000000333333332011023333333301022233333333333301110222333333333333022133333332222113333330111
22222033333333321122223333333333320000000333333333011033333333301122223333333333320101222233333333333221133333333221113333330110
22222033333333321122223333333333331000000313333313111131333331300122223333333333331001222233333333333321131333313311113133130110
11222033333333321122222233333333333100000333333333101233333333301122222233333333333101222222333333333331133333333331113333330110
11222033333333321122222233333333333100100333333333201333333333301122222233333333333101222222333333333333133333333333113333330100
21222031333331321122222223333333333100000333333333201333333333301122222223333333333301222222233333333333133333333333313333330110
22222033333333231122222222333333333100000333333233311333323333301122222222333333333301222222223333333333133333333331323333330100
21123033333332231112222223333333333200000333333222211333223333301112222223333333333301122222233333333332133333332333333333320110
21113033333322231111122222223333333200000313312221222313222131301111122222223333333201111222222233333332133333322333333333220110
11002033333222231111122222222322322100000333322122222332212333201111122222222322322201111222222223223222131333121331333332120100
21001031332221231111111222222222222000000333222112222222112332201111111222222222222001111112222222222221133332221133333322220100
21111033322222233111111222222222222000000332222112222231112322200111111222222222222000111112222222222221133322221113333222220100
22200033222222233311111111222222221000000222222102222231012222200111111111222222221000111111112222222211133222221113332222220100
22202222222222222211111111112122210000000222222102232221012222200011111111112122210100011111111121222111122222221111322222220100
22202122122221221231111111111111100000000212212102122121012121200001111111111111101110001111111111111011122222221111132222220111
22202222222222222233111111111110000000000222222102222221012222200000111111111110011110000111111111100011121222120111112122120111
21200111111111111113311111111100111000000111111101111111011111100000001111111100111100000001111111000011122222220011112222220100
21122011111111111111300000000021111100000011111100111111011111000000000000000000111000000000000000011011111111100001111111110100
21212200000000000000002222322222222110000000000000000000000000000000000000000000000000000000111111111011111111001100111111100000
22222222222222222222222222222222222211111110000000000000000000000000000000000000000000000000001101111000000000001220000000001100
12222222222222222222222222222222222222111111101011000000000000000000000000000000000000000000000100111111111121111111111101111100
12222111222222222222222223232322232222222222111111111000000000000000000000000000000000000000000010010111111122222211111111111100
22221111222222222223232232233333333333333222222222221100000000000000000000000000000000000000000010000011111112211211111111111100

0x00000ba7
12222222223322222222221000112222222211111112222222222222122222222222222222222222222222222222222211233321101222221001222222221222
11222222112222222222221000111112222222111112122222222211111111222222222222222222222222212222222210023322101222221001222222221222
21222222112222222222221000011111222221111111112222222121111111222222222222222222122222212222222210012222210122221112222221122221
22222222222222222222221000000101112222111111211122222221111111222222222222222221122222222112222211112222221122222222222211122222
22200000000000000022221100000100111112110000000000211220000000002122222222222122222222222111222222112222000000002222200000000222
22203333333333333102210000000000001001210333333320221102333333302112220000000012222222222200000000222222033333302222023333330222
22203133133313313200200122221000001000110313313320211103331331301111100122221002211222222001222210022220231331310220223133130111
22203333333333333220013333333310000000110333333331021103333333301110013333333310211112200133333333102202233333330202223333330111
22201133333333311222233333333333100000000333333332011113333333301102233333333333111111022333333333331022233333331022213333330111
22222131333331311122233333333333300000000333333332011023333333301022233333333333301110222333333333333022133333332222113333330110
22222033333333321122223333333333320000000333333333011033333333301122223333333333320101222233333333333221133333333221113333330110
11222033333333321122223333333333331000000313333313111131333331300122223333333333331001222233333333333321131333313311113133130110
11222033333333321122222233333333333100100333333333101233333333301122222233333333333101222222333333333331133333333331113333330100
21222033333333321122222233333333333100000333333333201333333333301122222233333333333101222222333333333333133333333333113333330110
22222031333331321122222223333333333100000333333333201333333333301122222223333333333301222222233333333333133333333333313333330100
21123033333333231122222222333333333100000333333233311333323333301122222222333333333301222222223333333333133333333331323333330110
21113033333332231112222223333333333200000333333222211333223333301112222223333333333301122222233333333332133333332333333333320110
11002033333322231111122222223333333200000313312221222313222131301111122222223333333201111222222233333332133333322333333333220100
21001033333222231111122222222322322100000333322122222332212333201111122222222322322201111222222223223222131333121331333332120100
21111031332221231111111222222222222000000333222112222222112332201111111222222222222001111112222222222221133332221133333322220100
22221033322222233111111222222222222000000332222112222231112322200111111222222222222000111112222222222221133322221113333222220100
22200033222222233311111111222222221000000222222102222231012222200111111111222222221000111111112222222211133222221113332222220100
22202222222222222211111111112122210000000222222102232221012222200011111111112122210100011111111121222111122222221111322222220111
22202122122221221231111111111111100000000212212102122121012121200001111111111111101110001111111111111011122222221111132222220111
21202222222222222233111111111110011000000222222102222221012222200000111111111110011100000111111111100011121222120111112122120100
21100111111111111113311111111100111100000111111101111111011111100000001111111100111000000001111111001011122222220011112222220100
21212011111111111111300000000022222110000011111100111111011111000000000000000000000000000000000000011011111111100001111111110000
22222200000000000000002222222222222211111000000000000000000000000000000000000000000000000000001101111011111111001200111111100100
12222222222222222222222222222222222222111111101011000000000000000000000000000000000000000000000100111000000000001110000000001100
12222111222222222222222223232322232222222222111111111000000000000000000000000000000000000000000010010111111122222211111111111100
22221111222222222223232232233333333333333222222222221100000000000000000000000000000000000000000010000011111112211211111111111100
22222222222222222222322323233333333333333333333222222110100000000000000000000000000000000000000000000011111111111211111011111100

0x00000bc8
11222222112222222222221000111112222222111112122222222211111111222222222222222222222222212222222210023322101222221001222222221222
21222222112222222222221000011111222221111111112222222121111111222222222222222222122222212222222210012222210122221112222221122221
22222222222222222222221000000101112222111111211122222221111111222222222222222221122222222112222211112222221122222222222211122222
22222222222222222222221100000100111112111111211112211221111111122122222222222122222222222111222222112222221222222222222111221222
22200000000000000022211100000000001001210000000000221120000000002112222222222112222222222211222222222222000000002222200000000222
22203333333333333102220000000000001000110333333320211102333333301111110000000022211222222200000000222222033333302222023333330111
22203133133313313200200122221000000000110313313320121103331331301111100122221002211112222001222210022220231331310220223133130111
22203333333333333220013333333310000000000333333331011103333333301110013333333310211111100133333333102202233333330202223333330111
22201133333333311222233333333333100000000333333332011113333333301102233333333333111111022333333333331022233333331022213333330110
22222131333331311122233333333333300000000333333332011023333333301022233333333333301110222333333333333022133333332222113333330110
11222033333333321122223333333333320000000333333333011033333333301122223333333333320101222233333333333221133333333221113333330110
11222033333333321122223333333333331000100313333313111131333331300122223333333333331001222233333333333321131333313311113133130100
21222033333333321122222233333333333100000333333333101233333333301122222233333333333101222222333333333331133333333331113333330110
22222033333333321122222233333333333100000333333333201333333333301122222233333333333101222222333333333333133333333333113333330100
21123031333331321122222223333333333100000333333333200333333333301122222223333333333301222222233333333333133333333333313333330110
21113033333333231122222222333333333100000333333233311333323333301122222222333333333301222222223333333333133333333331323333330110
11002033333332231112222223333333333200000333333222211333223333301112222223333333333301122222233333333332133333332333333333320100
21001033333322231111122222223333333200000313312221222313222131301111122222223333333201111222222233333332133333322333333333220100
21111033333222231111122222222322322100000333322122222332212333201111122222222322322201111222222223223222131333121331333332120100
22221031332221231111111222222222222000000333222112222222112332201111111222222222222001111112222222222221133332221133333322220100
22222033322222233111111222222222222000000332222112222231112322200111111222222222222000111112222222222221133322221113333222220100
22200033222222233311111111222222221000000222222102222231012222200111111111222222221000111111112222222211133222221113332222220111
22202222222222222211111111112122210000000222222102232221012222200011111111112122210100011111111121222111122222221111322222220111
21202122122221221231111111111111101000000212212102122121012121200001111111111111101100001111111111111011122222221111132222220100
21102222222222222233111111111110011100000222222102222221012222200000111111111110011000000111111111100011121222120111112122120100
21200111111111111113311111111100222110000111111101111111011111100000001111111100000000000001111111001011122222220011112222220000
22222011111111111111300000000022222211110011111100111111011111000000000000000000000000000000000000011011111111100001111111110100
12222200000000000000002222222222222222111000000001000000000000000000000000000000000000000000000100111011111111001100111111100100
12222111222222222222222223232322232222222222111111111000000000000000000000000000000000000000000010010000000000002210000000001100
22221111222222222223232232233333333333333222222222221100000000000000000000000000000000000000000010000011111112211211111111111100
22222222222222222222322323233333333333333333333222222110100000000000000000000000000000000000000000000011111111111211111011111100
22222222222222222222233323233333333333333333333333333222211000000000000000000000000000000000000000000001111111111121111112321111

0x00000bd9
21222222112222222222221000011111222221111111112222222121111111222222222222222222122222212222222210012222210122221112222221122221
22222222222222222222221000000101112222111111211122222221111111222222222222222221122222222112222211112222221122222222222211122222
22222222222222222222221100000100111112111111211112211221111111122122222222222122222222222111222222112222221222222222222111221222
22222222222221222222211100000000001001211111111112221121111111122112222222222112222222222211222222222222222222222222222212222222
22200000000000000022221100000000001000110000000000211110000000001111111222222222211222222221222222222222000000002222200000000111
22203333333333333102220000000010000000110333333320121102333333301111110000000022211112222200000000222222033333302221023333330111
22203133133313313200100122221001000000000313313320111103331331301111100122221002211111122001222210022220231331310210223133130111
22203333333333333220013333333310000000000333333331011103333333301110013333333310211111100133333333102202233333330202223333330110
22201133333333311222233333333333100000000333333332011113333333301102233333333333121111022333333333331022233333331022213333330110
11222131333331311122233333333333300000000333333332011023333333301022233333333333302110222333333333333022133333332222113333330110
11222033333333321122223333333333320000100333333333011033333333301122223333333333320101222233333333333221133333333221113333330100
21222033333333321122223333333333331000000313333313111131333331300122223333333333331001222233333333333321131333313311113133130110
22222033333333321122222233333333333100000333333333101233333333301122222233333333333101222222333333333331133333333331113333330100
21123033333333321122222233333333333100000333333333200333333333301122222233333333333101222222333333333333133333333333113333330110
21113031333331321122222223333333333100000333333333200333333333301122222223333333333301222222233333333333133333333333313333330110
11002033333333231122222222333333333100000333333233311333323333301122222222333333333301222222223333333333133333333331323333330100
21001033333332231112222223333333333200000333333222211333223333301112222223333333333301122222233333333332133333332333333333320100
21111033333322231111122222223333333200000313312221222313222131301111122222223333333201111222222233333332133333322333333333220100
22221033333222231111122222222322322100000333322122222332212333201111122222222322322201111222222223223222131333121331333332120100
22222031332221231111111222222222222000000333222112222222112332201111111222222222222001111112222222222221133332221133333322220100
22222033322222233111111222222222222000000332222112222231112322200111111222222222222000111112222222222221133322221113333222220111
22200033222222233311111111222222221000000222222102222231012222200111111111222222221000111111112222222211133222221113332222220111
21202222222222222211111111112122210000000222222102232221012222200011111111112122210100011111111121222111122222221111322222220100
21102122122221221231111111111111101100000212212102122121012121200001111111111111101000001111111111111011122222221111132222220100
21202222222222222233111111111110022110000222222102222221012222200000111111111110000000000111111111100011121222120111112122120000
22200111111111111113311111111100222211110111111101111111011111100000001111111100000000000001111111001011122222220011112222220100
12222011111111111111300000000022222222110011111100111111011111000000000000000000000000000000000000011011111111100001111111110100
12222100000000000000002223232322232222222000000001000000000000000000000000000000000000000000000010010011111111002200111111100100
22221111222222222223232232233333333333333222222222221100000000000000000000000000000000000000000010000000000000001210000000001100
22222222222222222222322323233333333333333333333222222110100000000000000000000000000000000000000000000011111111111211111011111100
22222222222222222222233323233333333333333333333333333222211000000000000000000000000000000000000000000001111111111121111112321111
22222222222222222222223333333333333333333333333333333333222100000000000000000000000000000000000000000000111111111121111113211122

0x00000bfa
22222222222222222222221000000101112222111111211122222221111111222222222222222221122222222112222211112222221122222222222211122222
22222222222222222222221100000100111112111111211112211221111111122122222222222122222222222111222222112222221222222222222111221222
22222222222221222222211100000000001001211111111112221121111111122112222222222112222222222211222222222222222222222222222212222222
22222222222211122222221100000000001000111111111111211112111111011111111222222222211222222221222222222222222222222222222212222111
22200000000000000022222100000110000000110000000000121110000000001111111112222222211112222221222222222222000000002221200000000111
22203333333333333102120000000011000000000333333320111102333333301111110000000022211111122200000000222222033333302211023333330111
22203133133313313200100122221001000000000313313320111103331331301111100122221002211111112001222210022220231331310210223133130110
22203333333333333220013333333310000000000333333331011103333333301110013333333310221111100133333333102202233333330202223333330110
11201133333333311222233333333333100000000333333332011113333333301102233333333333122111022333333333331022233333331022213333330110
11222131333331311122233333333333300000100333333332011023333333301022233333333333302110222333333333333022133333332222113333330100
21222033333333321122223333333333320000000333333333011033333333301122223333333333320101222233333333333221133333333221113333330110
22222033333333321122223333333333331000000313333313101131333331300122223333333333331001222233333333333321131333313311113133130100
21123033333333321122222233333333333100000333333333100233333333301122222233333333333101222222333333333331133333333331113333330110
21113033333333321122222233333333333100000333333333200333333333301122222233333333333101222222333333333333133333333333113333330110
11002031333331321122222223333333333100000333333333200333333333301122222223333333333301222222233333333333133333333333313333330100
21001033333333231122222222333333333100000333333233311333323333301122222222333333333301222222223333333333133333333331323333330100
21111033333332231112222223333333333200000333333222211333223333301112222223333333333301122222233333333332133333332333333333320100
22221033333322231111122222223333333200000313312221222313222131301111122222223333333201111222222233333332133333322333333333220100
22222033333222231111122222222322322100000333322122222332212333201111122222222322322201111222222223223222131333121331333332120100
22222031332221231111111222222222222000000333222112222222112332201111111222222222222001111112222222222221133332221133333322220111
22222033322222233111111222222222222000000332222112222231112322200111111222222222222000111112222222222221133322221113333222220111
21200033222222233311111111222222221000000222222102222231012222200111111111222222221000111111112222222211133222221113332222220100
21102222222222222211111111112122210100000222222102232221012222200011111111112122210000011111111121222111122222221111322222220100
21202122122221221231111111111111102110000212212102122121012121200001111111111111100000001111111111111011122222221111132222220000
22202222222222222233111111111110022211110222222102222221012222200000111111111110000000000111111111100011121222120111112122120100
12200111111111111113311111111100222222110111111101111111011111100000001111111100000000000001111111001011122222220011112222220100
12222011111111111111300000000022232222220011111100111111011111000000000000000000000000000000000000010011111111100001111111110100
22221100000000000000002232233333333333333000000002000000000000000000000000000000000000000000000010000011111111001200111111100100
22222222222222222222322323233333333333333333333222222110100000000000000000000000000000000000000000000000000000001210000000001100
22222222222222222222233323233333333333333333333333333222211000000000000000000000000000000000000000000001111111111121111112321111
22222222222222222222223333333333333333333333333333333333222100000000000000000000000000000000000000000000111111111121111113211122
22222222222222222222223333333333333333333333333333333333333222110000000000000000000000000000000000000000011111111111111122100122

0x00000c0b
22222222222222222222221100000100111112111111211112211221111111122122222222222122222222222111222222112222221222222222222111221222
22222222222221222222211100000000001001211111111112221121111111122112222222222112222222222211222222222222222222222222222212222222
22222222222211122222221100000000001000111111111111211112111111011111111222222222211222222221222222222222222222222222222212222111
22222222222211222222222100000110000000111111111001121111211111011111111112222222211112222221222222222222222222222221221112212111
22200000000000000022122110100111000000000000000000111110000000001111111112222222211111122221112222222222000000002211200000000111
22203333333333333102120000000011000000000333333320111102333333301111110000000022211111112100000000222222033333302211023333330110
22203133133313313200200122221000000000000313313320111103331331301111100122221002221111111001222210022220231331310210223133130110
11203333333333333220013333333310000000000333333331011103333333301110013333333310122111100133333333102202233333330202223333330110
11201133333333311222233333333333100000100333333332011113333333301102233333333333112111022333333333331022233333331022213333330100
21222131333331311122233333333333300000000333333332011023333333301022233333333333301110222333333333333022133333332222113333330110
22222033333333321122223333333333320000000333333333001033333333301122223333333333320101222233333333333221133333333221113333330100
21123033333333321122223333333333331000000313333313100131333331300122223333333333331001222233333333333321131333313311113133130110
21113033333333321122222233333333333100000333333333100233333333301122222233333333333101222222333333333331133333333331113333330110
11002033333333321122222233333333333100000333333333200333333333301122222233333333333101222222333333333333133333333333113333330100
21001031333331321122222223333333333100000333333333200333333333301122222223333333333301222222233333333333133333333333313333330100
21111033333333231122222222333333333100000333333233311333323333301122222222333333333301222222223333333333133333333331323333330100
22221033333332231112222223333333333200000333333222211333223333301112222223333333333301122222233333333332133333332333333333320100
22222033333322231111122222223333333200000313312221222313222131301111122222223333333201111222222233333332133333322333333333220100
22222033333222231111122222222322322100000333322122222332212333201111122222222322322201111222222223223222131333121331333332120111
22222031332221231111111222222222222000000333222112222222112332201111111222222222222001111112222222222221133332221133333322220111
21222033322222233111111222222222222000000332222112222231112322200111111222222222222000111112222222222221133322221113333222220100
21100033222222233311111111222222221100000222222102222231012222200111111111222222221000111111112222222211133222221113332222220100
21202222222222222211111111112122210110000222222102232221012222200011111111112122210000011111111121222111122222221111322222220000
22202122122221221231111111111111102211110212212102122121012121200001111111111111100000001111111111111011122222221111132222220100
12202222222222222233111111111110022222110222222102222221012222200000111111111110000000000111111111100011121222120111112122120100
12200111111111111113311111111100232222220111111101111111011111100000001111111100000000000001111111000011122222220011112222220100
22221011111111111111300000000033333333330011111100111111011111000000000000000000000000000000000000000011111111100001111111110100
22222200000000000000002323233333333333333000000002000000100000000000000000000000000000000000000000000011111111001200111111100100
22222222222222222222233323233333333333333333333333333222211000000000000000000000000000000000000000000000000000001120000000001111
22222222222222222222223333333333333333333333333333333333222100000000000000000000000000000000000000000000111111111121111113211122
22222222222222222222223333333333333333333333333333333333333222110000000000000000000000000000000000000000011111111111111122100122
22222222222222222222222233333333333333333333333333333333333322211111000000000000000000000000000000000000011111111222111222100222

0x00000c2c
22222222222221222222211100000000001001211111111112221121111111122112222222222112222222222211222222222222222222222222222212222222
22222222222211122222221100000000001000111111111111211112111111011111111222222222211222222221222222222222222222222222222212222111
22222222222211222222222100000110000000111111111001121111211111011111111112222222211112222221222222222222222222222221221112212111
22222222222211221222122110100111000000000000110001111111111110111111111112222222211111122221112222222222222222122211211111121111
22200000000000000022122111000011000000000000000000111110000000001111111111222222211111112121111211222222000000002211200000000110
22203333333333333102220000000000000000000333333320111102333333301111110000000022221111111100000000122221033333302211023333330110
11203133133313313200200122221000000000000313313320111103331331301111100122221001122111111001222210012220231331310210223133130110
11203333333333333220013333333310000000100333333331011103333333301110013333333310112111100133333333102202233333330202223333330100
21201133333333311222233333333333100000000333333332011113333333301102233333333333111111022333333333331022233333331022213333330110
22222131333331311122233333333333300000000333333332001023333333301022233333333333301110222333333333333022133333332222113333330100
21123033333333321122223333333333320000000333333333000033333333301122223333333333320101222233333333333221133333333221113333330110
21113033333333321122223333333333331000000313333313100131333331300122223333333333331001222233333333333321131333313311113133130110
11002033333333321122222233333333333100000333333333100233333333301122222233333333333101222222333333333331133333333331113333330100
21001033333333321122222233333333333100000333333333200333333333301122222233333333333101222222333333333333133333333333113333330100
21111031333331321122222223333333333100000333333333200333333333301122222223333333333301222222233333333333133333333333313333330100
22221033333333231122222222333333333100000333333233311333323333301122222222333333333301222222223333333333133333333331323333330100
22222033333332231112222223333333333200000333333222211333223333301112222223333333333301122222233333333332133333332333333333320100
22222033333322231111122222223333333200000313312221222313222131301111122222223333333201111222222233333332133333322333333333220111
22222033333222231111122222222322322100000333322122222332212333201111122222222322322201111222222223223222131333121331333332120111
21222031332221231111111222222222222000000333222112222222112332201111111222222222222001111112222222222221133332221133333322220100
21122033322222233111111222222222222000000332222112222231112322200111111222222222222000111112222222222221133322221113333222220100
21200033222222233311111111222222221110000222222102222231012222200111111111222222221000111111112222222211133222221113332222220000
22202222222222222211111111112122210211110222222102232221012222200011111111112122210000011111111121222111122222221111322222220100
12202122122221221231111111111111102222110212212102122121012121200001111111111111100000001111111111111011122222221111132222220100
12202222222222222233111111111110032222220222222102222221012222200000111111111110000000000111111111100011121222120111112122120100
22200111111111111113311111111100333333330111111101111111011111100000001111111100000000000001111111000011122222220011112222220100
22222011111111111111300000000033333333330011111100111111011111000000000000000000000000000000000000000011111111100001111111110100
22222200000000000000003323233333333333333000000003000000200000000000000000000000000000000000000000000011111111001100111111100111
22222222222222222222223333333333333333333333333333333333222100000000000000000000000000000000000000000000000000001120000000001122
22222222222222222222223333333333333333333333333333333333333222110000000000000000000000000000000000000000011111111111111122100122
22222222222222222222222233333333333333333333333333333333333322211111000000000000000000000000000000000000011111111222111222100222
22222222222223322222222233333333333333333333333333333333333333322121000000000000000000000000000000000000011111111222111222111222

0x00000c4e
22222222222211122222221100000000001000111111111111211112111111011111111222222222211222222221222222222222222222222222222212222111
22222222222211222222222100000110000000111111111001121111211111011111111112222222211112222221222222222222222222222221221112212111
22222222222211221222122110100111000000000000110001111111111110111111111112222222211111122221112222222222222222122211211111121111
22222222222211211222122111000011000000000000000001111111111111111111111111222222211111112121111211222222112221112211211111111110
22200000000000000022222100000000000000000000000000111110000000001111111111112222221111111111111212122221000000002211100000000110
11203333333333333102220000000000000000000333333320111102333333301111110000000011122111111100000000212222033333302211023333330110
11203133133313313200200122221000000000100313313320011103331331301111100122221001112111111001222210012220231331310210223133130100
21203333333333333220013333333310000000000333333331011103333333301110013333333310111111100133333333102202233333330202223333330110
22201133333333311222233333333333100000000333333332001113333333301102233333333333111111022333333333331022233333331022213333330100
21123131333331311122233333333333300000000333333332000023333333301022233333333333301110222333333333333022133333332222113333330110
21113033333333321122223333333333320000000333333333000033333333300122223333333333320101222233333333333221133333333221113333330110
11002033333333321122223333333333331000000313333313100131333331300122223333333333331001222233333333333321131333313311113133130100
21001033333333321122222233333333333100000333333333100233333333301122222233333333333101222222333333333331133333333331113333330100
21111033333333321122222233333333333100000333333333200333333333301122222233333333333101222222333333333333133333333333113333330100
22221031333331321122222223333333333100000333333333200333333333301122222223333333333301222222233333333333133333333333313333330100
22222033333333231122222222333333333100000333333233311333323333301122222222333333333301222222223333333333133333333331323333330100
22222033333332231112222223333333333200000333333222211333223333301112222223333333333301122222233333333332133333332333333333320111
22222033333322231111122222223333333200000313312221222313222131301111122222223333333201111222222233333332133333322333333333220111
21222033333222231111122222222322322100000333322122222332212333201111122222222322322201111222222223223222131333121331333332120100
21122031332221231111111222222222222000000333222112222222112332201111111222222222222001111112222222222221133332221133333322220100
21212033322222233111111222222222222010000332222112222231112322200111111222222222222000111112222222222221133322221113333222220000
22200033222222233311111111222222221211110222222102222231012222200111111111222222221000111111112222222211133222221113332222220100
12202222222222222211111111112122210222110222222102232221012222200011111111112122210000011111111121222111122222221111322222220100
12202122122221221231111111111111102222220212212102122121012121200001111111111111100000001111111111111011122222221111132222220100
22202222222222222233111111111110033333330222222102222221012222200000111111111110000000000111111111100011121222120111112122120100
22200111111111111113311111111100333333330111111101111111011111100000001111111100000000000001111111000011122222220011112222220100
22222011111111111111300000000033333333330011111100111111011111000000000000000000000000000000000000000011111111100001111111110111
22222200000000000000003333333333333333333000000003000000200000000000000000000000000000000000000000000011111111001100111111100122
22222222222222222222223333333333333333333333333333333333333222110000000000000000000000000000000000000000000000001110000000000122
22222222222222222222222233333333333333333333333333333333333322211111000000000000000000000000000000000000011111111222111222100222
22222222222223322222222233333333333333333333333333333333333333322121000000000000000000000000000000000000011111111222111222111222
22222222222222322222222333333333333333333333333333333333333333333222111100000000000000000000000000011100001111111122111222222222

0x00000c5e
22222222222211222222222100000110000000111111111001121111211111011111111112222222211112222221222222222222222222222221221112212111
22222222222211221222122110100111000000000000110001111111111110111111111112222222211111122221112222222222222222122211211111121111
22222222222211211222122111000011000000000000000001111111111111111111111111222222211111112121111211222222112221112211211111111110
22222222222222211222222100000000000000000011010000111111121111111111111111112222221111111111111212122221111222112211111111111110
11200000000000000022222100000000000000000000000000111110000000001111111111111211122111111111111112212222000000002211100000000110
11203333333333333102220000000000000000100333333320011102333333301111110000000011112111111100000000112222033333302211023333330100
21203133133313313200200122221000000000000313313320011103331331301111100122221001111111111001222210012220231331310220223133130110
22203333333333333220013333333310000000000333333331001103333333301110013333333310111111100133333333102202233333330202223333330100
21101133333333311222233333333333100000000333333332000013333333301102233333333333111111022333333333331022233333331022213333330110
21113131333331311122233333333333300000000333333332000023333333300022233333333333301110222333333333333022133333332222113333330110
11002033333333321122223333333333320000000333333333000033333333300122223333333333320101222233333333333221133333333221113333330100
21001033333333321122223333333333331000000313333313100131333331300122223333333333331001222233333333333321131333313311113133130100
21111033333333321122222233333333333100000333333333100233333333301122222233333333333101222222333333333331133333333331113333330100
22221033333333321122222233333333333100000333333333200333333333301122222233333333333101222222333333333333133333333333113333330100
22222031333331321122222223333333333100000333333333200333333333301122222223333333333301222222233333333333133333333333313333330100
22222033333333231122222222333333333100000333333233311333323333301122222222333333333301222222223333333333133333333331323333330111
22222033333332231112222223333333333200000333333222211333223333301112222223333333333301122222233333333332133333332333333333320111
21222033333322231111122222223333333200000313312221222313222131301111122222223333333201111222222233333332133333322333333333220100
21122033333222231111122222222322322100000333322122222332212333201111122222222322322201111222222223223222131333121331333332120100
21212031332221231111111222222222222010000333222112222222112332201111111222222222222001111112222222222221133332221133333322220000
22222033322222233111111222222222222011110332222112222231112322200111111222222222222000111112222222222221133322221113333222220100
12200033222222233311111111222222221222110222222102222231012222200111111111222222221000111111112222222211133222221113332222220100
12202222222222222211111111112122210222220222222102232221012222200011111111112122210000011111111121222111122222221111322222220100
22202122122221221231111111111111103333330212212102122121012121200001111111111111100000001111111111111011122222221111132222220100
22202222222222222233111111111110033333330222222102222221012222200000111111111110000000000111111111100011121222120111112122120100
22200111111111111113311111111100333333330111111101111111011111100000001111111100000000000001111111000011122222220011112222220111
22222011111111111111300000000033333333330011111100111111011111000000000000000000000000000000000000000011111111100001111111110122
22222200000000000000003333333333333333333000000003000000300000010000000000000000000000000000000000000011111111001100111111100122
22222222222222222222222233333333333333333333333333333333333322211111000000000000000000000000000000000000000000001220000000000222
22222222222223322222222233333333333333333333333333333333333333322121000000000000000000000000000000000000011111111222111222111222
22222222222222322222222333333333333333333333333333333333333333333222111100000000000000000000000000011100001111111122111222222222
22222222222222222222222333333333333333333333333333333333333333333333222110000000000000000000000000011000100111012112112222222222

0x00000c80
22222222222211221222122110100111000000000000110001111111111110111111111112222222211111122221112222222222222222122211211111121111
22222222222211211222122111000011000000000000000001111111111111111111111111222222211111112121111211222222112221112211211111111110
22222222222222211222222100000000000000000011010000111111121111111111111111112222221111111111111212122221111222112211111111111110
11222222222222222222222100000000000000000011110000111111111111111111111111111211122111111111111112212222222222122211111111111110
11200000000000000022222111000000000000100000000000011110000000001111111111111111112111111111111111112222000000002211100000000100
21203333333333333102220000000000000000000333333320011102333333301111110000000011111111111100000000112222033333302221023333330110
22203133133313313200200122221000000000000313313320001103331331301111100122221001111111111001222210022220231331310220223133130100
21103333333333333220013333333310000000000333333331000003333333301110013333333310111111100133333333102202233333330202223333330110
21101133333333311222233333333333100000000333333332000013333333300002233333333333111111022333333333331022233333331022213333330110
11002131333331311122233333333333300000000333333332000023333333300022233333333333301110222333333333333022133333332222113333330100
21001033333333321122223333333333320000000333333333000033333333300122223333333333320101222233333333333221133333333221113333330100
21111033333333321122223333333333331000000313333313100131333331300122223333333333331001222233333333333321131333313311113133130100
22221033333333321122222233333333333100000333333333100233333333301122222233333333333101222222333333333331133333333331113333330100
22222033333333321122222233333333333100000333333333200333333333301122222233333333333101222222333333333333133333333333113333330100
22222031333331321122222223333333333100000333333333200333333333301122222223333333333301222222233333333333133333333333313333330111
22222033333333231122222222333333333100000333333233311333323333301122222222333333333301222222223333333333133333333331323333330111
21222033333332231112222223333333333200000333333222211333223333301112222223333333333301122222233333333332133333332333333333320100
21122033333322231111122222223333333200000313312221222313222131301111122222223333333201111222222233333332133333322333333333220100
21212033333222231111122222222322322100000333322122222332212333201111122222222322322201111222222223223222131333121331333332120000
22222031332221231111111222222222222011110333222112222222112332201111111222222222222001111112222222222221133332221133333322220100
12222033322222233111111222222222222022110332222112222231112322200111111222222222222000111112222222222221133322221113333222220100
12200033222222233311111111222222221222220222222102222231012222200111111111222222221000111111112222222211133222221113332222220100
22202222222222222211111111112122210333330222222102232221012222200011111111112122210000011111111121222111122222221111322222220100
22202122122221221231111111111111103333330212212102122121012121200001111111111111100000001111111111111011122222221111132222220100
22202222222222222233111111111110033333330222222102222221012222200000111111111110000000000111111111100011121222120111112122120111
22200111111111111113311111111100333333330111111101111111011111100000001111111100000000000001111111000011122222220011112222220122
22222011111111111111300000000033333333330011111100111111011111000000000000000000000000000000000000000011111111100001111111110122
22222200000000000000002233333333333333333000000003000000300000011111000000000000000000000000000000000011111111001200111111100222
22222222222223322222222233333333333333333333333333333333333333322121000000000000000000000000000000000000000000001220000000001222
22222222222222322222222333333333333333333333333333333333333333333222111100000000000000000000000000011100001111111122111222222222
22222222222222222222222333333333333333333333333333333333333333333333222110000000000000000000000000011000100111012112112222222222
22222222222222222222222322333333233333333333333333333333333333333333332221000000000000000000000000000000111111001211112222222222

0x00000ca1
22222222222211211222122111000011000000000000000001111111111111111111111111222222211111112121111211222222112221112211211111111110
22222222222222211222222100000000000000000011010000111111121111111111111111112222221111111111111212122221111222112211111111111110
11222222222222222222222100000000000000000011110000111111111111111111111111111211122111111111111112212222222222122211111111111110
11222222222222222222222111000000000000101111111100011110111111111111111111111111112111111111111111112222221222122211111111111100
21200000000000000022222211000000000000000000000000011100000000001111111111111111111111111111111111112222000000002221100000000110
22203333333333333102220000000000000000000333333320001102333333301111110000000011111111111100000000222222033333302221023333330100
21103133133313313200200122221000000000000313313320000003331331301111100122221001111111111001222210012210231331310220223133130110
21103333333333333220013333333310000000000333333331000003333333300000013333333310111111100133333333102202233333330202223333330110
11001133333333311222233333333333100000000333333332000013333333300002233333333333111111022333333333331022233333331022213333330100
21001131333331311122233333333333300000000333333332000023333333300022233333333333301110222333333333333022133333332222113333330100
21111033333333321122223333333333320000000333333333000033333333300122223333333333320101222233333333333221133333333221113333330100
22221033333333321122223333333333331000000313333313100131333331300122223333333333331001222233333333333321131333313311113133130100
22222033333333321122222233333333333100000333333333100233333333301122222233333333333101222222333333333331133333333331113333330100
22222033333333321122222233333333333100000333333333200333333333301122222233333333333101222222333333333333133333333333113333330111
22222031333331321122222223333333333100000333333333200333333333301122222223333333333301222222233333333333133333333333313333330111
21222033333333231122222222333333333100000333333233311333323333301122222222333333333301222222223333333333133333333331323333330100
21122033333332231112222223333333333200000333333222211333223333301112222223333333333301122222233333333332133333332333333333320100
21212033333322231111122222223333333200000313312221222313222131301111122222223333333201111222222233333332133333322333333333220000
22222033333222231111122222222322322101110333322122222332212333201111122222222322322201111222222223223222131333121331333332120100
12222031332221231111111222222222222022110333222112222222112332201111111222222222222001111112222222222221133332221133333322220100
12222033322222233111111222222222222022220332222112222231112322200111111222222222222000111112222222222221133322221113333222220100
22200033222222233311111111222222221333330222222102222231012222200111111111222222221000111111112222222211133222221113332222220100
22202222222222222211111111112122210333330222222102232221012222200011111111112122210000011111111121222111122222221111322222220100
22202122122221221231111111111111103333330212212102122121012121200001111111111111100000001111111111111011122222221111132222220111
22202222222222222233111111111110033333330222222102222221012222200000111111111110000000000111111111100011121222120111112122120122
22200111111111111113311111111100333333330111111101111111011111100000001111111100000000000001111111000011122222220011112222220122
22222011111111111111300000000033333333330011111100111111011111001111000000000000000000000000000000000011111111100001111111110222
22222200000000000000002233333333333333333000000003000000300000022121000000000000000000000000000000000011111111001200111111100222
22222222222222322222222333333333333333333333333333333333333333333222111100000000000000000000000000011000000000001120000000002222
22222222222222222222222333333333333333333333333333333333333333333333222110000000000000000000000000011000100111012112112222222222
22222222222222222222222322333333233333333333333333333333333333333333332221000000000000000000000000000000111111001211112222222222
22222222222222232222222222233333333333333333333333333333333333333333333332110000000000000000000000000011111111001111122222222211

0x00000cb2
22222222222222211222222100000000000000000011010000111111121111111111111111112222221111111111111212122221111222112211111111111110
11222222222222222222222100000000000000000011110000111111111111111111111111111211122111111111111112212222222222122211111111111110
11222222222222222222222111000000000000101111111100011110111111111111111111111111112111111111111111112222221222122211111111111100
21222222222221222222222211000000000000001111110000011100111111111111111111111111111111111111111111112222221222112221111111111110
22200000000000000022222211100000000000000000000000001100000000001111111111111111111111111111111111222222000000002221100000000100
21103333333333333102220000000000000000000333333320000002333333301111110000000011111111111100000000112211033333302221023333330110
21103133133313313200200122221000000000000313313320000003331331300001100122221001111111111001222210012210231331310210223133130110
11003333333333333220013333333310000000000333333331000003333333300000013333333310111111100133333333102202233333330202223333330100
21001133333333311222233333333333100000000333333332000013333333300002233333333333111111022333333333331022233333331022213333330100
21111131333331311122233333333333300000000333333332000023333333300022233333333333301110222333333333333022133333332222113333330100
22221033333333321122223333333333320000000333333333000033333333300122223333333333320101222233333333333221133333333221113333330100
22222033333333321122223333333333331000000313333313100131333331300122223333333333331001222233333333333321131333313311113133130100
22222033333333321122222233333333333100000333333333100233333333301122222233333333333101222222333333333331133333333331113333330111
22222033333333321122222233333333333100000333333333200333333333301122222233333333333101222222333333333333133333333333113333330111
21222031333331321122222223333333333100000333333333200333333333301122222223333333333301222222233333333333133333333333313333330100
21122033333333231122222222333333333100000333333233311333323333301122222222333333333301222222223333333333133333333331323333330100
21212033333332231112222223333333333200000333333222211333223333301112222223333333333301122222233333333332133333332333333333320000
22222033333322231111122222223333333201110313312221222313222131301111122222223333333201111222222233333332133333322333333333220100
12222033333222231111122222222322322102110333322122222332212333201111122222222322322201111222222223223222131333121331333332120100
12222031332221231111111222222222222022220333222112222222112332201111111222222222222001111112222222222221133332221133333322220100
22221033322222233111111222222222222033330332222112222231112322200111111222222222222000111112222222222221133322221113333222220100
22200033222222233311111111222222221333330222222102222231012222200111111111222222221000111111112222222211133222221113332222220100
22202222222222222211111111112122210333330222222102232221012222200011111111112122210000011111111121222111122222221111322222220111
22202122122221221231111111111111103333330212212102122121012121200001111111111111100000001111111111111011122222221111132222220122
22202222222222222233111111111110033333330222222102222221012222200000111111111110000000000111111111100011121222120111112122120122
22200111111111111113311111111100333333330111111101111111011111101110001111111100000000000001111111000011122222220011112222220222
22222011111111111111300000000033333333330011111100111111011111002121000000000000000000000000000000000011111111100001111111110222
22222200000000000000002333333333333333333000000003000000300000033222111100000000000000000000000000011011111111001100111111100222
22222222222222222222222333333333333333333333333333333333333333333333222110000000000000000000000000011000000000002110000000002222
22222222222222222222222322333333233333333333333333333333333333333333332221000000000000000000000000000000111111001211112222222222
22222222222222232222222222233333333333333333333333333333333333333333333332110000000000000000000000000011111111001111122222222211
22222222222222222322222222222222333333333333333333333333333333333333333333221000000000000000000000000000111111101111122222221100

0x00000cd3
11222222222222222222222100000000000000000011110000111111111111111111111111111211122111111111111112212222222222122211111111111110
11222222222222222222222111000000000000101111111100011110111111111111111111111111112111111111111111112222221222122211111111111100
21222222222221222222222211000000000000001111110000011100111111111111111111111111111111111111111111112222221222112221111111111110
22222222222222222222222211100000000000000110110000001100000111111111111111111111111111111111111111222222222222222221111111111100
21100000000000000022222211100000000000000000000000000000000000001111111111111111111111111111111111112211000000002221100000000110
21103333333333333102220000000000000000000333333320000002333333300001100000000011111111111100000000112211033333302211023333330110
11003133133313313200200122221000000000000313313320000003331331300000000122221001111111111001222210012220231331310210223133130100
21003333333333333220013333333310000000000333333331000003333333300000013333333310111111100133333333102202233333330202223333330100
21101133333333311222233333333333100000000333333332000013333333300002233333333333101111022333333333331022233333331022213333330100
22221131333331311122233333333333300000000333333332000023333333300022233333333333301110222333333333333022133333332222113333330100
22222033333333321122223333333333320000000333333333000033333333300122223333333333320101222233333333333221133333333221113333330100
22222033333333321122223333333333331000000313333313100131333331300122223333333333331001222233333333333321131333313311113133130111
22222033333333321122222233333333333100000333333333100233333333301122222233333333333101222222333333333331133333333331113333330111
21222033333333321122222233333333333100000333333333200333333333301122222233333333333101222222333333333333133333333333113333330100
21122031333331321122222223333333333100000333333333200333333333301122222223333333333301222222233333333333133333333333313333330100
21212033333333231122222222333333333100000333333233311333323333301122222222333333333301222222223333333333133333333331323333330000
22222033333332231112222223333333333201110333333222211333223333301112222223333333333301122222233333333332133333332333333333320100
12222033333322231111122222223333333202110313312221222313222131301111122222223333333201111222222233333332133333322333333333220100
12222033333222231111122222222322322102220333322122222332212333201111122222222322322201111222222223223222131333121331333332120100
22221031332221231111111222222222222033330333222112222222112332201111111222222222222001111112222222222221133332221133333322220100
22222033322222233111111222222222222033330332222112222231112322200111111222222222222000111112222222222221133322221113333222220100
22200033222222233311111111222222221333330222222102222231012222200111111111222222221000111111112222222211133222221113332222220111
22202222222222222211111111112122210333330222222102232221012222200011111111112122210000011111111121222111122222221111322222220122
22202122122221221231111111111111103333330212212102122121012121200001111111111111100000001111111111111011122222221111132222220122
22202222222222222233111111111110033333330222222102222221012222201100111111111110000000000111111111100011121222120111112122120222
22200111111111111113311111111100333333330111111101111111011111102120001111111100000000000001111111000011122222220011112222220222
22222011111111111111300000000033333333330011111100111111011111003222100000000000000000000000000000011011111111100001111111110222
22222200000000000000002333333333333333333000000003000000300000033333222110000000000000000000000000011011111111002100111111100222
22222222222222222222222322333333233333333333333333333333333333333333332221000000000000000000000000000000000000001210000000002222
22222222222222232222222222233333333333333333333333333333333333333333333332110000000000000000000000000011111111001111122222222211
22222222222222222322222222222222333333333333333333333333333333333333333333221000000000000000000000000000111111101111122222221100
22222222222222222222211111222222222232233333333333333333333333333333333333332111000000000000000000000000011101211111112222221110

0x00000cf4
11222222222222222222222111000000000000101111111100011110111111111111111111111111112111111111111111112222221222122211111111111100
21222222222221222222222211000000000000001111110000011100111111111111111111111111111111111111111111112222221222112221111111111110
22222222222222222222222211100000000000000110110000001100000111111111111111111111111111111111111111222222222222222221111111111100
21123322111232222222222211100000000000000000000000000000000111111111111111111111111111111111111111112211112222222221111111111110
21100000000000000022222211100000000000000000000000000000000000000001101111111111111111111111111111112211000000002211100000000110
11003333333333333102220000000000000000000333333320000002333333300000000000000011111111111100000000112221033333302211023333330100
21003133133313313200200122221000000000000313313320000003331331300000000122221001111111111001222210012220231331310210223133130100
21103333333333333220013333333310000000000333333331000003333333300000013333333310101111100133333333101202233333330202223333330100
22201133333333311222233333333333100000000333333332000013333333300002233333333333101111022333333333331022233333331022213333330100
22222131333331311122233333333333300000000333333332000023333333300022233333333333301110222333333333333022133333332222113333330100
22222033333333321122223333333333320000000333333333000033333333300122223333333333320101222233333333333221133333333221113333330111
22222033333333321122223333333333331000000313333313100131333331300122223333333333331001222233333333333321131333313311113133130111
21222033333333321122222233333333333100000333333333100233333333301122222233333333333101222222333333333331133333333331113333330100
21122033333333321122222233333333333100000333333333200333333333301122222233333333333101222222333333333333133333333333113333330100
21212031333331321122222223333333333100000333333333200333333333301122222223333333333301222222233333333333133333333333313333330000
22222033333333231122222222333333333101110333333233311333323333301122222222333333333301222222223333333333133333333331323333330100
12222033333332231112222223333333333202110333333222211333223333301112222223333333333301122222233333333332133333332333333333320100
12222033333322231111122222223333333202220313312221222313222131301111122222223333333201111222222233333332133333322333333333220100
22221033333222231111122222222322322103330333322122222332212333201111122222222322322201111222222223223222131333121331333332120100
22222031332221231111111222222222222033330333222112222222112332201111111222222222222001111112222222222221133332221133333322220100
22222033322222233111111222222222222033330332222112222231112322200111111222222222222000111112222222222221133322221113333222220111
22200033222222233311111111222222221333330222222102222231012222200111111111222222221000111111112222222211133222221113332222220122
22202222222222222211111111112122210333330222222102232221012222200011111111112122210000011111111121222111122222221111322222220122
22202122122221221231111111111111103333330212212102122121012121201001111111111111100000001111111111111011122222221111132222220222
22202222222222222233111111111110033333330222222102222221012222202100111111111110000000000111111111100011121222120111112122120222
22200111111111111113311111111100333333330111111101111111011111103220001111111100000000000001111111001011122222220011112222220222
22222011111111111111300000000033333333330011111100111111011111003333200000000000000000000000000000011011111111100001111111110222
22222200000000000000002322333333233333333000000003000000300000033333332221000000000000000000000000000011111111001200111111100222
22222222222222232222222222233333333333333333333333333333333333333333333332110000000000000000000000000000000000001110000000002211
22222222222222222322222222222222333333333333333333333333333333333333333333221000000000000000000000000000111111101111122222221100
22222222222222222222211111222222222232233333333333333333333333333333333333332111000000000000000000000000011101211111112222221110
22222222222222222222111111122222222222222223333333333333333333333333333333333211000000000000000000000000011110121111111222112110

0x00000d05
21222222222221222222222211000000000000001111110000011100111111111111111111111111111111111111111111112222221222112221111111111110
22222222222222222222222211100000000000000110110000001100000111111111111111111111111111111111111111222222222222222221111111111100
21123322111232222222222211100000000000000000000000000000000111111111111111111111111111111111111111112211112222222221111111111110
21113332110122222222222211100000000000000000000000000000000010010001101111111111111111111111111111112211112222222211112222111110
11000000000000000022222221110000000000000000000000000000000000000000000001111111111111111111111111112221000000002211100000000100
21003333333333333102220000000000000000000333333320000002333333300000000000000011111111111100000000112221033333302211023333330100
21103133133313313200200122221000000000000313313320000003331331300000000122221001101111111001222210011220231331310220223133130100
22203333333333333220013333333310000000000333333331000003333333300000013333333310101111100133333333101102233333330202223333330100
22201133333333311222233333333333100000000333333332000013333333300002233333333333111111022333333333331022233333331022213333330100
22222131333331311122233333333333300000000333333332000023333333300022233333333333301110222333333333333022133333332222113333330111
22222033333333321122223333333333320000000333333333000033333333300122223333333333320101222233333333333221133333333221113333330111
21222033333333321122223333333333331000000313333313100131333331300122223333333333331001222233333333333321131333313311113133130100
21122033333333321122222233333333333100000333333333100233333333301122222233333333333101222222333333333331133333333331113333330100
21212033333333321122222233333333333100000333333333200333333333301122222233333333333101222222333333333333133333333333113333330000
22222031333331321122222223333333333101110333333333200333333333301122222223333333333301222222233333333333133333333333313333330100
12222033333333231122222222333333333102110333333233311333323333301122222222333333333301222222223333333333133333333331323333330100
12222033333332231112222223333333333202220333333222211333223333301112222223333333333301122222233333333332133333332333333333320100
22221033333322231111122222223333333203330313312221222313222131301111122222223333333201111222222233333332133333322333333333220100
22222033333222231111122222222322322103330333322122222332212333201111122222222322322201111222222223223222131333121331333332120100
22222031332221231111111222222222222033330333222112222222112332201111111222222222222001111112222222222221133332221133333322220111
22222033322222233111111222222222222033330332222112222231112322200111111222222222222000111112222222222221133322221113333222220122
22200033222222233311111111222222221333330222222102222231012222200111111111222222221000111111112222222211133222221113332222220122
22202222222222222211111111112122210333330222222102232221012222200011111111112122210000011111111121222111122222221111322222220222
22202122122221221231111111111111103333330212212102122121012121202001111111111111100000001111111111111011122222221111132222220222
22202222222222222233111111111110033333330222222102222221012222203200111111111110000000000111111111100011121222120111112122120222
22200111111111111113311111111100333333330111111101111111011111103330001111111100000000000001111111001011122222220011112222220222
22222011111111111111300000000033233333330011111100111111011111003333300000000000000000000000000000000011111111100001111111110222
22222200000000000000002222233333333333333000000003000000300000033333333332110000000000000000000000000011111111001100111111100211
22222222222222222322222222222222333333333333333333333333333333333333333333221000000000000000000000000000000000001110000000001100
22222222222222222222211111222222222232233333333333333333333333333333333333332111000000000000000000000000011101211111112222221110
22222222222222222222111111122222222222222223333333333333333333333333333333333211000000000000000000000000011110121111111222112110
22222222222222222222111111122222222222222222333333333333333333333333333333333322210000000000000000000000001110021111122222122110

0x00000d26
22222222222222222222222211100000000000000110110000001100000111111111111111111111111111111111111111222222222222222221111111111100
21123322111232222222222211100000000000000000000000000000000111111111111111111111111111111111111111112211112222222221111111111110
21113332110122222222222211100000000000000000000000000000000010010001101111111111111111111111111111112211112222222211112222111110
11002322210012222222222221110000000000000000000000000000000000000000000001111111111111111111111111112221111222222211122222211100
21000000000000000022222221110000000000000000000000000000000000000000000001111111111111111111111111112221000000002211200000000100
21103333333333333102220000000000000000000333333320000002333333300000000000000011101111111100000000111221033333302222023333330100
22203133133313313200200122221000000000000313313320000003331331300000000122221002101111111001222210011120231331310220223133130100
22203333333333333220013333333310000000000333333331000003333333300000013333333310111111100133333333100102233333330202223333330100
22201133333333311222233333333333100000000333333332000013333333300002233333333333111111022333333333331022233333331022213333330111
22222131333331311122233333333333300000000333333332000023333333300022233333333333301110222333333333333022133333332222113333330111
21222033333333321122223333333333320000000333333333000033333333300122223333333333320101222233333333333221133333333221113333330100
21122033333333321122223333333333331000000313333313100131333331300122223333333333331001222233333333333321131333313311113133130100
21212033333333321122222233333333333100000333333333100233333333301122222233333333333101222222333333333331133333333331113333330000
22222033333333321122222233333333333101110333333333200333333333301122222233333333333101222222333333333333133333333333113333330100
12222031333331321122222223333333333102110333333333200333333333301122222223333333333301222222233333333333133333333333313333330100
12222033333333231122222222333333333102220333333233311333323333301122222222333333333301222222223333333333133333333331323333330100
22221033333332231112222223333333333203330333333222211333223333301112222223333333333301122222233333333332133333332333333333320100
22222033333322231111122222223333333203330313312221222313222131301111122222223333333201111222222233333332133333322333333333220100
22222033333222231111122222222322322103330333322122222332212333201111122222222322322201111222222223223222131333121331333332120111
22222031332221231111111222222222222033330333222112222222112332201111111222222222222001111112222222222221133332221133333322220122
22222033322222233111111222222222222033330332222112222231112322200111111222222222222000111112222222222221133322221113333222220122
22200033222222233311111111222222221333330222222102222231012222200111111111222222221000111111112222222211133222221113332222220222
22202222222222222211111111112122210333330222222102232221012222200011111111112122210000011111111121222111122222221111322222220222
22202122122221221231111111111111103333330212212102122121012121203001111111111111100000001111111111111011122222221111132222220222
22202222222222222233111111111110033333330222222102222221012222203300111111111110000000000111111111100011121222120111112122120222
22200111111111111113311111111100233333330111111101111111011111103330001111111100000000000001111111000011122222220011112222220222
22222011111111111111300000000033333333330011111100111111011111003333300000000000000000000000000000000011111111100001111111110211
22222200000000000000002222222222333333333000000003000000300000033333333333221000000000000000000000000011111111001100111111100100
22222222222222222222211111222222222232233333333333333333333333333333333333332111000000000000000000000000000000001110000000001110
22222222222222222222111111122222222222222223333333333333333333333333333333333211000000000000000000000000011110121111111222112110
22222222222222222222111111122222222222222222333333333333333333333333333333333322210000000000000000000000001110021111122222122110
22222222222222222211111111112122222222222222233333333333333333333333333333333333211000000000000000000000001111011111122222111110

0x00000d48
21123322111232222222222211100000000000000000000000000000000111111111111111111111111111111111111111112211112222222221111111111110
21113332110122222222222211100000000000000000000000000000000010010001101111111111111111111111111111112211112222222211112222111110
11002322210012222222222221110000000000000000000000000000000000000000000001111111111111111111111111112221111222222211122222211100
21001222221112222222222221110000000000000000000000000000000000000000000001111111111111111111111111112221121222222211212222211100
21100000000000000022222222110000000000000000000000000000000000000000000000111111101111111111111111111221000000002222100000000100
22203333333333333102220000000000000000000333333320000002333333300000000000000012101111111100000000111122033333301221023333330100
22203133133313313200200122221000000000000313313320000003331331300000000122221002111111111001222210010120231331310220223133130100
22203333333333333220013333333310000000000333333331000003333333300000013333333310111111000133333333100102233333330202223333330111
22201133333333311222233333333333100000000333333332000013333333300002233333333333111110022333333333331022233333331022213333330111
21222131333331311122233333333333301000000333333332000023333333300022233333333333301100222333333333333022133333332222113333330100
21122033333333321122223333333333320100000333333333000033333333300122223333333333320001222233333333333221133333333221113333330100
21212033333333321122223333333333331010000313333313100131333331300122223333333333331001222233333333333321131333313311113133130000
22222033333333321122222233333333333101110333333333100233333333301122222233333333333101222222333333333331133333333331113333330100
12222033333333321122222233333333333102110333333333200333333333301122222233333333333101222222333333333333133333333333113333330100
12222031333331321122222223333333333102220333333333201333333333301122222223333333333301222222233333333333133333333333313333330100
22221033333333231122222222333333333103330333333233311333323333301122222222333333333301222222223333333333133333333331323333330100
22222033333332231112222223333333333203330333333222211333223333301112222223333333333301122222233333333332133333332333333333320100
22222033333322231111122222223333333203330313312221222313222131301111122222223333333201111222222233333332133333322333333333220111
22222033333222231111122222222322322103330333322122222332212333201111122222222322322201111222222223223222131333121331333332120122
22222031332221231111111222222222222033330333222112222222112332201111111222222222222001111112222222222221133332221133333322220122
22222033322222233111111222222222222033330332222112222231112322200111111222222222222000111112222222222221133322221113333222220222
22200033222222233311111111222222221333330222222102222231012222200111111111222222221000111111112222222211133222221113332222220222
22202222222222222211111111112122210333330222222102232221012222200011111111112122210000011111111121222111122222221111322222220222
22202122122221221231111111111111103333330212212102122121012121203001111111111111100000001111111111111011122222221111132222220222
22202222222222222233111111111110033333330222222102222221012222203300111111111110000000000111111111100011121222120111112122120222
22200111111111111113311111111100333333330111111101111111011111103330001111111100000000000001111111000011122222220011112222220211
22222011111111111111300000000022333333330011111100111111011111003333300000000000000000000000000000000011111111100001111111110100
22222200000000000000001111222222222232233000000003000000300000033333333333332111000000000000000000000011111111001100111111100110
22222222222222222222111111122222222222222223333333333333333333333333333333333211000000000000000000000000000000001110000000002110
22222222222222222222111111122222222222222222333333333333333333333333333333333322210000000000000000000000001110021111122222122110
22222222222222222211111111112122222222222222233333333333333333333333333333333333211000000000000000000000001111011111122222111110
23222222222222222111111011011112221112222221111111111111233333333333333333333333222100000000000000000000001111111111122222111110

0x00000d58
00000000000000000000000000000000000000000000000000000000000000000000000000000000000000000000000000000000000000000000000000000000
00000000000000000000000000000000003333000033333330000333333300333333000033003333333300033333000000000000000000000000000000000000
00000000000000000000000000000000033111100031111111000311111110311111100031103111111110331111100000000000000000000000000000000000
00000000000000000000000000000000331111110031111111100311111110311111110031100111111110311111110000000000000000000000000000000000
00000000000000000000000000000000311100111031100031100311000000311000111031100003110000311000110000000000000000000000000000000000
00000000000000000000000000000000311000011031133331100311333300311000311031100003110000311333000000000000000000000000000000000000
00000000000000000000000000000000311000000031111111000311111110311000311031100003110000011111100000000000000000000000000000000000
00000000000000000000000000000000311000330031111110000311111110311000311031100003110000001111110000000000000000000000000000000000
00000000000000000000000000000000311003311031100111000311000000311003311031100003110000330003110000000000000000000000000000000000
00000000000000000000000000000000011133111031100311000311333300311333111031100003110000311333110000000000000000000000000000000000
00000000000000000000000000000000001111110031100011100311111110311111110031100003110000011111110000000000000000000000000000000000
00000000000000000000000000000000000111100001100001110011111110011111100001100000110000001111100000000000000000000000000000000000
00000000000000000000000000000000000000000000000000000000000000000000000000000000000000000000000000000000000000000000000000000000
00000000000000000000000000000000000000000000000000000000000000000000000000000000000000000000000000000000000000000000000000000000
00000000000000000000000000000000000000000000000000000000000000000000000000000000000000000000000000000000000000000000000000000000
00000000000000000000000000000000000000000000000000000000002222000022220000000000000000000000000000000000000000000000000000000000
00000000000000000000000000000000000000000000000000000000023333200233332000000000000000000000000000000000000000000000000000000000
00000000000000000000000000000000000000000000000000000000023333200233332000000000000000000000000000000000000000000000000000000000
00000000000000000000000000000000000000000000000000000000023223200232232000000000000000000000000000000000000000000000000000000000
00000000000000000000000000000000000000000000000000000000023003200230032000000000000000000000000000000000000000000000000000000000
00000000000000000000000000000000000000000000000000000000023003200230032000000000000000000000000000000000000000000000000000000000
00000000000000000000000000000000000000000000000000000000023003200230032000000000000000000000000000000000000000000000000000000000
00000000000000000000000000000000000000000000000000000000023003200230032000000000000000000000000000000000000000000000000000000000
00000000000000000000000000000000000000000000000000000000023003200230032000000000000000000000000000000000000000000000000000000000
00000000000000000000000000000000000000000000000000000000023003200230032000000000000000000000000000000000000000000000000000000000
00000000000000000000000000000000000000000000000000000000023003200230032000000000000000000000000000000000000000000000000000000000
00000000000000000000000000000000000000000000000000000000023223200232232000000000000000000000000000000000000000000000000000000000
00000000000000000000000000000000000000000000000000000000023333200233332000000000000000000000000000000000000000000000000000000000
00000000000000000000000000000000000000000000000000000000023333200233332000000000000000000000000000000000000000000000000000000000
00000000000000000000000000000000000000000000000000000000002222000022220000000000000000000000000000000000000000000000000000000000
00000000000000000000000000000000000000000000000000000000000000000000000000000000000000000000000000000000000000000000000000000000
00000000000000000000000000000000000000000000000000000000000000000000000000000000000000000000000000000000000000001111122222111110

0x00000d69
00000000000000000000000000000000000000000000000000000000000000000000000000000000000000000000000000000000000000000000000000000000
00000000000000000000000000000000003333000033333330000333333300333333000033003333333300033333000000000000000000000000000000000000
00000000000000000000000000000000033111100031111111000311111110311111100031103111111110331111100000000000000000000000000000000000
00000000000000000000000000000000331111110031111111100311111110311111110031100111111110311111110000000000000000000000000000000000
00000000000000000000000000000000311100111031100031100311000000311000111031100003110000311000110000000000000000000000000000000000
00000000000000000000000000000000311000011031133331100311333300311000311031100003110000311333000000000000000000000000000000000000
00000000000000000000000000000000311000000031111111000311111110311000311031100003110000011111100000000000000000000000000000000000
00000000000000000000000000000000311000330031111110000311111110311000311031100003110000001111110000000000000000000000000000000000
00000000000000000000000000000000311003311031100111000311000000311003311031100003110000330003110000000000000000000000000000000000
00000000000000000000000000000000011133111031100311000311333300311333111031100003110000311333110000000000000000000000000000000000
00000000000000000000000000000000001111110031100011100311111110311111110031100003110000011111110000000000000000000000000000000000
00000000000000000000000000000000000111100001100001110011111110011111100001100000110000001111100000000000000000000000000000000000
00000000000000000000000000000000000000000000000000000000000000000000000000000000000000000000000000000000000000000000000000000000
00000000000000000000000000000000000000000000000000000000000000000000000000000000000000000000000000000000000000000000000000000000
00000000000000000000000000000000000000000000000000000000000000000000000000000000000000000000000000000000000000000000000000000000
00000000000000000000000000000000000000000000000000000000002222000022220000000000000000000000000000000000000000000000000000000000
00000000000000000000000000000000000000000000000000000000023333200233332000000000000000000000000000000000000000000000000000000000
00000000000000000000000000000000000000000000000000000000023333200233332000000000000000000000000000000000000000000000000000000000
00000000000000000000000000000000000000000000000000000000023223200232232000000000000000000000000000000000000000000000000000000000
00000000000000000000000000000000000000000000000000000000023003200230032000000000000000000000000000000000000000000000000000000000
00000000000000000000000000000000000000000000000000000000023003200230032000000000000000000000000000000000000000000000000000000000
00000000000000000000000000000000000000000000000000000000023003200230032000000000000000000000000000000000000000000000000000000000
00000000000000000000000000000000000000000000000000000000023003200230032000000000000000000000000000000000000000000000000000000000
00000000000000000000000000000000000000000000000000000000023003200230032000000000000000000000000000000000000000000000000000000000
00000000000000000000000000000000000000000000000000000000023003200230032000000000000000000000000000000000000000000000000000000000
00000000000000000000000000000000000000000000000000000000023003200230032000000000000000000000000000000000000000000000000000000000
00000000000000000000000000000000000000000000000000000000023223200232232000000000000000000000000000000000000000000000000000000000
00000000000000000000000000000000000000000000000000000000023333200233332000000000000000000000000000000000000000000000000000000000
00000000000000000000000000000000000000000000000000000000023333200233332000000000000000000000000000000000000000000000000000000000
00000000000000000000000000000000000000000000000000000000002222000022220000000000000000000000000000000000000000000000000000000000
00000000000000000000000000000000000000000000000000000000000000000000000000000000000000000000000000000000000000000000000000000000
00000000000000000000000000000000000000000000000000000000000000000000000000000000000000000000000000000000000000000000000000000000

0x00000f3c
00000000000000000000000000000000000000000000000000000000000000000000000000000000000000000000000000000000000000000000000000000000
00000000000000000000000000000000003333000033333330000333333300333333000033003333333300033333000000000000000000000000000000000000
00000000000000000000000000000000033111100031111111000311111110311111100031103111111110331111100000000000000000000000000000000000
00000000000000000000000000000000331111110031111111100311111110311111110031100111111110311111110000000000000000000000000000000000
00000000000000000000000000000000311100111031100031100311000000311000111031100003110000311000110000000000000000000000000000000000
00000000000000000000000000000000311000011031133331100311333300311000311031100003110000311333000000000000000000000000000000000000
00000000000000000000000000000000311000000031111111000311111110311000311031100003110000011111100000000000000000000000000000000000
00000000000000000000000000000000311000330031111110000311111110311000311031100003110000001111110000000000000000000000000000000000
00000000000000000000000000000000311003311031100111000311000000311003311031100003110000330003110000000000000000000000000000000000
00000000000000000000000000000000011133111031100311000311333300311333111031100003110000311333110000000000000000000000000000000000
00000000000000000000000000000000001111110031100011100311111110311111110031100003110000011111110000000000000000000000000000000000
00000000000000000000000000000000000111100001100001110011111110011111100001100000110000001111100000000000000000000000000000000000
00000000000000000000000000000000000000000000000000000000000000000000000000000000000000000000000000000000000000000000000000000000
00000000000000000000000000000000000000000000000000000000000000000000000000000000000000000000000000000000000000000000000000000000
00000000000000000000000000000000000000000000000000000000000000000000000000000000000000000000000000000000000000000000000000000000
00000000000000000000000000000000000000000000000000000000002222000002220000000000000000000000000000000000000000000000000000000000
00000000000000000000000000000000000000000000000000000000023333200023330000000000000000000000000000000000000000000000000000000000
00000000000000000000000000000000000000000000000000000000023333200023330000000000000000000000000000000000000000000000000000000000
00000000000000000000000000000000000000000000000000000000023223200022230000000000000000000000000000000000000000000000000000000000
00000000000000000000000000000000000000000000000000000000023003200000230000000000000000000000000000000000000000000000000000000000
00000000000000000000000000000000000000000000000000000000023003200000230000000000000000000000000000000000000000000000000000000000
00000000000000000000000000000000000000000000000000000000023003200000230000000000000000000000000000000000000000000000000000000000
00000000000000000000000000000000000000000000000000000000023003200000230000000000000000000000000000000000000000000000000000000000
00000000000000000000000000000000000000000000000000000000023003200000000000000000000000000000000000000000000000000000000000000000
00000000000000000000000000000000000000000000000000000000023003200000000000000000000000000000000000000000000000000000000000000000
00000000000000000000000000000000000000000000000000000000023003200000000000000000000000000000000000000000000000000000000000000000
00000000000000000000000000000000000000000000000000000000023223200000000000000000000000000000000000000000000000000000000000000000
00000000000000000000000000000000000000000000000000000000023333200000000000000000000000000000000000000000000000000000000000000000
00000000000000000000000000000000000000000000000000000000023333200000000000000000000000000000000000000000000000000000000000000000
00000000000000000000000000000000000000000000000000000000002222000000000000000000000000000000000000000000000000000000000000000000
00000000000000000000000000000000000000000000000000000000000000000000000000000000000000000000000000000000000000000000000000000000
00000000000000000000000000000000000000000000000000000000000000000000000000000000000000000000000000000000000000000000000000000000

0x00000f5d
00000000000000000000000000000000000000000000000000000000000000000000000000000000000000000000000000000000000000000000000000000000
00000000000000000000000000000000003333000033333330000333333300333333000033003333333300033333000000000000000000000000000000000000
00000000000000000000000000000000033111100031111111000311111110311111100031103111111110331111100000000000000000000000000000000000
00000000000000000000000000000000331111110031111111100311111110311111110031100111111110311111110000000000000000000000000000000000
00000000000000000000000000000000311100111031100031100311000000311000111031100003110000311000110000000000000000000000000000000000
00000000000000000000000000000000311000011031133331100311333300311000311031100003110000311333000000000000000000000000000000000000
00000000000000000000000000000000311000000031111111000311111110311000311031100003110000011111100000000000000000000000000000000000
00000000000000000000000000000000311000330031111110000311111110311000311031100003110000001111110000000000000000000000000000000000
00000000000000000000000000000000311003311031100111000311000000311003311031100003110000330003110000000000000000000000000000000000
00000000000000000000000000000000011133111031100311000311333300311333111031100003110000311333110000000000000000000000000000000000
00000000000000000000000000000000001111110031100011100311111110311111110031100003110000011111110000000000000000000000000000000000
00000000000000000000000000000000000111100001100001110011111110011111100001100000110000001111100000000000000000000000000000000000
00000000000000000000000000000000000000000000000000000000000000000000000000000000000000000000000000000000000000000000000000000000
00000000000000000000000000000000000000000000000000000000000000000000000000000000000000000000000000000000000000000000000000000000
00000000000000000000000000000000000000000000000000000000000000000000000000000000000000000000000000000000000000000000000000000000
00000000000000000000000000000000000000000000000000000000002222000002220000000000000000000000000000000000000000000000000000000000
00000000000000000000000000000000000000000000000000000000023333200023330000000000000000000000000000000000000000000000000000000000
00000000000000000000000000000000000000000000000000000000023333200023330000000000000000000000000000000000000000000000000000000000
00000000000000000000000000000000000000000000000000000000023223200022230000000000000000000000000000000000000000000000000000000000
00000000000000000000000000000000000000000000000000000000023003200000230000000000000000000000000000000000000000000000000000000000
00000000000000000000000000000000000000000000000000000000023003200000230000000000000000000000000000000000000000000000000000000000
00000000000000000000000000000000000000000000000000000000023003200000230000000000000000000000000000000000000000000000000000000000
00000000000000000000000000000000000000000000000000000000023003200000230000000000000000000000000000000000000000000000000000000000
00000000000000000000000000000000000000000000000000000000023003200000230000000000000000000000000000000000000000000000000000000000
00000000000000000000000000000000000000000000000000000000023003200000230000000000000000000000000000000000000000000000000000000000
00000000000000000000000000000000000000000000000000000000023003200000230000000000000000000000000000000000000000000000000000000000
00000000000000000000000000000000000000000000000000000000023223200022230000000000000000000000000000000000000000000000000000000000
00000000000000000000000000000000000000000000000000000000023333200023320000000000000000000000000000000000000000000000000000000000
00000000000000000000000000000000000000000000000000000000023333200023320000000000000000000000000000000000000000000000000000000000
00000000000000000000000000000000000000000000000000000000002222000022220000000000000000000000000000000000000000000000000000000000
00000000000000000000000000000000000000000000000000000000000000000000000000000000000000000000000000000000000000000000000000000000
00000000000000000000000000000000000000000000000000000000000000000000000000000000000000000000000000000000000000000000000000000000

0x000010ed
00000000000000000000000000000000000000000000000000000000000000000000000000000000000000000000000000000000000000000000000000000000
00000000000000000000000000000000000000000000000000000000000000000000000000000000000000000000000000000000000000000000000000000000
00000000000000000000000000000000000000000000000000000000000000000000000000000000000000000000000000000000000000000000000000000000
00000000000000000000000000000000000000000000000000000000000000000000000000000000000000000000000000000000000000000000000000000000
00000000000000000000000000000000000000000000000000000000000000000000000000000000000000000000000000000000000000000000000000000000
00000000000000000000000000000000000000000000000000000000000000000000000000000000000000000000000000000000000000000000000000000000
00000000000000000000000000000000000000000000000000000000000000000000000000000000000000000000000000000000000000000000000000000000
00000000000000000000000000000000000000000000000000000000000000000000000000000000000000000000000000000000000000000000000000000000
00000000000000000000000000000000000000000000000000000000000000000000000000000000000000000000000000000000000000000000000000000000
00000000000000000000000000000000000000000000000000000000000000000000000000000000000000000000000000000000000000000000000000000000
00000000000000000000000000000000000000000000000000000000000000000000000000000000000000000000000000000000000000000000000000000000
00000000000000000000000000000000000000000000000000000000000000000000000000000000000000000000000000000000000000000000000000000000
00000000000000000000000000000000000000000000000000000000000000000000000000000000000000000000000000000000000000000000000000000000
00000000000000000000000000000000000000000000000000000000000000000000000000000000000000000000000000000000000000000000000000000000
00000000000000000000000000000000000000000000000000000000000000000000000000000000000000000000000000000000000000000000000000000000
00000000000000000000000000000000000000000000000000000000000000000000000000000000000000000000000000000000000000000000000000000000
00000000000000000000000000000000000000000000000000000000000000000000000000000000000000000000000000000000000000000000000000000000
00000000000000000000000000000000000000000000000000000000000000000000000000000000000000000000000000000000000000000000000000000000
00000000000000000000000000000000000000000000000000000000000000000000000000000000000000000000000000000000000000000000000000000000
00000000000000000000000000000000000000000000000000000000000000000000000000000000000000000000000000000000000000000000000000000000
00000000000000000000000000000000000000000000000000000000000000000000000000000000000000000000000000000000000000000000000000000000
00000000000000000000000000000000000000000000000000000000000000000000000000000000000000000000000000000000000000000000000000000000
00000000000000000000000000000000000000000000000000000000000000000000000000000000000000000000000000000000000000000000000000000000
00000000000000000000000000000000000000000000000000000000000000000000000000000000000000000000000000000000000000000000000000000000
00000000000000000000000000000000000000000000000000000000000000000000000000000000000000000000000000000000000000000000000000000000
00000000000000000000000000000000000000000000000000000000000000000000000000000000000000000000000000000000000000000000000000000000
00000000000000000000000000000000000000000000000000000000000000000000000000000000000000000000000000000000000000000000000000000000
00000000000000000000000000000000000000000000000000000000000000000000000000000000000000000000000000000000000000000000000000000000
00000000000000000000000000000000000000000000000000000000000000000000000000000000000000000000000000000000000000000000000000000000
00000000000000000000000000000000000000000000000000000000000000000000000000000000000000000000000000000000000000000000000000000000
00000000000000000000000000000000000000000000000000000000000000000000000000000000000000000000000000000000000000000000000000000000
00000000000000000000000000000000000000000000000000000000000000000000000000000000000000000000000000000000000000000000000000000000

0x0000112f
13322222122222222223233333333333333333333222122222222222222222222233333333333333333320000000000000000000000000000000000000000000
13332212111112122222233333333333333333333222222222222222222222222233333333333333333320000000000000000000000000000000000000000000
13332211111111122222233333333333333333333322211222222222222222222333333333333333333331000000000000000000000000000000000000000000
13333221111111222222233333333333333333333222222222222222222222223333333333333333333331000000000000000000000000000000000000000000
13333222111111222222333333333333333333333222222222222222222222223233333333333333333332000000000000000000000000000000000000000000
13333211111111112222333333333333333333333222222222221222222222222333333333333333333332000000000000000000000000000000000000000000
13333211111111112222333333333333333333333332222222222222222222222233333333333333333333000000000000000000000000000000000000000000
13333321111111112222233333333333333333333332222122222222222222222333333333333333333333100000000000000000000000000000000000000000
13333321111111112222233333333333333333333333222122222222222222223333333333333333333333100000000000000000000000000000000000000000
13333331111111112122222333333333333333333333221111222222222222222333333333333333333333200000000000000000000000000000000000000000
13333331111111111122223333333333333333333333222222222222222222222233333333333333333333100000000000000000000000000000000000000000
13333331111111111122223333333333333333333333222222212222222222222233333333333333333333200000000000000000000000000000000000000000
13333332111111112122223333333333333333333333222222122222222222322233333333333333333333200000000000000000000000000000000000000000
13333332111111111122223333333333333333333333222222212222222222223233333333333333333333200000000000000000000000000000000000000000
13333332111111111122223333333333333333333333222211222222222222222233333333333333333333200000000000000000000000000000000000000000
13333332111111111112222333333333333333333333322212222222222222222333333333333333333333200000000000000000000000000000000000000000
12333332111111111112222333333333333333333333222212212222222222223333333333333333333333200000000000000000000000000000000000000000
12333333111111111112222233333333333333333333322211122222222222222322333333333333333333200000000000000000000000000000000000000000
12333333111111111112223333333333333333333333222111111222222222222322333333333333333333200000000000000000000000000000000000000000
02333333111111111112223333333333333333333333322111111122222222222223333333333333333333200000000000000000000000000000000000000000
02333333211111111121222333333333333333333333322111221122222222222222333333333333333333200000000000000000000000000000000000000000
02333333211101111112222333333333333333333333322211121122222222222223233333333333333333100000000000000000000000000000000000000000
02333333211111111112222333333333333333333333321111111122222222222322233333333333333333100000000000000000000000000000000000000000
01333333211111111111122333333333333333333333322111111222222222223232333333333333333333100000000000000000000000000000000000000000
01333333211101111112222233333333333333333333322111111222222222222222333333333333333333000000000000000000000000000000000000000000
01333333211101111111222233333333333333333333322111111112222122222222333333333333333332000000000000000000000000000000000000000000
01333333211111111111222233333333333333333333332111112112222222222222333333333333333331000000000000000000000000000000000000000000
01333333211101111111222233333333333333333333322111111222222222222222333333333333333331000000000000000000000000000000000000000000
01333333211100111111222233333333333333333333322111111111222222222223333333333333333320000000000000000000000000000000000000000000
01333333211011111112222333333333333333333333321111112121222222222223333333333333333320000000000000000000000000000000000000000000
01333333211000111111222233333333333333333333321111111121222222222222333333333333333310000000000000000000000000000000000000000000
01333333211000111112222333333333333333333333221111111111222222222222333333333333333300000000000000000000000000000000000000000000

0x00001140
00000000000000000000000000000000000000000000000000000000000000000000000000000000000000000000000000000000000000000000000000000000
00000000000000000000000000000000000000000000000000000000000000000000000000000000000000000000000000000000000000000000000000000000
00000000000000000000000000000000000000000000000000000000000000000000000000000000000000000000000000000000000000000000000000000000
00000000000000000000000000000000000000000000000000000000000000000000000000000000000000000000000000000000000000000000000000000000
00000000000000000000000000000000000000000000000000000000000000000000000000000000000000000000000000000000000000000000000000000000
00000000000000000000000000000000000000000000000000000000000000000000000000000000000000000000000000000000000000000000000000000000
00000000000000000000000000000000000000000000000000000000000000000000000000000000000000000000000000000000000000000000000000000000
00000000000000000000000000000000000000000000000000000000000000000000000000000000000000000000000000000000000000000000000000000000
00000000000000000000000000000000000000000000000000000000000000000000000000000000000000000000000000000000000000000000000000000000
00000000000000000000000000000000000000000000000000000000000000000000000000000000000000000000000000000000000000000000000000000000
00000000000000000000000000000000000000000000000000000000000000000000000000000000000000000000000000000000000000000000000000000000
00000000000000000000000000000000000000000000000000000000000000000000000000000000000000000000000000000000000000000000000000000000
00000000000000000000000000000000000000000000000000000000000000000000000000000000000000000000000000000000000000000000000000000000
00000000000000000000000000000000000000000000000000000000000000000000000000000000000000000000000000000000000000000000000000000000
00000000000000000000000000000000000000000000000000000000000000000000000000000000000000000000000000000000000000000000000000000000
00000000000000000000000000000000000000000000000000000000000000000000000000000000000000000000000000000000000000000000000000000000
00000000000000000000000000000000000000000000000000000000000000000000000000000000000000000000000000000000000000000000000000000000
00000000000000000000000000000000000000000000000000000000000000000000000000000000000000000000000000000000000000000000000000000000
00000000000000000000000000000000000000000000000000000000000000000000000000000000000000000000000000000000000000000000000000000000
00000000000000000000000000000000000000000000000000000000000000000000000000000000000000000000000000000000000000000000000000000000
00000000000000000000000000000000000000000000000000000000000000000000000000000000000000000000000000000000000000000000000000000000
00000000000000000000000000000000000000000000000000000000000000000000000000000000000000000000000000000000000000000000000000000000
00000000000000000000000000000000000000000000000000000000000000000000000000000000000000000000000000000000000000000000000000000000
00000000000000000000000000000000000000000000000000000000000000000000000000000000000000000000000000000000000000000000000000000000
00000000000000000000000000000000000000000000000000000000000000000000000000000000000000000000000000000000000000000000000000000000
00000000000033300300000330030003033330333000000000003000000000000000000000000000003330003300300003000000000030000000000000000000
00000000000030030300003003003030030000300300000000033000000000000000000000000000003003030030300003000000000330000000000000000000
00000000000030030300003003000300030000300300000000003000000000000000000000000000003330030030300003000000000030000000000000000000
00000000000033300300003333000300033300333000000000003000000000000000000000000000003003033330300003000000000030000000000000000000
00000000000030000300003003000300030000303000000000003000000000000000000000000000003003030030300003000000000030000000000000000000
00000000000030000333303003000300033330300300000000003000000000000000000000000000003330030030333303333000000030000000000000000000
00000000000000000000000000000000000000000000000000000000000000000000000000000000000000000000000000000000000000000000000000000000

0x00001161
00000111223333322221222222222333333333333333333332222222222222222223333333333333333333333100000000000000000000000000000000000000
00000011222333332221222222222233333333333333333332222222222222222222323323333333333333333200000000000000000000000000000000000000
00000001122333332221222222222233333333333333333333322222222222222222233333333333333333333300000000000000000000000000000000000000
00000001122233332221212222222233333333333333333333322222222222222222233333333333333333333310000000000000000000000000000000000000
00000001122233333221111212222333333333333333333333322222222222222222223333333333333333333320000000000000000000000000000000000000
00000001112233333322111211222233333333333333333333322222222222222222323333333333333333333320000000000000000000000000000000000000
00000011112123333322112212222233333333333333333333322222222222222223322333333333333333333330000000000000000000000000000000000000
00000011011123333322111111222233333333333333333333332222222222222222223333333333333333333331000000000000000000000000000000000000
00000000111223333332111112222233333333333333333333332222222222222222223323333333333333333331000000000000000000000000000000000000
00000000111223333332111212222233333333333333333333332222222222222222223223333333333333333332000000000000000000000000000000000000
00000000001112333332111111221232333333333333333333333222222222222222223333333333333333333332000000000000000000000000000000000000
00000000011112333332211112222222333333333333333333333212222222222232222323333333333333333332000000000000000000000000000000000000
00000000011112333332221111212222333333333333333333333222222222222222222333333333333333333333000000000000000000000000000000000000
00000000001112333333221112112222333333333333333333333322222222222222232323333333333333333333000000000000000000000000000000000000
00000000000112333333221111122222233333333333333333333321221222222222232323333333333333333333000000000000000000000000000000000000
00000000000112333333211111111222233333333333333333333322222222222222233322333333333333333333000000000000000000000000000000000000
00000000000111333333211111111222333333333333333333333322222222222222222233333333333333333333000000000000000000000000000000000000
00000000000011233333221111111222233333333333333333333322222212222222232233333333333333333333000000000000000000000000000000000000
00000000000011233333221111111212333333333333333333333322222222222222222233333333333333333333000000000000000000000000000000000000
00000000000011233333321111111222333333333333333333333322222222222222222232333333333333333333000000000000000000000000000000000000
00000000000011233333211111111222333333333333333333333322222222222222233322333333333333333332000000000000000000000000000000000000
00000000000011233333321111111122333333333333333333333322222222222222222233323333333333333332000000000000000000000000000000000000
00000000000001233333311111111122233333333333333333333322212121222222222233333333333333333331000000000000000000000000000000000000
00000000000011233333211111111122333333333333333333333322222222222222222223333333333333333331000000000000000000000000000000000000
00000000000000000000000000000000000000000033333333300022111122122222222333333333300000000000000000000000000000000000000000000000
00000000000033300300000330030003033330333003333333003012212222122222222233333333303330003300300003000000000030000000000000000000
00000000000030030300003003003030030000300303333333033022211222222222222223333333303003030030300003000000000330000000000000000000
00000000000030030300003003000300030000300303333333003022221121222222222233333333303330030030300003000000000030000000000000000000
00000000000033300300003333000300033300333003333333303022111111222222222332333333303003033330300003000000000030000000000000000000
00000000000030000300003003000300030000303003333333303022111122212222222222333333303003030030300003000000000030000000000000000000
00000000000030000333303003000300033330300303333333303022111112222222222333333333303330030030333303333000000030000000000000000000
00000000000000000000000000000000000000000003333333300022111111122222222322333333300000000000000000000000000000000000000000000000

0x00001193
00000000111100000001112333333222222222233333333333333333332222222221232232233333333333333333331000000000000000000000000000000000
00000000000100000000112233333222222222233333333333333333332222222222222332233333333333333333331000000000000000000000000000000000
00000000000000000001111223333222222222233233333333333333333222222222222222233333333333333333332000000000000000000000000000000000
00000000000000000000111223333322222222223333333333333333333222222222222222223333333333333333333000000000000000000000000000000000
00000000000000000000011223333332211212233333333333333333333332222222222223223333333333333333333100000000000000000000000000000000
00000000000000000000111122333332222222222333333333333333333322222222222333333333333333333333333200000000000000000000000000000000
00000000000000000000111122333332221222222233333333333333333332222222222223333233333333333333333200000000000000000000000000000000
00000000000000000000011122333332222222222233333333333333333332222222222233333333333333333333333300000000000000000000000000000000
00000000000000000000011112233333222222222333333333333333333332222222222232233333333333333333333310000000000000000000000000000000
00000000000000000000010112233333222112222233333333333333333332222222222222232333333333333333333310000000000000000000000000000000
00000000000000000000001112233333222222222233333333333333333333222222222222333233333333333333333310000000000000000000000000000000
00000000000000000000001112233333222222222233333333333333333333222222222222222333333333333333333320000000000000000000000000000000
00000000000000000000000111223333322222222232333333333333333333222222222222222333333333333333333320000000000000000000000000000000
00000000000000000000000111123333322121122233333333333333333333222222222222323333333333333333333320000000000000000000000000000000
00000000000000000000000011223333322111122233333333333333333333322222222222232333333333333333333320000000000000000000000000000000
00000000000000000000000011123333322111122223333333333333333333322222222222232233333333333333333320000000000000000000000000000000
00000000000000000000000001223333322212111223333333333333333333222222222222232333333333333333333320000000000000000000000000000000
00000000000000000000000001123333332211121223333333333333333333322222222222233333333333333333333320000000000000000000000000000000
00000000000000000000000001122333322111122123333333333333333333322222222222222333333333333333333320000000000000000000000000000000
00000000000000000000000000122333322111122222333333333333333333322221222222232333233333333333333320000000000000000000000000000000
00000000000000000000000001123333322211121122333333333333333333322222122222222333333333333333333310000000000000000000000000000000
00000000000000000000000001122333321211111222333333333333333333322222222222223333333333333333333310000000000000000000000000000000
00000000000000000000000000112333322211121222333333333333333333322222222222223333333333333333333300000000000000000000000000000000
00000000000000000000000000112333332211111122333333333333333333322222222222233333333333333333333200000000000000000000000000000000
00000000000000000000000000000000000000000022333333300033333333322222222222232233200000000000000000000000000000000000000000000000
00000000000033300300000330030003033330333002333333003033333333222222222222233322303330003300300003000000000030000000000000000000
00000000000030030300003003003030030000300302333333033033333333322222222222333333303003030030300003000000000330000000000000000000
00000000000030030300003003000300030000300302333333003033333333222222222222223233303330030030300003000000000030000000000000000000
00000000000033300300003333000300033300333002333333303033333333222222222222223333303003033330300003000000000030000000000000000000
00000000000030000300003003000300030000303003333333303033333332222222222221223333303003030030300003000000000030000000000000000000
00000000000030000333303003000300033330300303333333303033333332122221222221223323303330030030333303333000000030000000000000000000
00000000000000000000000000000000000000000003333333300033333321222221222222232233300000000000000000000000000000000000000000000000

0x000011b5
00000000111100000001112333333222222222233333333333333333332222222221232232233333333333333333331000000000000000000000000000000000
00000000000100000000112233333222222222233333333333333333332222222222222332233333333333333333331000000000000000000000000000000000
00000000000000000001111223333222222222233233333333333333333222222222222222233333333333333333332000000000000000000000000000000000
00000000000000000000111223333322222222223333333333333333333222222222222222223333333333333333333000000000000000000000000000000000
00000000000000000000011223333332211212233333333333333333333332222222222223223333333333333333333100000000000000000000000000000000
00000000000000000000111122333332222222222333333333333333333322222222222333333333333333333333333200000000000000000000000000000000
00000000000000000000111122333332221222222233333333333333333332222222222223333233333333333333333200000000000000000000000000000000
00000000000000000000011122333332222222222233333333333333333332222222222233333333333333333333333300000000000000000000000000000000
00000000000000000000011112233333222222222333333333333333333332222222222232233333333333333333333310000000000000000000000000000000
00000000000000000000010112233333222112222233333333333333333332222222222222232333333333333333333310000000000000000000000000000000
00000000000000000000001112233333222222222233333333333333333333222222222222333233333333333333333310000000000000000000000000000000
00000000000000000000000000000000000000000000000333333333333333222222222222222333333333333333333320000000000000000000000000000000
00000000000000000033300333330033300333300333330333333333333333222222222222222333333333333333333320000000000000000000000000000000
00000000000000000300030003000300030300030003000333333333333333222222222222323333333333333333333320000000000000000000000000000000
00000000000000000300000003000300030300030003003333333333333333322222222222232333333333333333333320000000000000000000000000000000
00000000000000000033300003000300030333300003003333333333333333322222222222232233333333333333333320000000000000000000000000000000
00000000000000000000030003000333330303000003003333333333333333222222222222232333333333333333333320000000000000000000000000000000
00000000000000000000030003000300030300300003003333333333333333322222222222233333333333333333333320000000000000000000000000000000
00000000000000000300030003000300030300030003003333333333333333322222222222222333333333333333333320000000000000000000000000000000
00000000000000000033300003000300030300003003003333333333333333322221222222232333233333333333333320000000000000000000000000000000
00000000000000000000000000000000000000000000003333333333333333322222122222222333333333333333333310000000000000000000000000000000
00000000000000000000000001122333321211111222333333333333333333322222222222223333333333333333333310000000000000000000000000000000
00000000000000000000000000112333322211121222333333333333333333322222222222223333333333333333333300000000000000000000000000000000
00000000000000000000000000112333332211111122333333333333333333322222222222233333333333333333333200000000000000000000000000000000
00000000000000000000000000000000000000000022333333300033333333322222222222232233200000000000000000000000000000000000000000000000
00000000000033300300000330030003033330333002333333003033333333222222222222233322303330003300300003000000000030000000000000000000
00000000000030030300003003003030030000300302333333033033333333322222222222333333303003030030300003000000000330000000000000000000
00000000000030030300003003000300030000300302333333003033333333222222222222223233303330030030300003000000000030000000000000000000
00000000000033300300003333000300033300333002333333303033333333222222222222223333303003033330300003000000000030000000000000000000
00000000000030000300003003000300030000303003333333303033333332222222222221223333303003030030300003000000000030000000000000000000
00000000000030000333303003000300033330300303333333303033333332122221222221223323303330030030333303333000000030000000000000000000
00000000000000000000000000000000000000000003333333300033333321222221222222232233300000000000000000000000000000000000000000000000

0x000011c5
00100001111100000011111110011111223333222223223333333333333333333322333333223333333333333333333320000000000000000000000000000000
00000000000000000001111100011111123333322222323333333333333333333322222332232333333333333333333320000000000000000000000000000000
00000000000000000000000000000111123333332222232233333333333333333332322223333333333333333333333331000000000000000000000000000000
00000000000000000000000000000011112333332222232233333333333333333333322223223333333333333333333331000000000000000000000000000000
11000000000000000000000000000011112333332222223333333333333333333333223322233323333333333333333332000000000000000000000000000000
12111000000000000000000000000011111223333222122223333333333333333332222232333333333333333333333333000000000000000000000000000000
13221000000000000000000000000011111223333322222233333333333333333333222222223333333333333333333333100000000000000000000000000000
13332000000000000000000000000111111123333322222233333333333333333333223222223333333333333333333333100000000000000000000000000000
13333000000000000000000000010001111122333322222223333333333333333333222222333233333333333333333333200000000000000000000000000000
13332000000000000000000000000001111122333322222222333333333333333333332222333233333333333333333333200000000000000000000000000000
13322100000000000000000000000000111122333332222222233333333333333333322222332333333333333333333333200000000000000000000000000000
13333100000000000000000000000000000000000000000222233333333333333333322222222333333333333333333333310000000000000000000000000000
13333100000000000033300333330033300333300333330222233333333333333333322222222333333333333333333333310000000000000000000000000000
12333100000000000300030003000300030300030003000222233333333333333333322222222333333333333333333333310000000000000000000000000000
13332100000000000300000003000300030300030003001222233333333333333333322222222223333333333333333333310000000000000000000000000000
13332000000000000033300003000300030333300003002222233333333333333333322222222333333333333333333333310000000000000000000000000000
12222100000000000000030003000333330303000003002222223333333333333333322222222333333333333333333333310000000000000000000000000000
01111000000000000000030003000300030300300003002222223333333333333333332222222233333333333333333333310000000000000000000000000000
01110000000000000300030003000300030300030003001222223333333333333333322222222233323333333333333333310000000000000000000000000000
01111000000000000033300003000300030300003003001212223333333333333333322222222223333333333333333333300000000000000000000000000000
00000000000000000000000000000000000000000000001222223333333333333333322222222323333333333333333333300000000000000000000000000000
01100000000000000000000000000000100111233333211222223333333333333333322222222333333333333333333333200000000000000000000000000000
00000000000000000000000000000000010111233333211122222333333333333333322222222333333333333333333333200000000000000000000000000000
01000010000000000000000000000000000111233333221122222333333333333333322222222322333333333333333333100000000000000000000000000000
01000000000000000000000000000000000000000033211122200033333333333333322222222322300000000000000000000000000000000000000000000000
01110000000033300300000330030003033330333002211222003033333333333333322222222333303330003300300003000000000030000000000000000000
11110000000030030300003003003030030000300302211222033033333333333333322222222233303003030030300003000000000330000000000000000000
01110000000030030300003003000300030000300302211212003033333333333333322222222322303330030030300003000000000030000000000000000000
01110000000033300300003333000300033300333002211122203033333333333333322222222233303003033330300003000000000030000000000000000000
01110000000030000300003003000300030000303002211222203033333333333332222222222223303003030030300003000000000030000000000000000000
01110000000030000333303003000300033330300302211122203033333333333332222222222333303330030030333303333000000030000000000000000000
00110010000000000000000000000000000000000002111122200033333333333322222222222233300000000000000000000000000000000000000000000000

0x00001208
00012211000000011100122110000012111111111111233333233233333333333333333322233333223333333333333333333000000000000000000000000000
00012100000001100000111110000012221110011111233332232233223333333333333332222333233333333333333333333100000000000000000000000000
00013100000012210000000000000000111101001111122333222222223333333333333333233333223333333333333333333200000000000000000000000000
00023211100123320000000000000000000000000111122333322222232333333333333333222322222233333333333333333300000000000000000000000000
00123322211223332000000000000000000000000111112333332222232333333333333333322222322233333333333333333310000000000000000000000000
11123323322233333100000000000000000000000111112333332222232333333333333333322222222233333333333333333320000000000000000000000000
12233323332233333221000000000000000000000111111233332222223333333333333333322323332333333333333333333320000000000000000000000000
13333333333333333332100000000000000000000111111233333222223233333333333333322222222223333333333333333330000000000000000000000000
13333333333333333333200000000000000000000001111223333222222233333333333333332222222223333333333333333330000000000000000000000000
13333333233333333333210000000000000000000001111123333222222223333333333333332322222223333333333333333331000000000000000000000000
13333233232222333333310000001000000000000001111122333222222323333333333333332222222232233333333333333331000000000000000000000000
13333333333323333000000000000000000000000000000122333322222223333333333333332222223333233333333333333332000000000000000000000000
12232333223333330033300333330033300333300333330122333322222223333333333333333222223333333333333333333332000000000000000000000000
01122222233333330300030003000300030300030003000112333322222223333333333333333222223333233333333333333332000000000000000000000000
12222222233333330300000003000300030300030003001112333332222223333333333333333222222232233333333333333332000000000000000000000000
13223322333333330033300003000300030333300003001111333322222223333333333333333222222233333333333333333332000000000000000000000000
13333332222221210000030003000333330303000003001111333332222222333333333333333222222223333333333333333332000000000000000000000000
13333321111110100000030003000300030300300003001112233332222223333333333333333222222223333333333333333332000000000000000000000000
12222221110011100300030003000300030300030003001112233332212223333333333333333222222222333333333333333332000000000000000000000000
12222110000000000033300003000300030300003003000112233332222223333333333333333222222222223333333333333331000000000000000000000000
12221100011101111000000000000000000000000000001111233332122222333333333333333222222223333333333333333331000000000000000000000000
12221100111000000000000000000000000000000000001111233332112222333333333333333222222223333333333333333331000000000000000000000000
12210000111111010000100000000000000000000000000111333332222223333333333333333222222223333333333333333331000000000000000000000000
12110001111111110011100000000000000000000000000012333322122222333333333333333222222223333333333333333320000000000000000000000000
11000001111000000000000000000000000000000000001011200032222122333333333333333222200000000000000000033320000000000000000000000000
00001111000033300300000330030003033330333000000012003022212222333333333333332222203330003300300003033310000030000000000000000000
01111110000030030300003003003030030000300300000112033022112223333333333333332222203003030030300003033310000330000000000000000000
00000000000030030300003003000300030000300300001012003021122223333333333333332222203330030030300003033200000030000000000000000000
01111111100033300300003333000300033300333000000112303021122223333333333333322222203003033330300003033200000030000000000000000000
12211111100030000300003003000300030000303000000012303021122223333333333333222222203003030030300003000000000030000000000000000000
13221111100030000333303003000300033330300300000012303021112223333333333333222222203330030030333303333000000030000000000000000000
13322211110000000000000000000000000000000000000112300021222223333333333332122222200000000000000000000000000000000000000000000000

0x0000123a
00001122210000002222200001111121111111111111111111123333232232233333333333333222333333233333333333333331000000000000000000000000
00000011100000001321100000111112210000022221111111112333322323233333333333333322222333333333333333333332000000000000000000000000
00000000000000000310000002100000000000012221110111112333322222233333333333333332233233333333333333333333100000000000000000000000
00111211000001001210000123100000000000000000000011111233333222333333333333333332223223233333333333333333100000000000000000000000
01223332211100101322211233210000000000000000000001111123333222223333333333333333222222233333333333333333200000000000000000000000
12233333322211112322322333321000000000000000000001111123333222322333333333333333222332333333333333333333200000000000000000000000
13333333333332222333333333332100000000000000000000111123333222223333333333333333322332233333333333333333310000000000000000000000
13333333333333333333333333333321000000000000000001111112333322222333333333333333222232233333333333333333320000000000000000000000
13333333333333333333333333333333100000000000000000011112333332222233333333333333322232233333333333333333320000000000000000000000
13333333333333333333333333333333100000000000000100011111333332223223333333333333332333233333333333333333320000000000000000000000
13333333333333333333333333333333200000000000000000011111233332222333333333333333332222323333333333333333330000000000000000000000
13333333333333333000000000000000000000000000000000011111233332222233333333333333332222333333333333333333330000000000000000000000
13333333322221110033300333330033300333300333330000001111233332212223333333333333332223222333333333333333331000000000000000000000
13333333211111110300030003000300030300030003000000001111133333212223333333333333332222222333333333333333331000000000000000000000
13333332111111220300000003000300030300030003000000001111123333222233333333333333322222233333333333333333331000000000000000000000
12322222211222330033300003000300030333300003000000001111123333221233333333333333332222222333333333333333331000000000000000000000
11211112222233330000030003000333330303000003000000001011123333222222333333333333332222222333333333333333331000000000000000000000
01121122222222330000030003000300030300300003000000001111123333222222333333333333332222222333333333333333331000000000000000000000
11222222222222220300030003000300030300030003000000001111123333222222333333333333332222223333333333333333331000000000000000000000
12222222222222220033300003000300030300003003000000011011123333222222333333333333332222222233333333333333331000000000000000000000
12222222222222221000000000000000000000000000000000001111123333222222333333333333332222222233333333333333330000000000000000000000
12222222222322210011111111111110100000000000000000000011123333222222333333333333332222222333333333333333320000000000000000000000
12222222222222110111111111111111000000000000000000001111123333212222333333333333332222232333333333333333320000000000000000000000
12222222211111001111111111000000000000000000000000000001123333212223333333333333332222233333333333333333310000000000000000000000
12222222221000000000000000000000000000000000000000000011123332212222333333333333300000000000000000033333300000000000000000000000
13333333321033300300000330030003033330333000000000003001123332112222333333333333303330003300300003033333200030000000000000000000
13332322332030030300003003003030030000300300000000033001123332212222333333333333303003030030300003033333200330000000000000000000
13332322233030030300003003000300030000300300000000003001123332212222333333333333203330030030300003033333100030000000000000000000
13333333223033300300003333000300033300333000000000003001123332122223333333333332203003033330300003033333100030000000000000000000
13333333333030000300003003000300030000303000000000003011233322122223333333333332203003030030300003000032000030000000000000000000
13323333333030000333303003000300033330300300000000003011233322122223333333333322203330030030333303333031000030000000000000000000
13223333333000000000000000000000000000000000110000000011233322112223333333333322200000000000000000000030000000000000000000000000

0x0000125b
00001122210000002222200001111121111111111111111111123333232232233333333333333222333333233333333333333331000000000000000000000000
00000011100000001321100000111112210000022221111111112333322323233333333333333322222333333333333333333332000000000000000000000000
00000000000000000310000002100000000000012221110111112333322222233333333333333332233233333333333333333333100000000000000000000000
00111211000001001210000123100000000000000000000011111233333222333333333333333332223223233333333333333333100000000000000000000000
01223332211100101322211233210000000000000000000001111123333222223333333333333333222222233333333333333333200000000000000000000000
12233333322211112322322333321000000000000000000001111123333222322333333333333333222332333333333333333333200000000000000000000000
13333333333332222333333333332100000000000000000000111123333222223333333333333333322332233333333333333333310000000000000000000000
13333333333333333333333333333321000000000000000001111112333322222333333333333333222232233333333333333333320000000000000000000000
13333333333333333333333333333333100000000000000000011112333332222233333333333333322232233333333333333333320000000000000000000000
13333333333333333333333333333333100000000000000100011111333332223223333333333333332333233333333333333333320000000000000000000000
13333333333333333333333333333333200000000000000000011111233332222333333333333333332222323333333333333333330000000000000000000000
13333333333333333333333333333333100000000000000000011111233332222233333333333333332222333333333333333333330000000000000000000000
13333333322221112223233333333333100000000000000000001111233332212223333333333333332223222333333333333333331000000000000000000000
13333333211111112222223333333333100000000000000000001111133333212223333333333333332222222333333333333333331000000000000000000000
13333332111111222322223333333332100000000000000000001111123333222233333333333333322222233333333333333333331000000000000000000000
12322222211222333332332333332222111100000000000000001111123333221233333333333333332222222333333333333333331000000000000000000000
11211112222233333322211111111111000000000000000000001011123333222222333333333333332222222333333333333333331000000000000000000000
01121122222222333211111111111111100100000000000000001111123333222222333333333333332222222333333333333333331000000000000000000000
11222222222222222211111111111110000000000000000000001111123333222222333333333333332222223333333333333333331000000000000000000000
12222222222222222100111111111111110000000000000000011011123333222222333333333333332222222233333333333333331000000000000000000000
12222222222222221101111111111110000000000000000000001111123333222222333333333333332222222233333333333333330000000000000000000000
12222222222322210011111111111110100000000000000000000011123333222222333333333333332222222333333333333333320000000000000000000000
12222222222222110111111111111111000000000000000000001111123333212222333333333333332222232333333333333333320000000000000000000000
12222222211111001111111111000000000000000000000000000001123333212223333333333333332222233333333333333333310000000000000000000000
12222222221000000000000000000000000000000000000000000011123332212222333333333333300000000000000000033333300000000000000000000000
13333333321033300300000330030003033330333000000000003001123332112222333333333333303330003300300003033333200030000000000000000000
13332322332030030300003003003030030000300300000000033001123332212222333333333333303003030030300003033333200330000000000000000000
13332322233030030300003003000300030000300300000000003001123332212222333333333333203330030030300003033333100030000000000000000000
13333333223033300300003333000300033300333000000000003001123332122223333333333332203003033330300003033333100030000000000000000000
13333333333030000300003003000300030000303000000000003011233322122223333333333332203003030030300003000032000030000000000000000000
13323333333030000333303003000300033330300300000000003011233322122223333333333322203330030030333303333031000030000000000000000000
13223333333000000000000000000000000000000000110000000011233322112223333333333322200000000000000000000030000000000000000000000000

0x0000126c
13322221011000001222222210000220010001111111111111111111111233322222333333333333332222223333233333333333332000000000000000000000
13322222111000000112222210000110010001111111010111111111111123332322323333333333332222223322333333333333332000000000000000000000
13333222111100000001000000001021000000111210000011111101111112333222233333333333333322323322233333333333333100000000000000000000
13333322222111100001000000100120000011000000000000111100111112333222233333333333333322322233333333333333333100000000000000000000
13333332222222200222221100010121101232000000000000000000011111233322232233333333333323323223333333333333333200000000000000000000
12333333333222322333332211110133222333200000000000000000001111233332222233333333333333222233333333333333333300000000000000000000
01223333333333332333333322221233232333320000000000000000001111123332222223333333333333222333333333333333333310000000000000000000
01112333333333333333333333333333333333332200000000000000001111123332222222333333333333222223333333333333333320000000000000000000
01102333333333333333333333333333333333333331000000000000000111112333222222333333333333222223333333333333333320000000000000000000
01102333333333333333333333333333333333333332000000000000000011112333222222333333333333222223333333333333333320000000000000000000
01012333233333333333333333333333333333333332000000000000000011112333322222233333333333222223233333333333333330000000000000000000
00002323333333333333333333333333333332333332000000000000000011112233322222333333333333222223323333333333333331000000000000000000
01002333333333333333333222221222223332333332000000000000000011111233322222233333333333322222333333333333333331000000000000000000
00002333333333333333333111111112222333333331000000000000000001111233322122233333333333322222323333333333333331000000000000000000
00002333333333333333332112212223332333333321000000000000000001111233332222233333333333322222323333333333333332000000000000000000
00001222222222222222222222333322222222222111000000000000000000111233322222223333333333322222223333333333333332000000000000000000
00001111111111111112222333333321111111011000000000000000000000011223322222233333333333322222233333333333333331000000000000000000
00000110011111112122222222233321111111111011000000000000000011111223332222223333333333322222232333333333333331000000000000000000
01221111122211222222222222222111111111100000000000000000000001111133332222233333333333322222232333333333333331000000000000000000
12221222222222222222222222222111111111100000000000000000000001111133332222233333333333332222223333333333333331000000000000000000
12222222222222222222222222221112100111100000000000000000000000111133331122233333333333322222222333333333333330000000000000000000
12222122222222222222222222211111111011000100000000000000000001000233331122233333333333322222233333333333333330000000000000000000
12222222222222222222222221111111111011100000000000000000000000110233321122223333333333322222333333333333333320000000000000000000
12222222222222222222221110111111110000000000000000000000000000011133322122233333333333322222333333333333333310000000000000000000
13322222233000000000000000000000000000000000000000000000000000001233322122233333300000000000000000033333333000000000000000000000
13332222233033300300000330030003033330333000000000003000000000011233322222233333303330003300300003033333330030000000000000000000
13332322222030030300003003003030030000300300000000033000000000001233321122223333303003030030300003033333330330000000000000000000
12332322222030030300003003000300030000300300000000003000000000111233221222233333303330030030300003033333330030000000000000000000
13233332222033300300003333000300033300333000000000003000000000011233211222233333303003033330300003033333332030000000000000000000
13333322223030000300003003000300030000303000000000003000000000112333211222333333303003030030300003000033332030000000000000000000
13333333323030000333303003000300033330300300000000003000000000112332212222333333303330030030333303333033331030000000000000000000
13333333333000000000000000000000000000000000000000000000000000112332112222333333300000000000000000000033320000000000000000000000

0x000012af
00000111111233232222012100122000000000022120000111111111111111111233323233333333333333232233332333333333333310000000000000000000
00000111111233332222101100011000001100023231001111111111111111111233322333333333333333222333333333333333333320000000000000000000
00001111111133333322211100000011001100013111001121100001111111111123333222333333333333333233333333333333333331000000000000000000
00101111111123333332222210000000000000012100000011000001111110111112333322223333333333333223333333333333333332000000000000000000
00011111111112333333322221110111110011011000121000000000100000011111233332222333333333333323323333333333333333000000000000000000
00011111111111233333333322222333221111102211233000000000000000001111133332223333333333333322323333333333333333100000000000000000
00011111111111122333333333333333332222112333333210000000000000001111123332223233333333333322232333333333333333200000000000000000
00001111111111111223333333333333333333223333333321100000000000000111123333222223333333333332322233333333333333200000000000000000
00000111111111111123333333333333333333333333333333320000000000001111113333222233333333333333222233333333333333300000000000000000
00000111101111111123333333333333333333333333333333331000000000000011112333222233333333333332223233333333333333310000000000000000
01001101100011111123333333333333333333333333333333331000000000000011112333322323333333333332223233333333333333310000000000000000
01000000000111100123333333333333333333333333333333331000000000000011111233321222333333333332222233333333333333320000000000000000
01110000000001100023333333333333333222222233333333331000000000000011111233322223333333333332222233333333333333320000000000000000
01111000001001000023333333333333332111222222233333331000000000000001111233322223333333333332222233333333333333320000000000000000
01111100001111010023333333333333333222232333333333320000000000000011111233322223333333333332222233333333333333320000000000000000
01111100000000000012222222222222333233322222222221110000000000000011111133322222333333333333222322333333333333320000000000000000
01111100000000010111111111122222233333321111111111010000000000000011111133331212333333333333222233333333333333320000000000000000
11111111111111111111122222222233323333321111111110100000000000000001111133332222333333333333223223333333333333320000000000000000
12222222222222222222222223332233332322211111111110000000000000000001011133331122233333333333222223333333333333320000000000000000
12221222222222222222222322333223332321112111111110000000000000000001111133331222233333333333222233333333333333320000000000000000
12232222222222222332223333333333333221111111111101000000000000000001111123321222233333333333222233333333333333310000000000000000
12322222222222222223223322233322222111111111111100000000000000000000111123321222233333333332222323333333333333300000000000000000
12222222222332222222333222222222211111111100000000000000000000000010111133332222333333333332223322333333333333300000000000000000
12221222222223333332332233333333111111111000000000000000000000000011111133322222333333333332222233333333333333200000000000000000
01111222333000000000000000000000000000000000000000000000000000000000011233321222300000000000000000033333333000200000000000000000
00000223333033300300000330030003033330333000000000003000000000000001111233321222303330003300300003033333330030100000000000000000
00000123233030030300003003003030030000300300000000033000000000000000001233322222303003030030300003033333330330000000000000000000
00000123333030030300003003000300030000300301010000003000000000000000111233212222303330030030300003033333330030000000000000000000
00000023333033300300003333000300033300333000001111003000000000000000111333212222303003033330300003033333333030000000000000000000
00100012333030000300003003000300030000303000000000003000000000000000112332212223303003030030300003000033333030000000000000000000
00000002333030000333303003000300033330300300000000003000000000000001112332111223303330030030333303333033333030000000000000000000
00000001233000000000000000000000000000000001000000000000000000000001123322122223300000000000000000000033333000000000000000000000

0x000012e1
00023322111110001111111332233210120001210100000112100011111111111111112333333333333333333332323332233333333333310000000000000000
00133332111100000111111233222220121001320100100022110001111111111111111233333333333333333333323233333333333333320000000000000000
11233333211100000111111233333222121001100000110021220011111111111111111123332233333333333332322223333333333333330000000000000000
12233333211100000111111123333222122000001100000012210001100001111111111112332223333333333333323233333333333333331000000000000000
13333333322100000111111112333332222211011000001011100000000000111100011112333222333333333333322222333333333333332000000000000000
13333333333210000111111111233333322222122211001101101220000000000000001111233322223333333333332232333333333333333000000000000000
13333333333321001011111111123333333333333322211112322331000000000000001111233332223333333333333232233333333333333100000000000000
13333333333332000111101111112233333333333333333223333333210000000000000111123332222333333333332222333333333333333100000000000000
13223333333332001011111111111123333333333333333333333333332100000000000111122332222233333333333222223333333333333200000000000000
12222333333332000011111111111123333333333333333333333333333200000000000011112333222233333333333222223333333333333300000000000000
12212333333332100011101111111123333333333333333333333333333300000000010011112333222233333333333222223333333333333310000000000000
12112333333332100010001011111123333333333333333333333333333300000000000011112333222223333333333322333333333333333310000000000000
12222333333332101000000011111123333333333333322222222333333200000000000011111233322223333333333322323333333333333320000000000000
13333333332221111000001111111123333333333333222121223233333100000000000001111233322222333333333322232333333333333320000000000000
12233332222111111100111111011123333333333333222222333333333100000000000001111233322223333333333322222333333333333320000000000000
11222221111111111100000010110011122211222333333211111111111000000000000011111233322222333333333322222333333333333310000000000000
01111111111111111111000001111111111122233333333111111111110000000000000001111233312222333333333222223333333333333320000000000000
11112112122222221222111222222222222223333333322110111111110000000000000001111133321223333333333322222233333333333320000000000000
12222222222222222222222222222223233333233333321111111111110000000000000001111133321222333333333322223333333333333320000000000000
12222222222222232232322322223332232333233333321121111111100000000000000000111233321222333333333322222333333333333310000000000000
12222232222333232232233333222233332223222222111111111111100000000000000000000233321222333333333322222233333333333310000000000000
12222233223322332222232323222223223222322221111111001110000000000000000000011233322222333333333322223333333333333300000000000000
12232232233222222223322233323233333322332111111110000000000000000000000011011233312222333333333222223333333333333200000000000000
12222222221111111333332233333233333333332211111100000000000000000000000000011233212223333333333222222333333333333200000000000000
01111111000000000000000000000000000000000021111100000000000000000000000010111233200000000000000000022333333000333100000000000000
00000000000033300300000330030003033330333003221100003000000000000000000000111233203330003300300003023223330030333000000000000000
00000000000030030300003003003030030000300303322110033000000000000000000000011333203003030030300003022333330330332000000000000000
00000000000030030300003003000300030000300303332220003011000000000000000001112332103330030030300003022222330030331000000000000000
10000000000033300300003333000300033300333003333321003001000000000000000011112332203003033330300003023333333030320000000000000000
11000000000030000300003003000300030000303003333333103000000000000000000011113322103003030030300003000033333030320000000000000000
12000000000030000333303003000300033330300303333333203000000000000000000101123321103330030030333303333033333030300000000000000000
12100000000000000000000000000000000000000003333333300010000000000000000100223221200000000000000000000033333000200000000000000000

0x000012f1
00023322111110001111111332233210120001210100000112100011111111111111112333333333333333333332323332233333333333310000000000000000
00133332111100000111111233222220121001320100100022110001111111111111111233333333333333333333323233333333333333320000000000000000
11233333211100000111111233333222121001100000110021220011111111111111111123332233333333333332322223333333333333330000000000000000
12233333211100000111111123333222122000001100000012210001100001111111111112332223333333333333323233333333333333331000000000000000
13333333322100000111111112333332222211011000001011100000000000111100011112333222333333333333322222333333333333332000000000000000
13333333333210000111111111233333322222122211001101101220000000000000001111233322223333333333332232333333333333333000000000000000
13333333333321001011111111123333333333333322211112322331000000000000001111233332223333333333333232233333333333333100000000000000
13333333333332000111101111112233333333333333333223333333210000000000000111123332222333333333332222333333333333333100000000000000
13223333333332001011111111111123333333333333333333333333332100000000000111122332222233333333333222223333333333333200000000000000
12222333333332000011111111111123333333333333333333333333333200000000000011112333222233333333333222223333333333333300000000000000
12212333333332100011101111111123333333333333333333333333333300000000010011112333222233333333333222223333333333333310000000000000
12112333333332100000000000000000000000000000000333333333333300000000000011112333222223333333333322333333333333333310000000000000
12222333333332100033300333330033300333300333330222222333333200000000000011111233322223333333333322323333333333333320000000000000
13333333332221110300030003000300030300030003000121223233333100000000000001111233322222333333333322232333333333333320000000000000
12233332222111110300000003000300030300030003002222333333333100000000000001111233322223333333333322222333333333333320000000000000
11222221111111110033300003000300030333300003003211111111111000000000000011111233322222333333333322222333333333333310000000000000
01111111111111110000030003000333330303000003003111111111110000000000000001111233312222333333333222223333333333333320000000000000
11112112122222220000030003000300030300300003002110111111110000000000000001111133321223333333333322222233333333333320000000000000
12222222222222220300030003000300030300030003001111111111110000000000000001111133321222333333333322223333333333333320000000000000
12222222222222230033300003000300030300003003001121111111100000000000000000111233321222333333333322222333333333333310000000000000
12222232222333232000000000000000000000000000001111111111100000000000000000000233321222333333333322222233333333333310000000000000
12222233223322332222232323222223223222322221111111001110000000000000000000011233322222333333333322223333333333333300000000000000
12232232233222222223322233323233333322332111111110000000000000000000000011011233312222333333333222223333333333333200000000000000
12222222221111111333332233333233333333332211111100000000000000000000000000011233212223333333333222222333333333333200000000000000
01111111000000000000000000000000000000000021111100000000000000000000000010111233200000000000000000022333333000333100000000000000
00000000000033300300000330030003033330333003221100003000000000000000000000111233203330003300300003023223330030333000000000000000
00000000000030030300003003003030030000300303322110033000000000000000000000011333203003030030300003022333330330332000000000000000
00000000000030030300003003000300030000300303332220003011000000000000000001112332103330030030300003022222330030331000000000000000
10000000000033300300003333000300033300333003333321003001000000000000000011112332203003033330300003023333333030320000000000000000
11000000000030000300003003000300030000303003333333103000000000000000000011113322103003030030300003000033333030320000000000000000
12000000000030000333303003000300033330300303333333203000000000000000000101123321103330030030333303333033333030300000000000000000
12100000000000000000000000000000000000000003333333300010000000000000000100223221200000000000000000000033333000200000000000000000

0x00001313
00000000011000000002311110000111112332222112100001111101233200011111111111112333333333333333333222332233333333333310000000000000
01000000011100000002321110000111111232222201210012111200111000011111111111111233332333333333333222222233333333333320000000000000
11110000012221110013332110000101111233322210220111122221012220011111111111111123332333333333333322222323333333333331000000000000
12211100012332222223333110000111111123333221120111222100011110010000111111111112333222333333333332223333333333333332000000000000
13322110122223333333333210000111111112333222211100111101011110010000011111011111333222333333333333222223333333333332000000000000
13322322233333333333333322111111111111233333222111111001100001100000000000001111233322222333333333222223333333333333100000000000
13333332333333333333333333221111111111123333332233332211101212310000000000000111123322223333333333222223333333333333100000000000
13332223333333333333333333331011111111112233333333333332212333331000000000000111123332222333333333222223333333333333200000000000
13332233333333333333333333332100111111111123333333333333333333333220000000000111113332222333333333322222233333333333300000000000
13322232223333333332333333332000011111111013333333333333333333333332000000000011112333222333333333322222223333333333310000000000
13322222123233333321133333332000111111111113333333333333333333333333000000000001111333222333333333332222233333333333320000000000
12322211012233333000000000000000000000000000000333333333333333333333100000000001111233222233333333332222233333333333320000000000
12221110011122220033300333330033300333300333330333333332221222233333000000000001111233222223333333332222223333333333320000000000
11111111111112120300030003000300030300030003000333333321122222333333000000000000111233322223333333332222233333333333320000000000
01111111112111120300000003000300030300030003003333333332222233333332000000000000111233312223333333332222333333333333320000000000
01112222222210010033300003000300030333300003001112333333211111111110000000000000111133321222333333333222223333333333320000000000
01222222222110010000030003000333330303000003002223333333111111111100000000000000001123321222333333332222223333333333320000000000
01222222222222220000030003000300030300300003002333333322111111011100000000000000110123311222333333332222233333333333320000000000
12222222222222220300030003000300030300030003003333333321111111111000000000000000111123322222333333332222233333333333320000000000
12222222222222230033300003000300030300003003003333333211111111011000000000000000111123322223333333332222233333333333320000000000
12222222222222233000000000000000000000000000002322222111111111100000000000000000010123311223333333332222223333333333310000000000
12222222222222222232222323322333233332222322222222111111000000000000000000000000010133311223333333332222323333333333310000000000
12222222222222222222222221211323322333322323333332111110000000000000000000000001100133312222333333332222233333333333310000000000
12222222222332111111110110000223333333333333333333221111000000000000000000000000011133222223333333332222233333333333200000000000
12332223333000000000000000000000000000000033333333300012000000000000000000000000000000000000000000022222333000333333200000000000
12332223333033300300000330030003033330333003333333003022100000000000000000000000103330003300300003022212320030333333100000000000
12333222323030030300003003003030030000300303333333033032210000000000000000000000003003030030300003022222220330333332000000000000
13333223333030030300003003000300030000300303333333003033320000000000000000000000103330030030300003022222230030333332000000000000
12333233333033300300003333000300033300333003333333303033331000000000000000000001103003033330300003022222333030333331000000000000
12333223233030000300003003000300030000303003333333303033333100000000000000000000103003030030300003000022223030333320000000000000
13333233333030000333303003000300033330300303333333303033333200000000000000000001103330030030333303333022223030333310000000000000
13333333333000000000000000000000000000000003333333300033333310000000000000000101100000000000000000000022233000333100000000000000

0x00001345
00000011211000000000012001100012110000111113322221110001221002333100111011111112333223333333333333322333333333333320000000000000
00000012222110000000001000000012110000111112332221121000111101233100111111111111233332333333333333222333333333333331000000000000
12111022322221110000001210000023200001111111332222011001222101011100011111111111113333223333333333222333333333333332000000000000
12322123222222221100001332211133310001111111233222101101111002012220111100101111112333222233333333222222223333333333100000000000
13333333233332222211002333332233321000111111123333211101121121000010100000011111111233322333333333332223233333333333200000000000
13333333333333333322113333333333332100011111112333322211010000001000000000011000111123322223333333332223233333333333200000000000
13333333333333333333333333333333333321111111111233332222222110101112100000000000011123332223333333333222233333333333310000000000
13333333333333333333333333333333333333210111100122333332333321111223210000000000001112332223333333333222223333333333320000000000
13333333333333333333333333333333333333310010111111123333333333332333332100000000001112333222233333333322233333333333320000000000
13333333333333333333333333333333333333310011111111023333333333333333333320000000000111233222233333333322222333333333331000000000
13333333333333333333221233333322233333310000011111023333333333333333333331000000000111233322233333333322222333333333331000000000
13333333333333333000000000000000000000000000000111023333333333333333333331000000000111133312233333333322223333333333331000000000
13333333333333330033300333330033300333300333330111023333333333222222223332000000000111123322223333333322222333333333332000000000
13332233333333220300030003000300030300030003000111023333333333112122223331000000000011123321223333333322222333333333332000000000
12112111211111110300000003000300030300030003001111012332233333222223332220000000000011123321223333333322223333333333332000000000
01000110111111120033300003000300030333300003001111111111233333211111111000000000000101113322223333333332223333333333333000000000
11111111121221220000030003000333330303000003001112222233333333111111110000000000000101023321223333333332222333333333333000000000
12222222222222220000030003000300030300300003002223333333333332111111110000000000000111113321222333333322223333333333332000000000
12222222222222220300030003000300030300030003003333333233333321111101100000000000000001113321122333333332222333333333332000000000
12222222222222220033300003000300030300003003003333333322333211111111000000000000000000013321222333333332222333333333332000000000
12222222222222232000000000000000000000000000003333333232222111111111000000000000000110113321222333333332223333333333331000000000
12222222222222222222333333333332222222233323332333333333211100000000000000000000000001123321223333333322222333333333330000000000
12222222222222222222222222222222111111333323332333333333211100000000000000000000001101123321223333333332222233333333330000000000
12232222333332333233333210000000000000233333333333333333332110000000000000000000001101123311223333333322222333333333320000000000
13333333333000000000000000000000000000000033333333300033333221000000000000000000000000000000000000033322222000333333310000000000
12333233233033300300000330030003033330333003333333003033333332100000000000000000003330003300300003033222220030333333300000000000
12232233332030030300003003003030030000300303333333033033333333210000000000000000003003030030300003032222220330333333200000000000
12332233323030030300003003000300030000300303333333003033333333320000000000000000003330030030300003022222220030333333100000000000
12333333323033300300003333000300033300333003333333303033333333331000000000000000003003033330300003022222222030333333000000000000
13333333322030000300003003000300030000303003333333303033333333332000000000000000003003030030300003000022223030333331000000000000
13333333333030000333303003000300033330300303333333303033333333333200000000000000003330030030333303333022223030333320000000000000
13333333333000000000000000000000000000000003333333300033333333333210000000000000000000000000000000000022222000333310000000000000

0x00001387
01111123332222100000000000001100000100100010000101123322211012123201333101111111112233333233333333332323323233333333200000000000
01111112333222100000011100000000001211000010001111113322211110012210233200111111111123333233333333333222333233333333310000000000
01111111233333221100002321100000000000000120001111112322210220011000122100011111111111333222333333333222233333333333320000000000
11111111123333322211022332221100001110000131000111111333220121012001202110011111111111233322333333333322333333333333331000000000
01111111012233333322232233332211000232211332100111111133321111011100101121000000111111123322223333333332333333323333332000000000
01111111111122333333333233333222101333333333210111111123332211000100000000000000011011112332232333333332233332333333332000000000
01111111111112333333333333333333222333333333321110001112333222111110010001000000000000111333222233333332222233333333333100000000
01111001111111333333333333333333333333333333333321000111223333223321111112200000000000111233222233333333222223333333333200000000
01011001100001333333333333333333333333333333333332000101111233333333322233321000000000111123322223333333222223333333333200000000
01000100100001333333333333333333333333333333333332000010011133333333333333333210000000011123322223333333322222333333333210000000
00000000000001333333333333333333322133333321233332000011110133333333333333333331000000001113332223333333322233333333333310000000
00000000000001333000000000000000000000000000000332000000110133333333333333333331000000001112332222333333322222333333333310000000
00110000000001330033300333330033300333300333330332000001000133333333332223333332000000001112332122333333322222333333333320000000
00111000011001330300030003000300030300030003000311000011000133333333321212233332000000001111332122333333332223333333333320000000
00000000000000110300000003000300030300030003002100010111111122333333311223332220000000000111332122333333332222333333333320000000
00000000000000010033300003000300030333300003001111111111111112223333211111111000000000001111233122333333322222233333333320000000
00000000000011120000030003000333330303000003002222222222222223333333201111100000000000000111233122333333322222333333333320000000
01011112112222220000030003000300030300300003003233333333332333333332111111000000000000000011233122233333332222333333333320000000
11221222122222220300030003000300030300030003003333333333333333333322111100000000000000001111233122233333332222333333333320000000
12222222222222220033300003000300030300003003003333333333333233333221111110000000000000000011232122333333332222233333333310000000
12222222222222223000000000000000000000000000003333333333333332222111000000000000000000000001332122333333332222333333333310000000
12222222222222222222333322333222222222222211112333233323333333311100000000000000000000000111332112333333322222333333333300000000
12222222222222222222222222333333332110100000001333333333333333322110000000000000000000000111331122333333322222233333333200000000
13223232322322232233333333333333332100000000000233333333333333333321000000000000000000000111331122333333322222333333333200000000
13323233332000000000000000000000000000000000000133300033333333333322000000000000000000000000000000033333222000333333333100000000
13332233322033300300000330030003033330333000000023003033333333333333210000000000003330003300300003033333220030333333333000000000
13333333223030030300003003003030030000300300000012033033333333333333320000000000003003030030300003033332220330333333331000000000
13333333323030030300003003000300030000300300000001003033333333333333331000000000003330030030300003033332220030233333331000000000
13333333333033300300003333000300033300333000000001203033333333333333332000000000003003033330300003033322222030233333320000000000
02333333333030000300003003000300030000303000000000103033333333333333333200000000003003030030300003000022222030233333310000000000
01333333333030000333303003000300033330300300000000003033333333333333333210000000003330030030333303333022222030333333200000000000
01233333333000000000000000000000000000000000000000000033333333333333333210000000000000000000000000000022222000333332000000000000

0x00001398
01111123332222100000000000001100000100100010000101123322211012123201333101111111112233333233333333332323323233333333200000000000
01111112333222100000011100000000001211000010001111113322211110012210233200111111111123333233333333333222333233333333310000000000
01111111233333221100002321100000000000000120001111112322210220011000122100011111111111333222333333333222233333333333320000000000
11111111123333322211022332221100001110000131000111111333220121012001202110011111111111233322333333333322333333333333331000000000
01111111012233333322232233332211000232211332100111111133321111011100101121000000111111123322223333333332333333323333332000000000
01111111111122333333333233333222101333333333210111111123332211000100000000000000011011112332232333333332233332333333332000000000
01111111111112333333333333333333222333333333321110001112333222111110010001000000000000111333222233333332222233333333333100000000
01111001111111333333333333333333333333333333333321000111223333223321111112200000000000111233222233333333222223333333333200000000
01011001100001333333333333333333333333333333333332000101111233333333322233321000000000111123322223333333222223333333333200000000
01000100100001333333333333333333333333333333333332000010011133333333333333333210000000011123322223333333322222333333333210000000
00000000000001333333333333333333322133333321233332000011110133333333333333333331000000001113332223333333322233333333333310000000
00000000000001333333333333333333211112233210123332000000110133333333333333333331000000001112332222333333322222333333333310000000
00110000000001333333333333333322111011122222233332000001000133333333332223333332000000001112332122333333322222333333333320000000
00111000011001332333223333322212121122122222333311000011000133333333321212233332000000001111332122333333332223333333333320000000
00000000000000111111111111111122221111122111212100010111111122333333311223332220000000000111332122333333332222333333333320000000
00000000000000011011111111122222222111111111111111111111111112223333211111111000000000001111233122333333322222233333333320000000
00000000000011121222222222222222222212222222222222222222222223333333201111100000000000000111233122333333322222333333333320000000
01011112112222222222222222222222222223333333333233333333332333333332111111000000000000000011233122233333332222333333333320000000
11221222122222222222222222222232223233333333333333333333333333333322111100000000000000001111233122233333332222333333333320000000
12222222222222222222222223223232222223333333333333333333333233333221111110000000000000000011232122333333332222233333333310000000
12222222222222223323322222322222222233333322223333333333333332222111000000000000000000000001332122333333332222333333333310000000
12222222222222222222333322333222222222222211112333233323333333311100000000000000000000000111332112333333322222333333333300000000
12222222222222222222222222333333332110100000001333333333333333322110000000000000000000000111331122333333322222233333333200000000
13223232322322232233333333333333332100000000000233333333333333333321000000000000000000000111331122333333322222333333333200000000
13323233332000000000000000000000000000000000000133300033333333333322000000000000000000000000000000033333222000333333333100000000
13332233322033300300000330030003033330333000000023003033333333333333210000000000003330003300300003033333220030333333333000000000
13333333223030030300003003003030030000300300000012033033333333333333320000000000003003030030300003033332220330333333331000000000
13333333323030030300003003000300030000300300000001003033333333333333331000000000003330030030300003033332220030233333331000000000
13333333333033300300003333000300033300333000000001203033333333333333332000000000003003033330300003033322222030233333320000000000
02333333333030000300003003000300030000303000000000103033333333333333333200000000003003030030300003000022222030233333310000000000
01333333333030000333303003000300033330300300000000003033333333333333333210000000003330030030333303333022222030333333200000000000
01233333333000000000000000000000000000000000000000000033333333333333333210000000000000000000000000000022222000333332000000000000

0x000013b9
11111100001111112333222210000012000112110012232010000111123322110132231133321111111112233332223333333223332223333333331000000000
11111100001111111233332210000001100112000001121000000111123322111021221013321111111111123332232333333323322223333333332000000000
12111100001111111223333321000001211000000001100000000111113222212200011102320001111111112333222333333332222223333333333100000000
12111100101111111122333332211002322111000011000002000111112332211210110000110001111111111233222333333333222333333333333200000000
12111101111111111111233333222123332222100002211023100011111233210120110001011101001111111123322233333333222222333333333310000000
13111100001111111111122333333333223333221002322233310001101123321110000010000000000101011112332223333333222222333333333320000000
13211000001111011111111223333333333333332223333333332110111112332221111000100000000000000111332222333333332222333333333330000000
13111000101000001001111123333333333333333333333333333321101111233322222110101120000000000111233222233333332222233333333331000000
13111100110000100001111123333333333333333333333333333333200011112333333332212332000000000011123312223333333222223333333331000000
12111100011010100101111123333333333333333333333333333333200011011133333333333333321000000011123322223333333222223333333332000000
12111000011000000000001123333333333333333332233333223333200001110133333333333333332000000000112321223333333222223333333333000000
12111000011000000001000023333333333333332211122332112333200011010133333333333333333100000001112331223333333222223333333333100000
12111000111001110011111023333333333333322211111222222333100001100133333333222223333200000001012332123333333322223333333333100000
11111100111001100011111123333333333333221211222222223332110000100133333333121222233200000001011232122333333322233333333333100000
01111111100000000000000011111111111112222211111221112210011101100122233332122222222000000000011232122333333322223333333333200000
01111011111000000000000111111111112222222210111111111111111111111112333321111111000000000000111233122333333322223333333333200000
12111111110000001111112222222222222222222222222222222222222222222233333320011100000000000000111232122333333322223333333333100000
12222221111111112222222222222222222233322322323333332333333333333333333211111100000000000001111233122333333322223333333333100000
12222222222221222222222223223322233233323223333332333333333333333333332111111000000000000000111233112333333322223333333333100000
12222222222222222222332223323223333333333333333333333332333223323332221111110000000000000000001233112333333322223333333333100000
12322222222222222222323233332223322333333333333333322333332233322332111000000000000000000010011232122333333322223333333333000000
13222222222222222222233332333222222222333222221111111333333333333332110000000000000000000000011232112333333322222333333332000000
12222222222322222333333333333333333333333200000000001333333333333333321100000000000000000010101331112333333322222333333331000000
11111111123333322333333333323333333333333320000000000133333333333333332100000000000000000000001321222333333222223333333331000000
00000000012000000000000000000000000000000031000110000023333333333333333320000000000000000000000000022333332000223333333320000000
00000000002033300300000330030003033330333002000011003013333333333333333332000000003330003300300003023333330030222333333320000000
00000000001030030300003003003030030000300303100000033002333333333333333333100000003003030030300003023333320330222333333310000000
00000000000030030300003003000300030000300303320010003001333333333333333333200000003330030030300003023333220030223333333200000000
00010000000033300300003333000300033300333003331000103000233333333333333333310000003003033330300003033333212030233323333100000000
00111000000030000300003003000300030000303003332010003000123333333333333333331000003003030030300003000032222030233333332000000000
01111000000030000333303003000300033330300303333201003000013333333333333333331000003330030030333303333032222030233333331000000000
01110010000000000000000000000000000000000003333311100000012333333333333333310000000000000000000000000022222000233333320000000000

0x000013eb
11223333321111111000011111113322221000001100111210022100100011123322112333323332111111122333232333333333222222333333333200000000
12223333333211111000011111113322221000001111110000022210100111123322211222312332011111111233332333333333222222333333333310000000
13333333333322111000011111112333322000001100110000012100000111113322111111210233111111111122332223333333322322333333333320000000
13333333333333211000011111111233332111000221000000010000000111112322112100100022000111111111233222333333332222233333333331000000
13333333333333321011011111111122333221111232210000011000210101111322211201100121110011111111123322233333333222233333333332000000
12333333333333331000011111111111233332322322322100012211321010111233211111110111121000001111112332223333333222232333333333000000
12333333333333331001011111111111112233333322333321123333332110111123321211110000000000001101112232223333333322222333333333100000
12233333333333331001011111110111111233333333333333233333333221111112332222121000011000000000111233222233333332223333333333200000
12222333333333331001111111111111111233333333333333333333333333310101122333332221123200000000011123222233333332223333333333300000
01122222223333331001011101110111111133333333333333333333333333320001111233333333333322000000011113322223333333222333333333310000
12222222223333321000110001111111111133333333333333332333332333310001110233333333333333200000001112332223333333222233333333320000
12333333333333321110110001100111110133333333333332211233321133320001110133333333333333310000001102332223333333222233333333320000
12222122222222221111110011001111110233333333333321110122222223310011000133333333323333320000001111332223333333222233333333330000
12101110111111111111111111101111110122332332233321111222222233210111000233333331212323321000000111332122333333222233333333330000
12100111111111111111111000000000000001111111112222011111211111111111110123333221222322100000000111232122333333222233333333330000
12211111111111111111111111110111112112122212222232111111111111111111111223333111111100000000000111232122333333322233333333330000
12211222122222222221111111112222222233222322333332222222222222222222223333332101111000000000001111232122333333222333333333330000
12222222222222222222122122222222232333222322233333333333333333333333333333332111110000000000000111232122333333222233333333330000
12222222222222222222222222222233332222323332332333333333333333333333333333321101110000000000000001233112333333222233333333320000
12322222222222222232222222222233333333333333333333333333333333333333333322210001000000000000000001232112333333222223333333320000
12222222222223322332222222222223333233333333333332322222222333333333333321100000000000000000000011232112333333212223333333310000
12222233222222222223333222322222222233233333333331111001101333333333333322100000000000000000001111332122333333222223333333310000
12222222222221111122233333323333333333333333333331000000000233333333333333220000000000000000000111332122333333222223333333300000
12221111100000000001133333333333333333333333333332100000000123333333333333331000000000000000000101321223333333222223333333200000
13210000000000000000000000000000000000000033333333300000000013333333333333333100000000000000000000021223333000222233333333100000
13320000000033300300000330030003033330333003333333003000000002333333333333333210003330003300300003011223330030222223333332100000
13321000000030030300003003003030030000300303333333033000000001333333333333333321003003030030300003012233330330222233333332000000
13332000000030030300003003000300030000300303333333003000000000233333333333333332003330030030300003012233330030222233333331000000
13333200000033300300003333000300033300333003333333303000010000133333333333333333103003033330300003022233332030222223333320000000
13333200000030000300003003000300030000303003333333303020000000023333333333333333203003030030300003000033332030222233333210000000
13333320000030000333303003000300033330300303333333303031000000012333333333333332103330030030333303333033322030222233333100000000
13333320000000000000000000000000000000000003333333300032100000001333333333332221000000000000000000000033222000223333332000000000

0x0000142e
12211010012211100112333211110000111111232222200100022122101110000111123332233333333212222223333333333333232222333333333320000000
12222121122222221123333221110000111111232222200000111112200110000111123322113333233311111122233322233333333232223333333331000000
13333332322223333333333332110000111111123222200000112111000111100111123321111222013310011111123332223333333232222333333332000000
13333333333333333333333333211000111111112332210000110000000111000111113222111001002310001111111232222333333332222333333333200000
13333333333333333333333333332111111111112233321110022100000100000111111322102001000110001111111123322223333332222223333333300000
12333333323333333333333333333210111111111123333222133211000011012101111232211101001100000011111112332222333332222233333333320000
13333333333333333333333333333310011111111111223332223222210023223200010123221110001100000011111111332222333333222223333333320000
13333333322222233332333333333310011101111011112333333333331233333321110112222211100000000000000011233222333333322332333333330000
13333332221111222222333333333310111101111111111333333333333333333333321111133333321111210000000011123322233333322223333333331000
13333332211110111122222233333310111100010111111333333333333333333333331011111233333323332100000011113321233333332223333333332000
13333332222211222222222223333310101101001111111333333333333333333333331001110233333333333320000000112331223333332222333333333000
12222222222222333333333333333211100100101011111333333333333212233212332000110233333333333331000000111332223333332222333333333100
11111111222222322122222222222111100111111111002333333333322111122222332000000233333332233332100000101332123333333222233333333100
01011112212222221011111111111111111111011111111233333333321112122222332000000233333311122333200000011232122333332222333333333100
11122222122222222111111111111111110000000000000111111222211111111111111001111133332211222220000000011233122333333223333333333200
12222222222222222111111111111111111011101111222122222333321111111111111111112233331111110000000000111133122333333222333333333200
12222222222222222222222222222221111111222222233222223333322222232222222222233333321111000000000000111133122333333222233333333200
12222222222212222322322232223332222222222223333323333333333333333333333333333333211111000000000000101133122333333222333333333100
12222222222222222222223333223333232222222333333333333333333333333333333333333333111110000000000000001133122333333222223333333100
12222222222222222222233323333333333332233333332233233332233323333333333333333221001000000000000000000132122333333222233333333100
12222222222222222222223322323222233333333333222332233333222212211333333333333210000000000000000000100232112333332222233333333000
12223322223232322332322222222223332333333333333333333333200000100233333333333321000000000000000000001231123333332222233333332000
13333322333222332222211111001011333333333333333333333333310000000123333333333332200000000000000000011231123333332222233333332000
13333333333333332000000000000000233333333333333333333333321000000013333333333333320000000000000000011321223333322222333333331000
13333333333000000000000000000000000000000033333333300033332100000102333333333333300000000000000000012311223000222222333333320000
13332233333033300300000330030003033330333003333333003033333200000001333333333333303330003300300003013312220030222222333333310000
13333333333030030300003003003030030000300303333333033033333310000000233333333333303003030030300003023212230330222222333333310000
13333333333030030300003003000300030000300303333333003033333321000000023333333333303330030030300003023222230030222222333333200000
12233333333033300300003333000300033300333003333333303033333332100000013333333333303003033330300003022222333030222222333332100000
13333333333030000300003003000300030000303003333333303033333333210000012333333333303003030030300003000022333030222223333331000000
13333333333030000333303003000300033330300303333333303033333333310000001233333333303330030030333303333023332030222223333320000000
13333333333000000000000000000000000000000003333333300033333333320000001233332222200000000000000000000033332000222223333200000000

0x0000143f
12211010012211100112333211110000111111232222200100022122101110000111123332233333333212222223333333333333232222333333333320000000
12222121122222221123333221110000111111232222200000111112200110000111123322113333233311111122233322233333333232223333333331000000
13333332322223333333333332110000111111123222200000112111000111100111123321111222013310011111123332223333333232222333333332000000
13333333333333333333333333211000111111112332210000110000000111000111113222111001002310001111111232222333333332222333333333200000
13333333333333333333333333332111111111112233321110022100000100000111111322102001000110001111111123322223333332222223333333300000
12333333323333333333333333333210111111111123333222133211000011012101111232211101001100000011111112332222333332222233333333320000
13333333333333333333333333333310011111111111223332223222210023223200010123221110001100000011111111332222333333222223333333320000
13333333322222233332333333333310011101111011112333333333331233333321110112222211100000000000000011233222333333322332333333330000
13333332221111222222333333333310111101111111111333333333333333333333321111133333321111210000000011123322233333322223333333331000
13333332211110111122222233333310111100010111111333333333333333333333331011111233333323332100000011113321233333332223333333332000
13333332222211222222222223333310101101001111111333333333333333333333331001110233333333333320000000112331223333332222333333333000
12222222222222333000000000000000000000000000000333333333333212233212332000110233333333333331000000111332223333332222333333333100
11111111222222320033300333330033300333300333330333333333322111122222332000000233333332233332100000101332123333333222233333333100
01011112212222220300030003000300030300030003000233333333321112122222332000000233333311122333200000011232122333332222333333333100
11122222122222220300000003000300030300030003000111111222211111111111111001111133332211222220000000011233122333333223333333333200
12222222222222220033300003000300030333300003002122222333321111111111111111112233331111110000000000111133122333333222333333333200
12222222222222220000030003000333330303000003003222223333322222232222222222233333321111000000000000111133122333333222233333333200
12222222222212220000030003000300030300300003003323333333333333333333333333333333211111000000000000101133122333333222333333333100
12222222222222220300030003000300030300030003003333333333333333333333333333333333111110000000000000001133122333333222223333333100
12222222222222220033300003000300030300003003002233233332233323333333333333333221001000000000000000000132122333333222233333333100
12222222222222222000000000000000000000000000002332233333222212211333333333333210000000000000000000100232112333332222233333333000
12223322223232322332322222222223332333333333333333333333200000100233333333333321000000000000000000001231123333332222233333332000
13333322333222332222211111001011333333333333333333333333310000000123333333333332200000000000000000011231123333332222233333332000
13333333333333332000000000000000233333333333333333333333321000000013333333333333320000000000000000011321223333322222333333331000
13333333333000000000000000000000000000000033333333300033332100000102333333333333300000000000000000012311223000222222333333320000
13332233333033300300000330030003033330333003333333003033333200000001333333333333303330003300300003013312220030222222333333310000
13333333333030030300003003003030030000300303333333033033333310000000233333333333303003030030300003023212230330222222333333310000
13333333333030030300003003000300030000300303333333003033333321000000023333333333303330030030300003023222230030222222333333200000
12233333333033300300003333000300033300333003333333303033333332100000013333333333303003033330300003022222333030222222333332100000
13333333333030000300003003000300030000303003333333303033333333210000012333333333303003030030300003000022333030222223333331000000
13333333333030000333303003000300033330300303333333303033333333310000001233333333303330030030333303333023332030222223333320000000
13333333333000000000000000000000000000000003333333300033333333320000001233332222200000000000000000000033332000222223333200000000

0x00001460
13222222333322110000001100001112321110000111112322111000001000012331000111333333333323322222333223332333333223322233333332000000
13333223333332221111001211111123321110000111111322221001002100111121000111233322333333321122222332232333333222222233333333100000
13333333333333333222222332222233332110000111111232222000001100110011101111233211123312320111111222222333333322223223333333310000
13333333333333333333333333333333333320000111111133332000001101100011100111133111111210220001111112332223333333222333333333320000
13233333333333333333333333333333333332100111111123332100001100000010000111023211210010120001111111133222233333222233333333331000
12233333333333333333333333333333333333321011111111233221102221000010001011113321120000111001111111123322233333322222333333332000
13333333333333333333333333333333333333332010111111122333223332110012122100112332111000111001000011112332223333332222333333333000
13333333333333333333333333333333333333332000001111111223333333321123333210111233211110000000000100111232223333332222233333333100
13333333333333333333322222222223333333332001000011011113333333333333333332210012332222100120000000011123222333333322233333333200
13333333333333333333322111122222223333332001110001111113333333333333333333321001123333322232100000011123212233333322233333333200
12333333333333333333332222222223222233332000010001111113333333333333333333331001102333333333321000001113322233333322223333333300
11222222222222322000000000000000000000000000000101111103333333333321233312331000002333333333332000000112321223333322223333333300
01111111111111110033300333330033300333300333330011111113333333333211122222331010002333333323333100000111331223333332233333333300
01000000010011110300030003000300030300030003000111111112333333332221222222332000002333332112323210000001332223333332223333333300
11111111111111220300000003000300030300030003000000100001111223321111111111111111112332221122221000000111232123333332223333333300
11222122122222220033300003000300030333300003000111121222212222321111111111111111123332111100000000000111232123333332223333333300
12222222122222220000030003000333330303000003002222223332223333332222222222222222333332011100000000000111232123333322223333333300
12222222222222220000030003000300030300300003002232333332333333333333333333333333333321111000000000000111232123333332223333333300
12222222222222220300030003000300030300030003003333333333333333333333333333333333333221111000000000000100232122333332223333333300
12222222222222220033300003000300030300003003003333333333333332333322222333333332321100000000000000000001231123333322223333333200
12222222222223233000000000000000000000000000003333333333323333211111102333333333321000000000000000000001231123333322223333333200
13222222233333333333323322322222212111222333333333333333333333200000001333333333332100000000000000000001321123333322222333333200
13333333333333333333333333210000000000001333333333333333333333320000000233333333333310000000000000000111321223333322222333333200
13333333333333332233333333310000000000000233333333333333333333331000000023333333333332000000000000000012311233333222222333333100
13333333333000000000000000000000000000000033333333300033333333333100000013333333300000000000000000000013211000333221222333333100
13332233333033300300000330030003033330333003333333003033333333333210000002333333303330003300300003000023210030332221223333332000
13333233333030030300003003003030030000300302333333033033333333333320000001333333303003030030300003000132120330322222223333331000
13333333333030030300003003000300030000300301333333003033333333333331000000233333303330030030300003001222120030322222223333320000
13333333333033300300003333000300033300333001233333303033333333333332100000123333303003033330300003011321223030222222233333200000
13333333333030000300003003000300030000303001123333303033333333333333210000013333303003030030300003000012223030122222223333100000
13333333333030000333303003000300033330300301123333303033333333333333310000013333303330030030333303333022233030222222223332000000
13333333333000000000000000000000000000000001112333300033333333333333210000122221100000000000000000000022333000222222233320000000

0x00001492
00001111223333322211123211000000000011010121100001111133222001011110023320011123333322212223333233332333333332222333333333200000
00101001122333332222133322111000001100110221100001111133222100000100012320011113333333333332222233332233333332222333333333310000
01011000111233333333233333322111112221122332100001111123222200001100021000010113322123333331111112333223233333323232333333331000
01100000111112333333333333333222222333323333200001111112322200001100010001100112321111321231001111223322233333322222233333332000
00100000000012333333333333333333333333333333321001111112333200000100000121100111322111110122001111111332223333332222233333333200
00100000001001333333333333333333333333333333333221111111223321100110000010001111222112001011000111111123222233333222333333333200
00000000000001333333333333333333333333333333333332100101112332221232100011121001123101100011000011111123222233333322233333333200
00100000000001333333333333333333333333333333333333000101111122333332221022232101113211101000000000111112322233333332223333333200
00000000000001333333333333333333332322233333333333100110111111233333333233333321111232212101010000000111232222333332223333333200
00000000000001333333333333333333322211122222333333100100111111233333333333333333210112333322122000000001133222333333222333333300
00000001001001233333333333333333322221222222223333000100011110233333333333333333310100233333333211000011123212333333222333333300
00000011001001223000000000000000000000000000000332000100011110233333333331233223310000133333333332000000113312233333222333333300
00000000000010110033300333330033300333300333330221011111111110233333333211122212320000133333333333100000112321233333222333333300
01000000000000000300030003000300030300030003000112111111111100133333332111122212321000133333112222210000011321233333222233333300
11111111111111110300000003000300030300030003001111100000100101111223211111111111111111233222122221000000111321233333212233333300
12222222222222220033300003000300030333300003001111100001112222222233211111111111111112333111110000000001111331133333222233333300
12222222222222220000030003000333330303000003003321122222233322332233322233222222222233333111000000000001101331123333322233333300
12222222222222120000030003000300030300300003003333223333333333333333333333333333333333332111000000000000011331123333322233333200
12222222222222220300030003000300030300030003003333333333333333333333333333333333333333221111000000000000101331123333322233333300
13222222222222220033300003000300030300003003003333333333333333333333223222233332333332110000000000000001101321223333222233333200
12333323333333332000000000000000000000000000002333333333333333333332111000123333333332100000000000000000001321223333222233333200
12333333333333333322333333323333333322111111001223333333333333333333200000013333333333210000000000000000101311233333222333333200
13333333333333333333333333333333333310000000000013333333333333333333310000002333333333331000000000000000012311233332222233333200
12333333333333333333333333333333333320000000000012333333333333333333321000001233333333333100000000000000013212233332222233333200
01333333333000000000000000000000000000000000000001200033333333333333332100000133300000000000000000000000023000333322222233333200
01333333333033300300000330030003033330333000000000003033333333333333333200000023303330003300300003000010130030333322222233333200
00233333333030030300003003003030030000300300000000033033333333333333333310000013303003030030300003000001230330333222212223333200
00133333333030030300003003000300030000300300000000003033333333333333333321000012303330030030300003000002220030332122222333332000
00023333333033300300003333000300033300333000000000003033333333333333333332100001203003033330300003000012212030332222222333331000
00012333333030000300003003000300030000303001110000103033333333333333333333200001203003030030300003000022222030222222222333320000
00012333333030000333303003000300033330300301110000103023333333333333333333100001203330030030333303333022222030222222222233200000
00001333333000000000000000000000000000000000100111100013333333333333333331000011100000000000000000000022223000222222222332100000

0x000014c4
13333331100000011111123223222110011000000000101100111001211123221000232222333111112322210002233333323333333333322223333333310000
13333332210000011111112333223221122110000001111110110001211123221000011111333101112333332222333223322333333333333322333333320000
13333333322100001000111233333332233322110001100121220001111113222100101100122101112333333333321222232333233333333322233333332000
23333333333200000000110112333333333333222122222122331001111112322100001100210001111332112332321111122332233333333222223333333100
13333333333210000000011101233333333333333332233333333101111111232200001100100021001232111221131001111122223333333222222333333200
13333333333200000001000111123333333333333333333333333321111111123320000000000100011132211101021001111112333233333322223333333200
13333333333200000000000011023333333333333333333333333333221111112332111211000000111123211100021001111111233222333322223333333200
13333333333200000000000000023333333333333333333333333333330011111223233332100122211112321110021000000111123322333333222333333200
13333333222100000000000010023333333333333333333333333333331001111111233333322233322111222221101010000001112322233333222333333300
13333333222100000000000000023333333333333332221122223333320001111101133333333333333221112322221121000000111332233333322333333300
12222222221100000011111101023333333333333332221122122222330001111111133333333333333331011133333332210000011232223333322233333200
01111111111000000000000000000000000000000000000232233333320000001110133333333323332331000033333333321000011132123333332233333200
01111101110111000033300333330033300333300333330222222222210111111111133333333211222232100023333333332100011123122333332233333200
01111111111111110300030003000300030300030003000111111111111111111111123333332212222233200133333222333200001123212333332223333300
12212222222222220300000003000300030300030003001111111111110001011011112332111111111111111233333122321000001013212333332223333300
12222222322222220033300003000300030333300003002222222221111011122222223333212222111111112333111110000000010013212333332223333200
12222222222222220000030003000333330303000003003333332232222223333333333333333333323333333332111100000000011013212333332223333300
12222222222222220000030003000300030300300003003333333333333233333333333333333333333333333331111000000000000113312333332223333200
12222222222222320300030003000300030300030003003333333333333333333333333333333333333333333321110000000000000013212333332222333300
12222222222223230033300003000300030300003003003333333333333333333333333322222223333333332210000000000000000013212333332222333300
12222222222222333000000000000000000000000000002222121223333333333333333320000012333333332210000000000000011023212333332222333200
12222222222222333333333333333333333333333333100000000012333333333333333332000001333333333310000000000000001123122333322222333200
12211111111111233333333333333333333333333333200000000001333333333333333333200000233333333332000000000000000123112333322223333300
00000000000000133333333333333333333333333333320000100000133333333333333333310000123333333333100000000000000132122333322233333200
00000000000000000000000000000000000000000033331000000000023333333333333333321000000000000000000000000000001000223333222223333200
00000000000033300300000330030003033330333003332100003000012333333333333333332100103330003300300003000000000030223332222223333200
00000000000030030300003003003030030000300303333200033000102333333333333333333200003003030030300003000000010330233332222223333200
00000000000030030300003003000300030000300303333320003000001233333333333333333310003330030030300003000000120030333322222223333200
00000011000033300300003333000300033300333003333321003000011123333333333333333320003003033330300003000001222030333222222223333100
00000011000030000300003003000300030000303003333332103000111113333333333333333320003003030030300003000012222030332222222233331000
00000100000030000333303003000300033330300303333333203010111112333333333333333210003330030030333303333022222030222222222333320000
11001100011000000000000000000000000000000003333333300010111112333333333333322100000000000000000000000022122000222222222232200000

0x000014e5
13333331100000011111123223222110011000000000101100111001211123221000232222333111112322210002233333323333333333322223333333310000
13333332210000011111112333223221122110000001111110110001211123221000011111333101112333332222333223322333333333333322333333320000
13333333322100001000111233333332233322110001100121220001111113222100101100122101112333333333321222232333233333333322233333332000
23333333333200000000110112333333333333222122222122331001111112322100001100210001111332112332321111122332233333333222223333333100
13333333333210000000011101233333333333333332233333333101111111232200001100100021001232111221131001111122223333333222222333333200
13333333333200000001000111123333333333333333333333333321111111123320000000000100011132211101021001111112333233333322223333333200
13333333333200000000000011023333333333333333333333333333221111112332111211000000111123211100021001111111233222333322223333333200
13333333333200000000000000023333333333333333333333333333330011111223233332100122211112321110021000000111123322333333222333333200
13333333222100000000000010023333333333333333333333333333331001111111233333322233322111222221101010000001112322233333222333333300
13333333222100000000000000023333333333333332221122223333320001111101133333333333333221112322221121000000111332233333322333333300
12222222221100000011111101023333333333333332221122122222330001111111133333333333333331011133333332210000011232223333322233333200
01111111111000000001111111122233323333333333332232233333320000001110133333333323332331000033333333321000011132123333332233333200
01111101110111000001111111111111111111122223322222222222210111111111133333333211222232100023333333332100011123122333332233333200
01111111111111110000001111111111111112222223321111111111111111111111123333332212222233200133333222333200001123212333332223333300
12212222222222222122222212222222222222222233331111111111110001011011112332111111111111111233333122321000001013212333332223333300
12222222322222222222222222222222222222222233332222222221111011122222223333212222111111112333111110000000010013212333332223333200
12222222222222222222222222222222222222222223233333332232222223333333333333333333323333333332111100000000011013212333332223333300
12222222222222222222222232222222333223223232333333333333333233333333333333333333333333333331111000000000000113312333332223333200
12222222222222322222323333322222322223323333333333333333333333333333333333333333333333333321110000000000000013212333332222333300
12222222222223232222223333322233332332333333333333333333333333333333333322222223333333332210000000000000000013212333332222333300
12222222222222333333333333333333323333333232222222121223333333333333333320000012333333332210000000000000011023212333332222333200
12222222222222333333333333333333333333333333100000000012333333333333333332000001333333333310000000000000001123122333322222333200
12211111111111233333333333333333333333333333200000000001333333333333333333200000233333333332000000000000000123112333322223333300
00000000000000133333333333333333333333333333320000100000133333333333333333310000123333333333100000000000000132122333322233333200
00000000000000000000000000000000000000000033331000000000023333333333333333321000000000000000000000000000001000223333222223333200
00000000000033300300000330030003033330333003332100003000012333333333333333332100103330003300300003000000000030223332222223333200
00000000000030030300003003003030030000300303333200033000102333333333333333333200003003030030300003000000010330233332222223333200
00000000000030030300003003000300030000300303333320003000001233333333333333333310003330030030300003000000120030333322222223333200
00000011000033300300003333000300033300333003333321003000011123333333333333333320003003033330300003000001222030333222222223333100
00000011000030000300003003000300030000303003333332103000111113333333333333333320003003030030300003000012222030332222222233331000
00000100000030000333303003000300033330300303333333203010111112333333333333333210003330030030333303333022222030222222222333320000
11001100011000000000000000000000000000000003333333300010111112333333333333322100000000000000000000000022122000222222222232200000

0x00001507
12233333223333333210000001111123222221100122110000012210010002111232321123333333200011110000012232333333333333333233333333310000
12233333333333332321000001111112322222210011010000011101010001111232210002222233311112332111122333333333333333333223333333331000
13233333333333333332211011111111233333211232110000011101010001111132220000000013200112333333333322223333223333333322233333332100
12233333333333333333332100101111112333322333321111011111220001111123221000000011100111332223333311112223322333333322222333333200
12233332333333333333333200001111111223333333333222122222332001111113222000010010001111332112322310111112222223333332222333333200
12233223333333333333333200000101111113333333333333333333333211111112322000010000001011232111111220011111133223333332222333333200
12233223333333333333333200010100101113333333333333333333333332211111233211011000000011123112100120011111122222233333222333333200
12222222222333333333333200011110001113333333333333333333333333320111112332222110011211113211100120001101111322233333322333333200
01132111122233333333332100010010011013333333333333333333333333330100111112333332123321111322211010000000011233223333322333333200
11232122222222333333222100000011010013333333333333322212223333320100111101333333333333221123322111110000001123222333332333333200
01121111111111122222211100011110110112333333333333321111122212320000110101333333333333332011233332321000001113222333332223333200
01112210111111111111111100001111111112322233333333332223332323320001000101333333332332332010133333333310000112322233332223333200
12223210011001111111111110001111111111111111112222232222222221210111011101333333321222232100133333333321000012322233333223333200
13323321111111111221111111001111111111101111122222321111111111111111111111333333221222123200133332123322000101321233333223333300
12223332212222222222222222222222222222222222233333331111111111110000011111233211111111111111233232123200000101231233333222333300
12222332222222222222222322222222222232222222223233332222222221111111222222333212122211111122332111000000000000231133333222333300
12222222222222222222232233232232322233223322222222233223322332222233333223333333333333333333331011000000000001231123333223333200
13222222222222222232232222222232222222223233222223233333333333332333333333333333333333333333321010000000000011231123333222333200
13222222222222222222232333322223233222333333333333333333333333332333333333333333333333333332110100000000000001231133333222233200
12222222222222222222223333333333333333333333233333333333222333333333333333332111113333333321000000000000000101221123333222233200
12222222323322222222223333333333323333333333333332222211111223333333333333332000002333333332100000000000000001321233333222233200
12233322222222211111122233333333333333333333333333200000000013333333333333333100001233333333210000000000000001321233333222333200
13333222000000000000000133333333333333333333333333310000000002333333333333333310000133333333321000000000000001311233332222233200
13333322100000000000000023333333333333333333333333321000000000233333333333333321000023333333332000000000000012212233332222233200
12333333210000000000000000000000000000000033333333300011010000123333333333333332000000000000000000000000000000122333322222333200
12333233320033300300000330030003033330333003333333003011010000023333333333333333203330003300300003000000000030122333222223333200
12223333331030030300003003003030030000300303333333033020000000012333333333333333303003030030300003000000000330222332222222333200
13333333332030030300003003000300030000300303333333003031000000111233333333333333303330030030300003000000000030223332212222333200
13223233333033300300003333000300033300333003333333303032100100111233333333333333303003033330300003000000012030233322222222333100
13333333333030000300003003000300030000303003333333303033101000111123333333333333303003030030300003000011222030332222222223332000
13333333333030000333303003000300033330300303333333303033211100111123333333333332103330030030333303333022212030322222222223321000
13333333333000000000000000000000000000000003333333300033320000001123333332222110000000000000000000000022222000222222222232200000

0x00001517
12233333223333333210000001111123222221100122110000012210010002111232321123333333200011110000012232333333333333333233333333310000
12233333333333332321000001111112322222210011010000011101010001111232210002222233311112332111122333333333333333333223333333331000
13233333333333333332211011111111233333211232110000011101010001111132220000000013200112333333333322223333223333333322233333332100
12233333333333333333332100101111112333322333321111011111220001111123221000000011100111332223333311112223322333333322222333333200
12233332333333333333333200001111111223333333333222122222332001111113222000010010001111332112322310111112222223333332222333333200
12233223333333333333333200000101111113333333333333333333333211111112322000010000001011232111111220011111133223333332222333333200
12233223333333333333333200010100101113333333333333333333333332211111233211011000000011123112100120011111122222233333222333333200
12222222222333333333333200011110001113333333333333333333333333320111112332222110011211113211100120001101111322233333322333333200
01132111122233333333332100010010011013333333333333333333333333330100111112333332123321111322211010000000011233223333322333333200
11232122222222333333222100000011010013333333333333322212223333320100111101333333333333221123322111110000001123222333332333333200
01121111111111122222211100011110110112333333333333321111122212320000110101333333333333332011233332321000001113222333332223333200
01112210111111111111111100001111111112322233333333332223332323320001000101333333332332332010133333333310000112322233332223333200
12223210011001111111111110001111111111111111112222232222222221210111011101333333321222232100133333333321000012322233333223333200
13323321111111111221111111001111111111101111122222321111111111111111111111333333221222123200133332123322000101321233333223333300
12223332212222222222222222222222222222222222233333331111111111110000011111233211111111111111233232123200000101231233333222333300
12222332222222222222222322222222222232222222223233332222222221111111222222333212122211111122332111000000000000231133333222333300
12222222222222222222232233232232322233223322222222233223322332222233333223333333333333333333331011000000000001231123333223333200
13222222222222222232232222222232222222223233222223233333333333332333333333333333333333333333321010000000000011231123333222333200
13222222222222222222232333322223233222333333333333333333333333332333333333333333333333333332110100000000000001231133333222233200
12222222222222222222223333333333333333333333233333333333222333333333333333332111113333333321000000000000000101221123333222233200
12222222323322222222223333333333323333333333333332222211111223333333333333332000002333333332100000000000000001321233333222233200
12233322222222211111122233333333333333333333333333200000000013333333333333333100001233333333210000000000000001321233333222333200
13333222000000000000000133333333333333333333333333310000000002333333333333333310000133333333321000000000000001311233332222233200
13333322100000000000000023333333333333333333333333321000000000233333333333333321000023333333332000000000000012212233332222233200
12333333210000000000000000000000000000000033333333300011010000123333333333333332000000000000000000000000000000122333322222333200
12333233320033300300000330030003033330333003333333003011010000023333333333333333203330003300300003000000000030122333222223333200
12223333331030030300003003003030030000300303333333033020000000012333333333333333303003030030300003000000000330222332222222333200
13333333332030030300003003000300030000300303333333003031000000111233333333333333303330030030300003000000000030223332212222333200
13223233333033300300003333000300033300333003333333303032100100111233333333333333303003033330300003000000012030233322222222333100
13333333333030000300003003000300030000303003333333303033101000111123333333333333303003030030300003000011222030332222222223332000
13333333333030000333303003000300033330300303333333303033211100111123333333333332103330030030333303333022212030322222222223321000
13333333333000000000000000000000000000000003333333300033320000001123333332222110000000000000000000000022222000222222222233210000

0x00001539
13322333222211123333223333320000111111233222101002211111001220000012112333223333332200000000000013333333333333333333333333332000
12223332333222233333323333331000111111123223211001211100002220000011112322111233323310011211100122233333333333333322232333333100
12223333333333333333333333333210101111112333222210210000001210000011111322200011112320011333322333333333333333333323233333333200
13223333333333333333333333333322211111011223333322321100001101110011111232210000000120011233333333212222333333333333223233333200
13223333333333333333333333333333320011111112333333333222111221231011111122210001101100111232112332311111222332233333222233333200
13333333333333333333333333333333331001001111123333333333332333333111111123220000100000111132111111210111111233222333322222333200
13333333333333333333333333333333331001010111113333333333333333333322111112321000100000001123111100110011111223222333322222333200
13333333333332223322223333333333320001000011113333333333333333333333320111222221210000011112211200110001111113222333332222333200
13333333333331123222122333333333320000000001013333333333333333333333331010111223333211332101322110010000000112322233333222333200
12222222333331122112222222333333210011000011013333333333333222233333331001111023333333333221122222111100000011232223333332233200
01111111111121112112222222223322200011110110013333333333332111122222330000001013333333333333111233222220000011123223333322333200
01000001011111222111111111111111100011111111122333333333333232323322320000001113333333333333100123333332200000123222333322233200
01111111222222233110111111111111110001111111111111222222232222222222210101111013333332112223210023333333310000013312333332233200
12223223333223333211112122122111111110111111101111122223331111111111111111111113333321112222310023333123222000012312333332233200
12333333323322223322222222222222222222222222222222233233332111112111100101101112311111111111111233332123200000002311233332223200
12332222332232223322222222223333333223333333333323333233333222222221101112222223321121211111122331111000000000001311233332223200
12222222222222222222222322222333332233332333222323233332333333333322222333333333333333332323333321110000000001011311233332223200
12222222222333222332223222222332232222322323322222222233232233333333333333333333333333333333333321100000000000001321233332223200
12222222222222222333232323322223333233333333333333333333233333333333333333333333333333333333332211100000000000001321233332223200
12222222222222222232332233223222333333333333333333333333333222222333333333333333211111333333321000000000000001002321233332223200
12222223222222222232322322222222333333333333333333333333211110101233333333333333200000233333332100000000000000012312233322123200
12222223333233332222211111111111233333333333333333333333310000000023333333333333321000133333333210000000000000012312333322223200
13322233333333332210000000000000133333333333333333333333320000000012333333333333332000023333333321000000000000113212333322223200
13222223333332333321000000000000023333333333333333333333332000000001333333333333333100012333333332000000000000123122333322223200
12232323333000000000000000000000000000000033333333300033333100010000233333333333300000000000000000000000000000122123333222223200
12223233333033300300000330030003033330333003333333003033333310011000123333333333303330003300300003010000000030222223332222223200
12333223333030030300003003003030030000300303333333033033333321001000012333333333303003030030300003020000000330222233321222223200
13332223333030030300003003000300030000300303333333003033333332000001112333333333303330030030300003010000000030222233322222223200
13333333333033300300003333000300033300333003333333303033333333100001111233333333303003033330300003000000000030112233222222233200
13333333333030000300003003000300030000303003333333303033333333311101111123333333303003030030300003000011112030223332222222233200
13333333333030000333303003000300033330300303333333303033333333321000111133333333203330030030333303333011111030222222222222233100
13333333333000000000000000000000000000000003333333300033333333320000011233222211000000000000000000000021221000222222222233210000

0x00001549
13322333222211123333223333320000111111233222101002211111001220000012112333223333332200000000000013333333333333333333333333332000
12223332333222233333323333331000111111123223211001211100002220000011112322111233323310011211100122233333333333333322232333333100
12223333333333333333333333333210101111112333222210210000001210000011111322200011112320011333322333333333333333333323233333333200
13223333333333333333333333333322211111011223333322321100001101110011111232210000000120011233333333212222333333333333223233333200
13223333333333333333333333333333320011111112333333333222111221231011111122210001101100111232112332311111222332233333222233333200
13333333333333333333333333333333331001001111123333333333332333333111111123220000100000111132111111210111111233222333322222333200
13333333333333333333333333333333331001010111113333333333333333333322111112321000100000001123111100110011111223222333322222333200
13333333333332223322223333333333320001000011113333333333333333333333320111222221210000011112211200110001111113222333332222333200
13333333333331123222122333333333320000000001013333333333333333333333331010111223333211332101322110010000000112322233333222333200
12222222333331122112222222333333210011000011013333333333333222233333331001111023333333333221122222111100000011232223333332233200
01111111111121112112222222223322200011110110013333333333332111122222330000001013333333333333111233222220000011123223333322333200
01000001011111222111111111111111100011111111122333333333333232323322320000001113333333333333100123333332200000123222333322233200
01111111222222233110111111111111110001111111111111222222232222222222210101111013333332112223210023333333310000013312333332233200
12223223333223333211112122122111111110111111101111122223331111111111111111111113333321112222310023333123222000012312333332233200
12333333323322223322222222222222222222222222222222233233332111112111100101101112311111111111111233332123200000002311233332223200
12332222332232223322222222223333333223333333333323333233333222222221101112222223321121211111122331111000000000001311233332223200
12222222222222222222222322222333332233332333222323233332333333333322222333333333333333332323333321110000000001011311233332223200
12222222222333222332223222222332232222322323322222222233232233333333333333333333333333333333333321100000000000001321233332223200
12222222222222222333232323322223333233333333333333333333233333333333333333333333333333333333332211100000000000001321233332223200
12222222222222222232332233223222333333333333333333333333333222222333333333333333211111333333321000000000000001002321233332223200
12222223222222222232322322222222333333333333333333333333211110101233333333333333200000233333332100000000000000012312233322123200
12222223333233332222211111111111233333333333333333333333310000000023333333333333321000133333333210000000000000012312333322223200
13322233333333332210000000000000133333333333333333333333320000000012333333333333332000023333333321000000000000113212333322223200
13222223333332333321000000000000023333333333333333333333332000000001333333333333333100012333333332000000000000123122333322223200
12232323333000000000000000000000000000000033333333300033333100010000233333333333300000000000000000000000000000122123333222223200
12223233333033300300000330030003033330333003333333003033333310011000123333333333303330003300300003010000000030222223332222223200
12333223333030030300003003003030030000300303333333033033333321001000012333333333303003030030300003020000000330222233321222223200
13332223333030030300003003000300030000300303333333003033333332000001112333333333303330030030300003010000000030222233322222223200
13333333333033300300003333000300033300333003333333303033333333100001111233333333303003033330300003000000000030112233222222233200
13333333333030000300003003000300030000303003333333303033333333311101111123333333303003030030300003000011112030223332222222233200
13333333333030000333303003000300033330300303333333303033333333321000111133333333203330030030333303333011111030222222222222233100
13333333333000000000000000000000000000000003333333300033333333320000011233222211000000000000000000000021221000222222222222332000

0x0000156b
13212333332221223332322110001232211332100011111232221010013322201110000011123333333222100000000000122233333333333333333333332000
13111233333322233333333221111233322333100011111123222100002232210011000011123333233333320000000000222333333333333323232333333100
13211233333333333333333333322233333333321011111112322211001121100012100011113221001222332011222212222223333333333232232233333200
13211233333333333333333333333333333333332211111111233322211100000001100011112311000110132011233333333223233332233333232223333200
13210233333333333333333333333333333333333332110111112333322221000111210011111321100000011011233223333111112332233333332223333200
23210233333333333333333333333333333333333333210011111223333333222222232111111232100010010011133111322201111223322333332223333200
23320233333333333333333333333333333333333333310001011112333333333333333221111123200000000110123111101100111112332233332222233200
23321233333333333333333333333333233333333333310000011002333333333333333332211122321001000101113211100110011111232223333222223200
23321233333333333333333333332233122223333333310001011002333333333333333333320011122223210122001321100110011011123222333322333200
13321112222222222223333333331232222233333333200000100102333333333333333333331000011233332233211122211010000001112322233333233200
13321001111111111111122222222222222222233332100001110002333333333321112233331000100133333333333212233212100000112322233333223200
13311000000001001001111111112212111111111210011111111112333333333332222333321000010133333333333200123333321000011232233333223200
23311010121111111111112222233211111111111110011111111111222222233222222222320011100133333322222211023333333100010132233333223200
13321122222222333333333333333311111112211111000111111111111223332111111111111111111133333221221231023332233320001132123333223200
23322222222222233333333332223322222222222222222222222222223333333111111111000111101231111111111111223331232110000022123333223200
13332222222222222223322333323222223333333323333323332332333333333222322211011222222332112111111122321110000000001023123333223200
13322222222222222222222233222222222333333323333333333333333333333333333332223333333333333322222333320000000000000023123333223100
23322222222222222222223233222333222223333233333333333333233333333333333333333333333333333333333333210000000000000123113333223200
23322222222222222222222232223333333333333333233233332333333333333333333333333333333332332333333322110000000000000123123333223200
13322222222222222222322322223333333333223333333333333333332333322222222333333333333321111233333321000000000000000023123333222200
13222222222222222222333223322222222222112233333333333333333333310000001233333333333321000133333332100000000000000132123333223200
13323323333333332322333333332200000000000023333333333333333333320000000123333333333332000023333333210000000000000132123332222200
13333333333333333323333333333310000000000013333333333333333333332000000013333333333333100012333333320000000000000231123332222200
13333332333333333223333333333321000000000002333333333333333333333200000002333333333333210001333333332000000000001222233332222200
12233322333000000000000000000000000000000000233333300033333333333310000000233333300000000000000000033100000000012322233322222200
13233222233033300300000330030003033330333000133333003033333333333331000000123333303330003300300003033200000030012212333221223200
13332333333030030300003003003030030000300300023333033033333333333332000001123333303003030030300003033200000330122222333212223200
13333332333030030300003003000300030000300300012333003033333333333333100001112333303330030030300003022000000030222233322222223200
13333333333033300300003333000300033300333003333333303033333333100001111233333333303003033330300003000000000030112233222222233200
13333333333030000300003003000300030000303003333333303033333333311101111123333333303003030030300003000011112030223332222222233200
13333333333030000333303003000300033330300303333333303033333333321000111133333333203330030030333303333011111030222222222222233100
13333333333000000000000000000000000000000003333333300033333333320000011233222211000000000000000000000021221000222222222222332000

0x0000157b
13212333332221223332322110001232211332100011111232221010013322201110000011123333333222100000000000122233333333333333333333332000
13111233333322233333333221111233322333100011111123222100002232210011000011123333233333320000000000222333333333333323232333333100
13211233333333333333333333322233333333321011111112322211001121100012100011113221001222332011222212222223333333333232232233333200
13211233333333333333333333333333333333332211111111233322211100000001100011112311000110132011233333333223233332233333232223333200
13210233333333333333333333333333333333333332110111112333322221000111210011111321100000011011233223333111112332233333332223333200
23210233333333333333333333333333333333333333210011111223333333222222232111111232100010010011133111322201111223322333332223333200
23320233333333333333333333333333333333333333310001011112333333333333333221111123200000000110123111101100111112332233332222233200
23321233333333333333333333333333233333333333310000011002333333333333333332211122321001000101113211100110011111232223333222223200
23321233333333333333333333332233122223333333310001011002333333333333333333320011122223210122001321100110011011123222333322333200
13321112222222222223333333331232222233333333200000100102333333333333333333331000011233332233211122211010000001112322233333233200
13321001111111111111122222222222222222233332100001110002333333333321112233331000100133333333333212233212100000112322233333223200
13311000000001001001111111112212111111111210011111111112333333333332222333321000010133333333333200123333321000011232233333223200
23311010121111111111112222233211111111111110011111111111222222233222222222320011100133333322222211023333333100010132233333223200
13321122222222333333333333333311111112211111000111111111111223332111111111111111111133333221221231023332233320001132123333223200
23322222222222233333333332223322222222222222222222222222223333333111111111000111101231111111111111223331232110000022123333223200
13332222222222222223322333323222223333333323333323332332333333333222322211011222222332112111111122321110000000001023123333223200
13322222222222222222222233222222222333333323333333333333333333333333333332223333333333333322222333320000000000000023123333223100
23322222222222222222223233222333222223333233333333333333233333333333333333333333333333333333333333210000000000000123113333223200
23322222222222222222222232223333333333333333233233332333333333333333333333333333333332332333333322110000000000000123123333223200
13322222222222222222322322223333333333223333333333333333332333322222222333333333333321111233333321000000000000000023123333222200
13222222222222222222333223322222222222112233333333333333333333310000001233333333333321000133333332100000000000000132123333223200
13323323333333332322333333332200000000000023333333333333333333320000000123333333333332000023333333210000000000000132123332222200
13333333333333333323333333333310000000000013333333333333333333332000000013333333333333100012333333320000000000000231123332222200
13333332333333333223333333333321000000000002333333333333333333333200000002333333333333210001333333332000000000001222233332222200
12233322333000000000000000000000000000000000233333300033333333333310000000233333300000000000000000033100000000012322233322222200
13233222233033300300000330030003033330333000133333003033333333333331000000123333303330003300300003033200000030012212333221223200
13332333333030030300003003003030030000300300023333033033333333333332000001123333303003030030300003033200000330122222333212223200
13333332333030030300003003000300030000300300012333003033333333333333100001112333303330030030300003022000000030222223332222222100
13333333333033300300003333000300033300333000001333303033333333333333310111111233303003033330300003011000000030222223321222223200
13333333333030000300003003000300030000303000001233303033333333333333331001111233303003030030300003000011111030222232222222233200
13333333333030000333303003000300033330300300001123303033333333333333330000012332203330030030333303333011112030222222222222232200
13333333333000000000000000000000000000000000011113300033333333333333310000001210000000000000000000000022222000222222222222222100

0x0000158c
13212333332221223332322110001232211332100011111232221010013322201110000011123333333222100000000000122233333333333333333333332000
13111233333322233333333221111233322333100011111123222100002232210011000011123333233333320000000000222333333333333323232333333100
13211233333333333333333333322233333333321011111112322211001121100012100011113221001222332011222212222223333333333232232233333200
13211233333333333333333333333333333333332211111111233322211100000001100011112311000110132011233333333223233332233333232223333200
13210233333333333333333333333333333333333332110111112333322221000111210011111321100000011011233223333111112332233333332223333200
23210233333333333333333333333333333333333333210011111223333333222222232111111232100010010011133111322201111223322333332223333200
23320233333333333333333333333333333333333333310001011112333333333333333221111123200000000110123111101100111112332233332222233200
23321233333333333333333333333333233333333333310000011002333333333333333332211122321001000101113211100110011111232223333222223200
23321233333333333333333333332233122223333333310001011002333333333333333333320011122223210122001321100110011011123222333322333200
13321112222222222223333333331232222233333333200000100102333333333333333333331000011233332233211122211010000001112322233333233200
13321001111111111111122222222222222222233332100001110002333333333321112233331000100133333333333212233212100000112322233333223200
13311000000001001000000000000000000000000000000111111112333333333332222333321000010133333333333200123333321000011232233333223200
23311010121111110033300333330033300333300333330111111111222222233222222222320011100133333322222211023333333100010132233333223200
13321122222222330300030003000300030300030003000111111111111223332111111111111111111133333221221231023332233320001132123333223200
23322222222222230300000003000300030300030003002222222222223333333111111111000111101231111111111111223331232110000022123333223200
13332222222222220033300003000300030333300003003323332332333333333222322211011222222332112111111122321110000000001023123333223200
13322222222222220000030003000333330303000003003333333333333333333333333332223333333333333322222333320000000000000023123333223100
23322222222222220000030003000300030300300003003333333333233333333333333333333333333333333333333333210000000000000123113333223200
23322222222222220300030003000300030300030003003233332333333333333333333333333333333332332333333322110000000000000123123333223200
13322222222222220033300003000300030300003003003333333333332333322222222333333333333321111233333321000000000000000023123333222200
13222222222222222000000000000000000000000000003333333333333333310000001233333333333321000133333332100000000000000132123333223200
13323323333333332322333333332200000000000023333333333333333333320000000123333333333332000023333333210000000000000132123332222200
13333333333333333323333333333310000000000013333333333333333333332000000013333333333333100012333333320000000000000231123332222200
13333332333333333223333333333321000000000002333333333333333333333200000002333333333333210001333333332000000000001222233332222200
12233322333000000000000000000000000000000000233333300033333333333310000000233333300000000000000000033100000000012322233322222200
13233222233033300300000330030003033330333000133333003033333333333331000000123333303330003300300003033200000030012212333221223200
13332333333030030300003003003030030000300300023333033033333333333332000001123333303003030030300003033200000330122222333212223200
13333332333030030300003003000300030000300300012333003033333333333333100001112333303330030030300003022000000030222223332222222100
13333333333033300300003333000300033300333000001333303033333333333333310111111233303003033330300003011000000030222223321222223200
13333333333030000300003003000300030000303000001233303033333333333333331001111233303003030030300003000011111030222232222222233200
13333333333030000333303003000300033330300300001123303033333333333333330000012332203330030030333303333011112030222222222222232200
13333333333000000000000000000000000000000000011113300033333333333333310000001210000000000000000000000022222000222222222222222100

0x000015ad
13333333333333333222211001222211000001221002200000111232221110022000133101111112332221000000000000000232223332223222223333333100
13333333333333333333322112223322100001332113310011111122221010022121012100001112333333221100000000001222323333333333223323333200
13333333333333333333333333333333222211233323331001001112222100012211000220001112322112333321011110012222332232333332222322333100
13333333333333333333333333333333333332333333333211001111332221101111000121001111322001111231011332222222222222223333222322333200
13333333333333333333333333333333333333333333333332110111123222211100000111001111221100000021001333333331122223222233332322233200
13333333333333333333333333333333333333333333333333321000012233323221111112201111232110010010011231123221011122332223332222233200
13333333333333333333333333333333333333333333333333332000010123333333222223321011123200000010010131111011001111232233333222223100
13333333333333333333333333333333333333333333333333332000001112333333333333333211012320001000100122111011001111122222333322233200
13333333333333333333333333333333333333232223333333332000001102333333333333333332101122222100111012201101101100111322233332223200
13333333333333333332223333323333333332232212233333331000001002333333333333333333100111133321232101221100000000011232223333222200
13333333333333333322111112212222223332232222223333310000000001333333333221122333200010023333333322112221110000011122222333222200
13333333333333333000000000000000000000000000000221111111111112333333333322222223100000023333333333101233322110000013222333322200
13333333333333330033300333330033300333300333330111001111111111222222322223322222000010023333212323100133333330000012212333322200
13333333333333330300030003000300030300030003000111110111111111111223321111111111111111023333211222220133322222100002312333322200
13333333333333330300000003000300030300030003002222222222222222223333321111111100000010132111111211121233311221100001312333322100
13333333333333330033300003000300030333300003003333233323333322232333322222221101122222232111111111123211100000000001321233322200
13333333333333330000030003000333330303000003003333322323333333333333333333332222333333332222222222333200000000000111321233322200
13333333333333330000030003000300030300300003003233333323333333333333333333333333333333333333333333333100000000000011321233322100
13333333333333330300030003000300030300030003003333333333333333333333332233333333333333323322333333221000000000000001321233321200
13333333333333330033300003000300030300003003002333333333333333333332221112233333333333311111333333210000000000000001311233322200
13333333333333333000000000000000000000000000001123333333333333333333100000023333333333320000233333320000000000000002312333322100
13333333333333333333333333223333333232000000000013333333333333333333200000002333333333332000123333332000000000000002212333322100
13333333333333333333323333333333333333100000000002333333333333333333320000001333333333333100013333333200000000000012112333222100
13333333333333333333333332323333333333210000000001233333333333333333331000000133333333333320002333333320000000000022122332222200
13333333333000000000000000000000000000000000000000100033333333333333332100000023300000000000000000033331000000000122123332222200
13333333333033300300000330030003033330333000000000003033333333333333333200000112303330003300300003033332000030001221223322222200
13333333333030030300003003003030030000300300000000033033333333333333333320000111303003030030300003033321000330002211233222222200
13333333333030030300003003000300030000300300000000003033333333333333333331000111203330030030300003022210000030012111232111122200
13333333333033300300003333000300033300333001000000003033333333333333333332100111103003033330300003011100000030221222222222222200
13333333333030000300003003000300030000303002100000003023333333333333333333100001203003030030300003000011111030212222222222223200
13333333333030000333303003000300033330300303200000003012333333333333333332000001103330030030333303333021121030222222222222122200
13333333222000000000000000000000000000000003311100000012333333333333333320000000000000000000000000000022211000222222222222222100

0x000015df
12222333333333332333333333333333210012110100001222000001111122221000011002332232111122100000000000000001133223223322322322332100
12222333333333333333333333333333321012221000001222002100111123221010011001232111111233321100000000000012232223322222332222333200
12232333333333333333333333333333322223333221000232113200101112322100012122100000111233333332220000000122232323333333222232233200
12222333333333333333333333333333333333333332221233223321101101222211002221000210111132211232232001221222222322233333322222223200
12222333333333333333333333333333333333333333332333333332211101123222111110000210111122100111022001333333322222232333332223223200
12222223333333333333333333333333333333333333333333333333322110112333222210001110111112110000011001232233321111233223333222223200
12223233333333333333333333333333333333333333333333333333333310001122233322112222111012210001001010221112120111122222333322223200
12232333333333333333333333333333333333333333333333333333333310000012333333333333211101221001000120121110010001111232233332223200
12222333333333333333333333333333333333333333333323223333333320000001233333333333333210122211100100122111001101101122222333222200
12222233333333333333333333333333333333333333333223222223333310000000233333333333333320001122221022102211000000000112222333322200
12222233333333333333333333333333333222222333333223222233333200000000233333333222233332000012333233221122210000000101321233322200
12223333333333333000000000000000000000000000000122121122222101110010233333333211222231000002333333333111232221000001231233332100
12222233333333330033300333330033300333300333330111111111101111111111222223322222222220001012333322323110233333200000132123332200
12222233333333330300030003000300030300030003000111111111110011111111112223211111111111001013333311222220233322221000022123333100
12222223333333330300000003000300030300030003002221222222222212222222232333211111100011000122112211211121233212211000022123333100
12222223333333330033300003000300030333300003003322322333333223333322232333222222210011222232111111111133111000000000023123333100
12222223333333330000030003000333330303000003003333323333332233333333233333333333322233333232222222222332000000000000013113333100
12222223333333330000030003000300030300300003003333323333333333333333333333333333333333333333333333333332000000000000013123333100
12222223333333330300030003000300030300030003003333322223333333333333333323333233333333333332222333333221000000000000013123333100
12222223333333320033300003000300030300003003003322221222333333333333333322212122333333333321101333333100000000000000022123333100
12222223333333322000000000000000000000000000001111000111333333333333333331000001233333333331000233333320000000000000022123332100
12222223333333322233333333333333333333333333321000000000233333333333333332000000133333333332100023333331000000000000121123332100
11222233333333322233333333333333333333333333332000000000133333333333333333200000023333333333200013333333100000000000131123332100
12222333333333322233333333333333333333333333333200100000013333333333333333320000002333333333320002333333000000000022122332222200
13333333333000000000000000000000000000000000000000100033333333333333332100000023300000000000000000033331000000000122123332222200
13333333333033300300000330030003033330333000000000003033333333333333333200000112303330003300300003033332000030001221223322222200
13333333333030030300003003003030030000300300000000033033333333333333333320000111303003030030300003033321000330002211233222222200
13333333333030030300003003000300030000300300000000003033333333333333333331000111203330030030300003022210000030012111232111122200
13333333333033300300003333000300033300333001000000003033333333333333333332100111103003033330300003011100000030221222222222222200
13333333333030000300003003000300030000303002100000003023333333333333333333100001203003030030300003000011111030212222222222223200
13333333333030000333303003000300033330300303200000003012333333333333333332000001103330030030333303333021121030222222222222122200
13333333222000000000000000000000000000000003311100000012333333333333333320000000000000000000000000000022211000222222222222222100

0x000015f0
12222333333333332333333333333333210012110100001222000001111122221000011002332232111122100000000000000001133223223322322322332100
12222333333333333333333333333333321012221000001222002100111123221010011001232111111233321100000000000012232223322222332222333200
12232333333333333333333333333333322223333221000232113200101112322100012122100000111233333332220000000122232323333333222232233200
12222333333333333333333333333333333333333332221233223321101101222211002221000210111132211232232001221222222322233333322222223200
12222333333333333333333333333333333333333333332333333332211101123222111110000210111122100111022001333333322222232333332223223200
12222223333333333333333333333333333333333333333333333333322110112333222210001110111112110000011001232233321111233223333222223200
12223233333333333333333333333333333333333333333333333333333310001122233322112222111012210001001010221112120111122222333322223200
12232333333333333333333333333333333333333333333333333333333310000012333333333333211101221001000120121110010001111232233332223200
12222333333333333333333333333333333333333333333323223333333320000001233333333333333210122211100100122111001101101122222333222200
12222233333333333333333333333333333333333333333223222223333310000000233333333333333320001122221022102211000000000112222333322200
12222233333333333333333333333333333222222333333223222233333200000000233333333222233332000012333233221122210000000101321233322200
12223333333333333000000000000000000000000000000122121122222101110010233333333211222231000002333333333111232221000001231233332100
12222233333333330033300333330033300333300333330111111111101111111111222223322222222220001012333322323110233333200000132123332200
12222233333333330300030003000300030300030003000111111111110011111111112223211111111111001013333311222220233322221000022123333100
12222223333333330300000003000300030300030003002221222222222212222222232333211111100011000122112211211121233212211000022123333100
12222223333333330033300003000300030333300003003322322333333223333322232333222222210011222232111111111133111000000000023123333100
12222223333333330000030003000333330303000003003333323333332233333333233333333333322233333232222222222332000000000000013113333100
12222223333333330000030003000300030300300003003333323333333333333333333333333333333333333333333333333332000000000000013123333100
12222223333333330300030003000300030300030003003333322223333333333333333323333233333333333332222333333221000000000000013123333100
12222223333333320033300003000300030300003003003322221222333333333333333322212122333333333321101333333100000000000000022123333100
12222223333333322000000000000000000000000000001111000111333333333333333331000001233333333331000233333320000000000000022123332100
12222223333333322233333333333333333333333333321000000000233333333333333332000000133333333332100023333331000000000000121123332100
11222233333333322233333333333333333333333333332000000000133333333333333333200000023333333333200013333333100000000000131123332100
12222333333333322233333333333333333333333333333200100000013333333333333333320000002333333333320002333333200000000001221233322100
11122333333000000000000000000000000000000033333321000000002333333333333333331000000000000000000000033333320000000001212233222100
12222332233033300300000330030003033330333003333331003000001333333333333333333100003330003300300003033333330030000012112332122100
12222333333030030300003003003030030000300303333332033000000133333333333333333200003003030030300003023332210330000122122322112100
12223333333030030300003003000300030000300303333333003000000023333333333333333311003330030030300003023211100030001221223222122100
12223233333033300300003333000300033300333003333333303010000012333333333333333331003003033330300003012111110030012212222212122200
12223223333030000300003003000300030000303003333333303000000011233333333333333320003003030030300003000021111030121222222222112200
12223333333030000333303003000300033330300303333333303011000011133333333333333210003330030030333303333012121030222222222222222200
12222333322000000000000000000000000000000003333333300000000011233333333322222100000000000000000000000001221000222222222222222200

0x00001611
13322223322222222333333333333333333333333333322222210021110001111232210011221233311100000000000000000000012233333333323333333100
13322222222222233333333333333333333333333333322211100012110001111122220000110133322211121110000000000000123233333333333333333200
12222222222222232333333333333333333333333333333221000002210110111113221010120012200121233332221000000001233333333333333332333200
12222222222222233333333333333333333333333333333333211001221221101112322110021010000021133333333320001012333333333333333332333200
12221211122222223332333333333333333333333333333333333222333332101111233211011010012011123210122231113333333333333333333332233200
12222222222222222332333333333333333333333333333333333333333333321111123222111000001011123210001021013333333222233323333333233200
12122222222221223322333333333333333333333333333333333333333333333221012233222111011211112221000111012321222211122333323333322200
12222222222221223333333333333333333333333333333333333333333333333331001122333332223321111221001110211311111101111223323333322200
12222221111222222233333333333333333333333333333333333333333333333331000011333333333333221122110000101221110000111112322333332200
12222211212222222223333333333333333333333333333333333333222223333331000001333333333333332011222210121122110010010111332233332200
11121111111112222223333333333333333333333333333333333332121122333320000001333333333233333101112332232212221100000011232233333200
12211111111112222000000000000000000000000000000321111222121222222210111100233333332122223201102333333332122222100001123223333200
12111111111122220033300333330033300333300333330311222211111111111111111111232333322222222101102333323332012333321000113223333200
12111111111212120300030003000300030300030003000333333311111111111111111111222321111111121001112333311222212333332110012312333200
11111111111111220300000003000300030300030003003333233322222222222222222222333331111111001111122222211211312332132210002322333200
01111111111111220033300003000300030333300003003332332333233333333333333333323332222211111221232111111111321111011000001312333200
11111111111111120000030003000333330303000003003332332333333333333333333333333333333322223333333223222223321000000000001321333200
11111111111111110000030003000300030300300003003332333333333333333333333333333333333333333333333333333333320000000000111321333200
11111111111111120300030003000300030300030003003333333333333333333333333333333333333333333333332223333332210000000000001312333200
01111111111111120033300003000300030300003003003333322222222222333333333333333221112333333333321112333332000000000000022123333100
12222223333333322000000000000000000000000000001111000111333333333333333331000001233333333331000233333320000000000000022123332100
12222223333333322233333333333333333333333333321000000000233333333333333332000000133333333332100023333331000000000000121123332100
11222233333333322233333333333333333333333333332000000000133333333333333333200000023333333333200013333333100000000000131123332100
12222333333333322233333333333333333333333333333200100000013333333333333333320000002333333333320002333333200000000001221233322100
11122333333000000000000000000000000000000033333321000000002333333333333333331000000000000000000000033333320000000001212233222100
12222332233033300300000330030003033330333003333331003000001333333333333333333100003330003300300003033333330030000012112332122100
12222333333030030300003003003030030000300303333332033000000133333333333333333200003003030030300003023332210330000122122322112100
12223333333030030300003003000300030000300303333333003000000023333333333333333311003330030030300003023211100030001221223222122100
12223233333033300300003333000300033300333003333333303010000012333333333333333331003003033330300003012111110030012212222212122200
12223223333030000300003003000300030000303003333333303000000011233333333333333320003003030030300003000021111030121222222222112200
12223333333030000333303003000300033330300303333333303011000011133333333333333210003330030030333303333012121030222222222222222200
12222333322000000000000000000000000000000003333333300000000011233333333322222100000000000000000000000001221000222222222222222200

0x00001622
13322223322222222333333333333333333333333333322222210021110001111232210011221233311100000000000000000000012233333333323333333100
13322222222222233333333333333333333333333333322211100012110001111122220000110133322211121110000000000000123233333333333333333200
12222222222222232333333333333333333333333333333221000002210110111113221010120012200121233332221000000001233333333333333332333200
12222222222222233333333333333333333333333333333333211001221221101112322110021010000021133333333320001012333333333333333332333200
12221211122222223332333333333333333333333333333333333222333332101111233211011010012011123210122231113333333333333333333332233200
12222222222222222332333333333333333333333333333333333333333333321111123222111000001011123210001021013333333222233323333333233200
12122222222221223322333333333333333333333333333333333333333333333221012233222111011211112221000111012321222211122333323333322200
12222222222221223333333333333333333333333333333333333333333333333331001122333332223321111221001110211311111101111223323333322200
12222221111222222233333333333333333333333333333333333333333333333331000011333333333333221122110000101221110000111112322333332200
12222211212222222223333333333333333333333333333333333333222223333331000001333333333333332011222210121122110010010111332233332200
11121111111112222223333333333333333333333333333333333332121122333320000001333333333233333101112332232212221100000011232233333200
12211111111112222000000000000000000000000000000321111222121222222210111100233333332122223201102333333332122222100001123223333200
12111111111122220033300333330033300333300333330311222211111111111111111111232333322222222101102333323332012333321000113223333200
12111111111212120300030003000300030300030003000333333311111111111111111111222321111111121001112333311222212333332110012312333200
11111111111111220300000003000300030300030003003333233322222222222222222222333331111111001111122222211211312332132210002322333200
01111111111111220033300003000300030333300003003332332333233333333333333333323332222211111221232111111111321111011000001312333200
11111111111111120000030003000333330303000003003332332333333333333333333333333333333322223333333223222223321000000000001321333200
11111111111111110000030003000300030300300003003332333333333333333333333333333333333333333333333333333333320000000000111321333200
11111111111111120300030003000300030300030003003333333333333333333333333333333333333333333333332223333332210000000000001312333200
01111111111111120033300003000300030300003003003333322222222222333333333333333221112333333333321112333332000000000000001312333200
01111111111111222000000000000000000000000000003333322000000001333333333333333200000233333333321001333333100000000000012312333200
11111111111111122222222233333333332333333333333333333200000000233333333333333310000123333333332100233333310000000000012212333200
01111111111111112222222233333333322333333333333333333310000000123333333333333331000012333333333200123333320000000000013123333100
11111111111211122222223333333333323333333333333333333331000000012333333333333332100001333333333320013333332000000000122223322100
01111111111000000000000000000000000000000033333333300032101100001333333333333333200000000000000000002333333000000000132223322100
11111111111033300300000330030003033330333003333333003033210100010233333333333333303330003300300003000233330030000001222233222100
01111111111030030300003003003030030000300303333333033033320000010123333333333333303003030030300003001233320330000012222233212100
11111111111030030300003003000300030000300303333333003033332001000112333333333333303330030030300003001222110030000122222332222100
11111111111033300300003333000300033300333003333333303033333100000111333333333333303003033330300003000122111030112222223322222100
12212111122030000300003003000300030000303003333333303033333321000011233333333333303003030030300003000011221030112222222222222100
12222221122030000333303003000300033330300303333333303033333320000011233333333222203330030030333303333001222030122222222222222200
12222221222000000000000000000000000000000003333333300033333210000012333222221100000000000000000000000000112000122222222222222200

0x00001633
13322223322222222333333333333333333333333333322222210021110001111232210011221233311100000000000000000000012233333333323333333100
13322222222222233333333333333333333333333333322211100012110001111122220000110133322211121110000000000000123233333333333333333200
12222222222222232333333333333333333333333333333221000002210110111113221010120012200121233332221000000001233333333333333332333200
12222222222222233333333333333333333333333333333333211001221221101112322110021010000021133333333320001012333333333333333332333200
12221211122222223332333333333333333333333333333333333222333332101111233211011010012011123210122231113333333333333333333332233200
12222222222222222332333333333333333333333333333333333333333333321111123222111000001011123210001021013333333222233323333333233200
12122222222221223322333333333333333333333333333333333333333333333221012233222111011211112221000111012321222211122333323333322200
12222222222221223333333333333333333333333333333333333333333333333331001122333332223321111221001110211311111101111223323333322200
12222221111222222233333333333333333333333333333333333333333333333331000011333333333333221122110000101221110000111112322333332200
12222211212222222223333333333333333333333333333333333333222223333331000001333333333333332011222210121122110010010111332233332200
11121111111112222223333333333333333333333333333333333332121122333320000001333333333233333101112332232212221100000011232233333200
12211111111112222223333333333333333333333333333321111222121222222210111100233333332122223201102333333332122222100001123223333200
12111111111122222222233333333333333333333333333311222211111111111111111111232333322222222101102333323332012333321000113223333200
12111111111212122222333333333333333333333333333333333311111111111111111111222321111111121001112333311222212333332110012312333200
11111111111111222222223333333333333333333333333333233322222222222222222222333331111111001111122222211211312332132210002322333200
01111111111111221222223233333333333233333333333332332333233333333333333333323332222211111221232111111111321111011000001312333200
11111111111111122233322333333333333333333333333332332333333333333333333333333333333322223333333223222223321000000000001321333200
11111111111111112223222233333333333333333333333332333333333333333333333333333333333333333333333333333333320000000000111321333200
11111111111111122222222233333333333333333333333333333333333333333333333333333333333333333333332223333332210000000000001312333200
01111111111111122222222233333333333333333333333333322222222222333333333333333221112333333333321112333332000000000000001312333200
01111111111111222000000000000000000000000000003333322000000001333333333333333200000233333333321001333333100000000000012312333200
11111111111111122222222233333333332333333333333333333200000000233333333333333310000123333333332100233333310000000000012212333200
01111111111111112222222233333333322333333333333333333310000000123333333333333331000012333333333200123333320000000000013123333100
11111111111211122222223333333333323333333333333333333331000000012333333333333332100001333333333320013333332000000000122223322100
01111111111000000000000000000000000000000033333333300032101100001333333333333333200000000000000000002333333000000000132223322100
11111111111033300300000330030003033330333003333333003033210100010233333333333333303330003300300003000233330030000001222233222100
01111111111030030300003003003030030000300303333333033033320000010123333333333333303003030030300003001233320330000012222233212100
11111111111030030300003003000300030000300303333333003033332001000112333333333333303330030030300003001222110030000122222332222100
11111111111033300300003333000300033300333003333333303033333100000111333333333333303003033330300003000122111030112222223322222100
12212111122030000300003003000300030000303003333333303033333321000011233333333333303003030030300003000011221030112222222222222100
12222221122030000333303003000300033330300303333333303033333320000011233333333222203330030030333303333001222030122222222222222200
12222221222000000000000000000000000000000003333333300033333210000012333222221100000000000000000000000000112000122222222222222200

0x00001643
11111001233333333333333333333333333333333333333333333332112101210011112332212333333200000000000000000000000012333333333333333100
11111001333333333333233323333333333333333333333333333333221011210001112322101222123321100000000000000000001223333333333333333200
01111012333333323233332333333333333333333333333333333333200001100011111232201001002321211122221000000000012333333333333333333200
01111012232333323333333333223333333333333333333333333333210001211211111133210001101110021133333222100000123333333333333333333200
01110012222333333333222223222233333333333333333333333333322110221321111123221101101001112123211233310122333333333333333333323200
01111022222322222223232223232233333333333333333333333333333322333332211112222211100002112123100111221133333332223333333333323200
01111122222323223223332222322223333333333333333333333333333333333333322111233321110001111113210000010123223331122233333333333200
01110122222222222222222222222323333333333333333333333333333333333333333210112233322112221112321001010113112211111123333333332200
01110122222222222222222222222233333333333333333333333333333333333333333320011123333333333211232001001112212100001111232233333200
01100122222222222222222222222222333333333333333333333333333333333233333320010013333333333332112221100111211101101111122223333200
01100122222222222222222222222222333333333333333333333333333333222222333320000013333333333333111123321221122110100000112223333200
01100111211222222222222222222232233333333333333333333333332223222222333210110013333333212223311012333333221222210000112322333200
00000111111222212222222222222222233333333333333333333333332211112111112111111113333333222322110112333333330123332210011221333300
00001111122221122222222221222223333333333333333333333333333211111111111111111112222112222221011112333212222123333310000231233300
00000112122221221222222222222222233333333333333333333333333322232222222222211233333111111011111122222112212123322222000132233200
00000011111121221222222222222223333333333333333333333333333333333333333333333333333222221111222232111111330011101000001312333200
11111111111111122233322333333333333333333333333332332333333333333333333333333333333322223333333223222223321000000000001321333200
11111111111111112223222233333333333333333333333332333333333333333333333333333333333333333333333333333333320000000000111321333200
11111111111111122222222233333333333333333333333333333333333333333333333333333333333333333333332223333332210000000000001312333200
01111111111111122222222233333333333333333333333333322222222222333333333333333221112333333333321112333332000000000000001312333200
01111111111111222222223333333333332333333333333333322000000001333333333333333200000233333333321001333333100000000000012312333200
11111111111111122222222233333333332333333333333333333200000000233333333333333310000123333333332100233333310000000000012212333200
01111111111111112222222233333333322333333333333333333310000000123333333333333331000012333333333200123333320000000000013123333100
11111111111211122222223333333333323333333333333333333331000000012333333333333332100001333333333320013333332000000000122223322100
01111111111000000000000000000000000000000033333333300032101100001333333333333333200000000000000000002333333000000000132223322100
11111111111033300300000330030003033330333003333333003033210100010233333333333333303330003300300003000233330030000001222233222100
01111111111030030300003003003030030000300303333333033033320000010123333333333333303003030030300003001233320330000012222233212100
11111111111030030300003003000300030000300303333333003033332001000112333333333333303330030030300003001222110030000122222332222100
11111111111033300300003333000300033300333003333333303033333100000111333333333333303003033330300003000122111030112222223322222100
12212111122030000300003003000300030000303003333333303033333321000011233333333333303003030030300003000011221030112222222222222100
12222221122030000333303003000300033330300303333333303033333320000011233333333222203330030030333303333001222030122222222222222200
12222221222000000000000000000000000000000003333333300033333210000012333222221100000000000000000000000000112000122222222222222200

0x00001654
11111001233333333333333333333333333333333333333333333332112101210011112332212333333200000000000000000000000012333333333333333100
11111001333333333333233323333333333333333333333333333333221011210001112322101222123321100000000000000000001223333333333333333200
01111012333333323233332333333333333333333333333333333333200001100011111232201001002321211122221000000000012333333333333333333200
01111012232333323333333333223333333333333333333333333333210001211211111133210001101110021133333222100000123333333333333333333200
01110012222333333333222223222233333333333333333333333333322110221321111123221101101001112123211233310122333333333333333333323200
01111022222322222223232223232233333333333333333333333333333322333332211112222211100002112123100111221133333332223333333333323200
01111122222323223223332222322223333333333333333333333333333333333333322111233321110001111113210000010123223331122233333333333200
01110122222222222222222222222323333333333333333333333333333333333333333210112233322112221112321001010113112211111123333333332200
01110122222222222222222222222233333333333333333333333333333333333333333320011123333333333211232001001112212100001111232233333200
01100122222222222222222222222222333333333333333333333333333333333233333320010013333333333332112221100111211101101111122223333200
01100122222222222222222222222222333333333333333333333333333333222222333320000013333333333333111123321221122110100000112223333200
01100111211222222222222222222232233333333333333333333333332223222222333210110013333333212223311012333333221222210000112322333200
00000111111222212222222222222222233333333333333333333333332211112111112111111113333333222322110112333333330123332210011221333300
00001111122221122222222221222223333333333333333333333333333211111111111111111112222112222221011112333212222123333310000231233300
00000112122221221222222222222222233333333333333333333333333322232222222222211233333111111011111122222112212123322222000132233200
00000011111121221222222222222223333333333333333333333333333333333333333333333333333222221111222232111111112211101100000132133200
00000011111111211221212222222222333333333333333333333333333333333333333333333333333333322223333333232222223211000000001122133300
00000011111111211221122212222222323333333333333333333333333333333333333333333333333333333333333333333333333110000000001123133300
00000001111111111111121112222223333333333333333333333333333333333333333333333333333333333333333322233333322000000000000122133300
00000001111112111221211122222222333333333333333333333333332222222223333333333333211111233333333311123333310000000000000122133200
00000000111111111121212222222222333333333333333333333333332000000012333333333333310000123333333321012333331000000000000132233200
00000000111111111121211122222222232233333333333333333333333200000001333333333333331000013333333331001333333100000000000231233200
00000000112111111111221222222222222333333333333333333333333320000000133333333333332101001333333332100233333200000000001221233200
00000000011121111111211222222222323333333333333333333333333332110110023333333333333210011233333333310023333320000000012212333200
00000000011000000000000000000000000000000033333333300033333333200111012333333333300000000000000000031013333000000000012212332200
00000000011033300300000330030003033330333003333333003033333333310110001333333333303330003300300003032002330030000000122223322100
00000000000030030300003003003030030000300302333333033033333333331010001233333333303003030030300003031012320330000001222233311100
00000000000030030300003003000300030000300303333333003033333333332000001123333333303330030030300003010012210030000012212233222100
00000000000033300300003333000300033300333003333333303033333333333200001112333333303003033330300003000001221030111122222322222100
00000000000030000300003003000300030000303003333333303033333333333310011112333333303003030030300003000000122030212222222222222100
00000000000030000333303003000300033330300303333333303033333333333200000123332221103330030030333303333000012030212222222222222100
01000000000000000000000000000000000000000002233333300033333333332000000012111000000000000000000000000000001000111222222222222100

0x00001686
12222221112111112110001333333333333333333333333333333333333333332111100111233333333322210000000000000000000001122333333333322100
12122111111111111110002333333333333333333333333333333333333333333200110111133332233333310000000000000000000012233333333333333100
12111111111111111110012333333333333333332333333333333333333333333201111011123221022212332211122000000000001223333333333333333200
11111111111111111110013333333333333333332333333333333333333333333300200011112221000101232211233322110000012333333333333333333200
12111001111111111110023333333333333333333333333333333333333333333320121211112322000000210112233333332100122333333333333333333200
11100001111111111100123233333333333333333233333333333333333333333331232321111232211010100211133211233211333333333333333333333200
01111000111111111100122333322333322223322333333333333333333333333333333333211123332110001211123200111211333333222233333333333200
01111000011111111100122233222222333322332333333333333333333333333333333333332111233221111221112210000111232232211222333333333200
00001000011101111100122223333223323332333333333333333333333333333333333333333300112333333332112221001011131111111111233333333200
01100000000011111000122222232322323222223233333333333333333333333333333333333310111333333333332222111001122111001111123323333200
00000000000011101100122222222332222222222332333333333333333333333333323222333310001233333333333212222212222221100000112332333200
00001000000011101100112222222232222222223222233333333333333333333333323222333310001233333322333321113333331222200000112322333200
00000111111222212222222222222222233333333333333333333333332211112111112111111113333333222322110112333333330123332210011221333300
00001111122221122222222221222223333333333333333333333333333211111111111111111112222112222221011112333212222123333310000231233300
00000112122221221222222222222222233333333333333333333333333322232222222222211233333111111011111122222112212123322222000132233200
00000011111121221222222222222223333333333333333333333333333333333333333333333333333222221111222232111111112211101100000132133200
00000011111111211221212222222222333333333333333333333333333333333333333333333333333333322223333333232222223211000000001122133300
00000011111111211221122212222222323333333333333333333333333333333333333333333333333333333333333333333333333110000000001123133300
00000001111111111111121112222223333333333333333333333333333333333333333333333333333333333333333322233333322000000000000122133300
00000001111112111221211122222222333333333333333333333333332222222223333333333333211111233333333311123333310000000000000122133200
00000000111111111121212222222222333333333333333333333333332000000012333333333333310000123333333321012333331000000000000132233200
00000000111111111121211122222222232233333333333333333333333200000001333333333333331000013333333331001333333100000000000231233200
00000000112111111111221222222222222333333333333333333333333320000000133333333333332101001333333332100233333200000000001221233200
00000000011121111111211222222222323333333333333333333333333332110110023333333333333210011233333333310023333320000000012212333200
00000000011000000000000000000000000000000033333333300033333333200111012333333333300000000000000000031013333000000000012212332200
00000000011033300300000330030003033330333003333333003033333333310110001333333333303330003300300003032002330030000000122223322100
00000000000030030300003003003030030000300302333333033033333333331010001233333333303003030030300003031012320330000001222233311100
00000000000030030300003003000300030000300303333333003033333333332000001123333333303330030030300003010012210030000012212233222100
00000000000033300300003333000300033300333003333333303033333333333200001112333333303003033330300003000001221030111122222322222100
00000000000030000300003003000300030000303003333333303033333333333310011112333333303003030030300003000000122030212222222222222100
00000000000030000333303003000300033330300303333333303033333333333200000123332221103330030030333303333000012030212222222222222100
01000000000000000000000000000000000000000002233333300033333333332000000012111000000000000000000000000000001000111222222222222100

0x00001697
12222221112111112110001333333333333333333333333333333333333333332111100111233333333322210000000000000000000001122333333333322100
12122111111111111110002333333333333333333333333333333333333333333200110111133332233333310000000000000000000012233333333333333100
12111111111111111110012333333333333333332333333333333333333333333201111011123221022212332211122000000000001223333333333333333200
11111111111111111110013333333333333333332333333333333333333333333300200011112221000101232211233322110000012333333333333333333200
12111001111111111110023333333333333333333333333333333333333333333320121211112322000000210112233333332100122333333333333333333200
11100001111111111100123233333333333333333233333333333333333333333331232321111232211010100211133211233211333333333333333333333200
01111000111111111100122333322333322223322333333333333333333333333333333333211123332110001211123200111211333333222233333333333200
01111000011111111100122233222222333322332333333333333333333333333333333333332111233221111221112210000111232232211222333333333200
00001000011101111100122223333223323332333333333333333333333333333333333333333300112333333332112221001011131111111111233333333200
01100000000011111000122222232322323222223233333333333333333333333333333333333310111333333333332222111001122111001111123323333200
00000000000011101100122222222332222222222332333333333333333333333333323222333310001233333333333212222212222221100000112332333200
00001000000011101100112222222232222222223222233333333333333333333333323222333310001233333322333321113333333222221100011232233200
00001000000000010000112222222222222222223222333333333333333333333333112221222111111233333332323211113333333312333221011233233300
01101000000000111000122222222222222222222222323333333333333333333333011111111111112233222222332111113333223321333332110123223200
00000000000000010000112112222222222122222222223333333333333333333332222222222222112333211111111111222332222222333332210123223200
00000000000000000010111121222222222122222222233333333333333333333333333333333333323333322221112222322222122232221121100113223300
00000000000000000000111111222222222222222222233333333333333333333333333333333333333333333332223333332322222331000000001113323300
00100000000000000000012112112222222222222222223333333333333333333333333333333333333333333333333333333333333331000000000113323300
01000000000000000000011112111212222222222222223333333333333333333333333333333333333333333333333333323333333210000000000113323200
01100000000000000000011222222212222222222222223333333333333333333321222233333333333321111233333333211233333100000000000113223200
01000000000000000000001222222222222222222222232333333333332333333200010123333333333331000123333333210123333210000000000123223200
00000000000000000000001122122221222222212222233333333333332333333200000013333333333333100013333333331023333320000000000122223200
00100000000000000000000122222222222222222222233233333333323333333321000001333333333333210002333333332012333332000000000122123200
01100000000000100000000112222222122222222222333333333333323333333332110010233333333333321001233333333211333332100000001222233200
01100000000000000000000000000000000000000022333233300033233333333333210000133333300000000000000000033320133000200000001222233200
01100000001033300300000330030003033330333003333333003032233333333333321100013333303330003300300003033331120030100000012222333200
01101000000030030300003003003030030000300302232233033022333333333333331001112333303003030030300003033221120330000000122223322100
01111000010030030300003003000300030000300302222333003023333333333333332100111233303330030030300003022100120030111011222223322200
01111101000033300300003333000300033300333002223333303033333333333333333200011233303003033330300003000000112030111112222222222100
01111101110030000300003003000300030000303003333333303033333333333333333200011233303003030030300003000000012030222122222222222100
11111101111030000333303003000300033330300303333332203033333333333333332000001222103330030030333303333000001030211222222222222100
01111111111000000000000000000000000000000002222221100033333333333333220000000000000000000000000000000000000000111122222222222200

0x000016b8
12112223333321112221222222222221111123333333333333333333333333333333333333111112333322210000000000000000000000000122323333332100
12211222222221112222112111222221111233333333333333333333333333333333333332001111333333332110000000000000000000012233333333233200
13222223211111111121111111112111111333333333333333333333333333333333333331210111332112332332100000000000000001233333333333333200
13323333211111111111111111111111112333333333333333333333333333333333333333210111232101111233211122110000000012333333333333333200
13332222111111111111111111111111113333333333333333333333333333333333333333201111122211011022111133332211000223333333333333333200
13322221111111110001111111111111013333333333333333333333333333333333333333222211113221111121011223222333112333333333333333333200
12222221121111111000111111111110023233333333333333333333333333333333333333333321112332211010121123210122212333332233333333333200
01111111111111111100111111111110023233333333333333333333333333333333333333333332221123321100121122210001112332332122233333333200
00000000010011111110011111111100122223233333333322233333333333333333333333333333333111233322232111320001112221221111122333333200
00000000001111111100001111111100112222223333333322222333333333333333333333333333333111123333333322222000001121110101112233333200
00000000001101101000001111111100122222222333333223332222333333333333333333332223333101113333333333212222102122210101111123223200
00000000001111111111101111111100122222222233223233322232333333333333333333332222333201113333333333321123323223321100011232233200
00001000000000010000112222222222222222223222333333333333333333333333112221222111111233333332323211113333333312333221011233233300
01101000000000111000122222222222222222222222323333333333333333333333011111111111112233222222332111113333223321333332110123223200
00000000000000010000112112222222222122222222223333333333333333333332222222222222112333211111111111222332222222333332210123223200
00000000000000000010111121222222222122222222233333333333333333333333333333333333323333322221112222322222122232221121100113223300
00000000000000000000111111222222222222222222233333333333333333333333333333333333333333333332223333332322222331000000001113323300
00100000000000000000012112112222222222222222223333333333333333333333333333333333333333333333333333333333333331000000000113323300
01000000000000000000011112111212222222222222223333333333333333333333333333333333333333333333333333323333333210000000000113323200
01100000000000000000011222222212222222222222223333333333333333333321222233333333333321111233333333211233333100000000000113223200
01000000000000000000001222222222222222222222232333333333332333333200010123333333333331000123333333210123333210000000000123223200
00000000000000000000001122122221222222212222233333333333332333333200000013333333333333100013333333331023333320000000000122223200
00100000000000000000000122222222222222222222233233333333323333333321000001333333333333210002333333332012333332000000000122123200
01100000000000100000000112222222122222222222333333333333323333333332110010233333333333321001233333333211333332100000001222233200
01100000000000000000000000000000000000000022333233300033233333333333210000133333300000000000000000033320133000200000001222233200
01100000001033300300000330030003033330333003333333003032233333333333321100013333303330003300300003033331120030100000012222333200
01101000000030030300003003003030030000300302232233033022333333333333331001112333303003030030300003033221120330000000122223322100
01111000010030030300003003000300030000300302222333003023333333333333332100111233303330030030300003022100120030111011222223322200
01111101000033300300003333000300033300333002223333303033333333333333333200011233303003033330300003000000112030111112222222222100
01111101110030000300003003000300030000303003333333303033333333333333333200011233303003030030300003000000012030222122222222222100
11111101111030000333303003000300033330300303333332203033333333333333332000001222103330030030333303333000001030211222222222222100
01111111111000000000000000000000000000000002222221100033333333333333220000000000000000000000000000000000000000111122222222222200

0x000016c9
12112223333321112221222222222221111123333333333333333333333333333333333333111112333322210000000000000000000000000122323333332100
12211222222221112222112111222221111233333333333333333333333333333333333332001111333333332110000000000000000000012233333333233200
13222223211111111121111111112111111333333333333333333333333333333333333331210111332112332332100000000000000001233333333333333200
13323333211111111111111111111111112333333333333333333333333333333333333333210111232101111233211122110000000012333333333333333200
13332222111111111111111111111111113333333333333333333333333333333333333333201111122211011022111133332211000223333333333333333200
13322221111111110001111111111111013333333333333333333333333333333333333333222211113221111121011223222333112333333333333333333200
12222221121111111000111111111110023233333333333333333333333333333333333333333321112332211010121123210122212333332233333333333200
01111111111111111100111111111110023233333333333333333333333333333333333333333332221123321100121122210001112332332122233333333200
00000000010011111110011111111100122223233333333322233333333333333333333333333333333111233322232111320001112221221111122333333200
00000000001111111100001111111100112222223333333322222333333333333333333333333333333111123333333322222000001121110101112233333200
00000000001101101000001111111100122222222333333223332222333333333333333333332223333101113333333333212222102122210101111123223200
00000000001111111111101111111100122222222233223233322232333333333333333333332222333201113333333333321123323223322110000123323200
00000000000001110111001101111100122222222333323323322232333333333333333333331212222111113333332223321113333333212322110112323200
00000000011111101111001111111110022222223232222222233333333333333333333333321111111111222322232233201113333233212333320001332200
00000000001000000000001101111110022211222222222222223323333333333333333333322222211111233321111111111213332122233332322101232200
00011111111111010100011111111000012222222222222222222222233333333333333333333333333223333322221011112311211112222221210001232200
01111010000110100000000110111100011222222221222222222223333333333333333333333333333333333333332223333332222223310000000000232100
01111110001111100100000110011100012222222222222222223223333333333333333333333333333333333333333333333333333333210000000011132100
01111111111111110000011010110100001221222222222222222223333333333333233333333333333333333322333333333222333332110000000010132200
11111111111111110000010010000000001222222222222222222222333333333333333332112333333333332111233333333111333332000000000010132200
11111110111111000000000000000000001122222222222222222222333333333333333331001233333333332100023333333210233333100000000001232200
01111111111110000001000000100000000122222222222222222223333333333333333321000133333333333210002333333320123333200000000001222200
01111111111110110001000011000000000112222222222122222223333333333333333320101013333333333320001233333332012333320000000001322200
01112111111111100001100011111001001112222222222222222233333333333333333332001112333333333332100133333333101333332000000012222200
12112121121000000000000000000000000000000022222222200033333333333333333332100111200000000000000000033333310000332000000012223200
11122222221033300300000330030003033330333002222222003033333333333333333333310111103330003300300003033333320030322000000122223200
02222222221030030300003003003030030000300302222222033022333333333333333333321011103003030030300003033333210330210000001222233100
01222222322030030300003003000300030000300302223332003032333333333333333333332101103330030030300003022211000030111111112222222100
12222210121033300300003333000300033300333002223222303033333333333333333333333100103003033330300003000000001030111122222222222100
12222210001030000300003003000300030000303003333333303033332223333333333333331000103003030030300003000000000030222222222222222100
12222221000030000333303003000300033330300303222322203021111123333333333333210000003330030030333303333000000030221112222221222200
12222221000000000000000000000000000000000001112211100010011233333332222211100000000000000000000000000000000000121002222222212100

0x000016d9
12112223333321112221222222222221111123333333333333333333333333333333333333111112333322210000000000000000000000000122323333332100
12211222222221112222112111222221111233333333333333333333333333333333333332001111333333332110000000000000000000012233333333233200
13222223211111111121111111112111111333333333333333333333333333333333333331210111332112332332100000000000000001233333333333333200
13323333211111111111111111111111112333333333333333333333333333333333333333210111232101111233211122110000000012333333333333333200
13332222111111111111111111111111113333333333333333333333333333333333333333201111122211011022111133332211000223333333333333333200
13322221111111110001111111111111013333333333333333333333333333333333333333222211113221111121011223222333112333333333333333333200
12222221121111111000111111111110023233333333333333333333333333333333333333333321112332211010121123210122212333332233333333333200
01111111111111111100111111111110023233333333333333333333333333333333333333333332221123321100121122210001112332332122233333333200
00000000010011111110011111111100122223233333333322233333333333333333333333333333333111233322232111320001112221221111122333333200
00000000001111111100001111111100112222223333333322222333333333333333333333333333333111123333333322222000001121110101112233333200
00000000001101101000001111111100122222222333333223332222333333333333333333332223333101113333333333212222102122210101111123223200
00000000001111111000000000000000000000000000000233322232333333333333333333332222333201113333333333321123323223322110000123323200
00000000000001110033300333330033300333300333330323322232333333333333333333331212222111113333332223321113333333212322110112323200
00000000011111100300030003000300030300030003000222233333333333333333333333321111111111222322232233201113333233212333320001332200
00000000001000000300000003000300030300030003002222223323333333333333333333322222211111233321111111111213332122233332322101232200
00011111111111010033300003000300030333300003002222222222233333333333333333333333333223333322221011112311211112222221210001232200
01111010000110100000030003000333330303000003002222222223333333333333333333333333333333333333332223333332222223310000000000232100
01111110001111100000030003000300030300300003002222223223333333333333333333333333333333333333333333333333333333210000000011132100
01111111111111110300030003000300030300030003002222222223333333333333233333333333333333333322333333333222333332110000000010132200
11111111111111110033300003000300030300003003002222222222333333333333333332112333333333332111233333333111333332000000000010132200
11111110111111000000000000000000000000000000002222222222333333333333333331001233333333332100023333333210233333100000000001232200
01111111111110000001000000100000000122222222222222222223333333333333333321000133333333333210002333333320123333200000000001222200
01111111111110110001000011000000000112222222222122222223333333333333333320101013333333333320001233333332012333320000000001322200
01112111111111100001100011111001001112222222222222222233333333333333333332001112333333333332100133333333101333332000000012222200
12112121121000000000000000000000000000000022222222200033333333333333333332100111200000000000000000033333310000332000000012223200
11122222221033300300000330030003033330333002222222003033333333333333333333310111103330003300300003033333320030322000000122223200
02222222221030030300003003003030030000300302222222033022333333333333333333321011103003030030300003033333210330210000001222233100
01222222322030030300003003000300030000300302223332003032333333333333333333332101103330030030300003022211000030111111112222222100
12222210121033300300003333000300033300333002223222303033333333333333333333333100103003033330300003000000001030111122222222222100
12222210001030000300003003000300030000303003333333303033332223333333333333331000103003030030300003000000000030222222222222222100
12222221000030000333303003000300033330300303222322203021111123333333333333210000003330030030333303333000000030221112222221222200
12222221000000000000000000000000000000000001112211100010011233333332222211100000000000000000000000000000000000121002222222212100

0x000016ea
13333221111011122233333332222221222222222111112333333333333333333333333333333321111222110000000000000000000000000001122222222100
13333322121101112222233332121222122122222111113333333333333333333333333333333321111233332111000000000000000000000122333333333100
13333332222222222222222222111122222122121111123333333333333333333333333333333331111233333333220000000000000000012333333333333200
13333333333333333333322111111111121112221011133333333333333333333333333333333333111133211222332200110000000000223333333333333200
13333333333333333333321111111111111111221000233333333333333333333333333333333333201123210100133212232221000012233333333333333200
12222233323333333333321111111111111112111001333333333333333333333333333333333333211112320100021011233333210023333333333333333200
11111122222222222222222121111111111111111001333333333333333333333333333333333333321112321101010111233112221133333333333333333200
01111111111111111222222121110011111111110002233333333333332333333333333333333333333221222221100121122100112332332122233333333200
00000000010011111110011111111100122223233333333322233333333333333333333333333333333111233322232111320001112221221111122333333200
00000000001111111100001111111100112222223333333322222333333333333333333333333333333111123333333322222000001121110101112233333200
00000000001101101000001111111100122222222333333223332222333333333333333333332223333101113333333333212222102122210101111123223200
00000000001111111000000000000000000000000000000233322232333333333333333333332222333201113333333333321123323223322110000123323200
00000000000001110033300333330033300333300333330323322232333333333333333333331212222111113333332223321113333333212322110112323200
00000000011111100300030003000300030300030003000222233333333333333333333333321111111111222322232233201113333233212333320001332200
00000000001000000300000003000300030300030003002222223323333333333333333333322222211111233321111111111213332122233332322101232200
00011111111111010033300003000300030333300003002222222222233333333333333333333333333223333322221011112311211112222221210001232200
01111010000110100000030003000333330303000003002222222223333333333333333333333333333333333333332223333332222223310000000000232100
01111110001111100000030003000300030300300003002222223223333333333333333333333333333333333333333333333333333333210000000011132100
01111111111111110300030003000300030300030003002222222223333333333333233333333333333333333322333333333222333332110000000010132200
11111111111111110033300003000300030300003003002222222222333333333333333332112333333333332111233333333111333332000000000010132200
11111110111111000000000000000000000000000000002222222222333333333333333331001233333333332100023333333210233333100000000001232200
01111111111110000001000000100000000122222222222222222223333333333333333321000133333333333210002333333320123333200000000001222200
01111111111110110001000011000000000112222222222122222223333333333333333320101013333333333320001233333332012333320000000001322200
01112111111111100001100011111001001112222222222222222233333333333333333332001112333333333332100133333333101333332000000012222200
12112121121000000000000000000000000000000022222222200033333333333333333332100111200000000000000000033333310000332000000012223200
11122222221033300300000330030003033330333002222222003033333333333333333333310111103330003300300003033333320030322000000122223200
02222222221030030300003003003030030000300302222222033022333333333333333333321011103003030030300003033333210330210000001222233100
01222222322030030300003003000300030000300302223332003032333333333333333333332101103330030030300003022211000030111111112222222100
12222210121033300300003333000300033300333002223222303033333333333333333333333100103003033330300003000000001030111122222222222100
12222210001030000300003003000300030000303003333333303033332223333333333333331000103003030030300003000000000030222222222222222100
12222221000030000333303003000300033330300303222322203021111123333333333333210000003330030030333303333000000030221112222221222200
12222221000000000000000000000000000000000001112211100010011233333332222211100000000000000000000000000000000000121002222222212100

0x000016fb
13333221111011122233333332222221222222222111112333333333333333333333333333333321111222110000000000000000000000000001122222222100
13333322121101112222233332121222122122222111113333333333333333333333333333333321111233332111000000000000000000000122333333333100
13333332222222222222222222111122222122121111123333333333333333333333333333333331111233333333220000000000000000012333333333333200
13333333333333333333322111111111121112221011133333333333333333333333333333333333111133211222332200110000000000223333333333333200
13333333333333333333321111111111111111221000233333333333333333333333333333333333201123210100133212232221000012233333333333333200
12222233323333333333321111111111111112111001333333333333333333333333333333333333211112320100021011233333210023333333333333333200
11111122222222222222222121111111111111111001333333333333333333333333333333333333321112321101010111233112221133333333333333333200
01111111111111111222222121110011111111110002233333333333332333333333333333333333333221222221100121122100111133333322233333333100
00000000000000100111111111111101111111110002223323333333333333333333333333333333333333212333211121112210011123222111222333333200
00111000000000000100111111111101111111110002223223333333333333333333333333333333333333311123333333212320010112211111111233333200
00000000000000000000011111111111111111110002222223333333323222323333333333333333333333310112333333333222220112222111011123323200
00000000000000011000000000000000000000000000000233333233332322223333333333333333332233320012333333333211232232232211000112322200
00000000000000000033300333330033300333300333330232233333233223323333333333333333332222211112333332223321133333332222210011232200
00000001000010000300030003000300030300030003000222223223223322322333333333333333331111111222333332332111133332321233332001133200
00000000000001000300000003000300030300030003002222222222223333332233333333333333331121111223211121111111123321222333332210133100
00110010111111110033300003000300030333300003002222222222222233322333333333333333332333233333322221111123212111222223222111123100
01111011111111110000030003000333330303000003002222222222222232222333333333333333333333333333333332222333222222232110000001123100
01101111001111110000030003000300030300300003002222222222222222322233333333333333333333333333333333333333333333331100000001123100
01100010001111110300030003000300030300030003002122222222222222222233333333333333333333333333323333333333233333221000000001123100
01111111111111110033300003000300030300003003002222222222222222223333333333333333233333333332111233333332123333210000000001123100
01111111111111111000000000000000000000000000002222222222222222222333333333333332123333333332100123333332112333320000000001123100
01111111111111111111111001111111110101000000012222222222222223223333333333333321013333333333200013333333201333331000000000122200
11111111111111111111111111111111111111000100012222222222222223333333333332233310002333333333310012333333320233332100000001132200
01111111111111111111111111111111111011100110011222222222222223233333333332333310011233333333331001233333331123333200000001222200
11111111111000000000000000000000000000000011010122200022222223333333333323333321000000000000000000023333333000333310000002222200
11111111111033300300000330030003033330333001010112003022222222323333333233333332103330003300300003013333330030332210000012223200
12111111111030030300003003003030030000300301011112033032223323223333333333333333203003030030300003013333320330221100000122223200
12122222221030030300003003000300030000300301111133003032223333333333333333333333303330030030300003022211110030111111111222223200
11122222122033300300003333000300033300333001112333303033222332323333333333333333203003033330300003000000000030221111211222222200
12222222222030000300003003000300030000303001233333303032222211111133333333333332003003030030300003000000000030222222222222222100
13322222222030000333303003000300033330300301221111103022111100001233333333222211003330030030333303333000000030122211222222222100
13333222222000000000000000000000000000000000000000000000000000002322222111000000000000000000000000000000000000011100122222222100

0x0000172d
13333333333333333322222222333333333322222222222211111233333333333333333333333333320010110000000000000000000000000000011111111000
13333333333333333212211112222333333222222222222211111233333333333333333333333333332111332111000000000000000000000001122222222100
13333333333333333321111112221222333111121222222111111333333333333333333333333333333211333333222100000000000000001122333333333200
13333333333333333333222223222222122112111222212101112333333333333333333333333333333311233223333310000000000000012233333333333200
13333333333333333333333333333332121211111112212111013333333333333333333333333333333321132101212321112221000001122333333333333200
12222222233333333333333333333332111111111111111100023333333333333333333333333333333331123210001221113333221002233333333333333200
11111111211122222222222233333332111111111111121100123333333333333333333333333333333331113211000211112322333112333333333333333200
01111111111111111111112222222222222110111111111000133333333333333333333333333333333332112222211111212321122213333332233333333200
01010100100011111111111111111111111110111111111000222333333333333333333333333333333333332223332112211221001112322321222233333200
00111110111111101100000000111111111110111111111000222233333333332233333333333333333333333211233323331222101112321211111123333200
00000000000011100000000000111111111111011111111000222232332333232232333333333333333333333311123333333332211112232111111112333200
00000000000011001000000000000000000000000000000000222222332332232232333333333333333333223310123333333332222223222211100111333100
00000000000000000033300333330033300333300333330001222222223333323333332333333333333333222211123333332333112333333222211001233200
00100000000000100300030003000300030300030003000000122122223232322332232333333333333333211111223333333321112333333223333101123200
00010000000000000300000003000300030300030003001100122222222222222233223333333333333333211112233211222221111332122233333221113200
00011010000011110033300003000300030333300003001000222222222222222222222233333333333333222223333211111111221222122223322221013200
01111111111111110000030003000333330303000003001000122222222222222222322233333333333333333333333322222223322222223211111100113200
01111011111111110000030003000300030300300003001000112222222222222222233233333333333333333333333333333333333333333200000000012200
01111111111111110300030003000300030300030003001000011112222222222222223333333333333333333333332333333333323333332100000000112200
01111111111111110033300003000300030300003003000000012122222222222222232233333333233333333333321112333333211333321000000000013200
01111011111111111000000000000000000000000000001000001222222222222222233333333333233333333333321001333333310233331000000000013200
01111111111111111111111111111110100111010101111010001222222222222222323333333332333213333333333100233333331123333100000000123200
01111111111111111111112221111111100011110111110111000122222222222222333333333323332012333333333210123333332113333210000000122100
01111111111111111111221222111111111001101101111111110112222222222233333333333323321011233333333321012333333211333320000000122200
11111111121000000000000000000000000000000011111111100002222222222222232333333333300000000000000000012333333000233321000001222200
12221111211033300300000330030003033330333001110111003012332322222323233333322333303330003300300003011233330030233210000011222200
13332222212030030300003003003030030000300301111111033023332332322332233332333333303003030030300003001233220330221110000112223200
13333332222030030300003003000300030000300301111111003033333332222332333322333333303330030030300003000111110030211111111122222100
13333333332033300300003333000300033300333001111111103033333332111111122333333333303003033330300003000000000030222211111222222100
13333333333030000300003003000300030000303001000111203012222222111000013333333333303003030030300003000000000030122111112222222100
13333333333030000333303003000300033330300300000000003000011111000000123322222211103330030030333303333000000030011211122221222100
13333333333000000000000000000000000000000000000000000000000000000000121111000000000000000000000000000000000000001110011221122100

0x0000175f
01110100123333333333333333333333333333333333222222222222111233333333333333333333333332000000000000000000000000000000000000000000
01111110123333333333333333333323323333333333221222222221111123333333333333333333333333210111000000000000000000000000011122221000
00000010123333333333333333333322211222233333211122221221111123333333333333333333333333321233222100000000000000000002223333333200
00000000023333333333333333333322211222233333212122222221011133333333333333333333333333332233333322100000000000012233333333333200
13333333333333333333333333333332121211111112212111013333333333333333333333333333333321132101212321112221000001122333333333333200
12222222233333333333333333333332111111111111111100023333333333333333333333333333333331123210001221113333221002233333333333333200
11111111211122222222222233333332111111111111121100123333333333333333333333333333333331113211000211112322333112333333333333333200
01111111111111111111112222222222222110111111111000133333333333333333333333333333333332112222211111212321122213333332233333333200
01010100100011111111111111111111111110111111111000222333333333333333333333333333333333332223332112211221001112322321222233333200
00111110111111101100000000111111111110111111111000222233333333332233333333333333333333333211233323331222101112321211111123333200
00000000000011100000000000111111111111011111111000222232332333232232333333333333333333333311123333333332211112232111111112333200
00000000000011001000000000000000000000000000000000222222332332232232333333333333333333223310123333333332222223222211100111333100
00000000000000000033300333330033300333300333330001222222223333323333332333333333333333222211123333332333112333333222211001233200
00100000000000100300030003000300030300030003000000122122223232322332232333333333333333211111223333333321112333333223333101123200
00010000000000000300000003000300030300030003001100122222222222222233223333333333333333211112233211222221111332122233333221113200
00011010000011110033300003000300030333300003001000222222222222222222222233333333333333222223333211111111221222122223322221013200
01111111111111110000030003000333330303000003001000122222222222222222322233333333333333333333333322222223322222223211111100113200
01111011111111110000030003000300030300300003001000112222222222222222233233333333333333333333333333333333333333333200000000012200
01111111111111110300030003000300030300030003001000011112222222222222223333333333333333333333332333333333323333332100000000112200
01111111111111110033300003000300030300003003000000012122222222222222232233333333233333333333321112333333211333321000000000013200
01111011111111111000000000000000000000000000001000001222222222222222233333333333233333333333321001333333310233331000000000013200
01111111111111111111111111111110100111010101111010001222222222222222323333333332333213333333333100233333331123333100000000123200
01111111111111111111112221111111100011110111110111000122222222222222333333333323332012333333333210123333332113333210000000122100
01111111111111111111221222111111111001101101111111110112222222222233333333333323321011233333333321012333333211333320000000122200
11111111121000000000000000000000000000000011111111100002222222222222232333333333300000000000000000012333333000233321000001222200
12221111211033300300000330030003033330333001110111003012332322222323233333322333303330003300300003011233330030233210000011222200
13332222212030030300003003003030030000300301111111033023332332322332233332333333303003030030300003001233220330221110000112223200
13333332222030030300003003000300030000300301111111003033333332222332333322333333303330030030300003000111110030211111111122222100
13333333332033300300003333000300033300333001111111103033333332111111122333333333303003033330300003000000000030222211111222222100
13333333333030000300003003000300030000303001000111203012222222111000013333333333303003030030300003000000000030122111112222222100
13333333333030000333303003000300033330300300000000003000011111000000123322222211103330030030333303333000000030011211122221222100
13333333333000000000000000000000000000000000000000000000000000000000121111000000000000000000000000000000000000001110011221122100

0x0000176f
01110100123333333333333333333333333333333333222222222222111233333333333333333333333332000000000000000000000000000000000000000000
01111110123333333333333333333323323333333333221222222221111123333333333333333333333333210111000000000000000000000000011122221000
00000010123333333333333333333322211222233333211122221221111123333333333333333333333333321233222100000000000000000002223333333200
00000000023333333333333333333322211222233333212122222221011133333333333333333333333333332233333322100000000000000123233333333200
00000000123333333333333333333333322332233222221111122211111233333333333333333333333333333232212213310100000000002333333333333200
00000011122233333333333333333333333333333222211111111211101333333333333333333333333333333222201101321123221000123333333333333200
00111111112122222222233223333333333333333222211111111110002333333333333333332333333333333322210000210123323220123333333333333200
01111111111111122111222222222223333333333222111111111110012333333333333333333333333333333321222101200113211221123333223333333200
12211111111011111111111111111111122122222222111111111110012223333333333333333333333333333331123221001112210000123123111223333200
12322222111111111111111111111110111111111111101111111110012222322333333333333333333333333333311233222211220011123112111122323200
12332222222100001111111111111100001111111111101111111100012232223223323333333333333333333333310123333322222000012211111111233200
12332222222000000000000000000000000000000000000111111100012222233222322232322333333333333333320113333333321121021221110001123200
12222222222100000033300333330033300333300333330111111100012222232322332233332333333333333333221113333222322013232232211000112200
13322222221100000300030003000300030300030003000111011110012222222333222233333333333333333332111123333322221113333331233320011200
12223222211100000300000003000300030300030003001111111110012222222222222222333333333333333332111232111111111113321122233331111100
13332222211101100033300003000300030333300003001111110111012222222222222222332333333333333332222332111111112111121221232221101100
13333321111111110000030003000333330303000003001101110110011222222222222222222233333333333332333333232112223221111231000000011100
13333221111111110000030003000300030300300003001111111100001122222222222222333333333333333333333333333333333333333321000000011100
13322111111111110300030003000300030300030003001111110110001112222222222222222233333333333333333333333333332233333210000000011100
13322111111111110033300003000300030300003003001111011100000112222222222222222333333333333333333311123333331113333100000000001100
13332221111111111000000000000000000000000000001111111100000122222222222222332333333333333333333310002333333102333200000000011100
13333222111111111111111111112111211111001001111110111011110122222222222222232333333333333333333331001233333200233310000000001200
12333332221111111111111111211222221111111001111101111111110012222222222222233333333333321233333333100133333320133331000000001200
12333333322222112111221112221122222111111011111111111101110001222222222222333333333333210133333333310112333332113333100000012100
02333333333000000000000000000000000000000010111111100001111101233322222222333333300000000000000000031111333000202333200000122100
02333333333033300300000330030003033330333001111111003011111112333322222323233333303330003300300003032111230030112221000000122100
12333333333030030300003003003030030000300301011111033011111123333332222332233333303003030030300003032002220330121110000001222100
12333333333030030300003003000300030000300301111111003011111333333332112222223333303330030030300003020001000030122111111122222200
12333333333033300300003333000300033300333001111111103011123333333332110011123333303003033330300003000000000030121111112222222100
12333333333030000300003003000300030000303000000000003000011111221111110011233333203003030030300003000000000030011121112222222100
02333333333030000333303003000300033330300300000000003000000000000000000001221111003330030030333303333000000030000122011212122100
01233333333000000000000000000000000000000000000000000000000000000000000000000000000000000000000000000000000000000011001211122100

0x00001780
01110100123333333333333333333333333333333333222222222222111233333333333333333333333332000000000000000000000000000000000000000000
01111110123333333333333333333323323333333333221222222221111123333333333333333333333333210111000000000000000000000000011122221000
00000010123333333333333333333322211222233333211122221221111123333333333333333333333333321233222100000000000000000002223333333200
00000000023333333333333333333322211222233333212122222221011133333333333333333333333333332233333322100000000000000123233333333200
00000000123333333333333333333333322332233222221111122211111233333333333333333333333333333232212213310100000000002333333333333200
00000011122233333333333333333333333333333222211111111211101333333333333333333333333333333222201101321123221000123333333333333200
00111111112122222222233223333333333333333222211111111110002333333333333333332333333333333322210000210123323220123333333333333200
01111111111111122111222222222223333333333222111111111110012333333333333333333333333333333321222101200113211221123333223333333200
12211111111011111111111111111111122122222222111111111110012223333333333333333333333333333331123221001112210000123123111223333200
12322222111111111111111111111110111111111111101111111110012222322333333333333333333333333333311233222211220011123112111122323200
12332222222100001111111111111100001111111111101111111100012232223223323333333333333333333333310123333322222000012211111111233200
12332222222000000001111111111010001101111111111111111100012222233222322232322333333333333333320113333333321121021221110001123200
12222222222100000000000011111110101111111111110111111100012222232322332233332333333333333333221113333222322013232232211000112200
13322222221100000010010111111111111111111111110111011110012222222333222233333333333333333332111123333322221113333331233320011200
12223222211100001110011111111111111111111111111111111110012222222222222222333333333333333332111232111111111113321122233331111100
13332222211101101111111111111111111111111111101111110111012222222222222222332333333333333332222332111111112111121221232221101100
13333321111111111111111111111111111111111110001101110110011222222222222222222233333333333332333333232112223221111231000000011100
13333221111111111111111111111111111111111111001111111100001122222222222222333333333333333333333333333333333333333321000000011100
13322111111111111111111111111111111111111110001111110110001112222222222222222233333333333333333333333333332233333210000000011100
13322111111111111111111111111112111111111000011111011100000112222222222222222333333333333333333311123333331113333100000000001100
13332221111111111111111111111111121111000000111111111100000122222222222222332333333333333333333310002333333102333200000000011100
13333222111111111111111111112111211111001001111110111011110122222222222222232333333333333333333331001233333200233310000000001200
12333332221111111111111111211222221111111001111101111111110012222222222222233333333333321233333333100133333320133331000000001200
12333333322222112111221112221122222111111011111111111101110001222222222222333333333333210133333333310112333332113333100000012100
02333333333000000000000000000000000000000010111111100001111101233322222222333333300000000000000000031111333000202333200000122100
02333333333033300300000330030003033330333001111111003011111112333322222323233333303330003300300003032111230030112221000000122100
12333333333030030300003003003030030000300301011111033011111123333332222332233333303003030030300003032002220330121110000001222100
12333333333030030300003003000300030000300301111111003011111333333332112222223333303330030030300003020001000030122111111122222200
12333333333033300300003333000300033300333001111111103011123333333332110011123333303003033330300003000000000030121111112222222100
12333333333030000300003003000300030000303000000000003000011111221111110011233333203003030030300003000000000030011121112222222100
02333333333030000333303003000300033330300300000000003000000000000000000001221111003330030030333303333000000030000122011212122100
01233333333000000000000000000000000000000000000000000000000000000000000000000000000000000000000000000000000000000011001211122100

0x000017a1
00000001201333332101112333333333333333333333333322222222222222223333333333333333333333332100000000000000000000000000000000000000
00000002211333332001101333333333333333333333333333222222222222111233333333333333333333333210000000000000000000000000000011111100
00000003321333332001111333333333333333332222233333332212212221111123333333333333333333333332222110000000000000000000011222222100
00000003332333331001101333333333333333321211112233333111222221111113333333333333333333333333333332221000000000000001222333333200
00000003333333331000101333333333333333332211121122123211111121111123333333333333333333333333333223332100000000000112233333333200
00000002333333331000101333333333333333333322232223212211111111110133333333333333333333333333333112223211122110001222233333333100
00000000233333331011111222222233333333333333333333212211111111100233333333333333333333333333332210012211233322112322333333333200
00000000133333322111122122212222222222233333333333122111111111001233333333333333333333333333333211001211233223212333333333333200
00000000133333321111111111111111211222222222222222121111111111001232233333333333333333333333333222211112132101112333322223333200
00000000133333332211111111111110111111111111111111111111111111001223233333333333333333333333333222332112123200112322311112233200
00000000133333332222221011111111111111100001111111110111111111002222232333333233333333333333333321233333222210011321211111133200
00000000233333332222222111011111111111000001111111111011111110002222222332233222233333333333333331023333333222111222211000123200
00000000233333332222221000011111111111111001111111111011111110002222222222223322223333333333333331023333333321233333222110012200
00000000233333332222221110111111111111011111111111111011111110001122222222223323333333333333333211123333233221133333223322011200
00000000233333333232221100011111111111010111111111111001111111001112222222222223323333333333333312232222222111233223223333211100
00000000233333333332111111111111111111111111111111111101111111001212222222222222233333333333333322332111111111123222223332221000
00000000233333322222111111111111111111111111111111010111111110001122222222222222222333333333333333333332122222222223111111011000
00000000233333332321111111111111111111111111111111000111111110000122222222222222222333333333333333333333333333333323100000001000
00000000233333332211111111111111111111112111111111000111111110000122222222222222223233333332333333333333333333333332100000001000
00000001233333332111111111211111111111122111111000001111110100000122222222222222232333333332333333211233333322233321000000001100
01111112333333333211111111111111111211112111111000000111111111000012222222222222223333333333333333210123333321133321000000000000
12223233333333322322111111111111112111222211111100001111111111100011222222222222233333333333333333321012333332123332100000000000
12333333333333201233222111211121112112222221111100001111111111111101222222222222223333333333233333332101333333212333200000000100
13333333333333200233333222211122222112222221111101111111111110111101222222222222233233333321123333333211233333321233310000001100
13333333333000000000000000000000000000000022111111100011111110111111232222222233300000000000000000033321123000321133320000012200
13333333333033300300000330030003033330333002211111003011111111111112333322233233303330003300300003033321110030321122210000012200
13333333333030030300003003003030030000300302221111033011111110111133333331122222303003030030300003033320010330221121110000122200
12333333333030030300003003000300030000300302321111003011111111112333333321000112303330030030300003022200000030111111111111122100
12333222323033300300003333000300033300333002232000003000000000112222222221100012303003033330300003000000000030001111111111212100
12333223322030000300003003000300030000303002233100003000000000000001110000000123203003030030300003000000000030000122211111122100
13222322322030000333303003000300033330300303333200003000000000000000000000000011103330030030333303333000000030000011110112222100
13233333221000000000000000000000000000000003333100000000000000000000000000000000000000000000000000000000000000000000100121222100

0x000017d3
01000000000000001100000000123311123333333332222232233322222222222222333322221223333333333321000000000000000000000000000000000000
00000000001000111110011111123321113333333333333333333332222222222222223333332333333333333333200000000000000000000000000000000000
01110000000000000110011123223320113333333333333333333333322222222221111233333333333333333333322100000000000000000000000112122100
11122111111100000000011123323321113333333333333332222233333321212222111123333333333333333333333322110000000000000000012222233100
13222222222211100000000023323320113333333333333331211122233331112121100023333333333333333333333333332220000000000001222223332100
13333322333322111000000023333320113333333333333332211211222221111111110123333333333333233333333332123231000100000012233333333200
13333333333333211000000013333320112333333333333333333323322121111111000233333333333333333333333333101122112221110122232333333200
13333333333333211100000002333321111222232222333333333333331221111111001233333333333333333333333333100012112333322233332333333200
13333333333333211100000001333321111111121122222222222222321111111110001233333333333333333333333333321100121320121133332222333200
13333333333333211100000001333321011111111111111112112211211111111110001232333333333333333333333333322210121221001122222111222200
13333333333333221100000001333322111111111111111001111111110111111110002222333333332333333333333333311232232122001122122111123200
13333333333333321100000001333333211111111110100000000111111011111110002222223323322233322333333333320133333222111022211101112200
13333333333333211100000002333323210100111101111101101111111011111110002122222222222223333333333333320133333333222222222110001100
13333333333333222100000001333322211111111101101100111111111001111100001122222222223223233333333333320133332222212333322321101000
13333333333333222100000002333322111111110101111111111111111001111111001112222222222222233333333333321222222221102332322333210000
13333333333333221100000002333321111111111111111111111111101011111111001112222222222222233333333333322321111111111321222332222000
13333333333333221100000002333311111111111111111111111111110011111100001122222222222222222333333333333332211222211111221111101000
13333333333333322100000002333211111111111111111111111111110110111110001111222222222222222333333333333333333333323222320000000000
13333333333333222110000002333211121112111111111211111111000011111110000111222222222222323333333333333333333333333333210000000000
13333333333333222211111123333211111111111111221111111000001111001010000112122222222222223333333333332112333332123332100000000000
13333333333333333322223233333211111111111111121111110000001011111001000022222222222222223333332333332100233332112333100000000000
23333333333333333333333333333222211122112212222222110100001011111100100011222222222222233333333333333210123333311233310000000000
13333333333333333333333333332123221222122112222222111110101111111101101001222222222223333333323333333321013333321133320000000000
13333333333333333333333333332223332222222122222222211011111111101101111101322222222222333333321133333332112333332123332000000100
13333333333000000000000000000000000000000022222222200011111111111111111113332222200000000000000000033333211000333212332100001100
13333333333033300300000330030003033330333002222222003011111111011111111133333311203330003300300003033333310030332112221000001200
13333333333030030300003003003030030000300302222222033011111111111110112333333200103003030030300003033333100330111211110000012100
13333322333030030300003003000300030000300303332322003011111111111000122223222101003330030030300003022211000030001111111111122100
13333322332033300300003333000300033300333003333333203010000000000000001111111100003003033330300003000000000030000111111111122100
13233333333030000300003003000300030000303003333333303030000000000000000000000000003003030030300003000000000030000011111111112100
13333333333030000333303003000300033330300303333333303020000000000000000000000000003330030030333303333000000030000001110011121100
13333333333000000000000000000000000000000003333333300000000000000000000000000000000000000000000000000000000000000000010011111100

0x00001816
00000000000000000013321111100000000012223333233333210111002310112222223321222111111132222332210000000000000000000000000000000000
00000000000000000012222232211111100001111232333333321222212332222222222222333322211233333333332110000000000000000000000000000000
00000001000000000011122233322233321211321221333333333333333333222222222222223333333333333333333332000000000000000000000001111000
00000023111111111111111111111122222222232221333333333333333333322221222221112333333333333333333333211000000000000000001122222100
00000033212222222222221111111101110011133221333333333333322222333332112221111233333333333333333333333222100000000000112222223200
00000033323333333333232222222211000000033221333333333333312112222333112211110133333333333333333333333333310000000001222332333200
00000033323333333333333333333321100000023321333333333333322222222222111111100233333333333333333333333222221022110012222322333200
00000033333333333333333333333321100000013321233333333333333333333221111111001223333333333333333333333200121123322222323222333200
00000023333333333333333333333321110000002321122222222223333333333221111110002222333333333333333333333320011223212212333222333200
00000023333333333333333333333321110000012321111112121212222222222111111110002222323333333333333333333322101212200112323211223200
00000133333333333333333333333322110000012311111111111111111111110111111110012222222223333322333333333332221211210012312211112200
00000133333333333333333333333322210000013310111111111000011111110011111110012222222323333333333333333331233332321111221111111100
00000022333333333333333333333322210000013310011111111111011111111011111100012122222222223322233333333331233333322222322111001100
00000002333333333333333333333322200000013310111011111111011111111001111100012122222222333322333333333331233322222133333222210100
00000001333333333333333333333322100000013310111111111111111111111001011100011121222222222222333333333332223323211133332233321000
00000001333333333333333333333322100000013200111111111111111111101011111110011111222222222222233333333333211111121123222233332100
00000001333333333333333333333322200000013201111111111111111111100011111100001111222222222222233333333333222112232112122112211100
00000012333333333333333333333322210000013211111111111111111111110011111100001112222222222222233333333333333333332222232000000000
01100123333333333333333333333332210000023211111111111111111111100111011110001111121221222222233333333333233333323333321000000000
12111233333333333333333333333333222111233211111111112111111000001111111101000212122122222222333333333321123333221233210000000000
12233333333333333333333333333333333333333211111111111221110000001101111111000112222222222222333333333331012333321133320000000000
13333333333333333333333333333333333333333112121111122122111000001011111011100112222222222223333333333332101333332123321000000000
13333333333333333333333333333333333333333222122221212222210101011111111111110012222222222333333322333333210233333112332100000000
13333333333333333333333333333333333333333233222222222222221011101111111101110123222222222333333322233333321123333321333200000000
13333333333000000000000000000000000000000033332222200022222101111101111011111233300000000000000000023333332000333331233210000000
13333333333033300300000330030003033330333003333332003022222111101111111111112333303330003300300003023333330030323221122100001100
13333333333030030300003003003030030000300303333333033022222211101111111101123333303003030030300003013333220330111111111100011100
13333333333030030300003003000300030000300303333333003033322220000000000000122222203330030030300003012211110030000111111111111100
13333323322033300300003333000300033300333003333333303033333332000000000000011100003003033330300003000000000030000011111111111100
13333333332030000300003003000300030000303003333333303033333332000000000000000000003003030030300003000000000030000001111111111100
13333233333030000333303003000300033330300303333333303033333320000000000000000000003330030030333303333000000030000000011001112100
12333233333000000000000000000000000000000003333333300033333210000000000000000000000000000000000000000000000000000000000001111100

0x00001827
00000000000000000013321111100000000012223333233333210111002310112222223321222111111132222332210000000000000000000000000000000000
00000000000000000012222232211111100001111232333333321222212332222222222222333322211233333333332110000000000000000000000000000000
00000001000000000011122233322233321211321221333333333333333333222222222222223333333333333333333332000000000000000000000001111000
00000023111111111111111111111122222222232221333333333333333333322221222221112333333333333333333333211000000000000000001122222100
00000033212222222222221111111101110011133221333333333333322222333332112221111233333333333333333333333222100000000000112222223200
00000033323333333333232222222211000000033221333333333333312112222333112211110133333333333333333333333333310000000001222332333200
00000033323333333333333333333321100000023321333333333333322222222222111111100233333333333333333333333222221022110012222322333200
00000033333333333333333333333321100000013321233333333333333333333221111111001223333333333333333333333200121123322222323222333200
00000023333333333333333333333321110000002321122222222223333333333221111110002222333333333333333333333320011223212212333222333200
00000023333333333333333333333321110000012321111112121212222222222111111110002222323333333333333333333322101212200112323211223200
00000133333333333333333333333322110000012311111111111111111111110111111110012222222223333322333333333332221211210012312211112200
00000133333333333000000000000000000000000000000111111000011111110011111110012222222323333333333333333331233332321111221111111100
00000022333333330033300333330033300333300333330111111111011111111011111100012122222222223322233333333331233333322222322111001100
00000002333333330300030003000300030300030003000011111111011111111001111100012122222222333322333333333331233322222133333222210100
00000001333333330300000003000300030300030003001111111111111111111001011100011121222222222222333333333332223323211133332233321000
00000001333333330033300003000300030333300003001111111111111111101011111110011111222222222222233333333333211111121123222233332100
00000001333333330000030003000333330303000003001111111111111111100011111100001111222222222222233333333333222112232112122112211100
00000012333333330000030003000300030300300003001111111111111111110011111100001112222222222222233333333333333333332222232000000000
01100123333333330300030003000300030300030003001111111111111111100111011110001111121221222222233333333333233333323333321000000000
12111233333333330033300003000300030300003003001111112111111000001111111101000212122122222222333333333321123333221233210000000000
12233333333333333000000000000000000000000000001111111221110000001101111111000112222222222222333333333331012333321133320000000000
13333333333333333333333333333333333333333112121111122122111000001011111011100112222222222223333333333332101333332123321000000000
13333333333333333333333333333333333333333222122221212222210101011111111111110012222222222333333322333333210233333112332100000000
13333333333333333333333333333333333333333233222222222222221011101111111101110123222222222333333322233333321123333321333200000000
13333333333000000000000000000000000000000033332222200022222101111101111011111233300000000000000000023333332000333331233210000000
13333333333033300300000330030003033330333003333332003022222111101111111111112333303330003300300003023333330030323221122100001100
13333333333030030300003003003030030000300303333333033022222211101111111101123333303003030030300003013333220330111111111100011100
13333333333030030300003003000300030000300303333333003033322220000000000000122222203330030030300003012211110030000111111111111100
13333323322033300300003333000300033300333003333333303033333332000000000000011100003003033330300003000000000030000011111111111100
13333333332030000300003003000300030000303003333333303033333332000000000000000000003003030030300003000000000030000001111111111100
13333233333030000333303003000300033330300303333333303033333320000000000000000000003330030030333303333000000030000000011001112100
12333233333000000000000000000000000000000003333333300033333210000000000000000000000000000000000000000000000000000000000001111100

0x00001848
12112222221110000001322100001110112333101122333333333112000002212200012111232000000000010000000000000000000000000000000000000000
11112221222110000001222100000110002332000011112223333223210001112310112222232011112101132111222111000000000000000000000000000000
11112122222210000000111000100000001331110000012112211333332222223321222222222133333311233333333333210000000000000000000000000000
11121111222211000000000000010000001121110000023213321233333333333332222222222212333333333333333333332000000000000000000011122100
01111211222221100000000022111111111111110000011112332333333333333333322122222211133333333333333333333221000000000000001122222200
12111112111221110000000133122222222221111100000001232233333333332112333222111110013333333333333333333333221000000000112222223200
12111111112222110000000233233333333333222221000000133333333333331112222231111110013333333333333333333333322100100001222222223200
12212111212221211000000233333333333333333332110000133333333333332222222121111100023333333333333333333333212211321112222222333100
11211111222222211100000233333333333333333332110000013222333333333333333211111100122233333333333333333333310111322221233322332100
11122112222222211100000233333333333333333332110000013212222222222223332111111000122233333322333233333333310011220011233321222100
11211111222222211100000233333333333333333332220000013111111111111211111111111100212233332322332233333333332112121001232221112200
11111111222332211000000000000000000000000000000000013111111110011111100111111000222222222332332223333333332233222101122111101100
01111221122222220033300333330033300333300333330000012111111100011111100111111000212222222222222323333333333333333221122111001100
11111121222232220300030003000300030300030003000000022000011111111111110011101000211221222222222223333333332333232212333222110000
11122211221232220300000003000300030300030003000000022011111111111111110001111100111122222222222223333333332233232112332312332000
01112211122233220033300003000300030333300003000000022111111111111111110000110100111122222222222223333333331111111112321223332100
01111211222233220000030003000333330303000003000000012111111111111110001011101000111122222222222223333333332211112211112211221000
11111211122233220000030003000300030300300003000000012111111111111110101111111000111111122222222233333333333332333322223100000000
11111112222333320300030003000300030300030003001100121111111111111110000101100000011112222222222223333323323333333333332100000000
11112212122333330033300003000300030300003003002222321111111111100000000101100000012211222222222233333333211333332123321000000000
01211111212333333000000000000000000000000000003333331111111221100000001001110100001221112222222233333333210133332113331000000000
11111111212333333333333333333333333333333333333333331111122222101000011011110110001122212222222233332333321013333212332100000000
11111111122333333333333333333333333333333333333333331111122222210000101111111111101322222222222223332333332002333321233200000000
12111111122233333333333333333333333333333333333333332222222221221000101111100111112322222222223233322333333211233332123320000000
01111111112000000000000000000000000000000033333333300032222222222110111111110111100000000000000000011233333000123332123220000000
01211111112033300300000330030003033330333003333333003033322222222111011111110111203330003300300003010133330030122322111100000000
11111111122030030300003003003030030000300303333222033033333332222211011001100112203003030030300003000123220330111111111010111100
11111111122030030300003003000300030000300303333233003033333333333321000000000011103330030030300003000111000030000011111111111100
11211121222033300300003333000300033300333003333233303033333333333331000000000000003003033330300003000000000030000001111111111100
11121111233030000300003003000300030000303003333333303033333333333320000000000000003003030030300003000000000030000000111101111100
01112122233030000333303003000300033330300303333333303033333333333200000000000000003330030030333303333000000030000000001100111000
11122222333000000000000000000000000000000003233333300033332222221000000000000000000000000000000000000000000000000000000000111000

0x0000187a
23333310000011121222212222222100000000000011112233333333333333210001220001111112210000000000000000000000000000000000000000000000
23333210000010112222222222222100001101000011111133322333333333310001321101111122310000000011100000000000000000000000000000000000
23333210000001112222222222222100001101100100110133321122111333321001202211122222211222211123222222222100000000000000000000000000
23333320000000112222222222222110000001100100100023233333222222123222323322222212211333332123333333333221000000000000000000011100
23333320000000112222222222222211000000000100000011112333333333223333333332222222222123333333333333333333200000000000000011222100
23333320000000111222222222222211000000022111111111111111122223323333333333222221221112333333333333333333321100000000001222222100
23333330000000111122221222222211100000033222222222111100000012323333332112223321111101223333332333333333333320000000012222333200
23333321000000111222222222222221110000033333333333222221000001333333332212222221111100233333333333333333333321012111222222233200
23333321000000112211222222222322110000033333333333333332100000233333333333333111111001232333333333333333333311023333223332223200
23333331000000122212222222223322210000033333333333333332110000122222333333333111111001222223233223333333333320122211113332222200
23333320000000112212222222223322210000033333333333333332200000121122212222222111110002222223222223223333333320112200123222112200
23333320000000112000000000000000000000000000000333333322200000111111111111111111110011222223322222223333333332222210012211111100
23333310000000110033300333330033300333300333330333333322200000111100111111001111110011122222222223333333333333333321112221110000
13333310000000110300030003000300030300030003000333333332200000111111111111101111100001112222222222232333333333333332123322121000
23333210000000110300000003000300030300030003003333333332100000011111111111101111110001112222222222222333333333332321133332232100
23333200000000110033300003000300030333300003003333333332100000011111111111001111111001112222222222222333333331122221123222233200
13332100000000110000030003000333330303000003003333333322100000011111111111001110010001111211222222222333333331111221112221122200
13332000000000110000030003000300030300300003003333333322200000111111111111011101110001111122212222222333333333222332221220000000
13331000000000110300030003000300030300030003003333333332221011111111111100001101110001111222222222222333333333333333332210000000
13321000000000110033300003000300030300003003003333333333333232111111100000001101110000112122121222222333333223333322333200000000
13210000000001111000000000000000000000000000003333333333333332111211100000001011111000122222222222223333333101333321232200000000
12100000000000111112222222223333333333333333333333333333333333112222100000111011101100022222122222233333233210233332133310000000
12000000000001111121222222223333333333333333333333333333333333112222210101101011101110133222221222223333333321123333123331000000
11000000000011111122222222222333333333333333333333333333333333222222221000111111111111233312222222233222333332112333322332000000
00000000000000000000000000000000000000000033233333300033322333322222222110111111100000000000000000032211233000112333211332000000
00000000001033300300000330030003033330333003333333003033332333333322222210111111103330003300300003033201230030102232211211000000
00000000011030030300003003003030030000300303333333033033332233333333222210000000003003030030300003032101220330001111111111111100
00000000111030030300003003000300030000300303333333003033323333333333333320000000003330030030300003021000110030000001111111111100
00000001111033300300003333000300033300333003333333303032333333333333333320000000003003033330300003000000000030000000111111111100
00000111122030000300003003000300030000303003333333303033333333333333333200000000003003030030300003000000000030000000001110011000
00000111122030000333303003000300033330300303333333303033333333333332222100000000003330030030333303333000000030000000000000011000
00011111112000000000000000000000000000000003333322300032222222211110000000000000000000000000000000000000000000000000000000011000

0x000018ac
13331111333333333333200011122222222222222221111112222233233333333333322123200011111210000000000000000000000000000000000000000000
13332112333333333333300011111222222222222200010000101121123333333333332023300011112210000000000000000000000000000000000000000000
13332111333333333333200011011222222222222200000120000111112331233333331012221122122320121111122211112110000000000000000000000000
13332111333333333333200001011222222222222200001010000012112320011112331112232122222321233322133322233322110000000000000000000000
13332111233333333333310000111222222222222210000000001001001312222101111233333222222222233333233333333333321000000000000000112100
13332111233333333333310000101222222222322211000000001000000211111102122333333322222222112333333333333333333211000000000111222100
13332111233333333333310000001122222222222221100000011111111110000001133233333233223221101333333333333333333332100000001122223200
13332111233333333333320000011122222222222222110000022333222211100000022233322222333211101233333333333333333333200111112222332100
13332110233333333333320000001222222222222322110000133333333333321000013333333333322211111123333333333333333333211333222322222100
13332110233333333333320000001222222222222322210000133333333333321100002333333333321111101223333333333333333333212333222333222200
13332101233333333333320000011212222222222322210000133333333333321100001222223333321111001222333323333333333333322221112333222100
13332101233333333000000000000000000000000000000000133333333333322100001111112211211111001122223222233333333333332322111222222100
13332101233333330033300333330033300333300333330000133333333333322100000111111111111111001122222322232222333333333323211222221000
13332101333333330300030003000300030300030003000000123333333333322000000111111110111110001221122222232222333333333333322332222100
13331111333333330300000003000300030300030003000000023333333333322000001101111110111111001112222222222222333333333333223333223100
13322101333333330033300003000300030333300003000000023333333333322000001111111100111111001111122222222222333333332222212332223200
13321112333333330000030003000333330303000003000000023333333333322000001111111101111111001112212222222222333333321112212222123200
13321013333333330000030003000300030300300003001000133333333333322100001111111101011111000111212222222222333333322222322222101100
13321013333333330300030003000300030300030003002212333333333333323211111111111001111111000121112222222223333333333333333222000000
13211023333333330033300003000300030300003003003333333333333333333333321110000000111110000111222222222223333333233333233321000000
12110123333333332000000000000000000000000000003333333333333333333333321110000000111101100012221222222233333332123332223321000000
12110133333333331000000000111212222222222333333333333333333333333333311221000001111111111122222222222223333332122333223331000000
12110133333333310000000000122222122222222333333333333333333333333333322222100011111111111133222222222233333333212333222332100000
11111233333333200000000001222222222222222333333333332333333333332223322222211111111111111233211122223333223333321233332233200000
11102333333000000000000000000000000000000033333333300033333333333223333222221111100000000000000000033333123000331123332222200000
01112333333033300300000330030003033330333003323322003033333332233233333333221000003330003300300003033332110030321112321122100000
01123333332030030300003003003030030000300303322333033033333333333233333333332100003003030030300003033321000330110011211111110000
01233333211030030300003003000300030000300303332333003033333333333333333333333100003330030030300003022210000030000000111111111100
02333322111033300300003333000300033300333003333333303033333333233333333333332100003003033330300003010000000030000000001111111100
13222211111030000300003003000300030000303003333333303033333333333333333333221000003003030030300003000000000030000000000111001100
12111111111030000333303003000300033330300303333333303033333333332222222211110000003330030030333303333000000030000000000000001100
11111111111000000000000000000000000000000003333333300033332212111111000000000000000000000000000000000000000000000000000000001000

0x000018cd
13331111333333333333200011122222222222222221111112222233233333333333322123200011111210000000000000000000000000000000000000000000
13332112333333333333300011111222222222222200010000101121123333333333332023300011112210000000000000000000000000000000000000000000
13332111333333333333200011011222222222222200000120000111112331233333331012221122122320121111122211112110000000000000000000000000
13332111333333333333200001011222222222222200001010000012112320011112331112232122222321233322133322233322110000000000000000000000
13332111233333333333310000111222222222222210000000001001001312222101111233333222222222233333233333333333321000000000000000112100
13332111233333333333310000101222222222322211000000001000000211111102122333333322222222112333333333333333333211000000000111222100
13332111233333333333310000001122222222222221100000011111111110000001133233333233223221101333333333333333333332100000001122223200
13332111233333333333320000011122222222222222110000022333222211100000022233322222333211101233333333333333333333200111112222332100
13332110233333333333320000001222222222222322110000133333333333321000013333333333322211111123333333333333333333211333222322222100
13332110233333333333320000001222222222222322210000133333333333321100002333333333321111101223333333333333333333212333222333222200
13332101233333333333320000011212222222222322210000133333333333321100001222223333321111001222333323333333333333322221112333222100
13332101233333333333310000001222222222222322210000133333333333322100001111112211211111001122223222233333333333332322111222222100
13332101233333333333310000011222122222222322210000133333333333322100000111111111111111001122222322232222333333333323211222221000
13332101333333333333200000001122122222222322210000123333333333322000000111111110111110001221122222232222333333333333322332222100
13331111333333333333200000001122222222222322210000023333333333322000001101111110111111001112222222222222333333333333223333223100
13322101333333333333100001011221222222222322210000023333333333322000001111111100111111001111122222222222333333332222212332223200
13321112333333333333000010011222222222222322220000023333333333322000001111111101111111001112212222222222333333321112212222123200
13321013333333333332000000111222222222222322221000133333333333322100001111111101011111000111212222222222333333322222322222101100
13321013333333333320000000001222222222222332222212333333333333323211111111111001111111000121112222222223333333333333333222000000
13211023333333333200000000011212222222223333333333333333333333333333321110000000111110000111222222222223333333233333233321000000
12110123333333332100000000011222222222223333333333333333333333333333321110000000111101100012221222222233333332123332223321000000
12110133333333331000000000111212222222222333333333333333333333333333311221000001111111111122222222222223333332122333223331000000
12110133333333310000000000122222122222222333333333333333333333333333322222100011111111111133222222222233333333212333222332100000
11111233333333200000000001222222222222222333333333332333333333332223322222211111111111111233211122223333223333321233332233200000
11102333333000000000000000000000000000000033333333300033333333333223333222221111100000000000000000033333123000331123332222200000
01112333333033300300000330030003033330333003323322003033333332233233333333221000003330003300300003033332110030321112321122100000
01123333332030030300003003003030030000300303322333033033333333333233333333332100003003030030300003033321000330110011211111110000
01233333211030030300003003000300030000300303332333003033333333333333333333333100003330030030300003022210000030000000111111111100
02333322111033300300003333000300033300333003333333303033333333233333333333332100003003033330300003010000000030000000001111111100
13222211111030000300003003000300030000303003333333303033333333333333333333221000003003030030300003000000000030000000000111001100
12111111111030000333303003000300033330300303333333303033333333332222222211110000003330030030333303333000000030000000000000001100
11111111111000000000000000000000000000000003333333300033332212111111000000000000000000000000000000000000000000000000000000001000

0x000018ef
00000000000000023332223333333333111112222322332222233333333333333333222333222310000011220000000000000000000000000000000000000000
00000000000000013332113333333333201111222222222222223332333333333333333333321210000111220000000000000000000000000000000000000000
00000000000000013332212333333333200111122222222332321111121111222233333333331221011112320000000010000000000000000000000000000000
00000000000000013332212333333333200111112222222322210000232000121133323333332112112222321122111132211122110000000000000000000000
00000000000000002332212333333333310111112222223332220000212000021123301111232222222222222233322133323333332100000000000000001000
00000000000000002332212333333333310011112222222232221000000000011012110100011233322222222223333233333333333321000000000001112100
00000000000000002333212333333333310011112222222232221100000001000001110000001233332222222112333333333333333333100000000112223200
00000000000000002333112333333333320001112222222233322100000022221111100000002233222233321111233333333333333333321010001122223200
00000000000000002333112333333333320000112222222333332110000133333333221000003333212222211110133333333333333333331123222223223200
00000000000000002332111333333333320001012222222322332210000133333333332100002333333332111100223333333333333333332133332233322200
00000000000000002332112333333333310000112222222222232210000133333333332100001233333332111101222333333323333333333122111133322100
00000000000000002332112333333333310001112222222222232210000133333333332100001122221221111001222333322333223333333222100122221100
00000000000000012332112333333333310000112221222222232220000133333333332200000111110111111001222222222233223333333333211111111100
00000000000000012332112333333333200000012222222222232220000133333333332200001111111011111001122222222223333333333333332222222100
00000000000000023332113333333333200000012222222222232220000023333333332100001111110011111001111222222222222333333332332233322200
00000000000000023332113333333333100000012222222222233220000023333333332100000111110011111001112222222222222333333322221233322200
00000000000000123321123333333332000000012222222332233321000133333333332200000111110100111001112222222222222333333211221122212100
00000000000000123321123333333331000000012221222222233221000133333333333200001111100111111000111122222222222333333222222212200000
00000000000000233221133333333320000000112222122222333332212333333333333221111111000111111000111222222222223333333333333322200000
00000000000001233211233333333210000000112222223323333333333333333333333333320000000011110100112222122212223333333333223321100000
00000000000001332211233333333100000000112122222222333333333333333333333333320000001011111100122222122222233333322333212331000000
00000000000002332111233333321000000001122222222222233333333333333333333333321100001011111111022222222222223333311233321232100000
00000000000013322112333333320000000012222222222222233333333333333333333223322210111111111111133222222222233333321123332233200000
00000000000123221112333332200000000122222222222222233333333333333333333323222221011111111111233212222232322233332113333223320000
00000000001000000000000000000000000000000022222222300033333333333333233323322222100000000000000000023333321000333112333212210000
00000000012033300300000330030003033330333002222223003032333333333333233223333322103330003300300003033333310030332102222111110000
00000011223030030300003003003030030000300302222233033023333333333322333333333333203003030030300003033332200330111001111111111000
12111222222030030300003003000300030000300302223333003033333333333333333333333333203330030030300003022111000030000000011111111100
01222222111033300300003333000300033300333002233333303033333333333333333333333333103003033330300003000000000030000000000111111100
00111111111030000300003003000300030000303002333333303033333333333233333332222111003003030030300003000000000030000000000011001000
01001111111030000333303003000300033330300303333333303033333333333212111111000000003330030030333303333000000030000000000000001100
01111111111000000000000000000000000000000003333333300033333333322000000000000000000000000000000000000000000000000000000000000000

0x00001921
12222221000000000000000000000133322233333332111222333333333333333333333332101223332000001221000000000000000000000000000000000000
12222221000000000000000000000133322233333333111222233223333333333333333333311233332000111221000000000000000000000000000000000000
12222220000000000000000000000023321233333333101122223323333233333333333333333333322101111221000000000000000000000000000000000000
12222120000000000000000000000023322233333333200111222222333332111111111222233333333111111221011000121000000000000000000000000000
12222120000000000000000000000023332223333333200111122233333332000121000121123233333122222331123221233222222221000000000000000000
12221110000000000000000000000013332123333333200111122232223332000110000121123111122232222222233332233333333332210000000000111100
12211210000000000000000000000013332123333333310011122222223332100000000010012000001133322222212333323333333333331000000001222100
12111210000000000000000000000013332123333333310011122322223222210000011111011000000223332222111233333333333333333100000122222100
12111110000000000000000000000013332123333333310001122322222223210000023222211000001221122332110133333333333333333311222223333200
11111110000000000000000000000013331113333333310001122222222233211000033333333210001333333222110123333333333333333332333222332200
11111120000000000000000000000013332123333333310000122233332233211000033333333210000233333211100122333333333333333333321122332100
12111120000000000000000000000013332123333333310001122232222233221000033333333310000122223211100222333333333333333333221012322100
11111120000000000000000000000023331123333333300010122222223223221000133333333220000111111111100222222333232333333333322111222100
01111120000000000000000000000023321123333333200000122212233333221000033333333220000111011111101222222222232233333333333222222100
11111120000000000000000000000023321123333333100001112222333323321000023333333220000111011111100112222223223323333333333223333200
11111111000000000000000000000133321133333332000001122222222223221000023333333310000111011111101112222222222222333333222123333200
01111111000000000000000000000133321233333331000001122222233223221000023333333220000110010111100112222222222223333333112112221100
11111111000000000000000000000233211233333331000001122222232333222100133333333221000111000111000111222222222223333333222211221000
01111111100000000000000000001332211333333320000011122222233333332222333333333222110000011101100111222212222223333333333322210000
12111100100000000000000000002332112333333200000001222222223323333333333333333333331000001111000012222212222223333333332232210000
12111100110000000000000000012322112333332100000011222222222323333333333333333333331000000111110012222222222223333223322232200000
12221000021000000000000000023321123333331000000012222222222333333333333333333333331000011111111122222222222223333113332223210000
12221000012000000000000000133311123333310000001122222222222223333333333333333333331001111111111133222222222233333212333222321000
01012100001100000000000001333211233332100000001222222222222223333333333333333332222111111111111233212222222222333322233322331000
00001210000000000000000000000000000000000000112222200022222333333333333333322322200000000000000000001333323000333332133322222000
00000121000033300300000330030003033330333001222222003022223333333333333333333223303330003300300003001333330030233221122221111000
00000021100030030300003003003030030000300302222222033022233333333333333333333333303003030030300003002332220330111100011111110000
00000002100030030300003003000300030000300302222222003023333333333333333333333333303330030030300003001211110030000000001111111100
00000000210033300300003333000300033300333002222222203033333333333333333323333333303003033330300003000000000030000000000111111000
00000000121030000300003003000300030000303002222222203033333333333333333322222211103003030030300003000000000030000000000000110000
00000000012030000333303003000300033330300302222222203033333333333333333210000000003330030030333303333000000030000000000000000000
00000000001000000000000000000000000000000002222223300033333333333333331000000000000000000000000000000000000000000000000000000000

0x00001953
01323332233323221200000000000000000000023322233333311223333333333333333333333200022232221111210000000000000000000000000000000000
01333332332222221200000000000000000000013322233333321122233233333333333333333320022331010012210000000000000000000000000000000000
00233323232222222100000000000000000000013332233333331112223233333332333333333333223332111112310000000000000000000000000000000000
00232222222222222100000000000000000000002332223333331111223333233332322222233333333333111112210000001100000000000000000000000000
00122222222222222000000000000000000000002332123333331011112323333332101110011222233333312222321122112221111211000000000000000000
00022222222222222000000000000000000000001332223333332011112223332232000020000221232233322223222333223333233333221000000000001100
00022222222222212000000000000000000000001332213333332001112322332332100000000120121012223222222223333333333333332100000000112100
00022222222222112000000000000000000000001332213333333001112222222333210000100000010000012322232213333333333333333220000011223200
00022221222222112000000000000000000000001332213333333001011233333333211000122111100000021222332111333333333333333332111122233200
00022221222221112000000000000000000000001332123333333100112222233333221000133333221000032232221101233333333333333333333332333200
00022221212111112000000000000000000000001332113333332100112322233333221000133333332100023333211101233333333333333333333222333200
00022111212111112000000000000000000000001332113333332001112222333333221000133333332100023333211101233333333333333333322111333200
00022111211121111000000000000000000000002332113333332001112322223323221000133333332100011122111002222333333333333333332201222100
00022211211111111100000000000000000000012332123333332000112222223323221000133333332100011011111002222232333333333333333321222100
00022211211111111100000000000000000000012322123333331000112222223333221000133333332100011011111001222223333233333333333333333200
00122211211111111100000000000000000000013321133333320011112222233333321000133333332000011111111001222222233322333333322222333200
00122211111121110100000000000000000000023321133333310011112222222233222000133333332000011111111001112222222222233333322211322100
00222112212211110110000000000000000000023311233333200001112222222233322100233333332100001111111001122222222223233333322221222000
01222112212211100010000000000000000000133221233333100011112222233333333333333333333222100111111000122222222223233333333332221000
02222112222211100011000000000000000000233212333331000111112222323333333333333333333333100011111100122222222223333333333233211000
12222122221221000002100000000000000002332212333320000111122222222233333333333333333333100111111100122222222222333333332223210000
13221122222220000001200000000000000013321123333200011012232222222223333333333333333333101111111111132222222223233322333223321000
12211222221210000000110000000000000123321123332000010122222222332233333333333333333232111111111111232222222333333321233322332000
12212222110122100000111000000000001232211233310000011222222223323333333333333333333232211111111112332123333332233332223332233100
01112210000000000000000000000000000000000032100001100022222223322333333333333333300000000000000000032123333000133333213332222100
01000000000033300300000330030003033330333001111101003022222223323333333333333333303330003300300003021013330030123322112222111000
00000000000030030300003003003030030000300301111111033023222222333333333333333333303003030030300003000022220330011110001211111100
00000000000030030300003003000300030000300301111122003033222333333333333333333333303330030030300003000011110030000000000111111100
00000000000033300300003333000300033300333001111222203033332333333333333333333333303003033330300003000000000030000000000011111100
00000000000030000300003003000300030000303002222332203022233333333333333333331111103003030030300003000000000030000000000000110000
00000000000030000333303003000300033330300302222233203022333333333333333333210000003330030030333303333000000030000000000000000000
00000000000000000000000000000000000000000002222223300033333333333333333322100000000000000000000000000000000000000000000000000000

0x00001974
01323332233323221200000000000000000000023322233333311223333333333333333333333200022232221111210000000000000000000000000000000000
01333332332222221200000000000000000000013322233333321122233233333333333333333320022331010012210000000000000000000000000000000000
00233323232222222100000000000000000000013332233333331112223233333332333333333333223332111112310000000000000000000000000000000000
00232222222222222100000000000000000000002332223333331111223333233332322222233333333333111112210000001100000000000000000000000000
00122222222222222000000000000000000000002332123333331011112323333332101110011222233333312222321122112221111211000000000000000000
00022222222222222000000000000000000000001332223333332011112223332232000020000221232233322223222333223333233333221000000000001100
00022222222222212000000000000000000000001332213333332001112322332332100000000120121012223222222223333333333333332100000000112100
00022222222222112000000000000000000000001332213333333001112222222333210000100000010000012322232213333333333333333220000011223200
00022221222222112000000000000000000000001332213333333001011233333333211000122111100000021222332111333333333333333332111122233200
00022221222221112000000000000000000000001332123333333100112222233333221000133333221000032232221101233333333333333333333332333200
00022221212111112000000000000000000000001332113333332100112322233333221000133333332100023333211101233333333333333333333222333200
00022111212111112000000000000000000000000000000333332001112222333333221000133333332100023333211101233333333333333333322111333200
00022111211121110033300333330033300333300333330333332001112322223323221000133333332100011122111002222333333333333333332201222100
00022211211111110300030003000300030300030003000333332000112222223323221000133333332100011011111002222232333333333333333321222100
00022211211111110300000003000300030300030003003333331000112222223333221000133333332100011011111001222223333233333333333333333200
00122211211111110033300003000300030333300003003333320011112222233333321000133333332000011111111001222222233322333333322222333200
00122211111121110000030003000333330303000003003333310011112222222233222000133333332000011111111001112222222222233333322211322100
00222112212211110000030003000300030300300003003333200001112222222233322100233333332100001111111001122222222223233333322221222000
01222112212211100300030003000300030300030003003333100011112222233333333333333333333222100111111000122222222223233333333332221000
02222112222211100033300003000300030300003003003331000111112222323333333333333333333333100011111100122222222223333333333233211000
12222122221221000000000000000000000000000000003320000111122222222233333333333333333333100111111100122222222222333333332223210000
13221122222220000001200000000000000013321123333200011012232222222223333333333333333333101111111111132222222223233322333223321000
12211222221210000000110000000000000123321123332000010122222222332233333333333333333232111111111111232222222333333321233322332000
12212222110122100000111000000000001232211233310000011222222223323333333333333333333232211111111112332123333332233332223332233100
01112210000000000000000000000000000000000032100001100022222223322333333333333333300000000000000000032123333000133333213332222100
01000000000033300300000330030003033330333001111101003022222223323333333333333333303330003300300003021013330030123322112222111000
00000000000030030300003003003030030000300301111111033023222222333333333333333333303003030030300003000022220330011110001211111100
00000000000030030300003003000300030000300301111122003033222333333333333333333333303330030030300003000011110030000000000111111100
00000000000033300300003333000300033300333001111222203033332333333333333333333333303003033330300003000000000030000000000011111100
00000000000030000300003003000300030000303002222332203022233333333333333333331111103003030030300003000000000030000000000000110000
00000000000030000333303003000300033330300302222233203022333333333333333333210000003330030030333303333000000030000000000000000000
00000000000000000000000000000000000000000002222223300033333333333333333322100000000000000000000000000000000000000000000000000000

0x00001995
01100000000233333333333222233310000000000000000002333333333223333333333333333333331221111133322210000000000000000000000000000000
01000000000033333223333222222200000000000000000001333223333223333333333333333333333310012122111210000000000000000000000000000000
10000000000023333332332222222100000000000000000000233223333321223333333333333333333320022101112200000000000000000000000000000000
00000000000013333323323232122000000000000000000000133222333331122333333333333333333332113211112210000000000000000000000000000000
00000000000002332332222222112000000000000000000000033222333331112333333333333333333333323331222310000112100000000000000000000000
00000000000001322222222222112000000000000000000000023222333332011222333333332121122222333333222322222113321122221000000000000100
00000000000001322232222222111000000000000000000000013322333333111123333332220011100021223333222322333223333333333221000000012200
00000000000000222222222222211000000000000000000000013321233333111123233333220001100022122122222222223333333333333332100001123200
00000000000000222222222222210000000000000000000000013321233333101123333333321000010001000000013332112333333333333333321122333200
00000000000000222222222222120000000000000000000000013321233333101122333333332100001211110000012233111233333333333333333333333100
00000000000000222222222222120000000000000000000000013321233333101122233333332100003333221000123322111233333333333333333322233200
00000000000000222000000000000000000000000000000000003321233333101122333233332110003333332000133321101233333333333333333311133200
00000000000000220033300333330033300333300333330000113321233333101113333333332100003333332000022211001333333333333333333320122100
00000000000000220300030003000300030300030003000001123321233333011122223333332110003333332000011111002222333333333333333332122100
00000000000000220300000003000300030300030003000011123321233332001122322233332110003333332000011111001222223333322333333333333200
00000000000001220033300003000300030333300003000001123311333331001122322333332200002333332000011111001222223333332333333332233200
00000000000001220000030003000333330303000003000000133212333331011112222333332200002333332000011111101222222223322233333321123200
00000000000002220000030003000300030300300003000000133212333320011122222222333210003333332100011111101122222222223233333321122100
11000000000002220300030003000300030300030003000000233213333310011123222233333322123333332211011111000122222222223333333332222100
02000000000022220033300003000300030300003003000001332123333201111123223333333333333333333332011111000122222222222333333223321000
01100000000023211000000000000000000000000000000002332123332001110123223333333333333333333332011111100122222222322333333312321000
00100000000232212222221000000011000000000000000023321233321001111222333222333333333333333332011111110232222222222333223321232000
00021000002332122322211000000011100000000000000133212233210001012222333222233333333333332331011111111233222322223333212332223100
00001111123221123311221100010111220000000000001332212332101001223332222222233333333333233321111111112332233332322333322333323200
00000122322000000000000000000000000000000000123322100020001112322233222233333333300000000000000000023331133000311233321233212200
00000000111033300300000330030003033330333002332221003011001122322223222233333333303330003300300003012211130030211222211122111000
00000000000030030300003003003030030000300302222122033011112222223222233333333333303003030030300003011000120330000110000111111100
00000000000030030300003003000300030000300301112222003011123333233322233333333333303330030030300003000000000030000000000011111100
00000000000033300300003333000300033300333002222222203011223333233332333333333333303003033330300003000000000030000000000001111100
00000000000030000300003003000300030000303002222222203022333333323333333333333333303003030030300003000000000030000000000000011000
00000000000030000333303003000300033330300302222222203033222333333333333333333333203330030030333303333000000030000000000000000000
00000000000000000000000000000000000000000002222222200022223333333333333333333321000000000000000000000000000000000000000000000000

0x000019c7
00000000000021000000233333333333323333332000000000000000023333333323333333333333333333102332312332200000000000000000000000000000
00000000000110000000133333333333333333331000000000000000013333333323333333333333333333201221212212200000000000000000000000000000
00000000000100000000013333333333323323320000000000000000001332333332233333333333333333322100211002200000000000000000000000000000
00000000001000000000002333333333322222210000000000000000000232233333223333333333333333333101211112200000000000000000000000000000
00000000001000000000001333333333322222200000000000000000000233223333112333333333333333333221232112200000000000000000000000000000
00000000011000000000000333232333321112200000000000000000000133223333211233333333333333333333333213211111121100001000000000000000
00000000010000000000000233332223222112100000000000000000000023223333311223333333322222222223333323222322133321223221000000001100
00000000010000000000000133333222222112000000000000000000000023322333311112333333320012100222323322222233333333333333210000112200
00000000010000000000000132333222222112000000000000000000000013312333321112333233320001000121211112222123333333333333331001233200
00000000010000000000000132223222222112000000000000000000000013312333320112333333322100000000100001232112333333333333333222333200
00000000010000000000000032223222221112000000000000000000000013322333320112233333332100022221100012222111333333333333333333223100
00000000010000000000000000000000000000000000000000000000000013322333320112222333332100023333210013321102333333333333333331113200
00000000010000000033300333330033300333300333330000000000001013312333320012332333332100023333310002211012333333333333333332012100
00000000010000000300030003000300030300030003000000000000011113312333310112333333332200023333310001111013223333333333333333211100
00000000010000000300000003000300030300030003000000000000111223322333310012222233333200023333310001111012223333333333333333322200
00000000010000000033300003000300030333300003000000000000011233212333300112232233332200023333310001111012222233233333333333223200
00000000001000000000030003000333330303000003000000000000000133212333201112222233332200023333310001111002222233233333333333112200
00000000002000000000030003000300030300300003000000000000000233223333101112223233332210023333310001111001222222323322333332111200
00000000002000000300030003000300030300030003000000000000001332123332011112233333333221133333321101111001222222223222333332222200
00000000001100000033300003000300030300003003000000000000002332233321011112322333333333333333333200111000122222232223333332332100
00000000000210000000000000000000000000000000000000000000013321233210111122322333333333333333333300111100122222222233333331232000
00000000000020000000123222323221001111112100000000000000023222333100111233333332233333333333333201111101222232222233322332223100
00000000000002100001232222333210011001111210000000000000233222331001012333322222333333333333333211111102332222222233321233212200
00000000000001111222222223212211011111111122000000000012322223210011122223332223333333333333332111111113322333333223332123322200
00000000000000000000000000000000000000000022210000000033222222101112233332232233300000000000000000011123210000332123332123322100
00000000000033300300000330030003033330333001232211003022222211111123322233333333303330003300300003011111110030321022221122211100
00000000000030030300003003003030030000300302222333033012222111112222322333333333303003030030300003000000000330110000000011211100
00000000000030030300003003000300030000300302222222003022222121122222222323333333303330030030300003000000000030000000000001111100
00000000000033300300003333000300033300333002222222303023222122233222223333333333303003033330300003000000000030000000000001111100
00000000000030000300003003000300030000303002222332203023222223333332223333333333303003030030300003000000000030000000000000001100
00000000000030000333303003000300033330300302223333203022322233333332333333333333303330030030333303333000000030000000000000000000
00000000000000000000000000000000000000000003333333300022333333333333333333333333300000000000000000000000000000000000000000000000

0x000019f9
00000000000000000000000012100123333333233333333333333200000000000001333333333333333333333333101123333333100000000000000000000000
00000000000000000000000110000002333333333333333333332000000000000000233333333333333333333333310123332331000000000000000000000000
00000000000000000000001200000000133333333323333333321000000000000000023333333333333333333333321122121221000000000000000000000000
00000000000000000000001000000000023333333322332233310000000000000000013323333233333333333333333211121121000000000000000000000000
00000000000000000000011000000000013333333333222333200000000000000000002333333223333333333333333320121121000000000000000000000000
00000000000000000000010000000000002333333322222223100000000000000000001332333312333333333333333332233231000001100000000000000000
00000000000000000000010000000000001333333323212122100000000000000000000332233311223333333333333333333332122123222112211000000000
00000000000000000000110000000000000333322322211122000000000000000000000232233321122333333321221112333332223333333233333211000000
00000000000000000000110000000000000232322232221122000000000000000000000132123321112233333310011002223232222333333333333332111100
00000000000000000000100000000000000132332232211112000000000000000000000133123331112333333320010001111111221233333333333333323200
00000000000000000000100000000000000132232222211112000000000000000000000133123331112333333321000111110000220133333333333333333200
00000000000000000000000000000000000000000000000112000000000000000000000133123331012233333321000233220001210123333333333333333100
00000000000000000033300333330033300333300333330012000000000000000001100133123331012323333331100333321001210133333333333333333100
00000000000000000300030003000300030300030003000012000000000000000001110133123330012323333331100233331001110233333333333333333200
00000000000000000300000003000300030300030003000012000000000000000011221133123320012322333331100233331000110122333333333333333200
00000000000000000033300003000300030333300003000112100000000000000011120132123320012223333332000233331000110222233333333333333200
00000000000000000000030003000333330303000003000112100000000000000000000231123310112232333332000233331000110122223233333333333200
00000000000000000000030003000300030300300003000111200000000000000000001331233310112333333332100233331000110122222222333333333200
00000000000000000300030003000300030300030003000111210000000000000000002321233100112232333332211333332100110122222222222233333100
00000000000000000033300003000300030300003003000111210000000000000000013311332000112333332333333333333310110012222222323233333200
00000000000000000000000000000000000000000000001111121000000000000000023212321000122232333333333333333320110012222222222333332100
00000000000000000000000220000000233223332100001111112100000000000000232123310001222232223333333333333311110122222232223333333100
00000000000000000000000022100012332223332101011111122210000000000002332233100112322233333333333333333211111133332332223332233200
00000000000000000000000001122223222222322111111111112222000000000123222221001123323223333333333333332211111233233333223332123200
00000000000000000000000000000000000000000011111111100023211111112322222210112323300000000000000000021111111000133333213332223200
00000000000033300300000330030003033330333001111111003022233332232222222111123223203330003300300003031011110030123332112221122200
00000000000030030300003003003030030000300302111112033022233332222222221112333333303003030030300003021000000330122211000110112100
00000000000030030300003003000300030000300303211112003022232333222222222223333322203330030030300003000000000030000000000000011100
00000000000033300300003333000300033300333003322212103022233333332332222233332332303003033330300003000000000030000000000000001100
00000000000030000300003003000300030000303001232322203033322322222333223333333333303003030030300003000000000030000000000000000000
00000000000030000333303003000300033330300300123333303033333333323223333333333333303330030030333303333000000030000000000000000000
00000000000000000000000000000000000000000000013333300033333333333333333333333333300000000000000000000000000000000000000000000000

0x00001a1b
00000000000000000000000012100123333333233333333333333200000000000001333333333333333333333333101123333333100000000000000000000000
00000000000000000000000110000002333333333333333333332000000000000000233333333333333333333333310123332331000000000000000000000000
00000000000000000000001200000000133333333323333333321000000000000000023333333333333333333333321122121221000000000000000000000000
00000000000000000000001000000000023333333322332233310000000000000000013323333233333333333333333211121121000000000000000000000000
00000000000000000000011000000000013333333333222333200000000000000000002333333223333333333333333320121121000000000000000000000000
00000000000000000000010000000000002333333322222223100000000000000000001332333312333333333333333332233231000001100000000000000000
00000000000000000000010000000000001333333323212122100000000000000000000332233311223333333333333333333332122123222112211000000000
00000000000000000000110000000000000333322322211122000000000000000000000232233321122333333321221112333332223333333233333211000000
00000000000000000000110000000000000232322232221122000000000000000000000132123321112233333310011002223232222333333333333332111100
00000000000000000000100000000000000132332232211112000000000000000000000133123331112333333320010001111111221233333333333333323200
00000000000000000000100000000000000132232222211112000000000000000000000133123331112333333321000111110000220133333333333333333200
00000000000000000000100000000000000132222222211112000000000000000000000133123331012233333321000233220001210123333333333333333100
00000000000000000000100000000000000132232222210012000000000000000001100133123331012323333331100333321001210133333333333333333100
00000000000000000000110000000000000132222222110012000000000000000001110133123330012323333331100233331001110233333333333333333200
00000000000000000000110000000000000122222221110012000000000000000011221133123320012322333331100233331000110122333333333333333200
00000000000000000000010000000000000222222222210112100000000000000011120132123320012223333332000233331000110222233333333333333200
00000000000000000000020000000000001322222222200112100000000000000000000231123310112232333332000233331000110122223233333333333200
00000000000000000000010000000000001322222222100111200000000000000000001331233310112333333332100233331000110122222222333333333200
00000000000000000000012000000000002322322221000111210000000000000000002321233100112232333332211333332100110122222222222233333100
00000000000000000000002000000000013222222111000111210000000000000000013311332000112333332333333333333310110012222222323233333200
00000000000000000000001200000000022222222210001111121000000000000000023212321000122232333333333333333320110012222222222333332100
00000000000000000000000220000000233223332100001111112100000000000000232123310001222232223333333333333311110122222232223333333100
00000000000000000000000022100012332223332101011111122210000000000002332233100112322233333333333333333211111133332332223332233200
00000000000000000000000001122223222222322111111111112222000000000123222221001123323223333333333333332211111233233333223332123200
00000000000000000000000000000000000000000011111111100023211111112322222210112323300000000000000000021111111000133333213332223200
00000000000033300300000330030003033330333001111111003022233332232222222111123223203330003300300003031011110030123332112221122200
00000000000030030300003003003030030000300302111112033022233332222222221112333333303003030030300003021000000330122211000110112100
00000000000030030300003003000300030000300303211112003022232333222222222223333322203330030030300003000000000030000000000000011100
00000000000033300300003333000300033300333003322212103022233333332332222233332332303003033330300003000000000030000000000000001100
00000000000030000300003003000300030000303001232322203033322322222333223333333333303003030030300003000000000030000000000000000000
00000000000030000333303003000300033330300300123333303033333333323223333333333333303330030030333303333000000030000000000000000000
00000000000000000000000000000000000000000000013333300033333333333333333333333333300000000000000000000000000000000000000000000000

0x00001a2b
00000000000000000000000000000000000123333332210233222222222222210000000012333333333333333333332100123333332100000000000000000000
00000000000000000000000000000000001111223333322333222222222222100000000000233333333333333333333200013333321000000000000000000000
00000000000000000000000000000000110000002333333332222222222220000000000000023323333333333333333320012332210000000000000000000000
00000000000000000000000000000000100000000133233332222222222210000000000000002322332333333333333332012111210000000000000000000000
00000000000000000000000000000001000000000023333333222222222200000000000000001332233233333333333333221011210000000000000000000000
00000000000000000000000000000001000000000013333333322222222000000000000000000232233223333333333333331022210000000000000000000000
00000000000000000000000000000010000000000002333333322122222000000000000000000133233312233333333333332123211100110000000000000000
00000000000000000000000000000010000000000001332333331112221000000000000000000023223311233333333333222333321222233211112110000000
00000000000000000000000000000110000000000000233323232112210000000000000000000013223321123333332111100222331233333333333332100000
00000000000000000000000000000100000000000000233333222111120000000000000000000013213320123333332000100111211213323333333333321100
00000000000000000000000000000100000000000000233232222111120000000000000000000003223331123333332100000000000211333333333333333200
00000000000000000000000000000100000000000000133333222111110000000000000000000003213331122333333200012110001211333333333333333200
00000000000000000000000000000100000000000000132222222111110000000000000000000003213331112333333210023331001111333333333333333200
00000000000000000000000000000100000000000000132222221111120000000000000000000003313331113333333310023332000101232333333333333300
00000000000000000000000000000110000000000000232222222111120000000000000000000013313321113233333310023332000101222333333333333300
00000000000000000000000000000010000000000000232222221011121000000000000011000013213320113223333310013332000101222222323323333300
00000000000000000000000000000010000000000000232222211011112000000000000000000023123311123333333310013331000101222222322323333200
00000000000000000000000000000010000000000001322222210011112000000000000000000033123201113333333320023331000101122222222333333200
00000000000000000000000000000011000000000002322222210011111100000000000000000232233101123333333322133332101100122222222223333200
00000000000000000000000000000001000000000013222322100011111200000000000000001321232001122233333333333333320100122222222223333100
00000000000000000000000000000000100000000023223321100111111110000000000000002322320001123223333333333333320100222122222233333100
00000000000000000000000000000000120000000232223210001111111111000000000000023212310012332323333333333333311111221122222233333100
00000000000000000000000000000000012100122222232200001111111111100000000000232222100122333333333333333333211111332222222223223200
00000000000000000000000000000000000112222111123210001111111111121100000112222211011232223332333333333322111112322333222233222200
00000000000000000000000000000000000000000000002321100011111111112221122221212111100000000000000000033321111000211333321233212200
00000000000033300300000330030003033330333000001232003011111111111122221111111111203330003300300003033310010030001322111222112100
00000000000030030300003003003030030000300300000023033011111111111111111111111122303003030030300003033200000330001110000000011100
00000000000030030300003003000300030000300300000002003011111111111111112111122233303330030030300003021100000030000000000000001100
00000000000033300300003333000300033300333000000000203011111111111111121121122333303003033330300003000000000030000000000000000000
00000000000030000300003003000300030000303000000000003033322222222222222111223222303003030030300003000000000030000000000000000000
00000000000030000333303003000300033330300300000000003033333333333332222222222333303330030030333303333000000030000000000000000000
00000000000000000000000000000000000000000000000000000023333333333323233322222233300000000000000000000000000000000000000000000000

0x00001a6e
00000000000000000000000000000000000000000000122210000123322222222222222211112233333333333333332112000233333332000000000000000000
00000000000000000000000000000000000000000011233322111233222222222222221000000123333333333333333322100123333331000000000000000000
00000000000000000000000000000000000000001110012333332322222222222222100000000001232333333333333333210012333200000000000000000000
00000000000000000000000000000000000000011000000233333322222222222221000000000000133233333333333333321002322100000000000000000000
00000000000000000000000000000000000000110000000023333332222222222210000000000000013323323333333333333112111100000000000000000000
00000000000000000000000000000000000000100000000002333333222222222200000000000000002322332333333333333221012100000000000000000000
00000000000000000000000000000000000001100000000001333333222222222100000000000000000332332233333333333331023100000000000000000000
00000000000000000000000000000000000001000000000000233333321122222000000000000000000232232123333333333332223211112211001110000000
00000000000000000000000000000000000001000000000000133333221111112000000000000000000032233112332333322211233322333333223332210000
00000000000000000000000000000000000000000000000000033223222111111000000000000000000023133112333333200110122321233323333333332100
00000000000000000000000000000000000010000000000000023222222111121000000000000000000023133211232333200100110110123333333333333200
00000000000000000000000000000000000010000000000000023322222111121000000000000000000013123211233333210001100000112333333333333200
00000000000000000000000000000000000010000000000000023323221111111000000000000000000023123201233333310002321001112333333333333200
00000000000000000000000000000000000010000000000000023322222111111000000000000000000023123201232233320003332000012233333333333200
00000000000000000000000000000000000011000000000000022322221001111000000000000000000023123201222233320003332000012222333332333300
00000000000000000000000000000000000001000000000000023222221001111000000000000000000023123101222333320002332000012222222322233300
00000000000000000000000000000000000001000000000000033222221011111000000000000000000032133011222333320002331000012222222222223300
00000000000000000000000000000000000001000000000000232222211011111100000000000000000131232011222233321003332000012222222222233200
00000000000000000000000000000000000001100000000000232222210111111100000000000000000231321011223333332123332100001112222222233200
00000000000000000000000000000000000000100000000001322222100011111210000000000000002322310011223333333333333320001212222222233200
00000000000000000000000000000000000000010000000013322221000111111120000000000000013223200112223322333333333310001212222222233100
00000000000000000000000000000000000000012000000122222210000111111111000000000000122222100122233222333333333311002212222222233200
00000000000000000000000000000000000000001211112222222100000011111111200000000002221221011232233333333333332211113322222222322200
00000000000000000000000000000000000000000001222111123210001111111111112100001122212110122233333333333333321111123223332123322200
00000000000000000000000000000000000000000000000000000021111111111111111222222221100000000000000000033332311000122123332123332200
00000000000033300300000330030003033330333000000000003032111111111111111111111111103330003300300003033333200030100123221022211100
00000000000030030300003003003030030000300300000000033023211111111111111111111111103003030030300003033332000330000011100000001100
00000000000030030300003003000300030000300300000000003002221111111111111111111111103330030030300003021110000030000000000000000000
00000000000033300300003333000300033300333000000000003000232222211111111111111111203003033330300003000000000030000000000000000000
00000000000030000300003003000300030000303000000000003000012322222222222222222222203003030030300003000000000030000000000000000000
00000000000030000333303003000300033330300300000000003000001233333333323233323322303330030030333303333000000030000000000000000000
00000000000000000000000000000000000000000000000000000000000022222223323233333322300000000000000000000000000000000000000000000000

0x00001aa0
00000000000000000000000000000000000000000000000000000000000133222222222222222233333222333333333321002013333333330000000000000000
00000000000000000000000000000000000000000000000001111100001332222222222222222222223333333333333332112012333333310000000000000000
00000000000000000000000000000000000000000000000122333322123322222222222222210000001333333333333333332100133332000000000000000000
00000000000000000000000000000000000000000000001110113333333222222222222221000000000123333333333333333210013332000000000000000000
00000000000000000000000000000000000000000000011000001233333222222222222210000000000002332333333333333321012221000000000000000000
00000000000000000000000000000000000000000000110000000023333322222222222100000000000000232332333333333332121120000000000000000000
00000000000000000000000000000000000000000001000000000013333332222222222000000000000000132232233333333333320120000000000000000000
00000000000000000000000000000000000000000001000000000002333333212222221000000000000000023233223333333333321121000110000000000000
00000000000000000000000000000000000000000001000000000000333333211211220000000000000000013223212333332333333333122233221222210000
00000000000000000000000000000000000000000010000000000000232233211111220000000000000000002313311223333212111333323332233333332100
00000000000000000000000000000000000000000010000000000000132333221111110000000000000000002313311222333200110112201332333333333200
00000000000000000000000000000000000000000010000000000000133232221111110000000000000000001322311233332210000101101233333333333200
00000000000000000000000000000000000000000010000000000000133232221111110000000000000000001322310223323310012110011133333333333200
00000000000000000000000000000000000000000010000000000000132232221111110000000000000000001322310223333320013320000223333333333200
00000000000000000000000000000000000000000010000000000000132222210111110000000000000000001312310233332320013320000222333333333200
00000000000000000000000000000000000000000010000000000000132222210111120000000000000000002313311222333320013320000222223233333200
00000000000000000000000000000000000000000011000000000000232222100111120000000000000000002313211223233320013320000112222232223200
00000000000000000000000000000000000000000001000000000000232222101111121000000000000000013223101222233320013320000111222222223200
00000000000000000000000000000000000000000001100000000001322222101111111000000000000000023233111232333332123331000112222222223200
00000000000000000000000000000000000000000000100000000002322321001111112100000000000000132231011233233333333333200111222222223200
00000000000000000000000000000000000000000000010000000022222210001111111210000000000001322220012222222333333333200111122222223200
00000000000000000000000000000000000000000000011000000222222100001111111120000000000012222211122322322333333333100132122222223200
00000000000000000000000000000000000000000000000221122222231000001111111112100000000222222111222223223333333232111233222222232200
00000000000000000000000000000000000000000000000012111111232100001011111111111111122221111122223333333333333211112322333212332100
00000000000000000000000000000000000000000000000000000000122211001111111111112222200000000000000000033333332000111111333212332100
00000000000033300300000330030003033330333000000000003000002321111111111111111111103330003300300003033333320030110001222101111000
00000000000030030300003003003030030000300300000000033000000232111111111111111111103003030030300003033322210330000000000000000000
00000000000030030300003003000300030000300300000000003000000023211111111111111111103330030030300003033210000030000000000000000000
00000000000033300300003333000300033300333000000000003000000002333222222222212111103003033330300003021000000030000000000000000000
00000000000030000300003003000300030000303000000000003000000000123332323332223222203003030030300003000000000030000000000000000000
00000000000030000333303003000300033330300300000000003000000000002222333322233322303330030030333303333000000030000000000000000000
00000000000000000000000000000000000000000000000000000000000000000011112122222222300000000000000000000000000000000000000000000000

0x00001ac1
00000000000000000000000000000000000000000000000000000000000133222222222222222233333222333333333321002013333333330000000000000000
00000000000000000000000000000000000000000000000001111100001332222222222222222222223333333333333332112012333333310000000000000000
00000000000000000000000000000000000000000000000122333322123322222222222222210000001333333333333333332100133332000000000000000000
00000000000000000000000000000000000000000000001110113333333222222222222221000000000123333333333333333210013332000000000000000000
00000000000000000000000000000000000000000000011000001233333222222222222210000000000002332333333333333321012221000000000000000000
00000000000000000000000000000000000000000000110000000023333322222222222100000000000000232332333333333332121120000000000000000000
00000000000000000000000000000000000000000001000000000013333332222222222000000000000000132232233333333333320120000000000000000000
00000000000000000000000000000000000000000001000000000002333333212222221000000000000000023233223333333333321121000110000000000000
00000000000000000000000000000000000000000001000000000000333333211211220000000000000000013223212333332333333333122233221222210000
00000000000000000000000000000000000000000010000000000000232233211111220000000000000000002313311223333212111333323332233333332100
00000000000000000000000000000000000000000010000000000000132333221111110000000000000000002313311222333200110112201332333333333200
00000000000000000000000000000000000000000000000000000000133232221111110000000000000000001322311233332210000101101233333333333200
00000000000000000033300333330033300333300333330000000000133232221111110000000000000000001322310223323310012110011133333333333200
00000000000000000300030003000300030300030003000000000000132232221111110000000000000000001322310223333320013320000223333333333200
00000000000000000300000003000300030300030003000000000000132222210111110000000000000000001312310233332320013320000222333333333200
00000000000000000033300003000300030333300003000000000000132222210111120000000000000000002313311222333320013320000222223233333200
00000000000000000000030003000333330303000003000000000000232222100111120000000000000000002313211223233320013320000112222232223200
00000000000000000000030003000300030300300003000000000000232222101111121000000000000000013223101222233320013320000111222222223200
00000000000000000300030003000300030300030003000000000001322222101111111000000000000000023233111232333332123331000112222222223200
00000000000000000033300003000300030300003003000000000002322321001111112100000000000000132231011233233333333333200111222222223200
00000000000000000000000000000000000000000000000000000022222210001111111210000000000001322220012222222333333333200111122222223200
00000000000000000000000000000000000000000000011000000222222100001111111120000000000012222211122322322333333333100132122222223200
00000000000000000000000000000000000000000000000221122222231000001111111112100000000222222111222223223333333232111233222222232200
00000000000000000000000000000000000000000000000012111111232100001011111111111111122221111122223333333333333211112322333212332100
00000000000000000000000000000000000000000000000000000000122211001111111111112222200000000000000000033333332000111111333212332100
00000000000033300300000330030003033330333000000000003000002321111111111111111111103330003300300003033333320030110001222101111000
00000000000030030300003003003030030000300300000000033000000232111111111111111111103003030030300003033322210330000000000000000000
00000000000030030300003003000300030000300300000000003000000023211111111111111111103330030030300003033210000030000000000000000000
00000000000033300300003333000300033300333000000000003000000002333222222222212111103003033330300003021000000030000000000000000000
00000000000030000300003003000300030000303000000000003000000000123332323332223222203003030030300003000000000030000000000000000000
00000000000030000333303003000300033330300300000000003000000000002222333322233322303330030030333303333000000030000000000000000000
00000000000000000000000000000000000000000000000000000000000000000011112122222222300000000000000000000000000000000000000000000000

0x00001ad2
00000000000000000000000000000000000000000000000002333323232232222223222233333333310000232333333333300000000000000000000000000000
00000000000000000000000000000000000000000000000013322222222222222222222223333333332000111333333333200000000000000000000000000000
00000000000000000000000000000000000000011110000233222222222222222232333222333333333210110233333332000000000000000000000000000000
00000000000000000000000000000000000002233322212332222222222222211111123323333333333332210123333320000000000000000000000000000000
00000000000000000000000000000000000111111333333322222222222222000000001233333333333333320002333200000000000000000000000000000000
00000000000000000000000000000000001100000123333322222222222220000000000023233333333333332001333100000000000000000000000000000000
00000000000000000000000000000000011000000002333332222222222200000000000002323323333333333201211100000000000000000000000000000000
00000000000000000000000000000000010000000001333332212222122000000000000001322322333333333322012100000000000000000000000000000000
00000000000000000000000000000000100000000000232332211122221000000000000000232332233333333332113111012100000000000001112221100000
00000000000000000000000000000000100000000000133333321111220000000000000000132231233333333333323222223321122210000122333333221000
00000000000000000000000000000000100000000000023333321111120000000000000000032232123333331112233322333332333332101233333333333100
00000000000000000000000000000000000000000000000233321111210000000000000000023132113333320010011311233333333333322333333333333200
00000000000000000033300333330033300333300333330223221111210000000000000000013133012333321000010100123333333333333233333333333200
00000000000000000300030003000300030300030003000223221111110000000000000000013133112333332001321001123333333333333123322333333200
00000000000000000300000003000300030300030003003222211111110000000000000000013133112333332002332001122333333333333112221233333200
00000000000000000033300003000300030333300003003222220111110000000000000000013133012233332002332000022223333333333211221123333200
00000000000000000000030003000333330303000003003222110011120000000000000000022132012223332002332000122222333333333323322112333200
00000000000000000000030003000300030300300003003222210111120000000000000000032231012223332001332000121222233223333323323211333200
00000000000000000300030003000300030300030003002222200111111000000000000000131220112223332102332000012222222333333212212111233200
00000000000000000033300003000300030300003003002222101111111000000000000000221310112223333323332210012222222233333212100001233200
00000000000000000000000000000000000000000000002221000111111100000000000002212200123223333333333310011212222233333221000001233200
00000000000000000000000000000000001100000023222210011111111110000000000013222101223333333333333311012222222223332221000001233200
00000000000000000000000000000000000121101222222100011111111111000000000222221012233323333333333211123222222233232232000001233200
00000000000000000000000000000000000001112111122111111111111111111111112221111222232223333333322111233332322333233323200001223100
00000000000000000000000000000000000000000000012211100011111111112222121111112232300000000000000000021233321000223222200012223200
00000000000033300300000330030003033330333000001221003011111111111111111111222233303330003300300003010232210030112211100012222100
00000000000030030300003003003030030000300300000122033011111111111111111112222333203003030030300003000111000330011111111112221200
00000000000030030300003003000300030000300300000012003011111111111111111123333223303330030030300003000000000030011111111111122100
00000000000033300300003333000300033300333000000001203022222222122121112233322333303003033330300003000000000030000010111111111100
00000000000030000300003003000300030000303000000000003023322332332222223333233333303003030030300003000000000030000000010111111000
00000000000030000333303003000300033330300300000000003022222233333322222323233333303330030030333303333000000030000000010111000000
00000000000000000000000000000000000000000000000000000001111112222222222232222221100000000000000000000000000000000000000000000000

0x00001b15
00000000000000000000000000000000000000000000000023333333333333333333333333321000113333333333332000000000000000000000000000000000
00000000000000000000000000000000000000000000000232333332322323333232233333333100102333333333331000000000000000000000000000000000
00000000000000000000000000000000000000000000012321212221222212222222223333333321001113333333320000000000000000000000000000000000
00000000000000000000000000000000000001211000123212222222222222222222223333333332101102333333200000000000000000000000000000000000
00000000000000000000000000000000000122232221232122222221212221111123323333333333322001233332000000000000000000000000000000000000
00000000000000000000000000000000011000123333322122111122222100000001232333333333333200123320000000000000000000000000000000000000
00000000000000000000000000000000010000001322332222111122211000000000023233333333333320013220000000000000000000000000000000000000
00000000000000000000000000000000000000000132233222122222210000000000002223233333333332011110000000000000000000000000000000000000
00000000000000000000000000000001000000000023333221111112100000000000001322323333333333310220000000000000000000000000000000000000
00000000000000000000000000000001000000000013333321111122000000000000000222322333332333332221111221000000000001222222210000000000
00000000000000000000000000000010000000000002323221111121000000000000000132321223332333323332233333222222000122333333332100000000
00000000000000000000000000000000000000000000000222111111000000000000000032231122332211101222123323333333211223333333333310000000
00000000000000000033300333330033300333300333330222111121000000000000000022231122333200100111012333333333333323333333333331000000
00000000000000000300030003000300030300030003000222111120000000000000000022231023333210011100001333333333333223322333333333100000
00000000000000000300000003000300030300030003002221111110000000000000000022231122223310033200101233333333333212211233333333200000
00000000000000000033300003000300030333300003002221011110000000000000000022231023233310033300002222333333333311211123333333310000
00000000000000000000030003000333330303000003002221011121000000000000000032231122233310033300002222333333333322222012333333320000
00000000000000000000030003000300030300300003002210111111000000000000000131320122333320023300001122223222333322322211233333330000
00000000000000000300030003000300030300030003002210111112100000000000000222310123233320023310001122222222333211212211233333331000
00000000000000000033300003000300030300003003002100011111100000000000001322200122232332233310001112222332333212200001233333331000
00000000000000000000000000000000000000000000001100111111110000000000002223101122233333333332000122222222333222100001133333331000
00000000000000000000000000000000010000001222210000111111110000000000022221012222222333333332001212222223332121000001123333331000
00000000000000000000000000000000001211122222100010111111111100000001221210122332223333333321112322222223233222100001233333320000
00000000000000000000000000000000000011111112110000101111111111111122211111223333233333332211113333222233223322200001223333320000
00000000000000000000000000000000000000000002221000100011111111121111110122222223300000000000000000032133212000210001222233310000
00000000000033300300000330030003033330333000122111003011111111111111111223222233303330003300300003021122110030110012222223100000
00000000000030030300003003003030030000300300012211033011111111111111122322222333303003030030300003000000010330111112221232100000
00000000000030030300003003000300030000300300001221003011111111111112233322223333303330030030300003000000000030111111112221000000
00000000000033300300003333000300033300333000000122203022222222212122222233333333303003033330300003000000000030011111111210000000
00000000000030000300003003000300030000303000000001203023223222223222222233333332103003030030300003000000000030001111111000000000
00000000000030000333303003000300033330300300000000103012222223332222223333322220003330030030333303333000000030001011100000000000
00000000000000000000000000000000000000000000000000000000001111221122222221111000000000000000000000000000000000000000000000000000

0x00001b47
00000000000000000000000000000000000000000001233333333333333333333222100122333333333333310000000000000000000000000000000000000000
00000000000000000000000000000000000000000012333333333333333333333333210011233333333333310000000000000000000000000000000000000000
00000000000000000000000000000000000000000232222222222333322222333333332001123333333333100000000000000000000000000000000000000000
00000000000000000000000000000000000000002321121212212222222222233333333210011233333333000000000000000000000000000000000000000000
00000000000000000000000000000001221110123222112222222222222222223333333331011133333331000000000000000000000000000000000000000000
00000000000000000000000000000111222322232222112121112221111012323333333333221012333210000000000000000000000000000000000000000000
00000000000000000000000000001100011333332111122122222100000001233333333333332001233100000000000000000000000000000000000000000000
00000000000000000000000000011000000123332111121212221000000000022233333333333200122100000000000000000000000000000000000000000000
00000000000000000000000000000000000013223221111122210000000000002233233333333321112000000000000000000000000000000000000000000000
00000000000000000000000000100000000002323321111121100000000000001323223333333332112100000000000000000011211100000000000000000000
00000000000000000000000000000000000001322321111111000000000000000322212233333333223211122210110000001223333321000000000000000000
00000000000000000000000000000000000000000000000112000000000000000222311233233332233322332232332210022333333332210000000000000000
00000000000000000033300333330033300333300333330111000000000000000131320222232112012321232233333332232333333333331000000000000000
00000000000000000300030003000300030300030003000111000000000000000132310132222000010100132333333333332333333333332100000000000000
00000000000000000300000003000300030300030003001111000000000000000031310133323100221001123333333333321331233333333200000000000000
00000000000000000033300003000300030333300003001111000000000000000131320122333101332001122333323333321111113333333310000000000000
00000000000000000000030003000333330303000003001111000000000000000131320222333100332000122233333333331122101333333320000000000000
00000000000000000000030003000300030300300003001111000000000000000122310222333100332000122222333333332332211233333330000000000000
00000000000000000300030003000300030300030003001111000000000000000222311222333100332000112222323333321221321123333331000000000000
00000000000000000033300003000300030300003003000111100000000000001323101223333212332100012222222333321110111123333331000000000000
00000000000000000000000000000000000000000000000111100000000000002222001222333333333310012222222233322210000123333331000000000000
00000000000000000000000000001000000122221000010011110000000000022231012222233333333310011222222233223100000123333331000000000000
00000000000000000000000000000110012222210000011110011100000000222221123222233333333211132222222333212200000122333331000000000000
00000000000000000000000000000011111112210000010001001111111112211112223223233333322111232222212322321320000123323320000000000000
00000000000000000000000000000000000000000000110001100011211211111122222233333333300000000000000000032221001000333320000000000000
00000000000033300300000330030003033330333001111101003011111111111223332333333333203330003300300003021111000030223310000000000000
00000000000030030300003003003030030000300301111111033011111111122222223333333222103003030030300003011111110330222100000000000000
00000000000030030300003003000300030000300301111111003011111111232333333333332000003330030030300003011111110030221000000000000000
00000000000033300300003333000300033300333002222222203022212222223323333333210000003003033330300003001101111030220000000000000000
00000000000030000300003003000300030000303001233222303022222222233333333321000000003003030030300003000001101030100000000000000000
00000000000030000333303003000300033330300300011111103022222222333333222100000000003330030030333303333001110030000000000000000000
00000000000000000000000000000000000000000000000000000001111111111111000000000000000000000000000000000001000000000000000000000000

0x00001b68
00000000000000000000000000000000000000000001233333333333333333333222100122333333333333310000000000000000000000000000000000000000
00000000000000000000000000000000000000000012333333333333333333333333210011233333333333310000000000000000000000000000000000000000
00000000000000000000000000000000000000000232222222222333322222333333332001123333333333100000000000000000000000000000000000000000
00000000000000000000000000000000000000002321121212212222222222233333333210011233333333000000000000000000000000000000000000000000
00000000000000000000000000000001221110123222112222222222222222223333333331011133333331000000000000000000000000000000000000000000
00000000000000000000000000000111222322232222112121112221111012323333333333221012333210000000000000000000000000000000000000000000
00000000000000000000000000001100011333332111122122222100000001233333333333332001233100000000000000000000000000000000000000000000
00000000000000000000000000011000000123332111121212221000000000022233333333333200122100000000000000000000000000000000000000000000
00000000000000000000000000000000000013223221111122210000000000002233233333333321112000000000000000000000000000000000000000000000
00000000000000000000000000100000000002323321111121100000000000001323223333333332112100000000000000000011211100000000000000000000
00000000000000000000000000000000000001322321111111000000000000000322212233333333223211122210110000001223333321000000000000000000
00000000000000000000000000000000000000232322111112000000000000000222311233233332233322332232332210022333333332210000000000000000
00000000000000000000000000000000000000232222111111000000000000000131320222232112012321232233333332232333333333331000000000000000
00000000000000000000000000000000000000232221111111000000000000000132310132222000010100132333333333332333333333332100000000000000
00000000000000000000000000000000000000232221101111000000000000000031310133323100221001123333333333321331233333333200000000000000
00000000000000000000000001000000000000232221001111000000000000000131320122333101332001122333323333321111113333333310000000000000
00000000000000000000000001000000000000222221001111000000000000000131320222333100332000122233333333331122101333333320000000000000
00000000000000000000000001000000000000222221001111000000000000000122310222333100332000122222333333332332211233333330000000000000
00000000000000000000000000100000000001222210011111000000000000000222311222333100332000112222323333321221321123333331000000000000
00000000000000000000000000100000000002222210010111100000000000001323101223333212332100012222222333321110111123333331000000000000
00000000000000000000000000010000000012222100110111100000000000002222001222333333333310012222222233322210000123333331000000000000
00000000000000000000000000001000000122221000010011110000000000022231012222233333333310011222222233223100000123333331000000000000
00000000000000000000000000000110012222210000011110011100000000222221123222233333333211132222222333212200000122333331000000000000
00000000000000000000000000000011111112210000010001001111111112211112223223233333322111232222212322321320000123323320000000000000
00000000000000000000000000000000000000000000110001100011211211111122222233333333300000000000000000032221001000333320000000000000
00000000000033300300000330030003033330333001111101003011111111111223332333333333203330003300300003021111000030223310000000000000
00000000000030030300003003003030030000300301111111033011111111122222223333333222103003030030300003011111110330222100000000000000
00000000000030030300003003000300030000300301111111003011111111232333333333332000003330030030300003011111110030221000000000000000
00000000000033300300003333000300033300333002222222203022212222223323333333210000003003033330300003001101111030220000000000000000
00000000000030000300003003000300030000303001233222303022222222233333333321000000003003030030300003000001101030100000000000000000
00000000000030000333303003000300033330300300011111103022222222333333222100000000003330030030333303333001110030000000000000000000
00000000000000000000000000000000000000000000000000000001111111111111000000000000000000000000000000000001000000000000000000000000

0x00001b79
00000000000000000000000000000000000000000011123212221122222211011113333332013333333100000000000000000000000000000000000000000000
00000000000000000000000000000000000000001222333333333333333332111001333333233333333000000000000000000000000000000000000000000000
00000000000000000000000000000000000000023333333333333333333333332100112333333333332000000000000000000000000000000000000000000000
00000000000000000000000000000000000000232222222222222222222333333320001333333333331000000000000000000000000000000000000000000000
00000000000000000000000000000000000002221111112211222222222233333332100113333333320000000000000000000000000000000000000000000000
00000000000000000000000000001121111123211111111111222222222233333333210201333333200000000000000000000000000000000000000000000000
00000000000000000000000000011112322232111122111112211001122223333333332200133331000000000000000000000000000000000000000000000000
00000000000000000000000000100000222332111121111121000000012323333333333310013320000000000000000000000000000000000000000000000000
00000000000000000000000000000000013223211111111210000000000132333333333332012110000000000000000000000000000000000000000000000000
00000000000000000000000000000000002333321111111100000000000022232233333333220220000000000000000000000000000000000000000000000000
00000000000000000000000000000000001322321111111000000000000013232233333333321221111210000000000001222221100000000000000000000000
00000000000000000000000000000000000232221111111000000000000002223123333333333331222332222220000123333333320000000000000000000000
00000000000000000000000000000000000232221111111000000000000001323112333221222232123323333332111333333333332100000000000000000000
00000000000000000000000000000000000132222111111000000000000001323102333210100121012223333333333233333333333210000000000000000000
00000000000000000000000000000000000132222111110000000000000000313202333320011100111333333333332223223333333331000000000000000000
00000000000000000000000000000000000122222001110000000000000000313202323320023300102223333333332022112333333332000000000000000000
00000000000000000000000000000000000122221011111000000000000001313102323320023300002222333333333112211133333333000000000000000000
00000000000000000000000100000000000222221001111000000000000001223112333320023300001222233333333323221023333333100000000000000000
00000000000000000000000000000000000222210001111000000000000002223012333330023300001122222223333123222112333333200000000000000000
00000000000000000000000010000000001222210010011100000000000012132012233331123310001122222223333112112112333333200000000000000000
00000000000000000000000000000000012222100010001100000000000022220112333333333332001122222233333212000012333333200000000000000000
00000000000000000000000001000000122221000001001110000000000222210122233333333331001222222233322221000012333333200000000000000000
00000000000000000000000000020012221210000000001111000000002222101222233333333321101311222233332221000012333333200000000000000000
00000000000000000000000000001111111211000011001101111111112211122222223333332211113232222233233222000012332333100000000000000000
00000000000000000000000000000000000000000011110101100022111111233332333333332111100000000000000000000012222000000000000000000000
00000000000033300300000330030003033330333001110111003011111123233223333332332000103330003300300003000112220030000000000000000000
00000000000030030300003003003030030000300301111011033011111233333333333332220000003003030030300003011122220330000000000000000000
00000000000030030300003003000300030000300302111111003011112232333333333210000000003330030030300003011122220030000000000000000000
00000000000033300300003333000300033300333002222222203021223222333333322000000000003003033330300003011111122030000000000000000000
00000000000030000300003003000300030000303002222222203022222333333332100000000000003003030030300003000011110030000000000000000000
00000000000030000333303003000300033330300300111111103022222222221111000000000000003330030030333303333011000030000000000000000000
00000000000000000000000000000000000000000000000000000001111100000000000000000000000000000000000000000000000000000000000000000000

0x00001bab
00000000000000000000000000000000000000000000110000000000110010001333331013333332000000000000000000000000000000000000000000000000
00000000000000000000000000000000000000000111221112111111111111102333331113333332000000000000000000000000000000000000000000000000
00000000000000000000000000000000000000022323333333333333333322100123333333333332000000000000000000000000000000000000000000000000
00000000000000000000000000000000000000233333333333333333333333210011233333333331000000000000000000000000000000000000000000000000
00000000000000000000000000000000000012322222222222222222233333332000222333333320000000000000000000000000000000000000000000000000
00000000000000000000000000000000000122211111121111122221123333333210112333333300000000000000000000000000000000000000000000000000
00000000000000000000000000011222111221111111121211222122223333333321110233332100000000000000000000000000000000000000000000000000
00000000000000000000000000011112222221111111121112100011223333333333210023331000000000000000000000000000000000000000000000000000
00000000000000000000000001000000232221111111111110000000023233333333332002330000000000000000000000000000000000000000000000000000
00000000000000000000000000000000023332111112112100000000002323233333333102110000000000000000000000000000000000000000000000000000
00000000000000000000000100000000013333211111111000000000000323223333333321110000000000000000011222100000000000000000000000000000
00000000000000000000000000000000002323211111120000000000000222323333333332231112221011000001223333322000000000000000000000000000
00000000000000000000000000000000001322321111110000000000000132322333333322332133323233221012233333333210000000000000000000000000
00000000000000000000000000000000000222221111110000000000000022321233331110122013223333333222223323333331000000000000000000000000
00000000000000000000000000000000000222221111110000000000000022220233321000111012233333333332233333333333100000000000000000000000
00000000000000000000000000000000000222211111100000000000000022221232332002210112233333333321222223333333200000000000000000000000
00000000000000000000000000000000000222210111110000000000000022220233332003310012223333333331111112333333310000000000000000000000
00000000000000000000000000000000001222210011110000000000000022320233332003310012222233333332232101233333320000000000000000000000
00000000000000000000000000000000001222210011110000000000000122310223332003310011122233333331232221123333330000000000000000000000
00000000000000000000000000000000002222100101111000000000000222201222332113310001222223333331121222123333330000000000000000000000
00000000000000000000000010000000012211000101111000000000001223101232333333331001122223333332220000123333330000000000000000000000
00000000000000000000000001000000122210000001101100000000002221012222333333332001222223233322210000123333330000000000000000000000
00000000000000000000000000110011211100000000111110000000121220122222233333332002211222233212210000123333330000000000000000000000
00000000000000000000000000011111112100001000010111110112211111222233333333221113322222331322220000123323320000000000000000000000
00000000000000000000000000000000000000000000001111100021111122222333333332111122100000000000000000023223310000000000000000000000
00000000000033300300000330030003033330333000011111003011111233333333333332001110103330003300300003023223200030000000000000000000
00000000000030030300003003003030030000300301111111033011122332333333332220000000103003030030300003022223100330000000000000000000
00000000000030030300003003000300030000300301111111003011222223333333210000000000003330030030300003021222000030000000000000000000
00000000000033300300003333000300033300333002222222203022222233333332000000000000003003033330300003011210000030000000000000000000
00000000000030000300003003000300030000303002222222203022223333333210000000000000003003030030300003000000000030000000000000000000
00000000000030000333303003000300033330300300001111103022212211111000000000000000003330030030333303333000000030000000000000000000
00000000000000000000000000000000000000000000000000000011000000000000000000000000000000000000000000000000000000000000000000000000

0x00001bed
00000000000000000000000000000000000000000000000000000000000000133332013333333000000000000000000000000000000000000000000000000000
00000000000000000000000000000000000000000011000000000010000000133332003333333000000000000000000000000000000000000000000000000000
00000000000000000000000000000000000000111123222121222222210121233333223333333000000000000000000000000000000000000000000000000000
00000000000000000000000000000000000001233333333333333333332210022333333333332000000000000000000000000000000000000000000000000000
00000000000000000000000000000000000013332333333333333333333321001233333333331000000000000000000000000000000000000000000000000000
00000000000000000000000000000000000222111221222222222212333333200022333333320000000000000000000000000000000000000000000000000000
00000000000000000000000000001110012221111111111112222212233333321011233333200000000000000000000000000000000000000000000000000000
00000000000000000000000000111222122211111111111111111222233333332110023332000000000000000000000000000000000000000000000000000000
00000000000000000000000001000012222211111111111100000012333333333331002221000000000000000000000000000000000000000000000000000000
00000000000000000000000000000001222321111111111000000001322333333333201231000000000000000000000000000000000000000000000000000000
00000000000000000000000000000000122321111111110000000000122323333333311120000000000000000000110000000000000000000000000000000000
00000000000000000000000000000000022232111111200000000000022222333333332121101210000000000122222210000000000000000000000000000000
00000000000000000000000000000000013222111111100000000000012231233233333232223332222210012222333332100000000000000000000000000000
00000000000000000000000000000000013222111111000000000000003231123332111133223223333332122233233333320000000000000000000000000000
00000000000000000000000000000000002222111111000000000000002232023332010012013223333333332232333333332000000000000000000000000000
00000000000000000000000000000000002222101111000000000000002222023332001210012233333333321221233333333100000000000000000000000000
00000000000000000000000000000000002222101111000000000000002132023333002320002222323333320121123333333200000000000000000000000000
00000000000000000000000000000000012222001111000000000000002232023333002320002222223333331122101333333200000000000000000000000000
00000000000000000000000000000000012221000111000000000000003231123333102320001222222333331232211233333310000000000000000000000000
00000000000000000000000000000000022221000111100000000000012220122333102320001122233233331222222233333310000000000000000000000000
00000000000000000000000100000000121210000100110000000000022210132233223331001112223233331220001133333320000000000000000000000000
00000000000000000000000000000001212200000001110000000000222201222233333333001122222233322210001133333320000000000000000000000000
00000000000000000000000001100112121000000000011000000002222112222223333332002211222333312200001133333320000000000000000000000000
00000000000000000000000000011111221000000000101111111112111222222333333221113322222322322210000223333310000000000000000000000000
00000000000000000000000000000000000000000010111111100011112222323333333111112133300000000000000000023200000000000000000000000000
00000000000033300300000330030003033330333000111111003011122232333333332001100133203330003300300003023100000030000000000000000000
00000000000030030300003003003030030000300301111111033012222233333332221000000111103003030030300003032000000330000000000000000000
00000000000030030300003003000300030000300301111111003022222333333320000000000000003330030030300003021000000030000000000000000000
00000000000033300300003333000300033300333002222222203022223333332100000000000000003003033330300003010000000030000000000000000000
00000000000030000300003003000300030000303001222222203022333333210000000000000000003003030030300003000000000030000000000000000000
00000000000030000333303003000300033330300300000111103011111111000000000000000000003330030030333303333000000030000000000000000000
00000000000000000000000000000000000000000000000000000000000000000000000000000000000000000000000000000000000000000000000000000000

0x00001bfe
00000000000000000000000000000000000000000000000000000000000000133332013333333000000000000000000000000000000000000000000000000000
00000000000000000000000000000000000000000011000000000010000000133332003333333000000000000000000000000000000000000000000000000000
00000000000000000000000000000000000000111123222121222222210121233333223333333000000000000000000000000000000000000000000000000000
00000000000000000000000000000000000001233333333333333333332210022333333333332000000000000000000000000000000000000000000000000000
00000000000000000000000000000000000013332333333333333333333321001233333333331000000000000000000000000000000000000000000000000000
00000000000000000000000000000000000222111221222222222212333333200022333333320000000000000000000000000000000000000000000000000000
00000000000000000000000000001110012221111111111112222212233333321011233333200000000000000000000000000000000000000000000000000000
00000000000000000000000000111222122211111111111111111222233333332110023332000000000000000000000000000000000000000000000000000000
00000000000000000000000001000012222211111111111100000012333333333331002221000000000000000000000000000000000000000000000000000000
00000000000000000000000000000001222321111111111000000001322333333333201231000000000000000000000000000000000000000000000000000000
00000000000000000000000000000000122321111111110000000000122323333333311120000000000000000000110000000000000000000000000000000000
00000000000000000000000000000000000000000000000000000000022222333333332121101210000000000122222210000000000000000000000000000000
00000000000000000033300333330033300333300333330000000000012231233233333232223332222210012222333332100000000000000000000000000000
00000000000000000300030003000300030300030003000000000000003231123332111133223223333332122233233333320000000000000000000000000000
00000000000000000300000003000300030300030003000000000000002232023332010012013223333333332232333333332000000000000000000000000000
00000000000000000033300003000300030333300003000000000000002222023332001210012233333333321221233333333100000000000000000000000000
00000000000000000000030003000333330303000003000000000000002132023333002320002222323333320121123333333200000000000000000000000000
00000000000000000000030003000300030300300003000000000000002232023333002320002222223333331122101333333200000000000000000000000000
00000000000000000300030003000300030300030003000000000000003231123333102320001222222333331232211233333310000000000000000000000000
00000000000000000033300003000300030300003003000000000000012220122333102320001122233233331222222233333310000000000000000000000000
00000000000000000000000000000000000000000000000000000000022210132233223331001112223233331220001133333320000000000000000000000000
00000000000000000000000000000001212200000001110000000000222201222233333333001122222233322210001133333320000000000000000000000000
00000000000000000000000001100112121000000000011000000002222112222223333332002211222333312200001133333320000000000000000000000000
00000000000000000000000000011111221000000000101111111112111222222333333221113322222322322210000223333310000000000000000000000000
00000000000000000000000000000000000000000010111111100011112222323333333111112133300000000000000000023200000000000000000000000000
00000000000033300300000330030003033330333000111111003011122232333333332001100133203330003300300003023100000030000000000000000000
00000000000030030300003003003030030000300301111111033012222233333332221000000111103003030030300003032000000330000000000000000000
00000000000030030300003003000300030000300301111111003022222333333320000000000000003330030030300003021000000030000000000000000000
00000000000033300300003333000300033300333002222222203022223333332100000000000000003003033330300003010000000030000000000000000000
00000000000030000300003003000300030000303001222222203022333333210000000000000000003003030030300003000000000030000000000000000000
00000000000030000333303003000300033330300300000111103011111111000000000000000000003330030030333303333000000030000000000000000000
00000000000000000000000000000000000000000000000000000000000000000000000000000000000000000000000000000000000000000000000000000000

0x00001c1f
00000000000000000000000000000000000000000000000000000000000012333321333333310000000000000000000000000000000000000000000000000000
00000000000000000000000000000000000000000000000000000000000001333310233333310000000000000000000000000000000000000000000000000000
00000000000000000000000000000000000000000021000000000110111002333310233333310000000000000000000000000000000000000000000000000000
00000000000000000000000000000000000001222232222222222222111212333332333333310000000000000000000000000000000000000000000000000000
00000000000000000000000000000000000012333333333333333333222100123333333333200000000000000000000000000000000000000000000000000000
00000000000000000000000000000000000122222222222223222233333320011333333333100000000000000000000000000000000000000000000000000000
00000000000000000000000000000000001221111111221121211123333332001123333332000000000000000000000000000000000000000000000000000000
00000000000000000000000000001111122211111111111111222122333333211112333320000000000000000000000000000000000000000000000000000000
00000000000000000000000000100122222111111111112110001222333333333200232100000000000000000000000000000000000000000000000000000000
00000000000000000000000010000002222211111111111000000023233333333320022200000000000000000000000000000000000000000000000000000000
00000000000000000000000000000000232211111111110000000002223233333331012100000000000000000000000000000000000000000000000000000000
00000000000000000000000000000000000000000000000000000000223223333333201110110000000000001222221000000000000000000000000000000000
00000000000000000033300333330033300333300333330000000000122312333333322222232211210000123333332210000000000000000000000000000000
00000000000000000300030003000300030300030003000000000000032312323233223322331333332102223333333321000000000000000000000000000000
00000000000000000300000003000300030300030003000000000000022311222210201220222333333322223333333333100000000000000000000000000000
00000000000000000033300003000300030333300003000000000000022320223210010000122333333331133123333333200000000000000000000000000000
00000000000000000000030003000333330303000003000000000000022220223320032000122233333332022112333333310000000000000000000000000000
00000000000000000000030003000300030300300003000000000000022311232320033000112223333333112111233333320000000000000000000000000000
00000000000000000300030003000300030300030003000000000000022311223320033000112222333333222221123333320000000000000000000000000000
00000000000000000033300003000300030300003003000000000000122201223330133000111222223332122222123333331000000000000000000000000000
00000000000000000000000000000000000000000000000000000000222101223332233100112222223332012000123333331000000000000000000000000000
00000000000000000000000010000001222100000000110000000001222012222333333310012212223332221000013333331000000000000000000000000000
00000000000000000000000001000012111000000000111000000012221122222233333310121122223321210000012333331000000000000000000000000000
00000000000000000000000000011111211000000000111100001121111232223333332211232222233232221000122323320000000000000000000000000000
00000000000000000000000000000000000000000010100111100011122232323333221111223331200000000000000000020000000000000000000000000000
00000000000033300300000330030003033330333000011101003011222233333333210010112322103330003300300003010000000030000000000000000000
00000000000030030300003003003030030000300301111111033022222233333322100000011110003003030030300003000000000330000000000000000000
00000000000030030300003003000300030000300301111111003022223333332100000000000000003330030030300003000000000030000000000000000000
00000000000033300300003333000300033300333002222222203022233333210000000000000000003003033330300003000000000030000000000000000000
00000000000030000300003003000300030000303001112222203022333221100000000000000000003003030030300003000000000030000000000000000000
00000000000030000333303003000300033330300300000111103011111000000000000000000000003330030030333303333000000030000000000000000000
00000000000000000000000000000000000000000000000000000000000000000000000000000000000000000000000000000000000000000000000000000000

0x00001c51
00000000000000000000000000000000000000000000000000000000000001333333333333330000000000000000000000000000000000000000000000000000
00000000000000000000000000000000000000000000000000000000000001223332123333331000000000000000000000000000000000000000000000000000
00000000000000000000000000000000000000000000000000000000000001013331013333331000000000000000000000000000000000000000000000000000
00000000000000000000000000000000000000000000221010000001110111023332123333331000000000000000000000000000000000000000000000000000
00000000000000000000000000000000000000001222332222222222222111012333333333330000000000000000000000000000000000000000000000000000
00000000000000000000000000000000000000023333333333333333333222001123333333310000000000000000000000000000000000000000000000000000
00000000000000000000000000000000000001222212222222222222233333210012333333200000000000000000000000000000000000000000000000000000
00000000000000000000000000000000000012211111111111112111123333321011233332100000000000000000000000000000000000000000000000000000
00000000000000000000000000000111222222111111111111122112222333333221023320000000000000000000000000000000000000000000000000000000
00000000000000000000000000001000012222111111111111000000222333333332001220000000000000000000000000000000000000000000000000000000
00000000000000000000000000000000001222211111111110000000013233333333201221000000000000000000000000000000000000000000000000000000
00000000000000000000000000000000000000000000000100000000002233333333321120000000000000001122210000000000000000000000000000000000
00000000000000000033300333330033300333300333330000000000000223233333332121112210010000122222332100000000000000000000000000000000
00000000000000000300030003000300030300030003000000000000000223222232333233233122333201222233333321000000000000000000000000000000
00000000000000000300000003000300030300030003001000000000000122212233111123122223333332222233333332100000000000000000000000000000
00000000000000000033300003000300030333300003000000000000000122202223100001022223333333123223333333200000000000000000000000000000
00000000000000000000030003000333330303000003000000000000000132202323201210012223233333112112333333310000000000000000000000000000
00000000000000000000030003000300030300300003000000000000000122212333201320011122333333211121133333320000000000000000000000000000
00000000000000000300030003000300030300030003001000000000000122212233201320011122223333322221123333320000000000000000000000000000
00000000000000000033300003000300030300003003001000000000000223112333201320001222222333212122113333331000000000000000000000000000
00000000000000000000000000000000000000000000000100000000001222112333323320011122222333212001013333331000000000000000000000000000
00000000000000000000000000010000000221100000000100000000002221122323333332001122222333221000112333331000000000000000000000000000
00000000000000000000000000000100012111000000000011000000022211222322333332012112223331210000112333320000000000000000000000000000
00000000000000000000000000000011111110000000000001100001111112222333333311123222223222221000112323330000000000000000000000000000
00000000000000000000000000000000000000000000000010100011111122222233332110122332100000000000000000020000000000000000000000000000
00000000000033300300000330030003033330333000000011003011112222233333331000001232103330003300300003010000000030000000000000000000
00000000000030030300003003003030030000300301111101033011122222333332210000001110003003030030300003000000000330000000000000000000
00000000000030030300003003000300030000300301211211003012222233333220000000000000003330030030300003000000000030000000000000000000
00000000000033300300003333000300033300333002222222203022222333322100000000000000003003033330300003000000000030000000000000000000
00000000000030000300003003000300030000303001111111103022222222110000000000000000003003030030300003000000000030000000000000000000
00000000000030000333303003000300033330300300000000003011110000000000000000000000003330030030333303333000000030000000000000000000
00000000000000000000000000000000000000000000000000000000000000000000000000000000000000000000000000000000000000000000000000000000

0x00001c94
00000000000000000000000000000000000000000000000000000000000000023333333333333100000000000000000000000000000000000000000000000000
00000000000000000000000000000000000000000000000000000000000000023333322333333100000000000000000000000000000000000000000000000000
00000000000000000000000000000000000000000000000000000000000000032133301333333100000000000000000000000000000000000000000000000000
00000000000000000000000000000000000000000000000010000000001001120133200333333100000000000000000000000000000000000000000000000000
00000000000000000000000000000000000000000101111222111111111211121133322333333100000000000000000000000000000000000000000000000000
00000000000000000000000000000000000000000012332333333333323332110022333333332000000000000000000000000000000000000000000000000000
00000000000000000000000000000000000000000123222222233333322333321001233333331000000000000000000000000000000000000000000000000000
00000000000000000000000000000000000000001221111111122121111233333200123333320000000000000000000000000000000000000000000000000000
00000000000000000000000000000000001211122111111111111111121223333321111333200000000000000000000000000000000000000000000000000000
00000000000000000000000000000000100112222111111111111110011223333333320121000000000000000000000000000000000000000000000000000000
00000000000000000000000000000000000001222211111111111000000122333333331012200000000000000000000000000000000000000000000000000000
00000000000000000000000000000000000000000000000111110000000012232333333111100000000000000011110000000000000000000000000000000000
00000000000000000033300333330033300333300333330111100000000001232233333321211210000000012223322100000000000000000000000000000000
00000000000000000300030003000300030300030003000111000000000000233123333332333323223211222323333320000000000000000000000000000000
00000000000000000300000003000300030300030003001111000000000000223123332212333312333332223233333332100000000000000000000000000000
00000000000000000033300003000300030333300003001111000000000000123112231010121223333333223223333333200000000000000000000000000000
00000000000000000000030003000333330303000003001111000000000000133113332002101222333333312112333333310000000000000000000000000000
00000000000000000000030003000300030300300003001111000000000000133112332013201122223333311121133333320000000000000000000000000000
00000000000000000300030003000300030300030003001111000000000000123123332013200112223333332221123333330000000000000000000000000000
00000000000000000033300003000300030300003003000111000000000000222012223013200112222233322222113333331000000000000000000000000000
00000000000000000000000000000000000000000000000011100000000001222022232123200112222233311101112333331000000000000000000000000000
00000000000000000000000000000000000000122100000000100000000002220122333333320112222233321000012333331000000000000000000000000000
00000000000000000000000000000000100001111000000000011000000022211222233333311211222233220000012333331000000000000000000000000000
00000000000000000000000000000000001111211000010000011111111211122232233332212322222223222000012333331000000000000000000000000000
00000000000000000000000000000000000000000000000001100011111111222232332321112233200000000000000000020000000000000000000000000000
00000000000033300300000330030003033330333000000100003011101122222233333200000123203330003300300003010000000030000000000000000000
00000000000030030300003003003030030000300301111111033011111122222333322100000011003003030030300003000000000330000000000000000000
00000000000030030300003003000300030000300301222122003011112232233332100000000000003330030030300003000000000030000000000000000000
00000000000033300300003333000300033300333001222222203022222233333320000000000000003003033330300003000000000030000000000000000000
00000000000030000300003003000300030000303000011111103012122222111100000000000000003003030030300003000000000030000000000000000000
00000000000030000333303003000300033330300300000000003000000000000000000000000000003330030030333303333000000030000000000000000000
00000000000000000000000000000000000000000000000000000000000000000000000000000000000000000000000000000000000000000000000000000000

0x00001ca5
00000000000000000000000000000000000000000000000000000000000000023333333333333100000000000000000000000000000000000000000000000000
00000000000000000000000000000000000000000000000000000000000000023333322333333100000000000000000000000000000000000000000000000000
00000000000000000000000000000000000000000000000000000000000000032133301333333100000000000000000000000000000000000000000000000000
00000000000000000000000000000000000000000000000010000000001001120133200333333100000000000000000000000000000000000000000000000000
00000000000000000000000000000000000000000101111222111111111211121133322333333100000000000000000000000000000000000000000000000000
00000000000000000000000000000000000000000012332333333333323332110022333333332000000000000000000000000000000000000000000000000000
00000000000000000000000000000000000000000123222222233333322333321001233333331000000000000000000000000000000000000000000000000000
00000000000000000000000000000000000000001221111111122121111233333200123333320000000000000000000000000000000000000000000000000000
00000000000000000000000000000000001211122111111111111111121223333321111333200000000000000000000000000000000000000000000000000000
00000000000000000000000000000000100112222111111111111110011223333333320121000000000000000000000000000000000000000000000000000000
00000000000000000000000000000000000001222211111111111000000122333333331012200000000000000000000000000000000000000000000000000000
00000000000000000000000000000000000000122211111111110000000012232333333111100000000000000011110000000000000000000000000000000000
00000000000000000000000000000000000000012221111111100000000001232233333321211210000000012223322100000000000000000000000000000000
00000000000000000000000000000000000000002222111111000000000000233123333332333323223211222323333320000000000000000000000000000000
00000000000000000000000000000000000000002222111111000000000000223123332212333312333332223233333332100000000000000000000000000000
00000000000000000000000000000000000000001222101111000000000000123112231010121223333333223223333333200000000000000000000000000000
00000000000000000000000000000000000000001322101111000000000000133113332002101222333333312112333333310000000000000000000000000000
00000000000000000000000000000000000000001221011111000000000000133112332013201122223333311121133333320000000000000000000000000000
00000000000000000000000000000000000000002221011111000000000000123123332013200112223333332221123333330000000000000000000000000000
00000000000000000000000000000000000000012221010111000000000000222012223013200112222233322222113333331000000000000000000000000000
00000000000000000000000000000010000000022210010011100000000001222022232123200112222233311101112333331000000000000000000000000000
00000000000000000000000000000000000000122100000000100000000002220122333333320112222233321000012333331000000000000000000000000000
00000000000000000000000000000000100001111000000000011000000022211222233333311211222233220000012333331000000000000000000000000000
00000000000000000000000000000000001111211000010000011111111211122232233332212322222223222000012333331000000000000000000000000000
00000000000000000000000000000000000000000000000001100011111111222232332321112233200000000000000000020000000000000000000000000000
00000000000033300300000330030003033330333000000100003011101122222233333200000123203330003300300003010000000030000000000000000000
00000000000030030300003003003030030000300301111111033011111122222333322100000011003003030030300003000000000330000000000000000000
00000000000030030300003003000300030000300301222122003011112232233332100000000000003330030030300003000000000030000000000000000000
00000000000033300300003333000300033300333001222222203022222233333320000000000000003003033330300003000000000030000000000000000000
00000000000030000300003003000300030000303000011111103012122222111100000000000000003003030030300003000000000030000000000000000000
00000000000030000333303003000300033330300300000000003000000000000000000000000000003330030030333303333000000030000000000000000000
00000000000000000000000000000000000000000000000000000000000000000000000000000000000000000000000000000000000000000000000000000000

0x00001cc6
00000000000000000000000000000000000000000000000000000000000000000233333333333310000000000000000000000000000000000000000000000000
00000000000000000000000000000000000000000000000000000000000000001333333333333310000000000000000000000000000000000000000000000000
00000000000000000000000000000000000000000000000000000000000000001333332133333320000000000000000000000000000000000000000000000000
00000000000000000000000000000000000000000000000000000000000000002320331023333320000000000000000000000000000000000000000000000000
00000000000000000000000000000000000000000000000001210000000001002201332123333320000000000000000000000000000000000000000000000000
00000000000000000000000000000000000000000000001112222222212222211101333333333320000000000000000000000000000000000000000000000000
00000000000000000000000000000000000000000000023323333333333333322210233333333310000000000000000000000000000000000000000000000000
00000000000000000000000000000000000000000000122222222222222222333321012333333200000000000000000000000000000000000000000000000000
00000000000000000000000000000000000000000012211111111111111111233333201123331000000000000000000000000000000000000000000000000000
00000000000000000000000000000000000011122122111111111111121212233233322112310000000000000000000000000000000000000000000000000000
00000000000000000000000000000000000100001222211111111112100001222333333200111000000000000000000000000000000000000000000000000000
00000000000000000000000000000000000000000122211111111110000000122333333320121000000000000001110000000000000000000000000000000000
00000000000000000000000000000000000000000013221111111100000000012333333332111121000000001122222100000000000000000000000000000000
00000000000000000000000000000000000000000002221011111100000000001232233333223333212210112223233321000000000000000000000000000000
00000000000000000000000000000000000000000001222101111000000000001332222233223332223333222233333332100000000000000000000000000000
00000000000000000000000000000000000000000001222101111000000000000232122211201222233333332323333333210000000000000000000000000000
00000000000000000000000000000000000000000001222001111000000000000232123210010012232333332211233333320000000000000000000000000000
00000000000000000000000000000000000000000001222000111000000000000222122320131012222233332111123333331000000000000000000000000000
00000000000000000000000000000000000000000001221001111000000000000221122320131012222233333222113333332000000000000000000000000000
00000000000000000000000000000000000000000002221001111000000000001331123320131011222223333222212333332000000000000000000000000000
00000000000000000000000000000000000000000012210010001100000000002220233331231011122223331101112333332000000000000000000000000000
00000000000000000000000000000000000000000022100000000100000000012211223333333111122223331100001333332000000000000000000000000000
00000000000000000000000000000000000110001211100000000010000000122112222233333121112223322000011333332000000000000000000000000000
00000000000000000000000000000000000001111111000000110001010011111222222333321133221222322100002333331000000000000000000000000000
00000000000000000000000000000000000000000011100000100001011111112222223332211223300000000000000000021000000000000000000000000000
00000000000033300300000330030003033330333002210000003011110111122222333331000012303330003300300003020000000030000000000000000000
00000000000030030300003003003030030000300301211111033011111111222233333220000001103003030030300003010000000330000000000000000000
00000000000030030300003003000300030000300300111222003022211122222333321000000000003330030030300003000000000030000000000000000000
00000000000033300300003333000300033300333000001222203022222222233332100000000000003003033330300003000000000030000000000000000000
00000000000030000300003003000300030000303000000000003011111111111111000000000000003003030030300003000000000030000000000000000000
00000000000030000333303003000300033330300300000000003000000000000000000000000000003330030030333303333000000030000000000000000000
00000000000000000000000000000000000000000000000000000000000000000000000000000000000000000000000000000000000000000000000000000000

0x00001cf8
00000000000000000000000000000000000000000000000000000000000000000003333333333330000000000000000000000000000000000000000000000000
00000000000000000000000000000000000000000000000000000000000000000013333333333331000000000000000000000000000000000000000000000000
00000000000000000000000000000000000000000000000000000000000000000023333323333332000000000000000000000000000000000000000000000000
00000000000000000000000000000000000000000000000000000000000000000033323202333333000000000000000000000000000000000000000000000000
00000000000000000000000000000000000000000000000000001100000000000033113201333333000000000000000000000000000000000000000000000000
00000000000000000000000000000000000000000000000000012210110010110122023322333332000000000000000000000000000000000000000000000000
00000000000000000000000000000000000000000000000122222322222222232212012333333331000000000000000000000000000000000000000000000000
00000000000000000000000000000000000000000000000232222323333333333222101233333320000000000000000000000000000000000000000000000000
00000000000000000000000000000000000000000000012221111112211111123333320012333200000000000000000000000000000000000000000000000000
00000000000000000000000000000000000000001121122111111111111122212332332111232000000000000000000000000000000000000000000000000000
00000000000000000000000000000000000000110012222111111111111110122233333320020000000000000000000000000000000000000000000000000000
00000000000000000000000000000000000000000001222111111111110000001233333332001200000000000000000000000000000000000000000000000000
00000000000000000000000000000000000000000000122211111111100000000123223333211200000000000112222100000000000000000000000000000000
00000000000000000000000000000000000000000000013221111111000000000022223333331223210111012223323321000000000000000000000000000000
00000000000000000000000000000000000000000000002221111110000000000013312333332333122333222222333333200000000000000000000000000000
00000000000000000000000000000000000000000000002221011110000000000002312232111122123333332222233333310000000000000000000000000000
00000000000000000000000000000000000000000000002221001110000000000002321232101001223333332221223333320000000000000000000000000000
00000000000000000000000000000000000000000000002221001110000000000002221233202101222223333111123333331000000000000000000000000000
00000000000000000000000000000000000000000000002221011010000000000002211233203201222223333222112333332000000000000000000000000000
00000000000000000000000000000000000000000000002120011110000000000013212233202201122222333222211333332000000000000000000000000000
00000000000000000000000000000000000000000000022210000001000000000012212223213200112222333110111233333000000000000000000000000000
00000000000000000000000000000000000001000000122100001001000000000022112223333320112222332210001233333100000000000000000000000000
00000000000000000000000000000000000000100001211000001001110000001221122223333311112122332100001233332000000000000000000000000000
00000000000000000000000000000000000000001111110000001000011001111121222223332113221122222210001232332000000000000000000000000000
00000000000000000000000000000000000000000001121000000000001111111122222233221012300000000000000000031000000000000000000000000000
00000000000033300300000330030003033330333000022100003001111111012222233333210001203330003300300003021000000030000000000000000000
00000000000030030300003003003030030000300300001211033011111111122222333322000000103003030030300003020000000330000000000000000000
00000000000030030300003003000300030000300300000122003011122221222323332100000000003330030030300003000000000030000000000000000000
00000000000033300300003333000300033300333000000012203022222222222333221000000000003003033330300003000000000030000000000000000000
00000000000030000300003003000300030000303000000000003001111111111111000000000000003003030030300003000000000030000000000000000000
00000000000030000333303003000300033330300300000000003000000000000000000000000000003330030030333303333000000030000000000000000000
00000000000000000000000000000000000000000000000000000000000000000000000000000000000000000000000000000000000000000000000000000000

0x00001d2a
00000000000000000000000000000000000000000000000000000000000000000000233333333332000000000000000000000000000000000000000000000000
00000000000000000000000000000000000000000000000000000000000000000000233333333333100000000000000000000000000000000000000000000000
00000000000000000000000000000000000000000000000000000000000000000001333333333333200000000000000000000000000000000000000000000000
00000000000000000000000000000000000000000000000000000000000000000002333331233333200000000000000000000000000000000000000000000000
00000000000000000000000000000000000000000000000000000000000000000002331220133333200000000000000000000000000000000000000000000000
00000000000000000000000000000000000000000000000000000011000000000002320221233333200000000000000000000000000000000000000000000000
00000000000000000000000000000000000000000000000000011122111111112111111333333333200000000000000000000000000000000000000000000000
00000000000000000000000000000000000000000000000001233332332322223332110123333333100000000000000000000000000000000000000000000000
00000000000000000000000000000000000000000000000012221112222222222222331002333331000000000000000000000000000000000000000000000000
00000000000000000000000000000000000000000000000222111111111111111123333201223310000000000000000000000000000000000000000000000000
00000000000000000000000000000000000000000011122221111111111111222222323322112100000000000000000000000000000000000000000000000000
00000000000000000000000000000000000000000000012221111111111110000122222233200011000000000000000000000000000000000000000000000000
00000000000000000000000000000000000000000000000222111111111100000012332333320021000000000011111100000000000000000000000000000000
00000000000000000000000000000000000000000000000122211111111000000001232233332121321000001222233321000000000000000000000000000000
00000000000000000000000000000000000000000000000022210111110000000000232222233233322222221222232333200000000000000000000000000000
00000000000000000000000000000000000000000000000012210111110000000000122122222123322233332222233333320000000000000000000000000000
00000000000000000000000000000000000000000000000012210111100000000000023122210101122233333222222333331000000000000000000000000000
00000000000000000000000000000000000000000000000012110111100000000000022122220120012222333211112333332000000000000000000000000000
00000000000000000000000000000000000000000000000012110111100000000000022122230220012222233312111333333000000000000000000000000000
00000000000000000000000000000000000000000000000022110010100000000000022022330220011222233322221233332100000000000000000000000000
00000000000000000000000000000000000000000000000021100010000000000000122122331220011222233311111133233100000000000000000000000000
00000000000000000000000000000000000000000000000121000000011000000001221122333332011122233210001133333100000000000000000000000000
00000000000000000000000000000000000000000100001111000000001000000002211222233332211112233200000123233100000000000000000000000000
00000000000000000000000000000000000000000011111100000000000100000111122222333321321112222210000123223100000000000000000000000000
00000000000000000000000000000000000000000000001110000000100111111111222222332211200000000000000000022000000000000000000000000000
00000000000033300300000330030003033330333000000121003001011111000122222333321000103330003300300003021000000030000000000000000000
00000000000030030300003003003030030000300300000012033011111111111222222322200000003003030030300003010000000330000000000000000000
00000000000030030300003003000300030000300300000001003022222221212222333220000000003330030030300003010000000030000000000000000000
00000000000033300300003333000300033300333000000012203022222222222333221000000000003003033330300003000000000030000000000000000000
00000000000030000300003003000300030000303000000000003001111111111111000000000000003003030030300003000000000030000000000000000000
00000000000030000333303003000300033330300300000000003000000000000000000000000000003330030030333303333000000030000000000000000000
00000000000000000000000000000000000000000000000000000000000000000000000000000000000000000000000000000000000000000000000000000000

0x00001d3b
00000000000000000000000000000000000000000000000000000000000000000000233333333332000000000000000000000000000000000000000000000000
00000000000000000000000000000000000000000000000000000000000000000000233333333333100000000000000000000000000000000000000000000000
00000000000000000000000000000000000000000000000000000000000000000001333333333333200000000000000000000000000000000000000000000000
00000000000000000000000000000000000000000000000000000000000000000002333331233333200000000000000000000000000000000000000000000000
00000000000000000000000000000000000000000000000000000000000000000002331220133333200000000000000000000000000000000000000000000000
00000000000000000000000000000000000000000000000000000011000000000002320221233333200000000000000000000000000000000000000000000000
00000000000000000000000000000000000000000000000000011122111111112111111333333333200000000000000000000000000000000000000000000000
00000000000000000000000000000000000000000000000001233332332322223332110123333333100000000000000000000000000000000000000000000000
00000000000000000000000000000000000000000000000012221112222222222222331002333331000000000000000000000000000000000000000000000000
00000000000000000000000000000000000000000000000222111111111111111123333201223310000000000000000000000000000000000000000000000000
00000000000000000000000000000000000000000011122221111111111111222222323322112100000000000000000000000000000000000000000000000000
00000000000000000000000000000000000000000000012221111111111110000122222233200011000000000000000000000000000000000000000000000000
00000000000000000000000000000000000000000000000222111111111100000012332333320021000000000011111100000000000000000000000000000000
00000000000000000000000000000000000000000000000122211111111000000001232233332121321000001222233321000000000000000000000000000000
00000000000000000000000000000000000000000000000022210111110000000000232222233233322222221222232333200000000000000000000000000000
00000000000000000000000000000000000000000000000012210111110000000000122122222123322233332222233333320000000000000000000000000000
00000000000000000000000000000000000000000000000012210111100000000000023122210101122233333222222333331000000000000000000000000000
00000000000000000000000000000000000000000000000012110111100000000000022122220120012222333211112333332000000000000000000000000000
00000000000000000000000000000000000000000000000012110111100000000000022122230220012222233312111333333000000000000000000000000000
00000000000000000000000000000000000000000000000022110010100000000000022022330220011222233322221233332100000000000000000000000000
00000000000000000000000000000000000000000000000021100010000000000000122122331220011222233311111133233100000000000000000000000000
00000000000000000000000000000000000000000000000121000000011000000001221122333332011122233210001133333100000000000000000000000000
00000000000000000000000000000000000000000100001111000000001000000002211222233332211112233200000123233100000000000000000000000000
00000000000000000000000000000000000000000011111100000000000100000111122222333321321112222210000123223100000000000000000000000000
00000000000000000000000000000000000000000000001110000000100111111111222222332211200000000000000000022000000000000000000000000000
00000000000033300300000330030003033330333000000121003001011111000122222333321000103330003300300003021000000030000000000000000000
00000000000030030300003003003030030000300300000012033011111111111222222322200000003003030030300003010000000330000000000000000000
00000000000030030300003003000300030000300300000001003022222221212222333220000000003330030030300003010000000030000000000000000000
00000000000033300300003333000300033300333000000000003012221222222222222100000000003003033330300003000000000030000000000000000000
00000000000030000300003003000300030000303000000000003000000011111111110000000000003003030030300003000000000030000000000000000000
00000000000030000333303003000300033330300300000000003000000000000000000000000000003330030030333303333000000030000000000000000000
00000000000000000000000000000000000000000000000000000000000000000000000000000000000000000000000000000000000000000000000000000000

0x00001d4b
00000000000000000000000000000000000000000000000000000000000000000000233333333332000000000000000000000000000000000000000000000000
00000000000000000000000000000000000000000000000000000000000000000000233333333333100000000000000000000000000000000000000000000000
00000000000000000000000000000000000000000000000000000000000000000001333333333333200000000000000000000000000000000000000000000000
00000000000000000000000000000000000000000000000000000000000000000002333331233333200000000000000000000000000000000000000000000000
00000000000000000000000000000000000000000000000000000000000000000002331220133333200000000000000000000000000000000000000000000000
00000000000000000000000000000000000000000000000000000011000000000002320221233333200000000000000000000000000000000000000000000000
00000000000000000000000000000000000000000000000000011122111111112111111333333333200000000000000000000000000000000000000000000000
00000000000000000000000000000000000000000000000001233332332322223332110123333333100000000000000000000000000000000000000000000000
00000000000000000000000000000000000000000000000012221112222222222222331002333331000000000000000000000000000000000000000000000000
00000000000000000000000000000000000000000000000222111111111111111123333201223310000000000000000000000000000000000000000000000000
00000000000000000000000000000000000000000011122221111111111111222222323322112100000000000000000000000000000000000000000000000000
00000000000000000000000000000000000000000000000221111111111110000122222233200011000000000000000000000000000000000000000000000000
00000000000000000033300333330033300333300333330222111111111100000012332333320021000000000011111100000000000000000000000000000000
00000000000000000300030003000300030300030003000122211111111000000001232233332121321000001222233321000000000000000000000000000000
00000000000000000300000003000300030300030003000022210111110000000000232222233233322222221222232333200000000000000000000000000000
00000000000000000033300003000300030333300003000012210111110000000000122122222123322233332222233333320000000000000000000000000000
00000000000000000000030003000333330303000003000012210111100000000000023122210101122233333222222333331000000000000000000000000000
00000000000000000000030003000300030300300003000012110111100000000000022122220120012222333211112333332000000000000000000000000000
00000000000000000300030003000300030300030003000012110111100000000000022122230220012222233312111333333000000000000000000000000000
00000000000000000033300003000300030300003003000022110010100000000000022022330220011222233322221233332100000000000000000000000000
00000000000000000000000000000000000000000000000021100010000000000000122122331220011222233311111133233100000000000000000000000000
00000000000000000000000000000000000000000000000121000000011000000001221122333332011122233210001133333100000000000000000000000000
00000000000000000000000000000000000000000100001111000000001000000002211222233332211112233200000123233100000000000000000000000000
00000000000000000000000000000000000000000011111100000000000100000111122222333321321112222210000123223100000000000000000000000000
00000000000000000000000000000000000000000000001110000000100111111111222222332211200000000000000000022000000000000000000000000000
00000000000033300300000330030003033330333000000121003001011111000122222333321000103330003300300003021000000030000000000000000000
00000000000030030300003003003030030000300300000012033011111111111222222322200000003003030030300003010000000330000000000000000000
00000000000030030300003003000300030000300300000001003022222221212222333220000000003330030030300003010000000030000000000000000000
00000000000033300300003333000300033300333000000000003012221222222222222100000000003003033330300003000000000030000000000000000000
00000000000030000300003003000300030000303000000000003000000011111111110000000000003003030030300003000000000030000000000000000000
00000000000030000333303003000300033330300300000000003000000000000000000000000000003330030030333303333000000030000000000000000000
00000000000000000000000000000000000000000000000000000000000000000000000000000000000000000000000000000000000000000000000000000000

0x00001d6d
00000000000000000000000000000000000000000000000000000000000000000000002333333333100000000000000000000000000000000000000000000000
00000000000000000000000000000000000000000000000000000000000000000000013333333333200000000000000000000000000000000000000000000000
00000000000000000000000000000000000000000000000000000000000000000000033333333333310000000000000000000000000000000000000000000000
00000000000000000000000000000000000000000000000000000000000000000000133333333333320000000000000000000000000000000000000000000000
00000000000000000000000000000000000000000000000000000000000000000000233332023333320000000000000000000000000000000000000000000000
00000000000000000000000000000000000000000000000000000000000000000000233112013333310000000000000000000000000000000000000000000000
00000000000000000000000000000000000000000000000000000001210000000010122023223333310000000000000000000000000000000000000000000000
00000000000000000000000000000000000000000000000000001222322222122222112123333333310000000000000000000000000000000000000000000000
00000000000000000000000000000000000000000000000000022222223223333333223101233333200000000000000000000000000000000000000000000000
00000000000000000000000000000000000000000000000001222111122121122122233310013332000000000000000000000000000000000000000000000000
00000000000000000000000000000000000000000000111112211111111111111222233332121310000000000000000000000000000000000000000000000000
00000000000000000000000000000000000000000000000122211111111111111112333333220100000000000000000000000000000000000000000000000000
00000000000000000033300333330033300333300333330012221111111111000001233333331012100000000001112100000000000000000000000000000000
00000000000000000300030003000300030300030003000001222111111110000000022333333211121000000122222321000000000000000000000000000000
00000000000000000300000003000300030300030003000000222111111100000000013322333322332212221222222333200000000000000000000000000000
00000000000000000033300003000300030333300003000000122111111100000000002322233323321222332222223333320000000000000000000000000000
00000000000000000000030003000333330303000003000000122211111000000000002321332011112233333322123333331000000000000000000000000000
00000000000000000000030003000300030300300003000000022101111000000000001321332012012222333321112333332000000000000000000000000000
00000000000000000300030003000300030300030003000000122101111000000000002321223013001222223321111233333100000000000000000000000000
00000000000000000033300003000300030300003003000000122101111000000000002312233113011222233332221233333100000000000000000000000000
00000000000000000000000000000000000000000000000000122001001000000000012212233113001122223321111123333200000000000000000000000000
00000000000000000000000000000000000000000000000001221001010110000000022112233333201122223321000123333200000000000000000000000000
00000000000000000000000000000000000000000001000012210000000010000000122122223333211122223210000123333200000000000000000000000000
00000000000000000000000000000000000000000000001121100011000001100011112222223332132212222220000123223100000000000000000000000000
00000000000000000000000000000000000000000000000012100001000010011111122222333321100000000000000000023100000000000000000000000000
00000000000033300300000330030003033330333000000001003000111010100111222233332100003330003300300003022000000030000000000000000000
00000000000030030300003003003030030000300300000000033011111111111112222333210000003003030030300003021000000330000000000000000000
00000000000030030300003003000300030000300300000000003022222222221222223332000000003330030030300003010000000030000000000000000000
00000000000033300300003333000300033300333000000000003012221222222222222100000000003003033330300003000000000030000000000000000000
00000000000030000300003003000300030000303000000000003000000011111111110000000000003003030030300003000000000030000000000000000000
00000000000030000333303003000300033330300300000000003000000000000000000000000000003330030030333303333000000030000000000000000000
00000000000000000000000000000000000000000000000000000000000000000000000000000000000000000000000000000000000000000000000000000000

0x00001d7d
00000000000000000000000000000000000000000000000000000000000000000000002333333333100000000000000000000000000000000000000000000000
00000000000000000000000000000000000000000000000000000000000000000000013333333333200000000000000000000000000000000000000000000000
00000000000000000000000000000000000000000000000000000000000000000000033333333333310000000000000000000000000000000000000000000000
00000000000000000000000000000000000000000000000000000000000000000000133333333333320000000000000000000000000000000000000000000000
00000000000000000000000000000000000000000000000000000000000000000000233332023333320000000000000000000000000000000000000000000000
00000000000000000000000000000000000000000000000000000000000000000000233112013333310000000000000000000000000000000000000000000000
00000000000000000000000000000000000000000000000000000001210000000010122023223333310000000000000000000000000000000000000000000000
00000000000000000000000000000000000000000000000000001222322222122222112123333333310000000000000000000000000000000000000000000000
00000000000000000000000000000000000000000000000000022222223223333333223101233333200000000000000000000000000000000000000000000000
00000000000000000000000000000000000000000000000001222111122121122122233310013332000000000000000000000000000000000000000000000000
00000000000000000000000000000000000000000000111112211111111111111222233332121310000000000000000000000000000000000000000000000000
00000000000000000000000000000000000000000000000122211111111111111112333333220100000000000000000000000000000000000000000000000000
00000000000000000033300333330033300333300333330012221111111111000001233333331012100000000001112100000000000000000000000000000000
00000000000000000300030003000300030300030003000001222111111110000000022333333211121000000122222321000000000000000000000000000000
00000000000000000300000003000300030300030003000000222111111100000000013322333322332212221222222333200000000000000000000000000000
00000000000000000033300003000300030333300003000000122111111100000000002322233323321222332222223333320000000000000000000000000000
00000000000000000000030003000333330303000003000000122211111000000000002321332011112233333322123333331000000000000000000000000000
00000000000000000000030003000300030300300003000000022101111000000000001321332012012222333321112333332000000000000000000000000000
00000000000000000300030003000300030300030003000000122101111000000000002321223013001222223321111233333100000000000000000000000000
00000000000000000033300003000300030300003003000000122101111000000000002312233113011222233332221233333100000000000000000000000000
00000000000000000000000000000000000000000000000000122001001000000000012212233113001122223321111123333200000000000000000000000000
00000000000000000000000000000000000000000000000001221001010110000000022112233333201122223321000123333200000000000000000000000000
00000000000000000000000000000000000000000001000012210000000010000000122122223333211122223210000123333200000000000000000000000000
00000000000000000000000000000000000000000000001121100011000001100011112222223332132212222220000123223100000000000000000000000000
00000000000000000000000000000000000000000000000012100001000010011111122222333321100000000000000000023100000000000000000000000000
00000000000033300300000330030003033330333000000001003000111010100111222233332100003330003300300003022000000030000000000000000000
00000000000030030300003003003030030000300300000000033011111111111112222333210000003003030030300003021000000330000000000000000000
00000000000030030300003003000300030000300300000000003022222222221222223332000000003330030030300003010000000030000000000000000000
00000000000033300300003333000300033300333000000000003011112222212222222210000000003003033330300003000000000030000000000000000000
00000000000030000300003003000300030000303000000000003000000000011111000000000000003003030030300003000000000030000000000000000000
00000000000030000333303003000300033330300300000000003000000000000000000000000000003330030030333303333000000030000000000000000000
00000000000000000000000000000000000000000000000000000000000000000000000000000000000000000000000000000000000000000000000000000000

0x00001d9f
00000000000000000000000000000000000000000000000000000000000000000000000133333333100000000000000000000000000000000000000000000000
00000000000000000000000000000000000000000000000000000000000000000000000233333333310000000000000000000000000000000000000000000000
00000000000000000000000000000000000000000000000000000000000000000000002333333333320000000000000000000000000000000000000000000000
00000000000000000000000000000000000000000000000000000000000000000000013333333333331000000000000000000000000000000000000000000000
00000000000000000000000000000000000000000000000000000000000000000000013333312333331000000000000000000000000000000000000000000000
00000000000000000000000000000000000000000000000000000000000000000000013332201333331000000000000000000000000000000000000000000000
00000000000000000000000000000000000000000000000000000000001100000000013320212333332000000000000000000000000000000000000000000000
00000000000000000000000000000000000000000000000000000001112211111111111211333333331000000000000000000000000000000000000000000000
00000000000000000000000000000000000000000000000000000123323233333333332210123333320000000000000000000000000000000000000000000000
00000000000000000000000000000000000000000000000000001222222222222222232331012333300000000000000000000000000000000000000000000000
00000000000000000000000000000000000000000000000001012211111111112111123333202232000000000000000000000000000000000000000000000000
00000000000000000000000000000000000000000000000112222111111111111221222332322010000000000000000000000000000000000000000000000000
00000000000000000033300333330033300333300333330000122211111111110000012333333200110000000000111100000000000000000000000000000000
00000000000000000300030003000300030300030003000000002221111111100000001233333321121000000122222221000000000000000000000000000000
00000000000000000300000003000300030300030003000000001221111111000000000133233332133211211222223333200000000000000000000000000000
00000000000000000033300003000300030333300003000000000222011111000000000023223333232122333222223333310000000000000000000000000000
00000000000000000000030003000333330303000003000000000222111111000000000023122211112122333333223333321000000000000000000000000000
00000000000000000000030003000300030300300003000000000221011110000000000023122310101222233331112333332000000000000000000000000000
00000000000000000300030003000300030300030003000000000221001110000000000023222320310122223332111233333100000000000000000000000000
00000000000000000033300003000300030300003003000000000221001110000000000023123320310122223333221133333200000000000000000000000000
00000000000000000000000000000000000000000000000000001211000111000000000022122321310122222332022223333200000000000000000000000000
00000000000000000000000000000000000000000000000000002210010100000000000121123333320112222321000123333200000000000000000000000000
00000000000000000000000000000000000000000000010000112100000100100000001211222333331012222310000123323200000000000000000000000000
00000000000000000000000000000000000000000000000111121000000000011001111122222333223211223221000123322100000000000000000000000000
00000000000000000000000000000000000000000000000012100001000010011111122222333321100000000000000000023100000000000000000000000000
00000000000033300300000330030003033330333000000001003000111010100111222233332100003330003300300003022000000030000000000000000000
00000000000030030300003003003030030000300300000000033011111111111112222333210000003003030030300003021000000330000000000000000000
00000000000030030300003003000300030000300300000000003022222222221222223332000000003330030030300003010000000030000000000000000000
00000000000033300300003333000300033300333000000000003011112222212222222210000000003003033330300003000000000030000000000000000000
00000000000030000300003003000300030000303000000000003000000000011111000000000000003003030030300003000000000030000000000000000000
00000000000030000333303003000300033330300300000000003000000000000000000000000000003330030030333303333000000030000000000000000000
00000000000000000000000000000000000000000000000000000000000000000000000000000000000000000000000000000000000000000000000000000000

0x00001daf
00000000000000000000000000000000000000000000000000000000000000000000000133333333100000000000000000000000000000000000000000000000
00000000000000000000000000000000000000000000000000000000000000000000000233333333310000000000000000000000000000000000000000000000
00000000000000000000000000000000000000000000000000000000000000000000002333333333320000000000000000000000000000000000000000000000
00000000000000000000000000000000000000000000000000000000000000000000013333333333331000000000000000000000000000000000000000000000
00000000000000000000000000000000000000000000000000000000000000000000013333312333331000000000000000000000000000000000000000000000
00000000000000000000000000000000000000000000000000000000000000000000013332201333331000000000000000000000000000000000000000000000
00000000000000000000000000000000000000000000000000000000001100000000013320212333332000000000000000000000000000000000000000000000
00000000000000000000000000000000000000000000000000000001112211111111111211333333331000000000000000000000000000000000000000000000
00000000000000000000000000000000000000000000000000000123323233333333332210123333320000000000000000000000000000000000000000000000
00000000000000000000000000000000000000000000000000001222222222222222232331012333300000000000000000000000000000000000000000000000
00000000000000000000000000000000000000000000000001012211111111112111123333202232000000000000000000000000000000000000000000000000
00000000000000000000000000000000000000000000000112222111111111111221222332322010000000000000000000000000000000000000000000000000
00000000000000000033300333330033300333300333330000122211111111110000012333333200110000000000111100000000000000000000000000000000
00000000000000000300030003000300030300030003000000002221111111100000001233333321121000000122222221000000000000000000000000000000
00000000000000000300000003000300030300030003000000001221111111000000000133233332133211211222223333200000000000000000000000000000
00000000000000000033300003000300030333300003000000000222011111000000000023223333232122333222223333310000000000000000000000000000
00000000000000000000030003000333330303000003000000000222111111000000000023122211112122333333223333321000000000000000000000000000
00000000000000000000030003000300030300300003000000000221011110000000000023122310101222233331112333332000000000000000000000000000
00000000000000000300030003000300030300030003000000000221001110000000000023222320310122223332111233333100000000000000000000000000
00000000000000000033300003000300030300003003000000000221001110000000000023123320310122223333221133333200000000000000000000000000
00000000000000000000000000000000000000000000000000001211000111000000000022122321310122222332022223333200000000000000000000000000
00000000000000000000000000000000000000000000000000002210010100000000000121123333320112222321000123333200000000000000000000000000
00000000000000000000000000000000000000000000010000112100000100100000001211222333331012222310000123323200000000000000000000000000
00000000000000000000000000000000000000000000000111121000000000011001111122222333223211223221000123322100000000000000000000000000
00000000000000000000000000000000000000000000000000100000000000010111111222233332100000000000000000022100000000000000000000000000
00000000000033300300000330030003033330333000000000003010101111111111112222333210003330003300300003022000000030000000000000000000
00000000000030030300003003003030030000300300000000033011111111111111222233322000003003030030300003021000000330000000000000000000
00000000000030030300003003000300030000300300000000003012211222222222222333200000003330030030300003010000000030000000000000000000
00000000000033300300003333000300033300333000000000003001111122211222222221000000003003033330300003000000000030000000000000000000
00000000000030000300003003000300030000303000000000003000000000000000000000000000003003030030300003000000000030000000000000000000
00000000000030000333303003000300033330300300000000003000000000000000000000000000003330030030333303333000000030000000000000000000
00000000000000000000000000000000000000000000000000000000000000000000000000000000000000000000000000000000000000000000000000000000

0x00001dd1
00000000000000000000000000000000000000000000000000000000000000000000000002333333200000000000000000000000000000000000000000000000
00000000000000000000000000000000000000000000000000000000000000000000000013333333320000000000000000000000000000000000000000000000
00000000000000000000000000000000000000000000000000000000000000000000000133333333332000000000000000000000000000000000000000000000
00000000000000000000000000000000000000000000000000000000000000000000000233333333333000000000000000000000000000000000000000000000
00000000000000000000000000000000000000000000000000000000000000000000001333333333333000000000000000000000000000000000000000000000
00000000000000000000000000000000000000000000000000000000000000000000001333330133333100000000000000000000000000000000000000000000
00000000000000000000000000000000000000000000000000000000000000000000001333121233333100000000000000000000000000000000000000000000
00000000000000000000000000000000000000000000000000000000000121000000010222023333333100000000000000000000000000000000000000000000
00000000000000000000000000000000000000000000000000000000222232222222222211013333332000000000000000000000000000000000000000000000
00000000000000000000000000000000000000000000000000000012222222222233223322101233331000000000000000000000000000000000000000000000
00000000000000000000000000000000000000000000000000000122111111111111112333310123310000000000000000000000000000000000000000000000
00000000000000000000000000000000000000000000000001111221111111111111112232332111100000000000000000000000000000000000000000000000
00000000000000000033300333330033300333300333330000012221111111111110111232333210011000000000000000000000000000000000000000000000
00000000000000000300030003000300030300030003000000000122111111111000000123323331121000000012222221000000000000000000000000000000
00000000000000000300000003000300030300030003000000000023211111110000000012223333213220011112222333210000000000000000000000000000
00000000000000000033300003000300030333300003000000000012211111110000000002322333333122233222222333321000000000000000000000000000
00000000000000000000030003000333330303000003000000000002210111100000000002322231112212233332222333332000000000000000000000000000
00000000000000000000030003000300030300300003000000000002210111100000000001321221010122333333111233333100000000000000000000000000
00000000000000000300030003000300030300030003000000000002210111100000000001322222021022223333111123333200000000000000000000000000
00000000000000000033300003000300030300003003000000000002211111100000000001312232021012222333221123333200000000000000000000000000
00000000000000000000000000000000000000000000000000001211000111000000000022122321310122222332022223333200000000000000000000000000
00000000000000000000000000000000000000000000000000002210010100000000000121123333320112222321000123333200000000000000000000000000
00000000000000000000000000000000000000000000010000112100000100100000001211222333331012222310000123323200000000000000000000000000
00000000000000000000000000000000000000000000000111121000000000011001111122222333223211223221000123322100000000000000000000000000
00000000000000000000000000000000000000000000000000100000000000010111111222233332100000000000000000022100000000000000000000000000
00000000000033300300000330030003033330333000000000003010101111111111112222333210003330003300300003022000000030000000000000000000
00000000000030030300003003003030030000300300000000033011111111111111222233322000003003030030300003021000000330000000000000000000
00000000000030030300003003000300030000300300000000003012211222222222222333200000003330030030300003010000000030000000000000000000
00000000000033300300003333000300033300333000000000003001111122211222222221000000003003033330300003000000000030000000000000000000
00000000000030000300003003000300030000303000000000003000000000000000000000000000003003030030300003000000000030000000000000000000
00000000000030000333303003000300033330300300000000003000000000000000000000000000003330030030333303333000000030000000000000000000
00000000000000000000000000000000000000000000000000000000000000000000000000000000000000000000000000000000000000000000000000000000

0x00001de1
00000000000000000000000000000000000000000000000000000000000000000000000002333333200000000000000000000000000000000000000000000000
00000000000000000000000000000000000000000000000000000000000000000000000013333333320000000000000000000000000000000000000000000000
00000000000000000000000000000000000000000000000000000000000000000000000133333333332000000000000000000000000000000000000000000000
00000000000000000000000000000000000000000000000000000000000000000000000233333333333000000000000000000000000000000000000000000000
00000000000000000000000000000000000000000000000000000000000000000000001333333333333000000000000000000000000000000000000000000000
00000000000000000000000000000000000000000000000000000000000000000000001333330133333100000000000000000000000000000000000000000000
00000000000000000000000000000000000000000000000000000000000000000000001333121233333100000000000000000000000000000000000000000000
00000000000000000000000000000000000000000000000000000000000121000000010222023333333100000000000000000000000000000000000000000000
00000000000000000000000000000000000000000000000000000000222232222222222211013333332000000000000000000000000000000000000000000000
00000000000000000000000000000000000000000000000000000012222222222233223322101233331000000000000000000000000000000000000000000000
00000000000000000000000000000000000000000000000000000122111111111111112333310123310000000000000000000000000000000000000000000000
00000000000000000000000000000000000000000000000001111221111111111111112232332111100000000000000000000000000000000000000000000000
00000000000000000033300333330033300333300333330000012221111111111110111232333210011000000000000000000000000000000000000000000000
00000000000000000300030003000300030300030003000000000122111111111000000123323331121000000012222221000000000000000000000000000000
00000000000000000300000003000300030300030003000000000023211111110000000012223333213220011112222333210000000000000000000000000000
00000000000000000033300003000300030333300003000000000012211111110000000002322333333122233222222333321000000000000000000000000000
00000000000000000000030003000333330303000003000000000002210111100000000002322231112212233332222333332000000000000000000000000000
00000000000000000000030003000300030300300003000000000002210111100000000001321221010122333333111233333100000000000000000000000000
00000000000000000300030003000300030300030003000000000002210111100000000001322222021022223333111123333200000000000000000000000000
00000000000000000033300003000300030300003003000000000002211111100000000001312232021012222333221123333200000000000000000000000000
00000000000000000000000000000000000000000000000000000012100111100000000002212232121012222333112113333310000000000000000000000000
00000000000000000000000000000000000000000000000000000121100000010000000012212233332012222232000013333310000000000000000000000000
00000000000000000000000000000000000000000000000000000211000000111000000022122223333111122321000012333210000000000000000000000000
00000000000000000000000000000000000000000000000001111110000001001100001111222223322321112322000012223200000000000000000000000000
00000000000000000000000000000000000000000000000000000010000011111111111112222322200000000000000000022200000000000000000000000000
00000000000033300300000330030003033330333000000000003011011001111011011222233321003330003300300003022100000030000000000000000000
00000000000030030300003003003030030000300300000000033001111111111111112222332200003003030030300003022000000330000000000000000000
00000000000030030300003003000300030000300300000000003001112122222222222232321000003330030030300003010000000030000000000000000000
00000000000033300300003333000300033300333000000000003000011111111122222222100000003003033330300003000000000030000000000000000000
00000000000030000300003003000300030000303000000000003000000000000000000000000000003003030030300003000000000030000000000000000000
00000000000030000333303003000300033330300300000000003000000000000000000000000000003330030030333303333000000030000000000000000000
00000000000000000000000000000000000000000000000000000000000000000000000000000000000000000000000000000000000000000000000000000000

0x00001df2
00000000000000000000000000000000000000000000000000000000000000000000000002333333200000000000000000000000000000000000000000000000
00000000000000000000000000000000000000000000000000000000000000000000000013333333320000000000000000000000000000000000000000000000
00000000000000000000000000000000000000000000000000000000000000000000000133333333332000000000000000000000000000000000000000000000
00000000000000000000000000000000000000000000000000000000000000000000000233333333333000000000000000000000000000000000000000000000
00000000000000000000000000000000000000000000000000000000000000000000001333333333333000000000000000000000000000000000000000000000
00000000000000000000000000000000000000000000000000000000000000000000001333330133333100000000000000000000000000000000000000000000
00000000000000000000000000000000000000000000000000000000000000000000001333121233333100000000000000000000000000000000000000000000
00000000000000000000000000000000000000000000000000000000000121000000010222023333333100000000000000000000000000000000000000000000
00000000000000000000000000000000000000000000000000000000222232222222222211013333332000000000000000000000000000000000000000000000
00000000000000000000000000000000000000000000000000000012222222222233223322101233331000000000000000000000000000000000000000000000
00000000000000000000000000000000000000000000000000000122111111111111112333310123310000000000000000000000000000000000000000000000
00000000000000000000000000000000000000000000000001111221111111111111112232332111100000000000000000000000000000000000000000000000
00000000000000000000000000000000000000000000000000012221111111111110111232333210011000000000000000000000000000000000000000000000
00000000000000000000000000000000000000000000000000000122111111111000000123323331121000000012222221000000000000000000000000000000
00000000000000000000000000000000000000000000000000000023211111110000000012223333213220011112222333210000000000000000000000000000
00000000000000000000000000000000000000000000000000000012211111110000000002322333333122233222222333321000000000000000000000000000
00000000000000000000000000000000000000000000000000000002210111100000000002322231112212233332222333332000000000000000000000000000
00000000000000000000000000000000000000000000000000000002210111100000000001321221010122333333111233333100000000000000000000000000
00000000000000000000000000000000000000000000000000000002210111100000000001322222021022223333111123333200000000000000000000000000
00000000000000000000000000000000000000000000000000000002211111100000000001312232021012222333221123333200000000000000000000000000
00000000000000000000000000000000000000000000000000000012100111100000000002212232121012222333112113333310000000000000000000000000
00000000000000000000000000000000000000000000000000000121100000010000000012212233332012222232000013333310000000000000000000000000
00000000000000000000000000000000000000000000000000000211000000111000000022122223333111122321000012333210000000000000000000000000
00000000000000000000000000000000000000000000000001111110000001001100001111222223322321112322000012223200000000000000000000000000
00000000000000000000000000000000000000000000000000000010000011111111111112222322200000000000000000022200000000000000000000000000
00000000000033300300000330030003033330333000000000003011011001111011011222233321003330003300300003022100000030000000000000000000
00000000000030030300003003003030030000300300000000033001111111111111112222332200003003030030300003022000000330000000000000000000
00000000000030030300003003000300030000300300000000003001112122222222222232321000003330030030300003010000000030000000000000000000
00000000000033300300003333000300033300333000000000003000011111111122222222100000003003033330300003000000000030000000000000000000
00000000000030000300003003000300030000303000000000003000000000000000000000000000003003030030300003000000000030000000000000000000
00000000000030000333303003000300033330300300000000003000000000000000000000000000003330030030333303333000000030000000000000000000
00000000000000000000000000000000000000000000000000000000000000000000000000000000000000000000000000000000000000000000000000000000

0x00001e13
00000000000000000000000000000000000000000000000000000000000000000000000000123333210000000000000000000000000000000000000000000000
00000000000000000000000000000000000000000000000000000000000000000000000000233333321000000000000000000000000000000000000000000000
00000000000000000000000000000000000000000000000000000000000000000000000002333333333100000000000000000000000000000000000000000000
00000000000000000000000000000000000000000000000000000000000000000000000023333333333200000000000000000000000000000000000000000000
00000000000000000000000000000000000000000000000000000000000000000000000033333333333300000000000000000000000000000000000000000000
00000000000000000000000000000000000000000000000000000000000000000000000133333123333300000000000000000000000000000000000000000000
00000000000000000000000000000000000000000000000000000000000000000000000133331013333310000000000000000000000000000000000000000000
00000000000000000000000000000000000000000000000000000000000000100000000123310123333300000000000000000000000000000000000000000000
00000000000000000000000000000000000000000000000000000000001112322111211112112333333200000000000000000000000000000000000000000000
00000000000000000000000000000000000000000000000000000000023233333322222222210133333100000000000000000000000000000000000000000000
00000000000000000000000000000000000000000000000000000001222111212222222233321013331000000000000000000000000000000000000000000000
00000000000000000000000000000000000000000000000000001112211111111111111123323112210000000000000000000000000000000000000000000000
00000000000000000000000000000000000000000000000000101122211111111111111122322322000000000000000000000000000000000000000000000000
00000000000000000000000000000000000000000000000000000002221111111110000002333333102200000001222221000000000000000000000000000000
00000000000000000000000000000000000000000000000000000000222011111100000000233333321320000112222222200000000000000000000000000000
00000000000000000000000000000000000000000000000000000000122111111100000000133223332312222222232323310000000000000000000000000000
00000000000000000000000000000000000000000000000000000000022101111000000000023133321222223332222222322000000000000000000000000000
00000000000000000000000000000000000000000000000000000000022101111000000000023123200112333333111223333100000000000000000000000000
00000000000000000000000000000000000000000000000000000000022101110000000000023123202102222233211123333200000000000000000000000000
00000000000000000000000000000000000000000000000000000000022101111000000000023123302101222233321023333200000000000000000000000000
00000000000000000000000000000000000000000000000000000000122101011000000000132123312101222233211012333200000000000000000000000000
00000000000000000000000000000000000000000000000000000000221000001100000000221222323201222233100012322210000000000000000000000000
00000000000000000000000000000000000000000000000000000001110000000100000001211222333311122232000012322210000000000000000000000000
00000000000000000000000000000000000000000000000000011111100000000011000011222223332321111222000012222200000000000000000000000000
00000000000000000000000000000000000000000000000000000012100001011000111111222223300000000000000000022200000000000000000000000000
00000000000033300300000330030003033330333000000000003001111011110000110112222322203330003300300003022100000030000000000000000000
00000000000030030300003003003030030000300300000000033000111111111111111222233210003003030030300003022000000330000000000000000000
00000000000030030300003003000300030000300300000000003000001121222221122222322100003330030030300003011000000030000000000000000000
00000000000033300300003333000300033300333000000000003000000011111111212222210000003003033330300003000000000030000000000000000000
00000000000030000300003003000300030000303000000000003000000000000000000000000000003003030030300003000000000030000000000000000000
00000000000030000333303003000300033330300300000000003000000000000000000000000000003330030030333303333000000030000000000000000000
00000000000000000000000000000000000000000000000000000000000000000000000000000000000000000000000000000000000000000000000000000000

0x00001e45
00000000000000000000000000000000000000000000000000000000000000000000000000001222210000000000000000000000000000000000000000000000
00000000000000000000000000000000000000000000000000000000000000000000000000013333331000000000000000000000000000000000000000000000
00000000000000000000000000000000000000000000000000000000000000000000000000233333333200000000000000000000000000000000000000000000
00000000000000000000000000000000000000000000000000000000000000000000000001333333333310000000000000000000000000000000000000000000
00000000000000000000000000000000000000000000000000000000000000000000000002333333333310000000000000000000000000000000000000000000
00000000000000000000000000000000000000000000000000000000000000000000000003333323333320000000000000000000000000000000000000000000
00000000000000000000000000000000000000000000000000000000000000000000000013333202333330000000000000000000000000000000000000000000
00000000000000000000000000000000000000000000000000000000000000010000000013332012333320000000000000000000000000000000000000000000
00000000000000000000000000000000000000000000000000000000000000121000010011121133333320000000000000000000000000000000000000000000
00000000000000000000000000000000000000000000000000000000000122222222222222111023333310000000000000000000000000000000000000000000
00000000000000000000000000000000000000000000000000000000001222222222222222222002333100000000000000000000000000000000000000000000
00000000000000000000000000000000000000000000000000000000122111111111111112322210221000000000000000000000000000000000000000000000
00000000000000000000000000000000000000000000000000000111221111111111111111222322100000000000000000000000000000000000000000000000
00000000000000000000000000000000000000000000000000000000122111111111100000222333200120000000112211000000000000000000000000000000
00000000000000000000000000000000000000000000000000000000012211111111000000023323331121000011222222200000000000000000000000000000
00000000000000000000000000000000000000000000000000000000002220111110000000013323333222122222222232320000000000000000000000000000
00000000000000000000000000000000000000000000000000000000022101111000000000023133321222223332222222322000000000000000000000000000
00000000000000000000000000000000000000000000000000000000022101111000000000023123200112333333111223333100000000000000000000000000
00000000000000000000000000000000000000000000000000000000022101110000000000023123202102222233211123333200000000000000000000000000
00000000000000000000000000000000000000000000000000000000022101111000000000023123302101222233321023333200000000000000000000000000
00000000000000000000000000000000000000000000000000000000122101011000000000132123312101222233211012333200000000000000000000000000
00000000000000000000000000000000000000000000000000000000221000001100000000221222323201222233100012322210000000000000000000000000
00000000000000000000000000000000000000000000000000000001110000000100000001211222333311122232000012322210000000000000000000000000
00000000000000000000000000000000000000000000000000011111100000000011000011222223332321111222000012222200000000000000000000000000
00000000000000000000000000000000000000000000000000000012100001011000111111222223300000000000000000022200000000000000000000000000
00000000000033300300000330030003033330333000000000003001111011110000110112222322203330003300300003022100000030000000000000000000
00000000000030030300003003003030030000300300000000033000111111111111111222233210003003030030300003022000000330000000000000000000
00000000000030030300003003000300030000300300000000003000001121222221122222322100003330030030300003011000000030000000000000000000
00000000000033300300003333000300033300333000000000003000000011111111212222210000003003033330300003000000000030000000000000000000
00000000000030000300003003000300030000303000000000003000000000000000000000000000003003030030300003000000000030000000000000000000
00000000000030000333303003000300033330300300000000003000000000000000000000000000003330030030333303333000000030000000000000000000
00000000000000000000000000000000000000000000000000000000000000000000000000000000000000000000000000000000000000000000000000000000

0x00001e56
00000000000000000000000000000000000000000000000000000000000000000000000000001222210000000000000000000000000000000000000000000000
00000000000000000000000000000000000000000000000000000000000000000000000000013333331000000000000000000000000000000000000000000000
00000000000000000000000000000000000000000000000000000000000000000000000000233333333200000000000000000000000000000000000000000000
00000000000000000000000000000000000000000000000000000000000000000000000001333333333310000000000000000000000000000000000000000000
00000000000000000000000000000000000000000000000000000000000000000000000002333333333310000000000000000000000000000000000000000000
00000000000000000000000000000000000000000000000000000000000000000000000003333323333320000000000000000000000000000000000000000000
00000000000000000000000000000000000000000000000000000000000000000000000013333202333330000000000000000000000000000000000000000000
00000000000000000000000000000000000000000000000000000000000000010000000013332012333320000000000000000000000000000000000000000000
00000000000000000000000000000000000000000000000000000000000000121000010011121133333320000000000000000000000000000000000000000000
00000000000000000000000000000000000000000000000000000000000122222222222222111023333310000000000000000000000000000000000000000000
00000000000000000000000000000000000000000000000000000000001222222222222222222002333100000000000000000000000000000000000000000000
00000000000000000000000000000000000000000000000000000000122111111111111112322210221000000000000000000000000000000000000000000000
00000000000000000000000000000000000000000000000000000111221111111111111111222322100000000000000000000000000000000000000000000000
00000000000000000000000000000000000000000000000000000000122111111111100000222333200120000000112211000000000000000000000000000000
00000000000000000000000000000000000000000000000000000000012211111111000000023323331121000011222222200000000000000000000000000000
00000000000000000000000000000000000000000000000000000000002220111110000000013323333222122222222232320000000000000000000000000000
00000000000000000000000000000000000000000000000000000000001221111110000000002322332221223333222232232000000000000000000000000000
00000000000000000000000000000000000000000000000000000000000221111100000000001322220011223333211232222200000000000000000000000000
00000000000000000000000000000000000000000000000000000000000221111100000000001322220110222233311123233200000000000000000000000000
00000000000000000000000000000000000000000000000000000000000221001110000000001322230210222233321112222210000000000000000000000000
00000000000000000000000000000000000000000000000000000000001210011010000000002212330210122223311112332310000000000000000000000000
00000000000000000000000000000000000000000000000000000000001210000010000000002112232210122223300002332320000000000000000000000000
00000000000000000000000000000000000000000000000000000000021000000001000000022122233321112222100002332210000000000000000000000000
00000000000000000000000000000000000000000000000000000011110000000000001001211222233232111122100002222210000000000000000000000000
00000000000000000000000000000000000000000000000000000001111000000000011111122222300000000000000000022210000000000000000000000000
00000000000033300300000330030003033330333000000000003000011100000011000001222223203330003300300003021100000030000000000000000000
00000000000030030300003003003030030000300300000000033000001111111111101112222222003003030030300003012100000330000000000000000000
00000000000030030300003003000300030000300300000000003000000112221112111122222210003330030030300003011000000030000000000000000000
00000000000033300300003333000300033300333000000000003000000000011111111122221000003003033330300003010000000030000000000000000000
00000000000030000300003003000300030000303000000000003000000000000000000000000000003003030030300003000000000030000000000000000000
00000000000030000333303003000300033330300300000000003000000000000000000000000000003330030030333303333000000030000000000000000000
00000000000000000000000000000000000000000000000000000000000000000000000000000000000000000000000000000000000000000000000000000000

0x00001e77
00000000000000000000000000000000000000000000000000000000000000000000000000000011100000000000000000000000000000000000000000000000
00000000000000000000000000000000000000000000000000000000000000000000000000000123321000000000000000000000000000000000000000000000
00000000000000000000000000000000000000000000000000000000000000000000000000012333333200000000000000000000000000000000000000000000
00000000000000000000000000000000000000000000000000000000000000000000000000023333333320000000000000000000000000000000000000000000
00000000000000000000000000000000000000000000000000000000000000000000000000233333333331000000000000000000000000000000000000000000
00000000000000000000000000000000000000000000000000000000000000000000000000333333333331000000000000000000000000000000000000000000
00000000000000000000000000000000000000000000000000000000000000000000000000333321233332000000000000000000000000000000000000000000
00000000000000000000000000000000000000000000000000000000000000000000000001333310233332000000000000000000000000000000000000000000
00000000000000000000000000000000000000000000000000000000000000001200000000123202333331000000000000000000000000000000000000000000
00000000000000000000000000000000000000000000000000000000000001222221222222111113333330000000000000000000000000000000000000000000
00000000000000000000000000000000000000000000000000000000000012222222223222222201233310000000000000000000000000000000000000000000
00000000000000000000000000000000000000000000000000000000000121111111121111222210023200000000000000000000000000000000000000000000
00000000000000000000000000000000000000000000000000000111221111111111111111222322100000000000000000000000000000000000000000000000
00000000000000000000000000000000000000000000000000000000122111111111100000222333200120000000112211000000000000000000000000000000
00000000000000000000000000000000000000000000000000000000012211111111000000023323331121000011222222200000000000000000000000000000
00000000000000000000000000000000000000000000000000000000002220111110000000013323333222122222222232320000000000000000000000000000
00000000000000000000000000000000000000000000000000000000001221111110000000002322332221223333222232232000000000000000000000000000
00000000000000000000000000000000000000000000000000000000000221111100000000001322220011223333211232222200000000000000000000000000
00000000000000000000000000000000000000000000000000000000000221111100000000001322220110222233311123233200000000000000000000000000
00000000000000000000000000000000000000000000000000000000000221001110000000001322230210222233321112222210000000000000000000000000
00000000000000000000000000000000000000000000000000000000001210011010000000002212330210122223311112332310000000000000000000000000
00000000000000000000000000000000000000000000000000000000001210000010000000002112232210122223300002332320000000000000000000000000
00000000000000000000000000000000000000000000000000000000021000000001000000022122233321112222100002332210000000000000000000000000
00000000000000000000000000000000000000000000000000000011110000000000001001211222233232111122100002222210000000000000000000000000
00000000000000000000000000000000000000000000000000000001111000000000011111122222300000000000000000022210000000000000000000000000
00000000000033300300000330030003033330333000000000003000011100000011000001222223203330003300300003021100000030000000000000000000
00000000000030030300003003003030030000300300000000033000001111111111101112222222003003030030300003012100000330000000000000000000
00000000000030030300003003000300030000300300000000003000000112221112111122222210003330030030300003011000000030000000000000000000
00000000000033300300003333000300033300333000000000003000000000011111111122221000003003033330300003010000000030000000000000000000
00000000000030000300003003000300030000303000000000003000000000000000000000000000003003030030300003000000000030000000000000000000
00000000000030000333303003000300033330300300000000003000000000000000000000000000003330030030333303333000000030000000000000000000
00000000000000000000000000000000000000000000000000000000000000000000000000000000000000000000000000000000000000000000000000000000

0x00001e88
00000000000000000000000000000000000000000000000000000000000000000000000000000011100000000000000000000000000000000000000000000000
00000000000000000000000000000000000000000000000000000000000000000000000000000123321000000000000000000000000000000000000000000000
00000000000000000000000000000000000000000000000000000000000000000000000000012333333200000000000000000000000000000000000000000000
00000000000000000000000000000000000000000000000000000000000000000000000000023333333320000000000000000000000000000000000000000000
00000000000000000000000000000000000000000000000000000000000000000000000000233333333331000000000000000000000000000000000000000000
00000000000000000000000000000000000000000000000000000000000000000000000000333333333331000000000000000000000000000000000000000000
00000000000000000000000000000000000000000000000000000000000000000000000000333321233332000000000000000000000000000000000000000000
00000000000000000000000000000000000000000000000000000000000000000000000001333310233332000000000000000000000000000000000000000000
00000000000000000000000000000000000000000000000000000000000000001200000000123202333331000000000000000000000000000000000000000000
00000000000000000000000000000000000000000000000000000000000001222221222222111113333330000000000000000000000000000000000000000000
00000000000000000000000000000000000000000000000000000000000012222222223222222201233310000000000000000000000000000000000000000000
00000000000000000000000000000000000000000000000000000000000121111111121111222210023200000000000000000000000000000000000000000000
00000000000000000000000000000000000000000000000000000001112211111111111111122232111000000000000000000000000000000000000000000000
00000000000000000000000000000000000000000000000000000010002221111111111000122323320011000000011211000000000000000000000000000000
00000000000000000000000000000000000000000000000000000000000221111111110000002332332012000001222222210000000000000000000000000000
00000000000000000000000000000000000000000000000000000000000022111111100000000232233212111222222222221000000000000000000000000000
00000000000000000000000000000000000000000000000000000000000012111111000000000132233322122233222222333100000000000000000000000000
00000000000000000000000000000000000000000000000000000000000012111111000000000132232111122223321223333200000000000000000000000000
00000000000000000000000000000000000000000000000000000000000012211111000000000032222011022223320123323210000000000000000000000000
00000000000000000000000000000000000000000000000000000000000012101011000000000022233121012222331102333320000000000000000000000000
00000000000000000000000000000000000000000000000000000000000022101001000000000121233121022222331111332320000000000000000000000000
00000000000000000000000000000000000000000000000000000000000121000000100000000221233231011223310001222220000000000000000000000000
00000000000000000000000000000000000000000000000000000000000211000000100000001212223332011122300001222220000000000000000000000000
00000000000000000000000000000000000000000000000000000000111100000000011000011122223323111112200001222220000000000000000000000000
00000000000000000000000000000000000000000000000000000000011100000000011111112222200000000000000000022210000000000000000000000000
00000000000033300300000330030003033330333000000000003000000111100011010111122222303330003300300003022100000030000000000000000000
00000000000030030300003003003030030000300300000000033000000011111111111112222232203003030030300003011100000330000000000000000000
00000000000030030300003003000300030000300300000000003000000001111221212222222221003330030030300003011000000030000000000000000000
00000000000033300300003333000300033300333000000000003000000000000011111111211100003003033330300003010000000030000000000000000000
00000000000030000300003003000300030000303000000000003000000000000000000000000000003003030030300003000000000030000000000000000000
00000000000030000333303003000300033330300300000000003000000000000000000000000000003330030030333303333000000030000000000000000000
00000000000000000000000000000000000000000000000000000000000000000000000000000000000000000000000000000000000000000000000000000000

0x00001ea9
00000000000000000000000000000000000000000000000000000000000000000000000000000011100000000000000000000000000000000000000000000000
00000000000000000000000000000000000000000000000000000000000000000000000000000123321000000000000000000000000000000000000000000000
00000000000000000000000000000000000000000000000000000000000000000000000000012333333200000000000000000000000000000000000000000000
00000000000000000000000000000000000000000000000000000000000000000000000000023333333320000000000000000000000000000000000000000000
00000000000000000000000000000000000000000000000000000000000000000000000000233333333331000000000000000000000000000000000000000000
00000000000000000000000000000000000000000000000000000000000000000000000000333333333331000000000000000000000000000000000000000000
00000000000000000000000000000000000000000000000000000000000000000000000000333321233332000000000000000000000000000000000000000000
00000000000000000000000000000000000000000000000000000000000000000000000001333310233332000000000000000000000000000000000000000000
00000000000000000000000000000000000000000000000000000000000000001200000000123202333331000000000000000000000000000000000000000000
00000000000000000000000000000000000000000000000000000000000001222221222222111113333330000000000000000000000000000000000000000000
00000000000000000000000000000000000000000000000000000000000012222222223222222201233310000000000000000000000000000000000000000000
00000000000000000000000000000000000000000000000000000000000121111111121111222210023200000000000000000000000000000000000000000000
00000000000000000033300333330033300333300333330000000001112211111111111111122232111000000000000000000000000000000000000000000000
00000000000000000300030003000300030300030003000000000010002221111111111000122323320011000000011211000000000000000000000000000000
00000000000000000300000003000300030300030003000000000000000221111111110000002332332012000001222222210000000000000000000000000000
00000000000000000033300003000300030333300003000000000000000022111111100000000232233212111222222222221000000000000000000000000000
00000000000000000000030003000333330303000003000000000000000012111111000000000132233322122233222222333100000000000000000000000000
00000000000000000000030003000300030300300003000000000000000012111111000000000132232111122223321223333200000000000000000000000000
00000000000000000300030003000300030300030003000000000000000012211111000000000032222011022223320123323210000000000000000000000000
00000000000000000033300003000300030300003003000000000000000012101011000000000022233121012222331102333320000000000000000000000000
00000000000000000000000000000000000000000000000000000000000022101001000000000121233121022222331111332320000000000000000000000000
00000000000000000000000000000000000000000000000000000000000121000000100000000221233231011223310001222220000000000000000000000000
00000000000000000000000000000000000000000000000000000000000211000000100000001212223332011122300001222220000000000000000000000000
00000000000000000000000000000000000000000000000000000000111100000000011000011122223323111112200001222220000000000000000000000000
00000000000000000000000000000000000000000000000000000000011100000000011111112222200000000000000000022210000000000000000000000000
00000000000033300300000330030003033330333000000000003000000111100011010111122222303330003300300003022100000030000000000000000000
00000000000030030300003003003030030000300300000000033000000011111111111112222232203003030030300003011100000330000000000000000000
00000000000030030300003003000300030000300300000000003000000001111221212222222221003330030030300003011000000030000000000000000000
00000000000033300300003333000300033300333000000000003000000000000011111111211100003003033330300003010000000030000000000000000000
00000000000030000300003003000300030000303000000000003000000000000000000000000000003003030030300003000000000030000000000000000000
00000000000030000333303003000300033330300300000000003000000000000000000000000000003330030030333303333000000030000000000000000000
00000000000000000000000000000000000000000000000000000000000000000000000000000000000000000000000000000000000000000000000000000000

0x00001ecb
00000000000000000000000000000000000000000000000000000000000100000000100000000000000000000000000000000000000000000000000000000000
00000000000000000000000000000000000000000000000000000000000000000000000000000000100000000000000000000000000000000000000000000000
00000000000010000000000000000000000000000000100000000000000000000000000000000000000000000000000010000000000000000000000000000000
00000000000000000000000000000100000000000000000000000000000000010000000000000000000000000000000000000000000000000000000000000000
00000001000000000000000000000000000000000000000000000000000000000000000000000000000000001000000000000000000000100000000000000000
00000000000000000000000000000000000000000000000000000000000000000000000000000000000000000000000000000000000000000000000000000000
00000000000000000000000000000000000000000000000000000000000000000000000010000000000000000000000000000000000000000000000000000000
00000000000000000000000000000000000000001000000000000000000000000001000000000001000000000000000000000000000000000000000000000000
00000000000000000000000000000000000000000000000000000000000000001200000000123202333331000000000000000000000000000000000000000000
00000000000000000000000000000000000000000000000000000000000001222221222222111113333330000000000000000000000000000000000000000000
00000000000000000000000000000000000000000000000000000000000012222222223222222201233310000000000000000000000000000000000000000000
00000000000000000000000000000000000000000000000000000000000121111111121111222210023200000000000000000000000000000000000000000000
00000000000000000033300333330033300333300333330000000001112211111111111111122232111000000000000000000000000000000000000000000000
00000000000000000300030003000300030300030003000000000010002221111111111000122323320011000000011211000000000000000000000000000000
00000000000000000300000003000300030300030003000000000000000221111111110000002332332012000001222222210000000000000000000000000000
00000000000000000033300003000300030333300003000000000000000022111111100000000232233212111222222222221000000000000000000000000000
00000000000000000000030003000333330303000003000000000000000012111111000000000132233322122233222222333100000000000000000000000000
00000000000000000000030003000300030300300003000000000000000012111111000000000132232111122223321223333200000000000000000000000000
00000000000000000300030003000300030300030003000000000000000012211111000000000032222011022223320123323210000000000000000000000000
00000000000000000033300003000300030300003003000000000000000012101011000000000022233121012222331102333320000000000000000000000000
00000000000000000000000000000000000000000000000000000000000022101001000000000121233121022222331111332320000000000000000000000000
00000000000000000000000000000000000000000000000000000000000121000000100000000221233231011223310001222220000000000000000000000000
00000000000000000000000000000000000000000000000000000000000211000000100000001212223332011122300001222220000000000000000000000000
00000000000000000000000000000000000000000000000000000000111100000000011000011122223323111112200001222220000000000000000000000000
00000000000000000000000000000000000000000000000000000000011100000000011111112222200000000000000000022210000000000000000000000000
00000000000033300300000330030003033330333000000000003000000111100011010111122222303330003300300003022100000030000000000000000000
00000000000030030300003003003030030000300300000000033000000011111111111112222232203003030030300003011100000330000000000000000000
00000000000030030300003003000300030000300300000000003000000001111221212222222221003330030030300003011000000030000000000000000000
00000000000033300300003333000300033300333000000000003000000000000011111111211100003003033330300003010000000030000000000000000000
00000000000030000300003003000300030000303000000000003000000000000000000000000000003003030030300003000000000030000000000000000000
00000000000030000333303003000300033330300300000000003000000000000000000000000000003330030030333303333000000030000000000000000000
00000000000000000000000000000000000000000000000000000000000000000000000000000000000000000000000000000000000000000000000000000000

0x00001edb
00000000000000000000000000000000000000000000000000000000000100000000100000000000000000000000000000000000000000000000000000000000
00000000000000000000000000000000000000000000000000000000000000000000000000000000100000000000000000000000000000000000000000000000
00000000000010000000000000000000000000000000100000000000000000000000000000000000000000000000000010000000000000000000000000000000
00000000000000000000000000000100000000000000000000000000000000010000000000000000000000000000000000000000000000000000000000000000
00000001000000000000000000000000000000000000000000000000000000000000000000000000000000001000000000000000000000100000000000000000
00000000000000000000000000000000000000000000000000000000000000000000000000000000000000000000000000000000000000000000000000000000
00000000000000000000000000000000000000000000000000000000000000000000000010000000000000000000000000000000000000000000000000000000
00000000000000000000000000000000000000001000000000000000000000000001000000000001000000000000000000000000000000000000001000000000
00000000000000010000000000000000000000000000000000001000000000010000000000000000000000000000000000100000001000000000000000000100
00000000000000000000000000000000100000000000001000000000100000000000000000000000000000000000000000000000000000000000000000000000
00000000000000000000000000000000000000000000000000000000000010000000100000000000000000000000000000000000000000000000000000000000
00000000000000000000000000000000000000000000000000000000000000000000000000000000000001000000000000000000000000000000000000000000
00000000000000000033300333330033300333300333330000010000010000000000000000000000000000000000000000000000000000000000000000000000
00000000000000000300030003000300030300030003000000000000000001001001000000000001000000000000000000000000000000000010000000000000
00000000000000000300000003000300030300030003000000000000000000000000000000100000000000000000000000000000000000000000000000000000
00000000000000000033300003000300030333300003000000000010000100000000010000000000000000000001000000000000010000000000000000000000
00000000000000000000030003000333330303000003000000000000000000000000000000000000000000000000000000000000000000000000000000000000
00000000000010000000030003000300030300300003000000000000000000000100000010000000000000000000000000000000000000000000000000000000
00000000000000000300030003000300030300030003000000000000000001000000000000000000000000000000000000000000000000000000000000000000
00000000000000000033300003000300030300003003000000000010000000000010000000000000000000000000000000000000000000000000000000000000
00000000000000000000000000000000000000000000000000000000000000000000000000000000000000000000000000000000000000000000000000000000
00001000000000000000000000000000000000000000000010000000000000001000000000000000000000000000000000000000000000000000000000000000
00000000000000000000000000000000000000000001000000000000100001000000000000000000000000000000000000000000000000000000000000000000
00000000000000000000000000000000001000000000000000001000000000000000010000000000000000000100000000000000000000000000100000000000
00000000000000000000000000000000000000000000000000000000000000000100000000000000000000000000000000000000000000000000000000000000
00000000000033300300000330030003033330333000000000003000000000100000000000000000003330003300300003000000000030000000000000000000
00000000000030030300003003003030030000300300000000033000001000000000000000000000003003030030300003000000000330000000000000000000
00000000000030030300003003000300030000300300000010003000000000000000000000000000003330030030300003000000000030000000000000000000
00000000100033300300003333000300033300333000000000003000000000000000001000000100003003033330300003000000000030000000000000000000
00000000000030000300003003000300030000303000100000003001000000000001000000000000003003030030300003000000000030000010000000000100
00000000000030000333303003000300033330300300000000003000000000000000000000000000003330030030333303333000000030000000000000000000
00000000000000000000000000000000000000000000000000000000000000000000000000000000000000000000000000000000000000000000000000000000

0x00001f50
00000000000000000000000000000000000000000000000000000000000100000000100000000000000000000000000000000000000000000000000000000000
00000000000000000000000000000000000000000000000000000000000000000000000000000000100000000000000000000000000000000000000000000000
00000000000010000000000000000000000000000000100000000000000000000000000000000000000000000000000010000000000000000000000000000000
00000000000000000000000000000100000000000000000000000000000000010000000000000000000000000000000000000000000000000000000000000000
00000001000000000000000000000000000000000000000000000000000000000000000000000000000000001000000000000000000000100000000000000000
00000000000000000000000000000000000000000000000000000000000000000000000000000000000000000000000000000000000000000000000000000000
00000000000000000000000000000000000000000000000000000000000000000000000010000000000000000000000000000000000000000000000000000000
00000000000000000000000000000000000000001000000000000000000000000001000000000001000000000000000000000000000000000000001000000000
00000000000000010000000000000000000000000000000000001000000000010000000000000000000000000000000000100000001000000000000000000100
00000000000000000000000000000000100000000000001000000000100000000000000000000000000000000000000000000000000000000000000000000000
00000000000000000000000000000000000000000000000000000000000010000000100000000000000000000000000000000000000000000000000000000000
00000000000000000000000000000000000000000000000000000000000000000000000000000000000001000000000000000000000000000000000000000000
00000000000000000000000000000000000000000100000000010000010000000000000000000000000000000000000000000000000000000000000000000000
00000000000000000000000100000000000000000000000000000000000001001001000000000001000000000000000000000000000000000010000000000000
00000000000000000000000000000000000000000000000000000000000000000000000000100000000000000000000000000000000000000000000000000000
00000000000000000000000000000000100000000000000000000010000100000000010000000000000000000001000000000000010000000000000000000000
00000000000000001000000000000000000000000000000000000000000000000000000000000000000000000000000000000000000000000000000000000000
00000000000010000000000000000000000000010000000000000000000000000100000010000000000000000000000000000000000000000000000000000000
00000000000000000000000000000000000000000000000000000000000001000000000000000000000000000000000000000000000000000000000000000000
00000000000000000000000000000000000000000000000000000010000000000010000000000000000000000000000000000000000000000000000000000000
00000000000000000000000010000000000000000000000000000000000000000000000000000000000000000000000000000000000000000000000000000000
00001000000000000000000000000000000000000000000010000000000000001000000000000000000000000000000000000000000000000000000000000000
00000000000000000000000000000000000000000001000000000000100001000000000000000000000000000000000000000000000000000000000000000000
00000000000000000000000000000000001000000000000000001000000000000000010000000000000000000100000000000000000000000000100000000000
00000000000000000000000000000000000000000000000000000000000000000100000000000000000000000000000000000000000000000000000000000000
00000000000033300300000330030003033330333000000000003000000000100000000000000000003330003300300003000000000030000000000000000000
00000000000030030300003003003030030000300300000000033000001000000000000000000000003003030030300003000000000330000000000000000000
00000000000030030300003003000300030000300300000010003000000000000000000000000000003330030030300003000000000030000000000000000000
00000000100033300300003333000300033300333000000000003000000000000000001000000100003003033330300003000000000030000000000000000000
00000000000030000300003003000300030000303000100000003001000000000001000000000000003003030030300003000000000030000010000000000100
00000000000030000333303003000300033330300300000000003000000000000000000000000000003330030030333303333000000030000000000000000000
00000000000000000000000000000000000000000000000000000000000000000000000000000000000000000000000000000000000000000000000000000000

0x00001f93
00000000000000000000000000000000000000000000000000000000000100000000100000010000000000000000000000000000000000000000000000000000
00000000000000000000000000000000000000000001000000000000000000000000000000000000100000000000000001000000010000000000000000000100
00000000000100000000010000000000000000000000000000000000000000000000000000000000000000000000000000000000000000000000000000000000
00000000000000000000000000000000000001000000000000000100000000000000000000000000000000000000000000000000000000000000000000000000
00000100000000000000000000000000000000000000000000000000000000000000000000000000000000001000000000000000000000001000000000000000
00000000000000000000000000000000000000000000000100000000001000000000000000000000000000000000000000000000000000000000000000000000
00000000000000000000000000000000000000000000000000000000000000000000000010000000000000000000000000000000000000000000000000000000
00000000000000000000000000000000000000001000000000000000000000000000000000000000100000000000000000010000000000000000000010000000
00000000000001000000000000000000000000000000000000000000000000000000000000010000000000000000000000000000000010000000000000000001
00000000000000000000000000000001000000000000001000000000100000000000000000000000000000000000000000000000000000000000000000000000
00000100000000000000000000000000000000000000000000000000000010000000010000000000000000000000000000000000000000000000000000000000
00000000000000000000000000000000000000000000000000000000000000000000000000000000000001000000000000000000000000000000000000000000
00000000000000000000000000000000000000001000000000000000010000000000000001000000000000000000000000000000000000000000000000000000
00000000000000000000010000000000000000000000000000000000000001000101000000000000100000000000000000000000000000000000100000000000
00000000000000000000000000000000000000000000000000000000000000000000000000000000000000000000000000000000000000000000000000000000
00000000000000000000000000000001000000000000000000000000000100000000010000000000000000000000100000000000001000000000000000000000
00000000000000010000000000000000000000000000000000000000000000000000000000000000000000000000000000000000000000000000000000000000
00000000001000000000000000000000000000100000000000000000000000000100000000000000000000000000000000000000000000000000000000000000
00000000000000000000000000000000000000000001000000000000000000100000010000000000000000000000000000000000000000000000000000100000
00000000000000000000000000000000000000000000000000000010001000000001000000000000000000000000000000000000000000000000000000000000
00000000000000000000000100000000000000000000000000000000000000000000000000000010000100000000000000000100000000000000000000000000
00100000000000000000000000000000000000000000000100000000000000001000000000010000000000000000000000000000000000000000000000000000
00000000000000000000000000000000000000000000000000000000000000000000000000000000000000000000000000000000000000000000000000000000
00000000000000000000000000000000010000000000000000001000000000000000010000000000000000000010000000000000000000000000000000000000
00000000000000000000000000000000000000000000000000000000000000000000000000000000000000000000000000000000000000000000000000000000
00000000000033300300000330030003033330333000000000003000000000000100000001000000003330003300300003000000000030000000000000000000
00000000000030030300003003003030030000300300000000033000001000100000000000000000003003030030300003000000000330000000000000000000
00000000000030030300003003000300030000300300000010003000000000000000000000000000003330030030300003000000000030000000000000000000
00000010000033300300003333000300033300333000000000003000000000000000001000000000003003033330300003000000000030000000000000000000
00000111000030000300003003000300030000303000000000003000000000000000000000000010003003030030300003000000000030000000000000000000
10000010000030000333303003000300033330300301000000003001000010000001000000000000003330030030333303333000000030000000100000000001
00000000000000000000000000000000000000000000000000000000000000000000000000000000000000000000000000000000000000000000000000000000

0x00001fe6
00000000000000000000000000000000000000000000000000000000000100000000100000010000000000000000000000000000000000000000000000000000
00000000000000000000000000000000000000000001000000000000000000000000000000000000100000000000000001000000010000000000000000000100
00000000000100000000010000000000000000000000000000000000000000000000000000000000000000000000000000000000000000000000000000000000
00000000000000000000000000000000000001000000000000000100000000000000000000000000000000000000000000000000000000000000000000000000
00000100000000000000000000000000000000000000000000000000000000000000000000000000000000001000000000000000000000001000000000000000
00000000000000000000000000000000000000000000000100000000001000000000000000000000000000000000000000000000000000000000000000000000
00000000000000000000000000000000000000000000000000000000000000000000000010000000000000000000000000000000000000000000000000000000
00000000000000000000000000000000000000001000000000000000000000000000000000000000100000000000000000010000000000000000000010000000
00000000000001000000000000000000000000000000000000000000000000000000000000010000000000000000000000000000000010000000000000000001
00000000000000000000000000000001000000000000001000000000100000000000000000000000000000000000000000000000000000000000000000000000
00000100000000000000000000000000000000000000000000000000000010000000010000000000000000000000000000000000000000000000000000000000
00000000000000000000000000000000000000000000000000000000000000000000000000000000000001000000000000000000000000000000000000000000
00000000000000000033300333330033300333300333330000000000010000000000000001000000000000000000000000000000000000000000000000000000
00000000000000000300030003000300030300030003000000000000000001000101000000000000100000000000000000000000000000000000100000000000
00000000000000000300000003000300030300030003000000000000000000000000000000000000000000000000000000000000000000000000000000000000
00000000000000000033300003000300030333300003000000000000000100000000010000000000000000000000100000000000001000000000000000000000
00000000000000010000030003000333330303000003000000000000000000000000000000000000000000000000000000000000000000000000000000000000
00000000001000000000030003000300030300300003000000000000000000000100000000000000000000000000000000000000000000000000000000000000
00000000000000000300030003000300030300030003000000000000000000100000010000000000000000000000000000000000000000000000000000100000
00000000000000000033300003000300030300003003000000000010001000000001000000000000000000000000000000000000000000000000000000000000
00000000000000000000000000000000000000000000000000000000000000000000000000000010000100000000000000000100000000000000000000000000
00100000000000000000000000000000000000000000000100000000000000001000000000010000000000000000000000000000000000000000000000000000
00000000000000000000000000000000000000000000000000000000000000000000000000000000000000000000000000000000000000000000000000000000
00000000000000000000000000000000010000000000000000001000000000000000010000000000000000000010000000000000000000000000000000000000
00000000000000000000000000000000000000000000000000000000000000000000000000000000000000000000000000000000000000000000000000000000
00000000000033300300000330030003033330333000000000003000000000000100000001000000003330003300300003000000000030000000000000000000
00000000000030030300003003003030030000300300000000033000001000100000000000000000003003030030300003000000000330000000000000000000
00000000000030030300003003000300030000300300000010003000000000000000000000000000003330030030300003000000000030000000000000000000
00000010000033300300003333000300033300333000000000003000000000000000001000000000003003033330300003000000000030000000000000000000
00000111000030000300003003000300030000303000000000003000000000000000000000000010003003030030300003000000000030000000000000000000
10000010000030000333303003000300033330300301000000003001000010000001000000000000003330030030333303333000000030000000100000000001
00000000000000000000000000000000000000000000000000000000000000000000000000000000000000000000000000000000000000000000000000000000

0x0000205b
00000000000000000000000000000000000000000000000000000000000000000000000000001000010000000000000000000000000000000000000000000000
00000000000000000000000000000000000000000001000000000000000000000000000000000000000000000000000000010000000000000000000000000001
00000000010000000000100000000000000000000000000000000000000000010000000000000000000000000000000000000000000000000000000000000000
00000000000000000000000000000000000010000000000000000100000000000000000000000000000000000000000000000000000000000000000000000000
00010000000000000000000000000000000000000000000000000000000000000000000000000000000000000100000000000000000000000010000000000000
00000000000000000000000000000000000000000000000100000000010000000000000000000000000000000000000000000000000000000000000000000000
00000000000000000000000000000000000000000000000000000000000000000000100000000000000000000000000000000000000000000000000000000000
00000000000000000000000000000000000000010000000000000000000000000000000000000000000000000000000000000100000000000000000000100000
00000000000000000000000000000000000000000000000000000000000000000000000000010000000000000000000000000000000001000000000000000000
00000000000000000000000000000010000000000000010000000000100000000000000000000000000000000000000000000000000000000000000000000000
00010000000000000000000000000000000000000000000000000000000000000000010000000000000000000000000000000000000000000000000000000000
00000000000000000000000000000000000000000000000000000000000000000000000000000000000000100000000000000000000000000000000000000000
00000000000000000033300333330033300333300333330000000000010000000000000001000000000000000000000000000000000000000000000000000000
00000000000000000300030003000300030300030003000000100000000001000101000000000000010000000000000000000000000000000000001000000000
00000000000000000300000003000300030300030003000000000000000000000000000000000000000000000000000000000000000000000000000000000000
00000000000000000033300003000300030333300003000000000000000000000000010000010000000000000000010000000000000010000000000000000000
00000000000000000000030003000333330303000003000010000000000100000000000000000000000000000000000000000000000000000000000000000000
00000000010000000000030003000300030300300003000000000000000000000100000000000000000000000000000000000000000000000000000000000100
00000000000000000300030003000300030300030003000000000000000000000000010001000000000000000000000000000000000000000000000000001110
00000000000000000033300003000300030300003003000000000010001000000001000000000000000000000000000000000000000000000000000000000100
00000000000000000000000000000000000000000000000000000000000000000000000000000001000010000000000000000010000000000000000000000000
00000000000000000000001000000000000000000000000100000000000000000000000000010000000000000000000000000000000000000000000000000000
00000000000000000000000000000000000000000000000000000000000000000000000000000000000000000000000000000000000000000000000000000000
00000000000000000000000000000000000000000010000000001001000000100000000000000000000000000001000000000000000000000000000000000000
00000000000000000000000000000000000000000000000000000000000000000000010000000000000000000000000000000000000000000000000100000000
00000000000033300300000330030003033330333000000000003000000000000100000000000000003330003300300003000000000030000000000000000000
00000000000030030300003003003030030000300300000000033000000000100000000000000000003003030030300003000000000330000000000000000000
00000000000030030300003003000300030000300300000000003000000000000000000000000000003330030030300003000000000030000000000000000000
00000000000033300300003333000300033300333000000100003000000000000000000000000000003003033330300003010000000030000000000000000000
00001000000030000300003003000300030000303000000000003000000000000000001000000000003003030030300003000000000030000000000000000000
00000000000030000333303003000300033330300301000000003000000000000001000000000000003330030030333303333000000030000000001000000000
00000000000000000000000000000000000000000000000000000000000010000000000000000000000000000000000000000000000000000000000000000000

0x0000208d
00000000000000000000000000000000000000000000000000000000000000000000000000001000010000000000000000000000000000000000000000000000
00000000000000000000000000000000000000000001000000000000000000000000000000000000000000000000000000010000000000000000000000000001
00000000010000000000100000000000000000000000000000000000000000010000000000000000000000000000000000000000000000000000000000000000
00000000000000000000000000000000000010000000000000000100000000000000000000000000000000000000000000000000000000000000000000000000
00010000000000000000000000000000000000000000000000000000000000000000000000000000000000000100000000000000000000000010000000000000
00000000000000000000000000000000000000000000000100000000010000000000000000000000000000000000000000000000000000000000000000000000
00000000000000000000000000000000000000000000000000000000000000000000100000000000000000000000000000000000000000000000000000000000
00000000000000000000000000000000000000010000000000000000000000000000000000000000000000000000000000000100000000000000000000100000
00000000000000000000000000000000000000000000000000000000000000000000000000010000000000000000000000000000000001000000000000000000
00000000000000000000000000000010000000000000010000000000100000000000000000000000000000000000000000000000000000000000000000000000
00010000000000000000000000000000000000000000000000000000000000000000010000000000000000000000000000000000000000000000000000000000
00000000000000000000000000000000000000000000000000000000000000000000000000000000000000100000000000000000000000000000000000000000
00000000000000000000000000000000000000010000000000000000010000000000000001000000000000000000000000000000000000000000000000000000
00000000000000000000100000000000000000000000000000100000000001000101000000000000010000000000000000000000000000000000001000000000
00000000000000000000000000000000000000000000000000000000000000000000000000000000000000000000000000000000000000000000000000000000
00000000000000000000000000000010000000000000000000000000000000000000010000010000000000000000010000000000000010000000000000000000
00000000000000000000000000000000000000000000000010000000000100000000000000000000000000000000000000000000000000000000000000000000
00000000010000000000000000000000000000100000000000000000000000000100000000000000000000000000000000000000000000000000000000000100
00000000000000000000000000000000000000000001000000000000000000000000010001000000000000000000000000000000000000000000000000001110
00000000000000000000000000000000000000000000000000000010001000000001000000000000000000000000000000000000000000000000000000000100
00000000000000000000000000000000000000000000000000000000000000000000000000000001000010000000000000000010000000000000000000000000
00000000000000000000001000000000000000000000000100000000000000000000000000010000000000000000000000000000000000000000000000000000
00000000000000000000000000000000000000000000000000000000000000000000000000000000000000000000000000000000000000000000000000000000
00000000000000000000000000000000000000000010000000001001000000100000000000000000000000000001000000000000000000000000000000000000
00000000000000000000000000000000000000000000000000000000000000000000010000000000000000000000000000000000000000000000000100000000
00000000000033300300000330030003033330333000000000003000000000000100000000000000003330003300300003000000000030000000000000000000
00000000000030030300003003003030030000300300000000033000000000100000000000000000003003030030300003000000000330000000000000000000
00000000000030030300003003000300030000300300000000003000000000000000000000000000003330030030300003000000000030000000000000000000
00000000000033300300003333000300033300333000000100003000000000000000000000000000003003033330300003010000000030000000000000000000
00001000000030000300003003000300030000303000000000003000000000000000001000000000003003030030300003000000000030000000000000000000
00000000000030000333303003000300033330300301000000003000000000000001000000000000003330030030333303333000000030000000001000000000
00000000000000000000000000000000000000000000000000000000000010000000000000000000000000000000000000000000000000000000000000000000

0x000020ae
00000000000000000000000000000000000000000000000000000000000000000000000000000000000000000000000000000000000000000000000000000000
00000000000000000000000000000000000000000000000000000000000000000000000000000000000000000000000000000000000000000000000000000000
00000000000000000000000000000000000000000000000000000000000000000000000000000000000000000000000000000000000000000000000000000000
00000000000000000000000000000000000000000000000000000000000000000000000000000000000000000000000000000000000000000000000000000000
00000000000000000000000000000000000000000000000000000000000000000000000000000000000000000000000000000000000000000000000000000000
00000000000000000000000000000000000000000000000000000000000000000000000000000000000000000000000000000000000000000000000000000000
00000000000000000000000000000000000000000000000000000000000000000000000000000000000000000000000000000000000000000000000000000000
00000000000000000000000000000000000000000000000000000000000000000000000000000000000000000000000000000000000000000000000000000000
00000000000000000000000000000000000000000000000000000000000000000000000000000000000000000000000000000000000000000000000000000000
00000000000000000000000000000000000000000000000000000000000000000000000000000000000000000000000000000000000000000000000000000000
00000000000000000000000000000000000000000000000000000000000000000000000000000000000000000000000000000000000000000000000000000000
00000000000000000000000000000000000000000000000000000000000000000000000000000000000000000000000000000000000000000000000000000000
00000000000000000000000000000000000000000000000000000000000000000000000000000000000000000000000000000000000000000000000000000000
00000000000000000000000000000000000000000000000000000000000000000000000000000000000000000000000000000000000000000000000000000000
00000000000000000000000000000000000000000000000000000000000000000000000000000000000000000000000000000000000000000000000000000000
00000000000000000000000000000000000000000000000000000000000000000000000000000000000000000000000000000000000000000000000000000000
00000000000000000000000000000000000000000000000000000000000000000000000000000000000000000000000000000000000000000000000000000000
00000000000000000000000000000000000000000000000000000000000000000000000000000000000000000000000000000000000000000000000000000000
00000000000000000000000000000000000000000000000000000000000000000000000000000000000000000000000000000000000000000000000000000000
00000000000000000000000000000000000000000000000000000000000000000000000000000000000000000000000000000000000000000000000000000000
00000000000000000000000000000000000000000000000000000000000000000000000000000000000000000000000000000000000000000000000000000000
00000000000000000000000000000000000000000000000000000000000000000000000000000000000000000000000000000000000000000000000000000000
00000000000000000000000000000000000000000000000000000000000000000000000000000000000000000000000000000000000000000000000000000000
00000000000000000000000000000000000000000000000000000000000000000000000000000000000000000000000000000000000000000000000000000000
00000000000000000000000000000000000000000000000000000000000000000000000000000000000000000000000000000000000000000000000000000000
00000000000000000000000000000000000000000000000000000000000000000000000000000000000000000000000000000000000000000000000000000000
00000000000000000000000000000000000000000000000000000000000000000000000000000000000000000000000000000000000000000000000000000000
00000000000000000000000000000000000000000000000000000000000000000000000000000000000000000000000000000000000000000000000000000000
00000000000000000000000000000000000000000000000000000000000000000000000000000000000000000000000000000000000000000000000000000000
00000000000000000000000000000000000000000000000000000000000000000000000000000000000000000000000000000000000000000000000000000000
00000000000000000000000000000000000000000000000000000000000000000000000000000000000000000000000000000000000000000000000000000000
00000000000000000000000000000000000000000000000000000000000000000000000000000000000000000000000000000000000000000000000000000000

0x00002112
00000000000000000000000000000000000000000000000000000000000000000000000000000000000000000000000000000000000000000000000000000000
00000000000000000000000000000000000000000000000000000000000000000000000000000000000000000000000000000000000000000000000000000000
00000000000000000000000000000000000000000000000000000000000000000000000000000000000000000000000000000000000000000000000000000000
00000000000000000000000000000000000000000000000000000000000000000000000000000000000000000000000000000000000000000000000000000000
00000000000000000000000000000000300000300033300033333300330003300033330033000330003333300000000000000000000000000000000000000000
00000000000000000000000000000000330303300333330033333330333003300033330033300330033333300000000000000000000000000000000000000000
00000000000000000000000000000000330303303330333033000330333303300003300033330330333000000000000000000000000000000000000000000000
00000000000000000000000000000000333333303300033033003330333333300003300033333330330033300000000000000000000000000000000000000000
00000000000000000000000000000000033333003333333033333000330333300003300033033330333003300000000000000000000000000000000000000000
00000000000000000000000000000000033033003300033033033300330033300033330033003330033333300000000000000000000000000000000000000000
00000000000000000000000000000000030003003300033033003330330003300033330033000330003333300000000000000000000000000000000000000000
00000000000000000000000000000000000000000000000000000000000000000000000000000000000000000000000000000000000000000000000000000000
00000000000000000000000000000000000000000000000000000000000000000000000000000000000000000000000000000000000000000000000000000000
00000000000000000000000000000000000000000000000000000000000000000000000000000000000000000000000000000000000000000000000000000000
00000000000000000000000000000000000000000000000000000000000000000000000000000000000000000000000000000000000000000000000000000000
00000000000000000000000000000000000000000000000000000000000000000000000000000000000000000000000000000000000000000000000000000000
00000000000000000000000000000000033333003300033033333330000000000333333000333300330000000333333000000000000000000000000000000000
00000000000000000000000000000000333333303330033033333330000000000333333000333300330000000333333000000000000000000000000000000000
00000000000000000000000000000000330003303333033033000000000000000003300000033000330000000003300000000000000000000000000000000000
00000000000000000000000000000000330003303333333033333000000000000003300000033000330000000003300000000000000000000000000000000000
00000000000000000000000000000000330003303303333033000000000000000003300000033000330000000003300000000000000000000000000000000000
00000000000000000000000000000000333333303300333033333330000000000003300000333300333333000003300000000000000000000000000000000000
00000000000000000000000000000000033333003300033033333330000000000003300000333300333333000003300000000000000000000000000000000000
00000000000000000000000000000000000000000000000000000000000000000000000000000000000000000000000000000000000000000000000000000000
00000000000000000000000000000000000000000000000000000000000000000000000000000000000000000000000000000000000000000000000000000000
00000000000000000000000000000000000000000000000000000000000000000000000000000000000000000000000000000000000000000000000000000000
00000000000000000000000000000000000000000000000000000000000000000000000000000000000000000000000000000000000000000000000000000000
00000000000000000000000000000000000000000000000000000000000000000000000000000000000000000000000000000000000000000000000000000000
00000000000000000000000000000000000000000000000000000000000000000000000000000000000000000000000000000000000000000000000000000000
00000000000000000000000000000000000000000000000000000000000000000000000000000000000000000000000000000000000000000000000000000000
00000000000000000000000000000000000000000000000000000000000000000000000000000000000000000000000000000000000000000000000000000000
00000000000000000000000000000000000000000000000000000000000000000000000000000000000000000000000000000000000000000000000000000000

0x00003221
00000000000000000000000000000000000000000000000000000000000000000000000000000000000000000000000000000000000000000000000000000000
00000000000000000000000000000000000000000000000000000000000000000000000000000000000000000000000000000000000000000000000033330000
00000000000000000000000000000000000000000000000000000000000000000000000000000000000000000000000000000000000000000000000333333000
00000000000000000000000000000000000000000000000000000000000000000000000000000000000000000000000000000000000000000000003300003300
00000000000000000000000000000000000000000000000000000000000000000000000000000000000000000000000000000000000000000000033000000330
00000000000000000000000000000000000000000000000000000000000000000000000000000000000000000000000000000000000000000000033000000330
00000000000000000000000000000000000000000000000000000000000000000000000000000000000000000000000000000000000000000000033000000330
00000000000000000000000000000000000000000000000000000000000000000000000000000000000000000000000000000000000000000000033000000330
00000000000000000000000000000000000000000000000000000000000000000000000000000000000000000000000000000000000000000000033000000330
00000000000000000000000000000000000000000000000000000000000000000000000000000000000000000000000000000000000000000000033000000330
00000000000000000000000000000000000000000000000000000000000000000000000000000000000000000000000000000000000000000000033000000330
00000000000000000000000000000000000000000000000000000000000000000000000000000000000000000000000000000000000000000000033000000330
00000000000000000000000000000000000000000000000000000000000000000000000000000000000000000000000000000000000000000000033000000330
00000000000000000000000000000000000000000000000000000000000000000000000000000000000000000000000000000000000000000000033000000330
00000000000000000000000000000000000000000000000000000000000000000000000000000000000000000000000000000000000000000000003300003300
00000000000000000000000000000000000000000000000000000000000000000000000000000000000000000000000000000000000000000000000333333000
00000000000000000000000000000000000000000000000000000000000000000000000000000000000000000000000000000000000000000000000033330000
00000000000000000000000000000000000000000000000000000000000000000000000000000000000000000000000000000000000000000000000000000000
00000000000000000000000000000000000000000000000000000000000000000000000000000000000000000000000000000000000000000000000000000000
00000000000000000000000000000000000000000000000000000000000000000000000000000000000000000000000000000000000000000000000000000000
00000000000000000000000000000000000000000000000000000000000000000000000000000000000000000000000000000000000000000000000000000000
00000000000000000000000000000000000000000000000000000000000000000000000000000000000000000000000000000000000000000000000000000000
00000000000000000000000000000000000000000000000000000000000000000000000000000000000000000000000000000000000000000000000000000000
00000000000000000000000000000000000000000000000000000000000000000000000000000000000000000000000000000000000000000000000000000000
00000000000000000000000000000000000000000000000000000000000000000000000000000000000000000000000000000000000000000000000000000000
00000000000033300300000330030003033330333000000000003000000000000000000000000000003330003300300003000000000030000000000000000000
00000000000030030300003003003030030000300300000000033000000000000000000000000000003003030030300003000000000330000000000000000000
00000000000030030300003003000300030000300300000000003000000000000000000000000000003330030030300003000000000030000000000000000000
00000000000033300300003333000300033300333000000000003000000000000000000000000000003003033330300003000000000030000000000000000000
00000000000030000300003003000300030000303000000000003000000000000000000000000000003003030030300003000000000030000000000000000000
00000000000030000333303003000300033330300300000000003000000000000000000000000000003330030030333303333000000030000000000000000000
00000000000000000000000000000000000000000000000000000000000000000000000000000000000000000000000000000000000000000000000000000000

0x00003285
00000000000000000000000000000000000000000010000000000000000000000000000000000000001000000000000000011100000010000000000000000000
00000001000000000000000000000000000000000111000000000000000000000000000000000000000000000000000000001000000000000000000033330000
00000000000000000001000000100000000100000010000000000100000000010000000000000000000000000000000000000000000000000000000333333000
01000000000000000000000000000000000000000000000000000000000000000000000000000000000000000010000000000000000000000000003300003300
00000000000000000000000000000000000000000000000000000000000000000000000000000000000000000000000000000000000000000000033000000330
00000000000000000000000000000000000000000000001000000000010000000000000001000000000000000000000000000000000000000000033000000330
00000000000000000000000000000000000000000000000000000000000000000000100000000000010000000000000000000000000000000000033000000330
00000000001000000000000000000000000000000000000000010000000000001000000000000000000000000000000000000010000000000000033000000330
00000000000000000000000000000000000000000000000000000000000000000000000000001000000000000000000000000000000000010000033000000330
00000000000000000000000000000100000000000000010000000000100010000000000000000000000000000000000000000000000000000000033000000330
01000000000000000000000000000000000000000000000000000000000000000000010000000000000000000000000000000000000000000000033000000330
00000000000000000000000000000000000000000000000000000000000000000000000000000000000000000000000000000000000000000000033000000330
00000000000000000000000000000000000000010000000000100000010000000000000000000000000000000000000000000000000000000000033000000330
00000000000000000001000000000000000000000000000000000000000001000101000000000000010000000000000000000000000000000000033000000330
00000000000000000000000000000000000000000000000000000000000000000000000000000000000000000000000000000000000000000000003300003300
00000000000000000000000000000100000000000000000000000000000000000000001000000000000000000000000100000000000001000000000333333000
00000000000000000000000000000000000000000000000100000100000100000000000000000000000000000000000000000000000000000000000033330000
00000001000000000000000000000000000001000000000000000000000000000000000000000000000000000000000000000000000000000000000000000000
00000000000000000000000000000000000000000010000000000000000000000100001001000000000000000000000000000000000000000000000000000001
00000000000000000000000000000000000000000000000000000000000000000000000000000000000000000000000000000000000000000000000000000000
00000000000000000000000000000000000000000000000000000100000000000001000000000001000001000000000000000000100000000000000000000000
00000000000000000000010000000000000000000000000000000000000000000000000000001000000000000000000000000000000000000000000000000000
00000000000000000000000000000000000000000000000100000000000000000100000000000000000000000000000000000000000000000000000000000000
00000000000000000000000000000000000000000100000000000001000000100000000000000000000000000000000000000000000000000000000000000000
00000000000000000000000000000000000000000000000000000000000000000000001000000000000000000000000000000000000000000000000001000000
00000000000033300300000330030003033330333000000000003000000000000000000000000000003330003300300003000000000030000000000000000000
00000000000030030300003003003030030000300300000000033000000000000010000000100000003003030030300003000000000330000000000000000000
00000000000030030300003003000300030000300300000000003000010000100000000000000000003330030030300003000000000030000000000000000000
00100000000033300300003333000300033300333000000000003000000000000000000000000000003003033330300003000000000030000000000000000000
01110000000030000300003003000300030000303000000100003000000000000000000100000000003003030030300003000000000030001000000000000000
00100000000030000333303003000300033330300300000000003000000000000000000000000001003330030030333303333000000030000000000000000000
00000000000000000000000000000000000000000000000000000010000010000001000000000000000000000000000000000000000000000000000010000000

0x0000334d
00000100000000000000000000000000000000000100000000000000000000000000000000000000000000000000000000000100000000100000000000000000
00001110000000000100000001000000000000000000000000000000000000010000000000000000000000000000000000000000000000000000000033330000
00000100000000000000000000000000001000000000000000000100000000000000000000000000000000000000000000000000000000000000000333333000
00000000000000000000000000000000000000000000000000000000000000000000000000000000000000000000100000000000000000000000003300003300
00000000000000000000000000000000000000000000000000000000010000000000000000000000000000000000000000000000000000000000033000000330
00000000000000000000000000000000000000000000001000000000000000000000000001000000000000000000000000000000000000000000033000000330
00000000000000000000000000000000000000000000000000000000000000000000100000000000001000000000000000000000000000000000033000000330
00000000100000000000000000000000000000000000000000010000000000001000000000000000000000000000000000000000100000000000033000000330
00000000000000000000000000000000000000000000000000000000000000000000000000001000000000000000000000000000000000000100033000000330
00000000000000000000000000001000000000000000100000000000100010000000000000000000000000000000000000000000000000000000033000000330
00000000000000000000000000000000000000000000000000000000000000000000010000000000000000000000000000000000000000000000033000000330
00000000000000000000000000000000000000000000000000000000000000000000000000000000000000000000000000000000000000000000033000000330
00000000000000000000000000000000000000100000000000000000001000000000000000100000000000000000000000000000000000000000033000000330
00000000000000000100000000000000000000000000000000000000000001000101000000000000001000000000000000000000000000000000033000100330
00000000000000000000000000000000000000000000000000000000000000000000000000000000000000000000000000000000000000000000003300003300
00000000000000000000000000000000000000000000000000000000000000000000001000001000000000000000000010000000000000010000000333333000
00000000000000000000000000001000000000000000000100000100000100000000000000000000000000000000000000000000000000000000000033330000
00000000001000000000000000000000000010000000000000000000000000000100010000000000000000000000000000000000000000000000000000000000
00000100000000000000000000000000000000000100000000000000000000100000000000100000000000000000000000000000000000000000000000000000
00000000000000000000000000000000000000000000000000000000000000000000000000000000000000000000000000000000000000000000000000000000
00000000000000000000000000000000000000000000000000000100010000000001000000000000000000000000000000000000000000000000000000000000
00000000000000000001000000000000000000000000000000000000000000000000000000000000100000000000000000000000000000000000000000000000
00000000000000000000000000000000000000000000001000000000000000000100000000000000000000000000000000000000000000000000000000000000
00000000000000000000000000000000000000000000000000000000000000000000000000000000000000000000000000000000000000000000000000000000
00000000000000000000000000000000000000000000000000000001000000100000000000000000000000000000000000000000000000000000000000000000
00000000000033300300000330030003033330333000000000003000000000000000001000000000003330003300300003000000000030000000000000001000
00000000000030030300003003003030030000300300000000033000000000000010000000000000003003030030300003000000000330000000000000000000
00000000000030030300003003000300030000300300000000003000000000100000000000000000003330030030300003000000000030000000000000000000
00000000001033300300003333000300033300333000000000003000010000000000000000000000003003033330300003000000000030000000000000000000
00000000000030000300003003000300030000303000001000003000000000000000000000000000003003030030300003000010000030000000000000000000
10000000000030000333303003000300033330300300000000003000000000000000000100000000003330030030333303333011000030000010000000000000
00000000000000000000000000000000000000000000000000000000000000000000100000000000100000000000000000000010000000000000000000100000

0x00003404
00010000000000001000000000000000000000000100000000000000000000000000000000000000000000000000000000000001000000000000000000000000
00000000000000011100000010000000000000000000000000000000000000010000000000000000000000000000000000000000000000000000000033330000
00000000000000001000000000000000010000000000000000000000000000000000000000000000000000000000000000000000000000000000000333333000
00000000000000000000000000000000000000000000000000000000000000000000000000000000000000000000010000000000000000000000003300003300
00000000000000000000000000000000000000000000010000000000010000000000000000000000000000000000000000000000000000000000033000000330
00000000000000000000000000000000000000000000000000000000000000000000000000100000000000000000000000000000000000000000033000000330
00000000000000000000000000000000000001000000000000000000000000000000010000000000000100000000000000000000000000000000033000000330
00000010000000000000000000000000000000000000000000100000000000001000000000000000000000000000000000000000010000000000033000000330
00000000000000000000000000010000000000000000000000000000100000000000000000000100000000000000000000000000000000000001033000000330
00000000000000000000000000000000000000000000000000000000000010000000000000000000000000000000000000000000000000000000033000000330
00000000000000000000000000000000000000000000000000000000000000000000001000000000000000000100000000000000000000000000033000000330
00000000000000000000000000000000000000000000000000000000000000000000000000000000000000000000000000000000000000000000033000000330
00000000000000000000000000000000000001000000000000000000001000000000000000000000000000000000000000000000000000000000033000000330
00000000000000001000000000000000000000000000000001000000000001000100100000000000000100000000000000000000000000000000033000000330
00000000000000000000000000000000000000000000000000000000000000000000000000000000000000000000000000000000000000000000003300003300
00000000000000000000000000000000000000000000000000000000000000000000001000000100000000000000000001000000000000000100000333333000
00000000000000000000000000010000000000000000001000000100000100000000000000000000000000000000000000000000000000000000000033330000
00000000100000000000000000000000000100000000000000000000000000000010000000000000000000000000000000000000000000000000000000000000
00010000000000000000000000000000000000000000000000000000000000100000001000100000000000000000000000000000000000000000000000000000
00000000000000000000000000000000000000000100000000000000000000000000000000000000000000000000000000000000000000000000000000000000
00000000000000000000000000000000000000000000000000000100010000000000100000000000000000000000000000000000000000000000000000000000
00000000000000000000000000000000000000000000000000000000000000000000000000000000010000100000000000000000000100000000000000000000
00000000000000000010000000000000000000000000010000000000000000000000000000000100000000000000000000000000000000000000000000000000
00000000000000000000000000000000000000000000000000000000000000000100000000000000000000000000000000000000000000000000000000000000
00000000000000000000000000000000000000000000000000000001000000100000000000000000000000000000000000000000000000000000000000000000
00000000000033300300000330030003033330333000000000003000000000000000001000000000003330003300300003000000000030000000000000000010
00000000000030030300003003003030030000300300000000033000000000000000000000000000003003030030300003000000000330000000000000000000
00000000000030030300003003000300030000300300000000003000000000000010000000010000003330030030300003000000000030000000000000000000
00000000100033300300003333000300033300333000000000003000010000100000000000000000003003033330300003000000000030000000000000000000
00000000000030000300003003000300030000303000000000003000000000000000000000000000003003030030300003000000000030000000100000000000
00000000000030000333303003000300033330300300001000003000000000000000000000000000003330030030333303333001100030000001110000000000
00000000000000000000000000000000000000000000000000000000000000000000000100000000000000000000000000000000000000000000100000000000

0x000034cc
01000000000000100000000000000000000000000000000000000000000000000000000000000000000000000000000000000000000000000000000000000000
00000000000000000000001000000000100000000000000000001000000000010000000000000000000000000000001000000000000000000000000033330000
00000000000000000000000000000000000000000000000000000000000000000000000000000000000000000000011100000000000000000000000333333000
00000000000000000000000000000000000000000000000000000000000000000000000000000000000000000000001000000000000000000000003300003300
00000000000000000000000000000000000000000000010000000000010000000000000000010000000000000000000000000000000000000000033000000330
00000000000000000000000000000000000000000000000000000000000000000000010000000000000000000000000000000000000000000000033000000330
00000000000000000000000000000000000010000000000000100000000000000000000000000000000010000000000000000000000100000000033000000330
00001000000000000000000000000000000000000000000000000000000000001000000000000000000000000000000000000000000000000000033000000330
00000000000000000000000000100000000000000001000000000000100000000000000000000000000000000000000000000000000000000000033000000330
00000000000000000000000000000000000000000000000000000000000010000000000000000000000000000000000000000000000000000000033000000330
00000000000000000000000000000000000000000000000000000000000000000000001000000000000000000010000000000000000000000000033000000330
00000000000000000000000000000000000000000000000000000000000000000000000000000000000000000000000000000000000000000000033000000330
00000000000000000000000000000000000010000000000000000000001000000000000000010000000000000000000000000000000000000000033000000330
00000000000000100000000000000000000000000000000001000000000001000100100000000000000010000000000000000000000000000000033000000330
00000000000000000000000000000000000000000000000000000000000000000000000000000000000000000000000000000000000000000000003300003300
00000000000000000000000000000000000000000000000000000000000000000000001000000100000000000000000000000000000000000001000333333000
00000000000000000000000000100000000000000000001000001000000100000000000000000000000000000000000000000000000000000000000033330000
00000010000000000000000000000000000000000000000000000000000000000000000000000000000000000000000000000000000000000000000000000000
01000000000000000000000000000000001000000000000000000000000000000010001000000000000000000000000000000000000000000000000000000000
00000000000000000000000000000000000000001000000000000000000000100000000100000000000000000000000000000000000000000000000000000000
00000000000000000000000000000000000000000000000000000100010000000000100000000000000000000000000000000000000000000000000000000000
00000000000000000000000000000000000000000000000000000000000000000000000000000000010000010000000000000000000001000000000000000000
00000000000000001000000000000000000000000000000000000000000000000000000000000010000000000000000000000000000000000000000000000000
00000000000000000000000000000000000000000000010000000000000000000100000000000000000000000000000000000000000000000000000000000000
00000000000000000000000000000000000000000000000000000000000000000000000000000000000000000000000000000000000000000000000000000000
00000000000033300300000330030003033330333000000000003001000000100000000000000000003330003300300003000000000030000000000000000000
00000000000030030300003003003030030000300300000000033000000000000000000000000000003003030030300003000000000330000000000000000000
00000000000030030300003003000300030000300300000000003000000000000010000000000000003330030030300003000000000030000000000000000000
00000000100033300300003333000300033300333000000000003000010000100000000000000000003003033330300003000000000030000000000000000000
00000000000030000300003003000300030000303000000000003000000000000000000000000000003003030030300003000000000030000000100000000000
00000000000030000333303003000300033330300300001000003000000000000000000000000000003330030030333303333001100030000001110000000000
00000000000000000000000000000000000000000000000000000000000000000000000100000000000000000000000000000000000000000000100000000000

0x000034dd
01000000000000100000000000000000000000000000000000000000000000000000000000000000000000000000000000000000000000000000000000000000
00000000000000000000001000000000100000000000000000001000000000010000000000000000000000000000001000000000000000000000000033330000
00000000000000000000000000000000000000000000000000000000000000000000000000000000000000000000011100000000000000000000000333333000
00000000000000000000000000000000000000000000000000000000000000000000000000000000000000000000001000000000000000000000003300003300
00000000000000000000000000000000000000000000010000000000010000000000000000010000000000000000000000000000000000000000033000000330
00000000000000000000000000000000000000000000000000000000000000000000010000000000000000000000000000000000000000000000033000000330
00000000000000000000000000000000000010000000000000100000000000000000000000000000000010000000000000000000000100000000033000000330
00001000000000000000000000000000000000000000000000000000000000001000000000000000000000000000000000000000000000000000033000000330
00000000000000000000000000100000000000000001000000000000100000000000000000000000000000000000000000000000000000000000033000000330
00000000000000000000000000000000000000000000000000000000000010000000000000000000000000000000000000000000000000000000033000000330
00000000000000000000000000000000000000000000000000000000000000000000001000000000000000000010000000000000000000000000033000000330
00000000000000000000000000000000000000000000000000000000000000000000000000000000000000000000000000000000000000000000033000000330
00000000000000000000000000000000000010000000000000000000001000000000000000010000000000000000000000000000000000000000033000000330
00000000000000100000000000000000000000000000000001000000000001000100100000000000000010000000000000000000000000000000033000000330
00000000000000000000000000000000000000000000000000000000000000000000000000000000000000000000000000000000000000000000003300003300
00000000000000000000000000000000000000000000000000000000000000000000001000000100000000000000000000000000000000000001000333333000
00000000000000000000000000100000000000000000001000001000000100000000000000000000000000000000000000000000000000000000000033330000
00000010000000000000000000000000000000000000000000000000000000000000000000000000000000000000000000000000000000000000000000000000
01000000000000000000000000000000001000000000000000000000000000000010001000000000000000000000000000000000000000000000000000000000
00000000000000000000000000000000000000001000000000000000000000100000000100000000000000000000000000000000000000000000000000000000
00000000000000000000000000000000000000000000000000000100010000000000100000000000000000000000000000000000000000000000000000000000
00000000000000000000000000000000000000000000000000000000000000000000000000000000010000010000000000000000000001000000000000000000
00000000000000001000000000000000000000000000000000000000000000000000000000000010000000000000000000000000000000000000000000000000
00000000000000000000000000000000000000000000010000000000000000000100000000000000000000000000000000000000000000000000000000000000
00000000000000000000000000000000000000000000000000000000000000000000000000000000000000000000000000000000000000000000000000000000
00000000000033300300000330030003033330333000000000003001000000100000000000000000003330003300300003000000000030000000000000000000
00000000000030030300003003003030030000300300000000033000000000000000000000000000003003030030300003000000000330000000000000000000
00000000000030030300003003000300030000300300000000003000000000000010000000000000003330030030300003000000000030000000000000000000
00000010000033300300003333000300033300333000000000003000000000000000000000010000003003033330300003000000000030000000000000000000
00000111000030000300003003000300030000303000000000003000010000000000000000000000003003030030300003000000000030000000000000000000
00000010000030000333303003000300033330300300010000003000000000000000000000000000003330030030333303333000000030000000000000000000
00000000000000000000000000000000000000000000000000000000000000000000000010000000000000000000000000000000010000000000001000000000

0x00003584
00000000000010000000111000000000000000000000000000000000000000010000000000000000000000000000000000000000000000000000000000000000
00000000000000000000010000000001000000000000000000001000000000000000000000000000000000000000000000000000000000000000000033330000
00000000000000000000000000000000000000000000000000000000010000000000000000000000000000000000000100000000000000000000000333333000
00000000000000000000000000000000000000000000000000000000111000000000000000000000000000000000000000000000000000000000003300003300
00000000000000000000000000000000000000000000100000000000010000000000000000010000000000000000000000000000000000000000033000000330
00000000000000000000000000000000000000000000000000000000000000000000010000000000000001000000000000000000000000000000033000000330
00000000000000000000000000000000000100000000000000100000000000001000000000000000000000000000000000000000000001000000033000000330
00100000000000000000000000000000000000000000000000000000000000001000000000000010000000000000000000000000000000000000033000000330
00000000000000000000000010000000000000000010000000000001000000000000000000000000000000000000000000000000000000000000033000000330
00000000000000000000000000000000000000000000000000000000000010000000000000000000000000000000000000000000000000000000033000000330
00000000000000000000000000000000000000000000000000000000000000000000000100000000000000000000100000000000000000000000033000000330
00000000000000000000000000000000000000000000000000000000000000000000000000001000000000000000000000000000000000000000033000000330
00000000000000000000000000000000000100000000000000000000010000000000000000000000000000000000000000000000000000000000033000000330
00000000000010000000000000000000000000000000000010000000000001000010010000000000000001000000000000000000000000000000033000000330
00000000000000000000000000000000000000000000000000000000000000000000000000000000000000000000000000000000000000000000003300003300
00000000000000000000000000000000000000000000000000000000000000000000001000000010000000000000000000000000000000000001000333333000
00000000000000000000000000100000000000000000001000001000000100000000000000000000000000000000000000000000000000000000000033330000
00000010000000000000000000000000000000000000000000000000000000000000000000000000000000000000000000000000000000000000000000000000
01000000000000000000000000000000001000000000000000000000000000000010001000000000000000000000000000000000000000000000000000000000
00000000000000000000000000000000000000001000000000000000000000100000000100000000000000000000000000000000000000000000000000000000
00000000000000000000000000000000000000000000000000000100010000000000100000000000000000000000000000000000000000000000000000000000
00000000000000000000000000000000000000000000000000000000000000000000000000000000010000010000000000000000000001000000000000000000
00000000000000001000000000000000000000000000000000000000000000000000000000000010000000000000000000000000000000000000000000000000
00000000000000000000000000000000000000000000010000000000000000000100000000000000000000000000000000000000000000000000000000000000
00000000000000000000000000000000000000000000000000000000000000000000000000000000000000000000000000000000000000000000000000000000
00000000000033300300000330030003033330333000000000003001000000100000000000000000003330003300300003000000000030000000000000000000
00000000000030030300003003003030030000300300000000033000000000000000000000000000003003030030300003000000000330000000000000000000
00000000000030030300003003000300030000300300000000003000000000000010000000000000003330030030300003000000000030000000000000000000
00000010000033300300003333000300033300333000000000003000000000000000000000010000003003033330300003000000000030000000000000000000
00000111000030000300003003000300030000303000000000003000010000000000000000000000003003030030300003000000000030000000000000000000
00000010000030000333303003000300033330300300010000003000000000000000000000000000003330030030333303333000000030000000000000000000
00000000000000000000000000000000000000000000000000000000000000000000000010000000000000000000000000000000010000000000001000000000

0x00003594
00000000000010000000111000000000000000000000000000000000000000010000000000000000000000000000000000000000000000000000000000000000
00000000000000000000010000000001000000000000000000001000000000000000000000000000000000000000000000000000000000000000000033330000
00000000000000000000000000000000000000000000000000000000010000000000000000000000000000000000000100000000000000000000000333333000
00000000000000000000000000000000000000000000000000000000111000000000000000000000000000000000000000000000000000000000003300003300
00000000000000000000000000000000000000000000100000000000010000000000000000010000000000000000000000000000000000000000033000000330
00000000000000000000000000000000000000000000000000000000000000000000010000000000000001000000000000000000000000000000033000000330
00000000000000000000000000000000000100000000000000100000000000001000000000000000000000000000000000000000000001000000033000000330
00100000000000000000000000000000000000000000000000000000000000001000000000000010000000000000000000000000000000000000033000000330
00000000000000000000000010000000000000000010000000000001000000000000000000000000000000000000000000000000000000000000033000000330
00000000000000000000000000000000000000000000000000000000000010000000000000000000000000000000000000000000000000000000033000000330
00000000000000000000000000000000000000000000000000000000000000000000000100000000000000000000100000000000000000000000033000000330
00000000000000000000000000000000000000000000000000000000000000000000000000001000000000000000000000000000000000000000033000000330
00000000000000000000000000000000000100000000000000000000010000000000000000000000000000000000000000000000000000000000033000000330
00000000000010000000000000000000000000000000000010000000000001000010010000000000000001000000000000000000000000000000033000000330
00000000000000000000000000000000000000000000000000000000000000000000000000000000000000000000000000000000000000000000003300003300
00000000000000000000000000000000000000000000000000000000000000000000001000000010000000000000000000000000000000000000000333333000
00000000000000000000000010000000000000000000000000001000000100000000000100000000000000000000000000001000000000000000000033330000
00001000000000000000000000000000000000000000000000000000000000000010000000000000000000000000000000000000000000000000000000000000
00000000000000000000000000000000010000000000000000000000000000100000001000000000000000000000000000000000000000000000000000000000
00000000000000000000000000000000000000010000000000000000001000000010100100010000000000000000000000000000000000000000000000000000
00000000000000000000000000000000000000000000000000000000000000100000000000000000000000000000000000000000000000000000000000000000
00000000000000000000000000000000000000000000000000001000010000000000000000000000000000000000000000000000000000000000000000000000
00000000000000100000000000000000000000000000000000000000000000000000000000000000001000001000000000000000000000010000000000000000
00000000000000000000000000000000000000000000100000000000000000000100000000000000000000000000000000000000000000000000000000000000
00000000000000000000000000000000000000000000000000000000000000000000000000000000000000000000000000000000000000000000000000000000
00000000000033300300000330030003033330333000000000003010000000100000000000000000003330003300300003000000000030000000000000000000
00000000000030030300003003003030030000300300000000033000000000000000000100000000003003030030300003000000000330000000000000000000
00000000000030030300003003000300030000300300000000003000000000000000000000000000003330030030300003000000000030000000000000000000
00000000000033300300003333000300033300333000000000003000000000000001000000001000003003033330300003000000000030000000000000000000
00001000000030000300003003000300030000303000000000003000010000100000000000000000003003030030300003000000000030000000000000000000
00011100000030000333303003000300033330300300000000003000111000000000000000000000003330030030333303333000000030000000000000000000
00001000000000000000000000000000000000000000010000000000010000000000000000000000000000000000000000000000000000000000000000000000

0x0000364c
00000000001000000001000000000010000000000000000000000000000000011100000000000000000000000000000000000000000000000000000000000000
00000000000000000000000000000000000000000000000000000000000000001000000000000000000000000000000001000000000000000000000033330001
00000000000000000000000000000000000000000000000000000000000000000000000000000000000000000000000011100000000000000000000333333001
00000000000000000000000000000000000000000001000000000000010000000000000000000000000000000000000001000000000000000000003300003300
00000000000000000000000000000000000000000000100000000000010000000000000000010000000000000000000000000000000000000000033000000330
00000000000000000000000000000000000000000000000000000000000000000000010000000000000001000000000000000000000000000000033000000330
00000000000000000000000000000000000100000000000000100000000000001000000000000000000000000000000000000000000001000000033000000330
00100000000000000000000000000000000000000000000000000000000000001000000000000010000000000000000000000000000000000000033000000330
00000000000000000000000010000000000000000010000000000001000000000000000000000000000000000000000000000000000000000000033000000330
00000000000000000000000000000000000000000000000000000000000010000000000000000000000000000000000000000000000000000000033000000330
00000000000000000000000000000000000000000000000000000000000000000000000100000000000000000000100000000000000000000000033000000330
00000000000000000000000000000000000000000000000000000000000000000000000000001000000000000000000000000000000000000000033000000330
00000000000000000000000000000000000100000000000000000000010000000000000000000000000000000000000000000000000000000000033000000330
00000000000010000000000000000000000000000000000010000000000001000010010000000000000001000000000000000000000000000000033000000330
00000000000000000000000000000000000000000000000000000000000000000000000000000000000000000000000000000000000000000000003300003300
00000000000000000000000000000000000000000000000000000000000000000000001000000010000000000000000000000000000000000000000333333000
00000000000000000000000010000000000000000000000000001000000100000000000100000000000000000000000000001000000000000000000033330000
00001000000000000000000000000000000000000000000000000000000000000010000000000000000000000000000000000000000000000000000000000000
00000000000000000000000000000000010000000000000000000000000000100000001000000000000000000000000000000000000000000000000000000000
00000000000000000000000000000000000000010000000000000000001000000010100100010000000000000000000000000000000000000000000000000000
00000000000000000000000000000000000000000000000000000000000000100000000000000000000000000000000000000000000000000000000000000000
00000000000000000000000000000000000000000000000000001000010000000000000000000000000000000000000000000000000000000000000000000000
00000000000000100000000000000000000000000000000000000000000000000000000000000000001000001000000000000000000000010000000000000000
00000000000000000000000000000000000000000000100000000000000000000100000000000000000000000000000000000000000000000000000000000000
00000000000000000000000000000000000000000000000000000000000000000000000000000000000000000000000000000000000000000000000000000000
00000000000033300300000330030003033330333000000000003010000000100000000000000000003330003300300003000000000030000000000000000000
00000000000030030300003003003030030000300300000000033000000000000000000100000000003003030030300003000000000330000000000000000000
00000000000030030300003003000300030000300300000000003000000000000000000000000000003330030030300003000000000030000000000000000000
00000000000033300300003333000300033300333000000000003000000000000001000000001000003003033330300003000000000030000000000000000000
00001000000030000300003003000300030000303000000000003000010000100000000000000000003003030030300003000000000030000000000000000000
00011100000030000333303003000300033330300300000000003000111000000000000000000000003330030030333303333000000030000000000000000000
00001000000000000000000000000000000000000000010000000000010000000000000000000000000000000000000000000000000000000000000000000000

0x0000365c
00000000001000000001000000000010000000000000000000000000000000011100000000000000000000000000000000000000000000000000000000000000
00000000000000000000000000000000000000000000000000000000000000001000000000000000000000000000000001000000000000000000000033330001
00000000000000000000000000000000000000000000000000000000000000000000000000000000000000000000000011100000000000000000000333333001
00000000000000000000000000000000000000000001000000000000010000000000000000000000000000000000000001000000000000000000003300003300
00000000000000000000000000000000000000000000000000000000000000000000000000001000000000000000000000000000000000000000033000000330
00000000000000000000000000000000001000000000000000000000000000000000010000000000000000100000000000000000000000000000033000000330
00000000000000000000000000000000000000000000000001000000000000001000000000000000000000000000000000000000000000010000033000000330
00000000000000000000000000000000000000000000000000000000000000000000000000000001000000000000000000000000000000000000033000100330
00000000000000000000000100000000000000000100000000000001000000000000000000000000000000000000000000000000000000000000033000000330
00000000000000000000000000000000000000000000000000000000000010000000000000000000000000000000000000000000000000000000033000000330
00000000000000000000000000000000000000000000000000000000000000000000000100000000000000000000010000000000000000000000033000000330
00000000000000000000000000000000000000000000000000000000000000000000000000000000000000000000000000000000000000000000033000000330
00000000000000000000000000000000001000000000000010000000101000100000000000000000000000000000000000000000000000000000033000000330
00000000001000000000000000000000000000000000000000000000000001000010100000000000000000100000000000000000000000000000033000000330
00000000000000000000000000000000000000000000000000000000000000000000000000000000000000000000000000000000000000000000003300003300
00000000000000000000000000000000000000000000000000000000000000000000000100000001000000000000000000000000000000000000000333333000
00000000000000000000001000000000000000000000000000000000000100000000000010000000000000000000000000000010000000000000000033330000
00000000000000000000000000000000000000000000010000001000000000000000000000000000000000000000000000000000000000000000000000000000
00000000000000000000000000000000100000000000000000000000000000000010000100000000000000000000000000000000000000000000000000000000
00000000000000000000000000000000000000100000000000000000001000000000100010001000000000000000000000000000000000000000000000000000
00000000000000000000000000000000000000000000000000000000000000100000000000000000000000000000000000000000000000000000000000000000
00000000000000000000000000000000000000000000000000001000010000000000010000000000000000000000000000000000000000000000000000000000
00000000000000000000000000000000000000000000000000000000000000000000000000000000000100000010000000000000000000000100000000000000
00000000000010000000000000000000000000000000000000000000000000000000000000000001000000000000000000000000000000000000000000000000
00000000000000000000000000000000000000000000100000000000000000000100000000000000000000000000000000000000000000000000000000000000
00000000000033300300000330030003033330333000000000003010000000100000000000000000003330003300300003000000000030000000000000000000
00000000000030030300003003003030030000300300000000033000000000000000000000000000003003030030300003010000000330000000000000000000
00000000000030030300003003000300030000300300000000003000000000000000000100000000003330030030300003000000000030000000000000000000
00000000000033300300003333000300033300333000000000003000000000000000000000000000003003033330300003000000000030000000000000000000
00000000000030000300003003000300030000303000000000003000000000010001000000001000003003030030300003000000000030000000000000000000
00100000000030000333303003000300033330300300000000003000010000111000000000000000003330030030333303333000000030000000000000000000
00000000000000000000000000000000000000000000000000000000000000010000000000000000000000000000000000000000000000000000000000000000

0x00003714
00000000000000000000000000001000000000000000000000010000000000000000000000000000000000000000000000000000000000000000000000000000
00000000000000000000000000000000000000000000000000000000000000000000000000000000000000000000000000100000000000000000000033330000
00000000000000000000000000000000000000000001000000000000000000000000000000000100000000000000000000000000000000000000000333333000
00000000000000000000000000000000000000000011100000000000010000000000000000001110000000000000000000000000000000000000003300003300
00000000000000000000000000000000000000000001000000000000000000000000001000000100000000000000000000000000000000000000033000000330
00000000000000000000000000000000010000000000000000000000000000000000000000000000000000010000000000000000000000000000033000000330
00000000000000000000000000000000000000000000000001000000000000001000000000000000000000000000000000000000000000000100033000000330
00000000000000000000000000000000000000000000000000000000000000000000000000000000100000000000000000000000000000000000033000010330
00000000000000000000010000000000000000001000000000000001000000000000000000000000000000000000000000000000000000000000033000000330
00000000000000000000000000000000000000000000000000000000000010000000000010000000000000000000000000000000000000000000033000000330
00000000000000000000000000000000000000000000000000000000000000000000000000000000000000000000001000000000000000000000033000000330
00000000000000000000000000000000000000000000000000000000000000000000000000000100000000000000000000000000000000000000033000000330
00000000000000000000000000000000010000000000000000000000100000000000000000000000000000000000000000000000000000000000033000000330
00000000100000000000000000000000000000000000000100000000000001000010010000000000000000010000000000000000000000000000033000000330
00000000000000000000000000000000000000000000000000000000000000000000000000000000000000000000000000000000000000000000003300003300
00000000000000000000000000000000000000000000000000000000000010000000000000000000100000000000000000000000000000000000000333333000
00000000000000000000010000000000000000000000000000000000000000000000000010000000000000000000000000000001000000000000000033330000
00000000000000000000000000000000000000000000100000010000000000000100010000000000000000000000000000000000000000000000000000000000
00000000000000000000000000000001000000000000000000000000001000100000000000000000000000000000000000000000000000000000000000000000
00000000000000000000000000000000000000000000000000000000000000000001000000001000000000000000000000000000000000000000000000000000
00000000000000000000000000000000000001000000000000000000000000100000000010000000000000000000000000000000000000000000000000000000
00000000000000000000000000000000000000000000000000000000100000000000000000000000000000000000000000000000000000000000000000000000
00000000000000000000000000000000000000000000000000010000000000000000010000000000000010000000000000000000000000000001000000000000
00000000001000000000000000000000000000000000000000000000000000000000000000000000000000000001000000000000000000000000000000000000
00000000000000000000000000000000000000000001000000000000000000000010000000000000100000000000000000000000000000000000000000000000
00000000000033300300000330030003033330333000000000003000000000000000000000000000003330003300300003000000000030000000000000000000
00000000000030030300003003003030030000300300000000033010000000100000000000000000003003030030300003000000000330000000000000000000
00000000000030030300003003000300030000300300000001003000000000000000000010000000003330030030300003001000000030000000000000000000
00000000000033300300003333000300033300333000000000003000000000000000000000000000003003033330300003000000000030000000000000000000
00000000000030000300003003000300030000303000000000003000000000000001000000000000003003030030300003000000000030000000000000000000
00000000000030000333303003000300033330300300000000003000000000000000000000000100003330030030333303333000000030000000000000000000
10000000000000000000000000000000000000000000000000000000100000010000000000000000000000000000000000000000000000000000000000000000

0x000037dc
00000000000000000000000000000000000000000000000000000000000000000000000000000000000000000000000000011100000000000000000000000000
00000000000000000000000000000000000000000000000000000000000000000000000000000000000000000000000000001000000000000000000033330000
00000000000000000000000000000000000000000010000000000000100000000000000000000000000000000000000000000000000000000000000333333000
00000000000000000000000000000000000000000000000000000000000000000000000000000100000000000000000000000000000000000000003300003300
00000000000000000000000000000000100000000000000000000000000000000000001000000000000000000000000000000000000000000000033000000330
00000000000000000000000000000001110000000000000000000000000000000000000000000000000000001000000000000000000000000000033000000330
00000000000000000000000000000000100000000000000010000000000000000100000000000000000000000000000000000000000000000001033000000330
00000000000000000000000000000000000000000000000000000001000000000000000000000000010000000000000000000000000000000000033000000330
00000000000000000000100000000000000000010000000000000000000000000000000000000000000000000000000000000000000000000000033000000330
00000000000000000000000000000000000000000000000000000000000010000000000010000000000000000000000000000000000000000000033000000330
00000000000000000000000000000000000000000000000000000000000000000000000000000000000000000000000010000000000000000000033000000330
00000000000000000000000000000000000000000000000000000000000000000000000000000000000000000000000000000000000000000000033000000330
00000000000000000000000000000001000000000000000000000000101000000000000000000010000000000000000000000000000000000000033000000330
00000100000000000000000000000000000000000000000100000000000001000010010000000000000000001000000000000000000000000000033000000330
00000000000000000000000000000000000000000000000000000000000000000000000000000000000000000000000000000000000000000000003300003300
00000000000000000000000000000000000000000000000000000000000100000000001000000000100000000000000000000000000000000000000333333000
00000000000000000000000000000000000000000000000000000000000000000000000001000000000000000000000000000000001000000000000033330000
00000000000000000001000000000000000000000001000000010000001000000010000000000000000000000000000000000000000000000000000000000000
00000000000000000000000000000000000000000000000000000000000000100000000000000000000000000000000000000000000000000000000000000000
00000000000000000000000000000100000000000000000000000000001000000001000000000000000000000000000000000000000000000000000000000000
00000000000000000000000000000000000010000000000000000000000000000000000001000100000000000000000000000000000000000000000000000000
00000000000000000000000000000000000000000000000000000000000000100000000000000000000000000000000000000000000000000000000000000000
00000000000000000000000000000000000000000000000000010000010000000000010000000000000000000000000000000000000000000000000000000000
00000000000000000000000000000000000000000000000000000000000000000000000000000000000000100000100000000000000000000000001000000000
00000000100000000000000000000000000000000010000000000000000000000000000000000000000000000000000000000000000000000000000000000000
00000000000033300300000330030003033330333000000000003000000000000010000000000000003330003300300003000000000030000000000000000000
00000000000030030300003003003030030000300300000000033000000000000000000000000000003003030030300003000000000330000000000000000000
00000000000030030300003003000300030000300300000000003000000000100000000000000000003330030030300003000000000030000000000000000000
00000000000033300300003333000300033300333000000001003000000000000000000010000000003003033330300003000010000030000000000000000000
00000000000030000300003003000300030000303000000000003000000000000000000000000000003003030030300003000000000030000000000000000000
00000000000030000333303003000300033330300300000000003000000000000000100000000000003330030030333303333000000030000000000000000000
00000000000000000000000000000000000000000000000000000000000000010000000000000010000000000000000000000000000000000000000000000000

0x00003893
00000000000000000000000000000000000000000000000000000000000000000000000000000000000000000000000000000010000000000000000000000000
00000000000000000000000000000000000000000000000000000000000000000000000000000000000000000000000000000000000000000000000033330000
00000000000000000000000000000000000000000100000000000000000000000000000000000000000000000000000000000000000000000000000333333000
00000000000000000000000000000000000000000000000000000000000000000000000000000010000000000000000000000000000000000000003300003300
00000000000000000000000000000010000000000000000000000000000000000000000100000000000000000010000000000000000000000000033000000330
00000000000000000000000000000000000000000000000100000000000000000100000000000000001000000000000000000000000000000000033000000330
00000000000000000000000000000000000000000000000000000000000000000000000000000000011100000000000000000000000000000000033000000330
00000000000000000100000000000000000000010000000000000010000000000000000000000000001000000000000000000000000000000000033000000330
00000000000000000000000000000000000000000000000000000000000000000000000000000000000000000000000000000000000000000000033000000330
00000000000000000000000000000000000000000000000000000000000010000000000010000000000000000000000000000000000000000000033000000330
00000000000000000000000000000000000000000000000000000000000000000000000000000000000000000000000000100000000000000000033000000330
00000000000000000000000000000000000000000000000000000000000000000000000000000000000000000000000000000000000000000000033000000330
00000000000000000000000000000010000000000000000000000000101000000000000000000001000000000000000000000000000000000000033000000330
00010000000000000000000000000000000000000000001000000000000001000010100000000000000000000100000000000000000000000000033000000330
00000000000000000000000000000000000000000000000000000000000000000000000000000000000000000000000000000000000000000000003300003300
00000000000000000000000000000000000000000000000000000000000100000000001000000000001000000000000000000000000000000000000333333000
00000000000000000000000000000000000000000000000000000000000000000000000001000000010000000000000000000000000010000000000033330000
00000000000000000100000000000000000000000001000000010000001000000010000000000000000000000000000000000000000000000000000000000000
00000000000000000000000000000000000000000000000000000000000000100000001000000000000000000000000000000000000000000000000000000000
00000000000000000000000000001000000000000000000000000000001000000000100000000000000000000000000000000000000000000000000000000000
00000000000000000000000000000000000000000000000000000000000000000001000001000010000000000000000000000000000000000000000000000000
00000000000000000000000000000000000100000000000000000000000000100000000000000000000000000000000000000000000000000000000000000000
00000000000000000000000000000000000000000000000000010000010000000000001000000000000000000000000000000000000000000000000001000000
00000100000000000000000000000000000000000000000000000000000000000000000000000000000000000000001000000000000000000000000011100000
00001110000000000000000000000000000000000000000000000000000000000000000000000000000000000000000000000000000000000000000001000000
00000100000033300300000330030003033330333000000000003000000000000000000000000000003330003300300003000000000030000000000000000000
00000000000030030300003003003030030000300300000000033000000000000010000000000000003003030030300003000000000330000000000000000000
00000000000030030300003003000300030000300300000000003000000000000000000000000000003330030030300003000000000030000000000000000000
00000000000033300300003333000300033300333000000000003000000000100000000001000000003003033330300003000000010030000000000000000000
00000000000030000300003003000300030000303000000010003000000000000000000000000000003003030030300003000000000030000000000000000000
00000000000030000333303003000300033330300300000000003000000000000000000000000000003330030030333303333000000030000000000000000000
00000000000000000000000000000000000000000000000000000000000000000001000000000001000000000000000000000000000000000000000000000000

0x0000395b
00000000000000000000000000000000000000000000000000000000000000000000000000000000000000000000000000000000100000000000000000000000
00000000000000000000000000000000000000001000000000000000000000000000000000000000000000000000000000000000000000000000000033330000
00000000000000000000000000000000000000000000000000000000100000000000000000000001000000000000000000000000000000000000000333333000
00000000000000000000000000000000000000000000000000000000000000000000000100000000000000000001000000000000000000000000003300003300
00000000000000000000000000000100000000000000000000000000000000000100000000000000000000000000000000000000000000000000033001100330
00000000000000000000000000000000000000000000000100000000000000000000000000000000000000000000000000000000000000000000033001000330
00000000000000000000000000000000000000000000000000000000000000000000000000000000000100000000000000000000000000000000033000000330
00000000000000010000000000000000000001000000000000000010000000000000000000000000000000000000000000000000000000000000033000000330
00000000000000000000000000000000000000000000000000000000000010000000000000000000000000000000000000000000000000000000033000000330
00000000000000000000000000000000000000000000000000000000000000000000000001000000000000000000000000000000000000000000033000000330
00000000000000000000000000000000000000000000000000000000000000000000000000000000000000000000000000010000000000000000033000000330
00000000000000000000000000000000000000000000000000000000000000000000000000000000100000000000000000000000000000000000033000000330
00000000000000000000000000000100000000000000000000000000101000100000100000000000000000000000000000000000000000000000033000000330
10000000000000000000000000000000000000000000010000000000000001000100001000000000000000000010000000000000000000000000033000000330
00000000000000000000000000000000000000000000000000000000000000000001000000000000000000000001000000000000000000000000003300003300
00000000000000000000000000000000000000000000000000000000000100000000000100000000000000000000000000000000000000000000000333333000
00000000000000000000000000000000000000000000000000000000000000000000000000000000000100000000000000000000000000100000000033330000
00000000000000010000000000000000000000000010000000000000000100000010000000100000000000000000000000000000000000000000000000000000
00000000000000000000000000000000000000000000000000100000001000000000001000000000000000000000000000000000000000000000000000000000
00000000000000000000000000000000000000000000000000000000000000100000100000000000000000000000000000000000000000000000000000000000
00000000000000000000000000100000000000000000000000000000000000000001000000100000000000000000000000000000000000000000000000000000
00000000000000000000000000000000010000000000000000000000000000000000000001000001000000000000000000000000000000000000000000000000
00000000000000000000000000000000000000000000000000000000100000100000001000000000000000000000000000000000000000000000000000000000
00000000000000000000000000000000000000000000000000010000000000000000000000000000000000000000000000000000000000000000000000001000
00010000000000000000000000000000000000000000000000000000000000000000000000000000000000000000000000000000000000000000000000011100
00111000000033300300000330030003033330333000000000003000000000000000000000000000003330003300300003000000000030000000000000001000
00010000000030030300003003003030030000300300000000033000000000000010000000000000003003030030300003000000000330000000000000000000
00000000000030030300003003000300030000300300000000003000000000000000000000000000003330030030300003000000000030000000000000000000
00000000000033300300003333000300033300333000000000003000000000100000000000100000003003033330300003000000000030000000000000000000
00000000000030000300003003000300030000303000000100003000000000000000000001110000003003030030300003000000000030000000000000000000
00000000000030000333303003000300033330300300000000003000000000000000000000100000003330030030333303333000000030000000000000000000
00000000000000000000000000000000000000000000000000000000000000000000000000000000000000000000000000000000000000000000000000000000

0x00003a12
00000000000000000000000000000000000000000000000000000000100000000000000000000000000000000000000000000000000000000000000000000000
00000000000000000000000000000000000000010000000000000001110000000000000000000000100000000000000000000000000000000000000033330000
00000000000000000000000000000000000000000000000000000000100000000000000000000000000000000000100000000000000000000000000333333000
00000000000000000000000000010000000000000000001000000000000000000000000010000000000000000001110000000000000000000000003300003300
00000000000000000000000000000000000000000000011100000000000000000010000000000000000000000000100000000000000000000000033000000330
00000000000000000000000000000000000000000000001000000000000000000100000000000000000010000000000000000000000000000000033000000330
00000000000000000000000000000000000000000000000000000000000000000000000000000000000000000000000000000000000000000000033000000330
00000000000001000000000000000000000001000000000000000010000000000000000000000000000000000000000000000000000000000000033000000330
00000000000000000000000000000000000000000000000000000000000010000000000000100000000000000000000000000000000000000000033000000330
00000000000000000000000000000000000000000000000000000000000000000000000000000000000000000000000000000010000000000000033000000330
00000000000000000000000000000000000000000000000000000000000000000000000000000000000000000000000000000100000000000000033000000330
00000000000000000000000000010000000000000000000000000000000000000000000000000000100000000000000000000000000000000000033000000330
00000000000000000000000000000000000000000000100000000000100000100000000000000000010000000000000000000000000000000000033000000330
00000000000000000000000000000000000000000000010000000000000001000010100100000000000000000000100000000000000000000000033000000330
00000000000000000000000000000000000000000000000000000000000000000001000000000000000000000000000000000000000000000000003300003300
00000000000000000000000000000000000000000000000000000000000000000000000100000000000000000000000000000000000000000000000333333000
00000000000000000000000000000000000000000000000000000000000100000000000000000000000010000000000000000000000000000100000033330000
00000000000001000000000000000000000000000100000000100000000000000000000000100000000000000000000000000000000000001110000000000000
00000000000010000000000000000000000000001000000001000000001000000010000100000000000000000000000000000000000000000100000000000000
00000000000000000000000000000000000000000000000000000000000000100000000000000000000000000000000000000000000000000000000000000000
00000000000000000000000010000000000000000000000000000000001000000000000000000000000000000000000000000000000000000000000000000000
00000000000000000000000000000000100000000000000000000000000000000000100000100001000000000000000000000000000000000000000000000000
00000000000000000000000000000000000000000000000000000000000000100000000000000000000000000000000000000000000000000000000000000000
00000000000000000000000000000000000000000000000000000000100000000000000100000000000000000000000000000000000000000000000000000000
10000000000000000000000000000000000000000000000000100000000000000000000000000000000000000000000000000000000000000000000000000000
11000000000033300300000330030003033330333000000000003000000000000000000000000000003330003300300003000000000030000000000000000001
10000000000030030300003003003030030000300300000000033000000000000000000000000000003003030030300003000000000330000000000000000000
00000000000030030300003003000300030000300300000000003000000000000010000000000000003330030030300003000000000030000000000000000000
00000000000033300300003333000300033300333000000000003000000000000000000000000000003003033330300003000000000030000000000000000000
00000000000030000300003003000300030000303000000000003000000000010000000000000000003003030030300003000000000030100000000000000000
00000000000030000333303003000300033330300300000100003000000000000000000000010000003330030030333303333000000030000000000000000000
00000000000000000000000000000000000000000000000000000000000000000000000000100000000000000000000000000000000000000000000000000000

0x00003ab9
00000000000000000000000000000000000000000000000000000000000000000000000000000000000000000000000000000000000000000000000000000000
00000000000000000000000000000000000000000000000000000000000000000000000000000000000000000000000000000000000000000000000000000000
00000000000000000000000000000000000000000000000000000000000000000000000000000000000000000000000000000000000000000000000000000000
00000000000000000000000000000000000000000000000000000000000000000000000000000000000000000000000000000000000000000000000000000000
00000000000000000000000000000000000000000000000000000000000000000000000000000000000000000000000000000000000000000000000000000000
00000000000000000000000000000000000000000000000000000000000000000000000000000000000000000000000000000000000000000000000000000000
00000000000000000000000000000000000000000000000000000000000000000000000000000000000000000000000000000000000000000000000000000000
00000000000000000000000000000000000000000000000000000000000000000000000000000000000000000000000000000000000000000000000000000000
00000000000000000000000000000000000000000000000000000000000000000000000000000000000000000000000000000000000000000000000000000000
00000000000000000000000000000000000000000000000000000000000000000000000000000000000000000000000000000000000000000000000000000000
00000000000000000000000000000000000000000000000000000000000000000000000000000000000000000000000000000000000000000000000000000000
00000000000000000000000000000000000000000000000000000000000000000000000000000000000000000000000000000000000000000000000000000000
00000000000000000000000000000000000000000000000000000000000000000000000000000000000000000000000000000000000000000000000000000000
00000000000000000000000000000000000000000000000000000000000000000000000000000000000000000000000000000000000000000000000000000000
00000000000000000000000000000000000000000000000000000000000000000000000000000000000000000000000000000000000000000000000000000000
00000000000000000000000000000000000000000000000000000000000000000000000000000000000000000000000000000000000000000000000000000000
00000000000000000000000000000000000000000000000000000000000000000000000000000000000000000000000000000000000000000000000000000000
00000000000000000000000000000000000000000000000000000000000000000000000000000000000000000000000000000000000000000000000000000000
00000000000000000000000000000000000000000000000000000000000000000000000000000000000000000000000000000000000000000000000000000000
00000000000000000000000000000000000000000000000000000000000000000000000000000000000000000000000000000000000000000000000000000000
00000000000000000000000000000000000000000000000000000000000000000000000000000000000000000000000000000000000000000000000000000000
00000000000000000000000000000000000000000000000000000000000000000000000000000000000000000000000000000000000000000000000000000000
00000000000000000000000000000000000000000000000000000000000000000000000000000000000000000000000000000000000000000000000000000000
00000000000000000000000000000000000000000000000000000000000000000000000000000000000000000000000000000000000000000000000000000000
00000000000000000000000000000000000000000000000000000000000000000000000000000000000000000000000000000000000000000000000000000000
00000000000000000000000000000000000000000000000000000000000000000000000000000000000000000000000000000000000000000000000000000000
00000000000000000000000000000000000000000000000000000000000000000000000000000000000000000000000000000000000000000000000000000000
00000000000000000000000000000000000000000000000000000000000000000000000000000000000000000000000000000000000000000000000000000000
00000000000000000000000000000000000000000000000000000000000000000000000000000000000000000000000000000000000000000000000000000000
00000000000000000000000000000000000000000000000000000000000000000000000000000000000000000000000000000000000000000000000000000000
00000000000000000000000000000000000000000000000000000000000000000000000000000000000000000000000000000000000000000000000000000000
00000000000000000000000000000000000000000000000000000000000000000000000000000000000000000000000000000000000000000000000000000000

0x00003b2e
00000000000000000000000000000000000000000000000000000000000000000000000000000000000000000000000000000000000000000000000000000000
00000000000000000000000000000000000000000000000000000000000000000000000000000000000000000000000000000000000000000000000000000000
00000000000000000000000000000000000000000000000000000000000000000000000000000000000000000000000000000000000000000000000000000000
00000000000000000000000000000000000000000000000000000000000000000000000000000000000000000000000000000000000000000000000000000000
00000000000000000000000000000000300000300033300033333300330003300033330033000330003333300000000000000000000000000000000000000000
00000000000000000000000000000000330303300333330033333330333003300033330033300330033333300000000000000000000000000000000000000000
00000000000000000000000000000000330303303330333033000330333303300003300033330330333000000000000000000000000000000000000000000000
00000000000000000000000000000000333333303300033033003330333333300003300033333330330033300000000000000000000000000000000000000000
00000000000000000000000000000000033333003333333033333000330333300003300033033330333003300000000000000000000000000000000000000000
00000000000000000000000000000000033033003300033033033300330033300033330033003330033333300000000000000000000000000000000000000000
00000000000000000000000000000000030003003300033033003330330003300033330033000330003333300000000000000000000000000000000000000000
00000000000000000000000000000000000000000000000000000000000000000000000000000000000000000000000000000000000000000000000000000000
00000000000000000000000000000000000000000000000000000000000000000000000000000000000000000000000000000000000000000000000000000000
00000000000000000000000000000000000000000000000000000000000000000000000000000000000000000000000000000000000000000000000000000000
00000000000000000000000000000000000000000000000000000000000000000000000000000000000000000000000000000000000000000000000000000000
00000000000000000000000000000000000000000000000000000000000000000000000000000000000000000000000000000000000000000000000000000000
00000000000000000000000003333330300000300333330000000000033333300033330033000000033333300333330000000000000000000000000000000000
00000000000000000000000003333330330303303333333000000000033333300033330033000000033333303333333000000000000000000000000000000000
00000000000000000000000000033000330303303300033000000000000330000003300033000000000330003330000000000000000000000000000000000000
00000000000000000000000000033000333333303300033000000000000330000003300033000000000330000333330000000000000000000000000000000000
00000000000000000000000000033000033333003300033000000000000330000003300033000000000330000000333000000000000000000000000000000000
00000000000000000000000000033000033033003333333000000000000330000033330033333300000330003333333000000000000000000000000000000000
00000000000000000000000000033000030003000333330000000000000330000033330033333300000330000333330000000000000000000000000000000000
00000000000000000000000000000000000000000000000000000000000000000000000000000000000000000000000000000000000000000000000000000000
00000000000000000000000000000000000000000000000000000000000000000000000000000000000000000000000000000000000000000000000000000000
00000000000000000000000000000000000000000000000000000000000000000000000000000000000000000000000000000000000000000000000000000000
00000000000000000000000000000000000000000000000000000000000000000000000000000000000000000000000000000000000000000000000000000000
00000000000000000000000000000000000000000000000000000000000000000000000000000000000000000000000000000000000000000000000000000000
00000000000000000000000000000000000000000000000000000000000000000000000000000000000000000000000000000000000000000000000000000000
00000000000000000000000000000000000000000000000000000000000000000000000000000000000000000000000000000000000000000000000000000000
00000000000000000000000000000000000000000000000000000000000000000000000000000000000000000000000000000000000000000000000000000000
00000000000000000000000000000000000000000000000000000000000000000000000000000000000000000000000000000000000000000000000000000000

0x00004c0a
00000000000000000000000000000000000000000000000000000000000000000000000000000000000000000000000000000000000000000000000000000000
00000000000000000000000000000000000000000000000000000000000000000000000000000000000000000000000000000000000000000000000000000000
00000000000000000000000000000000000000000000000000000000000000000000000000000000000000000000000000000000000000000000000000000000
00000000000000000000000000000000000000000000000000000000000000000000000000000000000000000000000000000000000000000000000000000000
00000000000000000000000000000000000000000000000000000000000000000000000000000000000000000000000000000000000000000000000000000000
00000000000000000000000000000000000000000000000000000000000000000000000000000000000000000000000000000000000000000000000000000000
00000000000000000000000000000000000000000000000000000000000000000000000000000000000000000000000000000000000000000000000000000000
00000000000000000000000000000000000000000000000000000000000000000000000000000000000000000000000000000000000000000000000000000000
00000000000000000000000000000000000000000000000000000000000000000000000000000000000000000000000000000000000000000000000000000000
00000000000000000000000000000000000000000000000000000000000000000000000000000000000000000000000000000000000000000000000000000000
00000000000000000000000000000000000000000000000000000000000000000000000000000000000000000000000000000000000000000000000000000000
00000000000000000000000000000000000000000000000000000000000000000000000000000000000000000000000000000000000000000000000000000000
00000000000000000000000000000000000000000000000000000000000000000000000000000000000000000000000000000000000000000000000000000000
00000000000000000000000000000000000000000000000000000000000000000000000000000000000000000000000000000000000000000000000000000000
00000000000000000000000000000000000000000000000000000000000000000000000000000000000000000000000000000000000000000000000000000000
00000000000000000000000000000000000000000000000000000000000000000000000000000000000000000000000000000000000000000000000000000000
00000000000000000000000000000000000000000000000000000000000000000000000000000000000000000000000000000000000000000000000000000000
00000000000000000000000000000000000000000000000000000000000000000000000000000000000000000000000000000000000000000000000000000000
00000000000000000000000000000000000000000000000000000000000000000000000000000000000000000000000000000000000000000000000000000000
00000000000000000000000000000000000000000000000000000000000000000000000000000000000000000000000000000000000000000000000000000000
00000000000000000000000000000000000000000000000000000000000000000000000000000000000000000000000000000000000000000000000000000000
00000000000000000000000000000000000000000000000000000000000000000000000000000000000000000000000000000000000000000000000000000000
00000000000000000000000000000000000000000000000000000000000000000000000000000000000000000000000000000000000000000000000000000000
00000000000000000000000000000000000000000000000000000000000000000000000000000000000000000000000000000000000000000000000000000000
00000000000000000000000000000000000000000000000000000000000000000000000000000000000000000000000000000000000000000000000000000000
00000000000033300300000330030003033330333000000000003000000000000000000000000000003330003300300003000000000030000000000000000000
00000000000030030300003003003030030000300300000000033000000000000000000000000000003003030030300003000000000330000000000000000000
00000000000030030300003003000300030000300300000000003000000000000000000000000000003330030030300003000000000010000000000000000000
00000000000000000000000000000000000000000000000000000000000000000000000000000000000000000000000000000000000000000000000000000000
00000000000000000000000000000000000000000000000000000000000000000000000000000000000000000000000000000000000000000000000000000000
00000000000000000000000000000000000000000000000000000000000000000000000000000000000000000000000000000000000000000000000000000000
00000000000000000000000000000000000000000000000000000000000000000000000000000000000000000000000000000000000000000000000000000000

0x00004c1b
00000000000000000000000000000000000000000000000000000000000000000000000000000000000000000000000000000000000000000000000000000000
00000000000000000000000000000000000000000000000000000000000000000000000000000000000000000000000000000000000000000000000000000000
00000000000000000000000000000000000000000000000000000000000000000000000000000000000000000000000000000000000000000000000000000000
00000000000000000000000000000000000000000000000000000000000000000000000000000000000000000000000000000000000000000000000000000000
00000000000000000000000000000000000000000000000000000000000000000000000000000000000000000000000000000000000000000000000000000000
00000000000000000000000000000000000000000000000000000000000000000000000000000000000000000000000000000000000000000000000000000000
00000000000000000000000000000000000000000000000000000000000000000000000000000000000000000000000000000000000000000000000000000000
00000000000000000000000000000000000000000000000000000000000000000000000000000000000000000000000000000000000000000000000000000000
00000000000000000000000000000000000000000000000000000000000000000000000000000000000000000000000000000000000000000000000000000000
00000000000000000000000000000000000000000000000000000000000000000000000000000000000000000000000000000000000000000000000000000000
00000000000000000000000000000000000000000000000000000000000000000000000000000000000000000000000000000000000000000000000000000000
00000000000000000000000000000000000000000000000000000000000000000000000000000000000000000000000000000000000000000000000000000000
00000000000000000000000000000000000000000000000000000000000000000000000000000000000000000000000000000000000000000000000000000000
00000000000000000000000000000000000000000000000000000000000000000000000000000000000000000000000000000000000000000000000000000000
00000000000000000000000000000000000000000000000000000000000000000000000000000000000000000000000000000000000000000000000000000000
00000000000000000000000000000000000000000000000000000000000000000000000000000000000000000000000000000000000000000000000000000000
00000000000000000000000000000000000000000000000000000000000000000000000000000000000000000000000000000000000000000000000000000000
00000000000000000000000000000000000000000000000000000000000000000000000000000000000000000000000000000000000000000000000000000000
00000000000000000000000000000000000000000000000000000000000000000000000000000000000000000000000000000000000000000000000000000000
00000000000000000000000000000000000000000000000000000000000000000000000000000000000000000000000000000000000000000000000000000000
00000000000000000000000000000000000000000000000000000000000000000000000000000000000000000000000000000000000000000000000000000000
00000000000000000000000000000000000000000000000000000000000000000000000000000000000000000000000000000000000000000000000000000000
00000000000000000000000000000000000000000000000000000000000000000000000000000000000000000000000000000000000000000000000000000000
00000000000000000000000000000000000000000000000000000000000000000000000000000000000000000000000000000000000000000000000000000000
00000000000000000000000000000000000000000000000000000000000000000000000000000000000000000000000000000000000000000000000000000000
00000000000033300300000330030003033330333000000000003000000000000000000000000000003330003300300003000000000030000000000000000000
00000000000030030300003003003030030000300300000000033000000000000000000000000000003003030030300003000000000330000000000000000000
00000000000030030300003003000300030000300300000000003000000000000000000000000000003330030030300003000000000030000000000000000000
00000000000033300300003333000300033300333000000000003000000000000000000000000000003003033330300003000000000030000000000000000000
00000000000030000300003003000300030000303000000000003000000000000000000000000000003003030030300003000000000030000000000000000000
00000000000030000333303003000300033330300300000000003000000000000000000000000000003330030030333303333000000030000000000000000000
00000000000000000000000000000000000000000000000000000000000000000000000000000000000000000000000000000000000000000000000000000000

0x00004c4d
00000000000000000000000000000000000001110000000000000000100000000000000000000000111000000000000000000000000000000000000000000000
00000000000000000000000000000000000000100000000000000000000000000000000000000000010000000000000000000000000000000000000000000000
00000000000000000000000000000000000000000000000000000000000000000000000010000000000000000000000000000000000000000000000000000000
00000000000000000000000001000000000000000000000000000000000000000000000001000000000000000000001000000000000000000000000000000000
00000000000000000000000000000000000000000000001000000000000000000100000000000000000000000000000000000000000000000000000000000001
00000000000000000000000000000000000000000000000000000000000000000000000000000000000000100000000000000000000000000000000000000000
00000000001000000000000000000000000000000000000000000010000000000000000000000000000001000000000000000000000000000000000000000000
00000000000100000000000000000000000100000000000000000100000010000000000000000000000000000000000000000000000000000000000000000000
00000000000000000000000000000000000000000000000000000000000001000000000000010000000000000000000000000000000000000000000000000000
00000000000000000000000000000000000000000000000000000000000000000000000000100000000000000000000000000000100000000000000000000000
00000000000000000000000000000000000000000000000000000000000000000000000000000000000000000000000000000001000000000000000000000000
00000000000000000000000000000000000000000000000000000000000000000000000000000000010000000000000000000000000000000000000000000000
00000000000000000000000000000000000000000000100000000000101000000001000000000000001000000000000000000000000000000000000000000000
00000000000000000000000000000000000000000001000000000000000001000100000100000000000000000000001000000000000000000000000000000000
00000000000000000000000000000000000000000000000000000000000000000000100010000000000000000000000000000000000000000000000000000000
00000000000000000000000000000000000000000000000000000000000000000000010000000000000000000000000000000000000000000000000000000000
00000000000000000000000000000000000000000000000000000000001000000000000000000000000001000000000000000000000000000000100000000000
00000000001000000000000000000000000000000000000001000000000000000100010000001000000000000000000000000000000000000001110000000000
00000000011100000000000000000000000000010000000000000000001000100000000000000000000000000000000000000000000000000000100000000000
00000000001000000000000000000000000000000000000000000000000000000001000000000000000000000000000000000000000000000000000000000000
00000000000000000000001000000000000000000000000000000000000000000000000000000000000000000000000000000000000000000000000000000000
00000000000000000000000000000000000000000000000000000000000000000000100000000000010000000000000000000000000000000000000000000000
00000000000000000000000000000001000000000000000000000000000000010000000000000000000000000000000000000000000000000000000000000000
00000000000000000000000000000000000000000000000001000000100000100000000100000000000000000000000000000000000000000000000000000000
00000000000000000000000000000000000000000000000000000001000000000000000010000000000000000000000000000000000000000000000000000000
00000000000033300300000330030003033330333000000001003000000000000000000000000000003330003300300003001000000030000000000000000000
00000000000030030300003003003030030000300300000000033000000000000000000000000000003003030030300003000000000330000000000000000000
00000000000030030300003003000300030000300300000000003000000000000000000000000000003330030030300003000000000030000000000000000000
00000000000033300300003333000300033300333000000000003000000000000000000000000000003003033330300003000000000030000000000000000000
00000000000030000300003003000300030000303000000000003000000000000000000000000000003003030030300003000000000030000000000000000000
00000000000030000333303003000300033330300300000000003000000000000000000000000000003330030030333303333000000030000000000000000000
00000000000000000000000000000000000000000000000000000000000000000000000000000000000000000000000000000000000000000000000000000000

0x00004c5d
00000000000000000000000000000000000001110000000000000000100000000000000000000000111000000000000000000000000000000000000000000000
00000000000000000000000000000000000000100000000000000000000000000000000000000000010000000000000000000000000000000000000000000000
00000000000000000000000000000000000000000000000000000000000000000000000010000000000000000000000000000000000000000000000000000000
00000000000000000000000001000000000000000000000000000000000000000000000001000000000000000000001000000000000000000000000000000000
00000000000000000000000000000000000000000000001000000000000000000100000000000000000000000000000000000000000000000000000000000001
00000000000000000000000000000000000000000000000000000000000000000000000000000000000000100000000000000000000000000000000000000000
00000000001000000000000000000000000000000000000000000010000000000000000000000000000001000000000000000000000000000000000000000000
00000000000100000000000000000000000100000000000000000100000010000000000000000000000000000000000000000000000000000000000000000000
00000000000000000000000000000000000000000000000000000000000001000000000000010000000000000000000000000000000000000000000000000000
00000000000000000000000000000000000000000000000000000000000000000000000000100000000000000000000000000000100000000000000000000000
00000000000000000000000000000000000000000000000000000000000000000000000000000000000000000000000000000001000000000000000000000000
00000000000000000000000000000000000000000000000000000000000000000000000000000000010000000000000000000000000000000000000000000000
00000000000000000000000000000000000000000000100000000000101000000001000000000000001000000000000000000000000000000000000000000000
00000000000000000000000000000000000000000001000000000000000001000100000100000000000000000000001000000000000000000000000000000000
00000000000000000000000000000000000000000000000000000000000000000000100010000000000000000000000000000000000000000000000000000000
00000000000000000000000000000000000000000000000000000000000000000000010000000000000000000000000000000000000000000000000000000000
00000000000000000000000000000000000000000000000000000000001000000000000000000000000001000000000000000000000000000000100000000000
00000000001000000000000000000000000000000000000001000000000000000100010000001000000000000000000000000000000000000001110000000000
00000000011100000000000000000000000000010000000000000000001000100000000000000000000000000000000000000000000000000000100000000000
00000000001000000000000000000000000000000000000000000000000000000001000000000000000000000000000000000000000000000000000000000000
00000000000000000000001000000000000000000000000000000000000000000000000000000000000000000000000000000000000000000000000000000000
00000000000000000000000000000000000000000000000000000000000000000000100000000000010000000000000000000000000000000000000000000000
00000000000000000000000000000001000000000000000000000000000000010000000000000000000000000000000000000000000000000000000000000000
00000000000000000000000000000000000000000000000001000000100000100000000100000000000000000000000000000000000000000000000000000000
00000000000000000000000000000000000000000000000000000001000000000000000010000000000000000000000000000000000000000000000000000000
00000000000033300300000330030003033330333000000001003000000000000000000000000000003330003300300003001000000030000000000000000000
00000000000030030300003003003030030000300300000000033000000000000000000000000000003003030030300003000000000330000000000000000000
00000000000030030300003003000300030000300300000000003000000000000000000000000000003330030030300003000000000030000000000000000000
00000000000033300300003333000300033300333000000000003000000000000001000000000000003003033330300003000000000030000000000000000000
00000000000030000300003003000300030000303000000000003000000000000000000000000000003003030030300003000000000030000000000000000000
00000000000030000333303003000300033330300300000000003000000000100000000000000000003330030030333303333000000030001000000000000000
00000000000000000000000000000000000000000000000100000000000000000000000000010000000000000000000000000000000000011100000000000000

0x00004d04
00000000000000000000000000000000000010000000000000000001000000000000000000000000011100000000000000000000000000000000000000000000
00000000000000000000000000000000000000000000000000000000000000000000000000000000001000000000000000000000000000000000000000000000
00000000000000000000000000000000000000000000000000000000000000000000000001000000000000000000000001000000000000000000000000000000
00000000000000000000000100000000000000000000010000000000000000000000000000000000000000000000000010000000000000000000000000000000
00000000000000000000000000000000000000000000100000000000000000000010000000000000000000000000000000000000000000000000000000000000
00000001000000000000000000000000000000000000000000000000000000000000000000000000000000010000000000000000000000000000000000000000
00000011100000000000000000000000010000000000000000000010000000000000000000000000000000000000000000000000000000000000000000000000
00000001000000000000000000000000001000000000000000000100000001000000000000000000000000000000000000000000000000000000000000000000
00000000000000000000000000000000000000000000000000000000000010000000000000010000000000000000000000000000000000000000000000000000
00000000000000000000000000000000000000000000000000000000000000000000000000001000000000000000000000000000000100000000000000000000
00000000000000000000000000000000000000000000000000000000000000000000000000000000000000000000000000000000000000000000000000000000
00000000000000000000000100000000000000000000000000000001000000000000000000000000000010000000000000000000000000000000000000000000
00000000000000000000000000000000000000000001000000000000001000000000000000000000000100000000000000000000000000000000000000000000
00000000000000000000000000000000000000000010000000000000000000100100100000000000000000000000000000000000000000000000000000000000
00000000000000000000000000000000000000000000000000000000000000000000000010000000000000000000000010000000000000000000000000000000
00000000000000000000000000000000000000000000000000000000000100000000001000000000000000000000000000000000000000000000000000000000
00000000000000000000000000000000000000000000000000000000001000000000000000000000000001000000000000000000000000000000100000000000
00000000001000000000000000000000000000000000000001000000000000000100010000001000000000000000000000000000000000000001110000000000
00000000011100000000000000000000000000010000000000000000001000100000000000000000000000000000000000000000000000000000100000000000
00000000001000000000000000000000000000000000000000000000000000000001000000000000000000000000000000000000000000000000000000000000
00000000000000000000001000000000000000000000000000000000000000000000000000000000000000000000000000000000000000000000000000000000
00000000000000000000000000000000000000000000000000000000000000000000100000000000010000000000000000000000000000000000000000000000
00000000000000000000000000000001000000000000000000000000000000010000000000000000000000000000000000000000000000000000000000000000
00000000000000000000000000000000000000000000000001000000100000100000000100000000000000000000000000000000000000000000000000000000
00000000000000000000000000000000000000000000000000000001000000000000000010000000000000000000000000000000000000000000000000000000
00000000000033300300000330030003033330333000000001003000000000000000000000000000003330003300300003001000000030000000000000000000
00000000000030030300003003003030030000300300000000033000000000000000000000000000003003030030300003000000000330000000000000000000
00000000000030030300003003000300030000300300000000003000000000000000000000000000003330030030300003000000000030000000000000000000
00000000000033300300003333000300033300333000000000003000000000000001000000000000003003033330300003000000000030000000000000000000
00000000000030000300003003000300030000303000000000003000000000000000000000000000003003030030300003000000000030000000000000000000
00000000000030000333303003000300033330300300000000003000000000100000000000000000003330030030333303333000000030001000000000000000
00000000000000000000000000000000000000000000000100000000000000000000000000010000000000000000000000000000000000011100000000000000

0x00004d15
00000000000000000000000000000000000010000000000000000001000000000000000000000000011100000000000000000000000000000000000000000000
00000000000000000000000000000000000000000000000000000000000000000000000000000000001000000000000000000000000000000000000000000000
00000000000000000000000000000000000000000000000000000000000000000000000001000000000000000000000001000000000000000000000000000000
00000000000000000000000100000000000000000000010000000000000000000000000000000000000000000000000010000000000000000000000000000000
00000000000000000000000000000000000000000000100000000000000000000010000000000000000000000000000000000000000000000000000000000000
00000001000000000000000000000000000000000000000000000000000000000000000000000000000000010000000000000000000000000000000000000000
00000011100000000000000000000000010000000000000000000010000000000000000000000000000000000000000000000000000000000000000000000000
00000001000000000000000000000000001000000000000000000100000001000000000000000000000000000000000000000000000000000000000000000000
00000000000000000000000000000000000000000000000000000000000010000000000000010000000000000000000000000000000000000000000000000000
00000000000000000000000000000000000000000000000000000000000000000000000000001000000000000000000000000000000100000000000000000000
00000000000000000000000000000000000000000000000000000000000000000000000000000000000000000000000000000000000000000000000000000000
00000000000000000000000100000000000000000000000000000001000000000000000000000000000010000000000000000000000000000000000000000000
00000000000000000000000000000000000000000001000000000000001000000000000000000000000100000000000000000000000000000000000000000000
00000000000000000000000000000000000000000010000000000000000000100100100000000000000000000000000000000000000000000000000000000000
00000000000000000000000000000000000000000000000000000000000000000000000010000000000000000000000010000000000000000000000000000000
00000000000000000000000000000000000000000000000000000000000100000000001000000000000000000000000000000000000000000000000000000000
00000000000000000000000000000000000000000000000000000000000000000000000000000000000000100000000000000000000000000000000100000000
00000000000000000000000000000000000000000000000000000000000000000010000000001000000000000000000000000000000000000000001110000000
00000001000000000000000000000000000000010000000001000000010000100000000000000000000000000000000000000000000000000000000100000000
00000000000000000000000000000000000000100000000010000000000000000001000000000000000000000000000000000000000000000000000000000000
00000000000000000000000000000000000000000000000000000000000000000000000000000000000000000000000000000000000000000000000000000000
00000000000000000000100000000000000000000000000000000000000000000000010000000000001000000000000000000000000000000000000000000000
00000000000000000000000000000100000000000000000000000000000000000000000000001000000100000000000000000000000000000000000000000000
00000000000000000000000000000000000000000000000000000000000000010000000000000000000000000000000000000000000000000000000000000000
00000000000000000000000000000000000000000000000000000000100000000000000000000000000000000000000000000000000000000000000000000000
00000000000033300300000330030003033330333000000010003001000000000000000010000000003330003300300003000010000030000000000000000000
00000000000030030300003003003030030000300300000000033000000000000000000000000000003003030030300003000111000330000000000000000000
00000000000030030300003003000300030000300300000000003000000000000000000000000000003330030030300003000010000030000000000000000000
00000000000033300300003333000300033300333000000000003000000000000000100000000000003003033330300003000000000030000000000000000000
00000000000030000300003003000300030000303000000000003000000000000001000000000000003003030030300003000000000030000000000000000000
00000000000030000333303003000300033330300300000000003000000000000000000000000000003330030030333303333000000030000000000000000000
00000000000000000000000000000000000000000000000000000000000000100000000000000000000000000000000000000000000000000001000000000000

0x00004dcc
00000000000000000000000000000000000000000000000000000000000000000000000000000000000100000000000000000000000000000000000000000000
00000000000000000000010000000000000000000000000000000000000000000000000000010000000000000000000000010000000000000000000000000000
00000000000000000000111000000000000000000000100000000000000000000010000000100000000000000000000000100000000000000000000000000000
00000000000000000000010000000000000000000001000000000000000000000001000000000000000000000000000000000000000000000000000000000000
00000000000000000000000000000000000000000000000000000000000000000000000000000000000000001000000000000000000000000000000000000000
00001000000000000000000000000000000000000000000000000100000000000000000000000000000000000100000000000000000000000000000000000000
00011100000000000000000000000001000000000000000000001000000000000000000000000000000000000000000000000000000000000000000000000000
00001000000000000000000000000000100000000000000000000000000001000000000000000000000000000000000000000000000000000000000000000000
00000000000000000000000000000000000000000000000000000000000010000000000000010000000000000000000000000000000000000000000000000000
00000000000000000000000000000000000000000000000000000000000000000000000000001000000000000000000000000000000100000000000000000000
00000000000000000000000000000000000000000000000000000000000000000000000000000000000000000000000000000000000000000000000000000000
00000000000000000000000100000000000000000000000000000001000000000000000000000000000010000000000000000000000000000000000000000000
00000000000000000000000000000000000000000001000000000000001000000000000000000000000100000000000000000000000000000000000000000000
00000000000000000000000000000000000000000010000000000000000000100100100000000000000000000000000000000000000000000000000000000000
00000000000000000000000000000000000000000000000000000000000000000000000010000000000000000000000010000000000000000000000000000000
00000000000000000000000000000000000000000000000000000000000100000000001000000000000000000000000000000000000000000000000000000000
00000000000000000000000000000000000000000000000000000000000000000000000000000000000000100000000000000000000000000000000100000000
00000000000000000000000000000000000000000000000000000000000000000010000000001000000000000000000000000000000000000000001110000000
00000001000000000000000000000000000000010000000001000000010000100000000000000000000000000000000000000000000000000000000100000000
00000000000000000000000000000000000000100000000010000000000000000001000000000000000000000000000000000000000000000000000000000000
00000000000000000000000000000000000000000000000000000000000000000000000000000000000000000000000000000000000000000000000000000000
00000000000000000000100000000000000000000000000000000000000000000000010000000000001000000000000000000000000000000000000000000000
00000000000000000000000000000100000000000000000000000000000000000000000000001000000100000000000000000000000000000000000000000000
00000000000000000000000000000000000000000000000000000000000000010000000000000000000000000000000000000000000000000000000000000000
00000000000000000000000000000000000000000000000000000000100000000000000000000000000000000000000000000000000000000000000000000000
00000000000033300300000330030003033330333000000010003001000000000000000010000000003330003300300003000010000030000000000000000000
00000000000030030300003003003030030000300300000000033000000000000000000000000000003003030030300003000111000330000000000000000000
00000000000030030300003003000300030000300300000000003000000000000000000000000000003330030030300003000010000030000000000000000000
00000000000033300300003333000300033300333000000000003000000000000000100000000000003003033330300003000000000030000000000000000000
00000000000030000300003003000300030000303000000000003000000000000001000000000000003003030030300003000000000030000000000000000000
00000000000030000333303003000300033330300300000000003000000000000000000000000000003330030030333303333000000030000000000000000000
00000000000000000000000000000000000000000000000000000000000000100000000000000000000000000000000000000000000000000001000000000000

0x00004ddd
00000000000000000000000000000000000000000000000000000000000000000000000000000000000100000000000000000000000000000000000000000000
00000000000000000000010000000000000000000000000000000000000000000000000000010000000000000000000000010000000000000000000000000000
00000000000000000000111000000000000000000000100000000000000000000010000000100000000000000000000000100000000000000000000000000000
00000000000000000000010000000000000000000001000000000000000000000001000000000000000000000000000000000000000000000000000000000000
00000000000000000000000000000000000000000000000000000000000000000000000000000000000000001000000000000000000000000000000000000000
00001000000000000000000000000000000000000000000000000100000000000000000000000000000000000100000000000000000000000000000000000000
00011100000000000000000000000001000000000000000000001000000000000000000000000000000000000000000000000000000000000000000000000000
00001000000000000000000000000000100000000000000000000000000001000000000000000000000000000000000000000000000000000000000000000000
00000000000000000000000000000000000000000000000000000000000010000000000000000100000000000000000000000000000000000000000000000000
00000000000000000000000000000000000000000000000000000000000000000000000000001000000000000000000000000000000000100000000000000000
00000000000000000000000000000000000000000000000000000000000000000000000000000000000000000000000000000000000001000000000000000000
00000000000000000000010000000000000000000000000000000001000000000000000000000000000001000000000000000000000000000000000000000000
00000000000000000000000000000000000000000100000000000010001000000000000000000000000000000000000000000000000000000000000000000000
00000000000000000000000000000000000000000010000000000000000001000100100001000000000000000000000000100000000000000000000000000000
00000000000000000000000000000000000000000000000000000000000000100000000000000000000000000000000000010000000000000000000000000000
00000000000000000000000000000000000000000000000000000000000100000000001000000000000000000000000000000000000000000000000000000000
00000000000000000000000000000000000000000000000000000000000000000000000000000000000000000000000000000000000000000000000000010000
00000000000000000000000000000000000000000000000000000000000000000000000010000100000000001000000000000000000000000000000000111000
00010000000000000000000000000000000001000000000100000000010000100010001000000010000000000000000000000000000000000000000000010000
00001000000000000000000000000000000000000000000010000000001000000000100000000000000000000000000000000000000000000000000000000000
00000000000000000000000000000000000000000000000000000000000000000000000000000000000000000000000000000000000000000000000000000000
00000000000000000100000000000000000000000000000000000000000000000000000000000000000000000000000000000000000000000000000000000000
00000000000000000010000000000000000000000000000000000000000000000000001000000100000100000000000000000000000000000000000000000000
00000000000000000000000000100000000000000000000000000000000000010000000000001000000010000000000000000000000000000000000000000000
00000000000000000000000000000000000000000000000000000000000000100000000000000000000000000000000000000000000000000000000000000000
00000000000033300300000330030003033330333000000010003000100000000000000001000000003330003300300003000000000030000000000000000000
00000000000030030300003003003030030000300300000100033001000000000000000010000000003003030030300003000000100330000000000000000000
00000000000030030300003003000300030000300300000000003000000000000000000000000000003330030030300003000001110030000000000000000000
00000000000033300300003333000300033300333000000000003000000000000000000000000000003003033330300003000000100030000000000000000000
00000000000030000300003003000300030000303000000000003000000000000000100000000000003003030030300003000000000030000000000000000000
00000000000030000333303003000300033330300300000000003000000000000001000000000000003330030030333303333000000030000000000000000000
00000000000000000000000000000000000000000000000000000000000000000000000000000000000000000000000000000000000000000000000000000000

0x00004e94
00000000000000000010000000000000000000000000000000000000000000000000000000111000000000000000000000000100000000000000000000000000
00000000000000000111000000000000000000000000000000000000000000000000000000010000000000000000000000001110000000000000000000000000
00000000000000000010000000000000000000000001000000000000000000000010000000000000000000000000000000000100000000000000000000000000
00000000000000000000000000000000000000000010000000000000000000000001000000000000000000000010000000000000000000000000000000000000
00000000000000000000000000000000000000000000000000000000000000000000000000000000000000000111000000000000000000000000000000000000
01000000000000000000000000000010000000000000000000001000000000000000000000000000000000000010000000000000000000000000000000000000
11100000000000000000000000000111000000000000000000000100000010000000000000000000000000000000000000000000000000000000000000000000
01000000000000000000000000000010000000000000000000000000000001000000000000000100000000000000000000000000000000000000000000000000
00000000000000000000000000000000000000000000000000000000000000000000000000000010000000000000000000000000000000000000000000000000
00000000000000000000000000000000000000000000000000000000000000000000000000000000000000000000000000000000000000000100000000000000
00000000000000000000000000000000000000000000000000000000000000000000000000000000000000100000000000000000000000000000000000000000
00000000000000000010000000000000000000000000000000000010000000000000000000000000000001110000000000000000000000000000000000000000
00000000000000000001000000000000000000001000000000000001000000100000000000000000000000100000000000000000000000000000000000000000
00000000000000000000000000000000000000000100000000000000000001000010000001000000000000000000000000000100000000000000000000000000
00000000000000000000000000000000000000000000000000000000000000000000100000100000000000000000000000001000000000000000000000000000
00000000000000000000000000000000000000000000000000000000000100000000000100000000000000000000000000000000000000000000000000000000
00000000000000000000000000000000000000000000000000000000000000000000000000000000000000000000000000000000000000000000000000000000
00000000000000000000000000000000000000000000000000000000000000000000000000000010000000000010000000000000000000000000000000000001
10000000000000000000000000000000000000000000000100000000000000000001000100000001000000000000000000000000000000000000000000000011
00000000000000000000000000000000000100000000001000000000010000100000000000000010000000000000000000000000000000000000000000000001
00000000000000000000000000000000000000000000000000000000001000000000100000000000000000000000000000000000000000000000000000000000
00000000000000010000000000000000000000000000000000000000000000000000000000000000000000000000000000000000000000000000000000000000
00000000000000100000000000000000000000000000000000000000000000000000001000000000000000000000000000000000000000000000000000000000
00000000000000000000000001000000000000000000000000000000000000000000000000000101000010100000000000000000000000000000000000000000
00000000000000000000000000000000000000000000000000000000000000010000000000000010000000000000000000000000000000000000000000000000
00000000000033300300000330030003033330333000000000003001000000000000000000000000003330003300300003000000000030000000000000000000
00000000000030030300003003003030030000300300000100033000000000000000000000100000003003030030300003000000000330000000000000000000
00000000000030030300003003000300030000300300001000003001000000000000000001000000003330030030300003000000000030000000000000000000
00000000000033300300003333000300033300333000000000003000000000000000000000000000003003033330300003000000001030000000000000000000
00000000000030000300003003000300030000303000000000003000000000000000000000000000003003030030300003000000000030000000000000000000
00000000000030000333303003000300033330300300000000003000000000000000100000000000003330030030333303333000000030000000000000000000
00000000000000000000000000000000000000000000000000000000000000000000010000000000000000000000000000000000000000000000000000000000

0x00004f5c
00000000000000010000000000000000000000000000000000000000000000000000000000001000000000000000000000000001110000000000000000000000
00000000000000111000000000000000000000000100000000000000000000000001000000000000000000000000000000000000100000000000000000000000
00000000000000010000000000000000000000000000000000000000000000000000100000000000000000000000000000000000000000000000000000000000
00000000000000000000000000000000000000000000000000000000000000000000000000000000000000000000010000000000000000000000000000000000
00000000000000000000000000000000000000000000000000001000000000000000000000000000000000000000100000000000000000000000000000000000
00000000000000000000000000010000000000000000000000011100000000000000000000000000000000000000000000000000000000000000000000000000
00000000000000000000000000001000000000000000000000001000000010000000000000000000000000000000000000000000000000000000000000000000
00000000000000000000000000000000000000000000000000000000000001000000000000000010000000000000000000000000000000000000000000000000
00000000000000000000000000000000000000000000000000000000000000000000000000000001000000000000000000000000000000000000010000000000
00000000000000000000000000000000000000000000000000000000000000000000000000000000000000000000000000000000000000000000100000000000
00000000000000000000000000000000000000000000000000000000000000000000000000000000000000000000000000000000000000000000000000000000
00000000000000001000000000000000000000000000000000000010000000000000000000000000000000000100000000000000000000000000000000000000
00000000000000010000000000000000000000010000000000000100010000100000000000000000000000000000000000000000000000000000000000000000
00000000000000000000000000000000000000100000000000000000000000000010010000010000000000000000000000000001000000000000000000000000
00000000000000000000000000000000000000000000000000000000000001000000001000100000000000000000000000000000100000000000000000000000
00000000000000000000000000000000000000000000000000000000000000000000000010000000000000000000000000000000000000000000000000000000
00000000000000000000000000000000000000000000000000000000000100000000000000000000000000000000000000000000000000000000000000000000
00000000000000000000000000000000000000000000000000000000000000000000000000000000000000000000100000000000000000000000000000000000
00000000000000000000000000000000000000000000000000000000000000000001000000000000100000000000000000000000000000000000000000000000
00000000000000000000000000000000010000000000001000000000010000010000000000000001000000000000000000000000000000000000000000000000
00000000000000000000000000000000001000000000010000000000000000000000010000000000000000000000000000000000000000000000000000000000
00000000000000000000000000000000000000000000000000000000000000000000000000000000000000000000000000000000000000000000000000000000
00000000000100000000000000000000000000000000000000000000000000000000000000000000000000000000000000000000000000000000000000000000
00000000000010000000000000000000000000000000000000000000000000000000000100000000000000010000000000000000000000000000000000000000
00000000000000000000000000000000000000000000000000000000000000000000001000000000000000000000000000000000000000000000000000000000
00000000000033300300000330030003033330333000000000003000000000101000000000000001003330003300300003000000000030000000000000000000
00000000000030030300003003003030030000300300000000033010000000000000000000000000003003030030300003000000000330000000000000000000
00000000000030030300003003000300030000300300001000003011000000000000000000010000003330030030300003000000000030000000000000000000
00000000000033300300003333000300033300333000000100003010000000000000000000100000003003033330300003000000000030100000000000000000
00000000000030000300003003000300030000303000000000003000000000000000000000000000003003030030300003000000000030010000000000000000
00000000000030000333303003000300033330300300000000003000000000000000000000000000003330030030333303333000000030000000000000000000
00000000000000000000000000000000000000000000000000000000000000000000000000000000000000000000000000000000000000000000000000000000

0x00005013
00000000000100000000000000000000000000001000000000000000000000000000100000000000000000000000000000000000000100000000000000000000
00000000000000000000000000000000000000000100000000000000000000000001000000000000000000000000000000000000000000000000000000000000
00000000000000000000000000000000000000000000000000000000000000000000000000000000000000000000000100000000000000000000000000000000
00000000000000000000000000000000000000000000000000000000000000000000000000000000000000000000001110000000000000000000000000000000
00000000000000000000000001000000000000000000000000010000000000000000000000000000000000000000000100000000000000000000000000000000
00000000000000000000000000100000000000000000000000100000000000000000000000000000000000000000000000000000000000000000000000000000
00000000000000000000000000000000000000000000000000000000000000000000000000000000100000000000000000000000000000000000000000000000
00000000000000000000000000000000000000000000000000000000000000000000010000000000010000000000000000000000000000000000000000000000
00000000000000000000000000000000000000000000000000000000000000000100000000000000100000000000000000000000000000000000000001000000
00000000000000000000000000000000000000000000000000000000000000000000000000000000000000000000000000000000000000000000000011100000
00000000000000000000000000000000000000000000000000000000001000100000000000000000000000000010000000000000000000000000000001000000
00000000000101000000000000000000000000000000000000000000000000000000001000000000000000000100000000000000000000000000000000000000
00000000000010000000000000000000000000000000000000000000000000000000000000000000000000000000000000000000000000000000000000000000
00000000000000000000000000000000000010000000000000000000000100010000100000000000000000000000000000000000000100000000000000000000
00000000000000000000000000000000000001000000000000000000000000000010000000010000000000000000000000000000001110000000000000000000
00000000000000000000000000000000000000000000000000000000000000000000000000001000000000000000000000000000000100000000000000000000
00000000000000000000000000000000000000000000000000000000000001000000000000000000000000000000000000000000000000000000000000000000
00000000000000000000000000000000000000000000000000000000000000000000000000000000000000000000001000000000000000000000000000000000
00000000000000000000000000000000000000000000000000000000000000000000001000100000010000000000000000000000000000000000000000000000
00000000000000000000000000000000100000000000100000000000100100000000100000000000000000000000000000000000000000000000000000000000
00000000000000000000000000000001000000000000010000000000000000000000000000000000010000000000000000000000000000000000000000000000
00000000000000000000000000000000100000000000000000000000000000000000000000000000000000000000000000000000000000000000000000000000
00000000100000000000000000000000000000000000000000000000000000000000000000000000000000000000000000000000000000000000000000000000
00000001110000000000000000000000000000000000000000000000010000010000000000000000000000000000000000000000000000000000000000000000
00000000100000000000000000000000000000000000000000000000000000000000000010000000000000000000000000000000000000000000000000000000
00000000000033300300000330030003033330333000000000003000000000000000000100000000103330003300300003000000000030000000000000000000
00000000000030030300003003003030030000300300000000033000000000010000000000000000003003030030300003000000000330000000000000000000
00000000000030030300003003000300030000300300000000003010000000001000000000000000003330030030300003000000000030000000000000000000
00000000000033300300003333000300033300333000010000003011000000000000000000010000003003033330300003000000000030000000000000000000
00000000000030000300003003000300030000303000111000003010000000000000000000001000003003030030300003000000000030000000000000000000
00000000000030000333303003000300033330300300010000003000000000000000000000000000003330030030333303333001000030000000000000000000
00000000000000000000000000000000000000000000000000000000000000000000000000000000000000000000000000000010000000000010000000000000

0x000050db
00000001100000000000000000000000000001110000000000000000000000000001000000000000000000000000000000000000000000000000000000000000
00000000000000000000000000000000000000100000000000000000000000000000000000000000000000000000000000100000000000000000000000000000
00000000000000000000000000000000000000000000000000000000000000000100000000000000000000000000000001110000000000000000000000000000
00000000000000000000000100000000000000000000000000100001000000000000000000000000000000000000000000100000000000000000000000000000
00000000000000000000001000000000000000000000000001110000000000000000000000000000000000000000000000000000000000000000000000000000
00000000000000000000000000000000000000000000000000100000000010000000000000010000000000000000000000000000000000000000000000000000
00000000000000000000000000000000000000000000000000000000000000000000001000000000001000000000000000000000000000000000000000000000
00000000000000000000000000000000000000000000000000000100000000000000000000000000011100000000000000000000000000000000000000000100
00000000000000000000000000000000000000000000000000000000000000000000000000000000001000000000000000000000000000000000000000001110
00000000000000000000000000000000000000000000000000000000001000000000000000000000000000000000000000000000000000000000000000000100
00000000100000000000000000000000000000000000000000000000000000000000000100000000000000000000000000000000000000000000000000000000
00000001110000000000000000000000000000000000000000000000000000000000000000000000000000000000100000000000000000000000000000000000
00000000100000000000000000000000000100000000000000000000000100000000000000001000000000000000010000000000000000000000000000000000
00000000000000000000000000000000001110000000000000001000000000010001010000000000000000000000000000000000000000010000000000000000
00000000000000000000000000000000000100000000000000000000000000000000000000000000000000000000000000000000000000001000000000000000
00000000000000000000000000000000000000000000000000000000000000000000000100000000000000000000000000000000000000000000000000000000
00000000000000000000000000000000000000000000000000100001000001000000000000000000000000000000000000000000000000000000000000000000
00000000000000000000000000000000000000000000000000000000000000000000000000000000000000000000000001000000000000000000000000000000
00000000000000000000000000000000000000000000000000000000000000000001000100010000000000000000000000100000000000000000000000000000
00000000000000000000000000000000000000000000000000000000000100000000010000000000001000000000000000000000000000000000000000000000
00000000000000000000000000000000000000000001000000000001000000000000000000000000000010000000000000000000000000000000000000000000
00000000000000000000000000000010000000000010000000000000000000000000000000000010000000000000000000000000000000000000000000000000
00000000000000000000000000000100000000000000000001000000000000000010000000000000000000000000000000000000000000000000000000000000
00001000000000000000000000000000000000000000000000000000010000001000000000000000000000000000000000000000000000000000000000000000
00010000000000000000000000000000000000000000000000000010000000000000000100000000000000000000000000000000000000000000000000000000
00000000000033300300000330030003033330333000000000003000000000000000000000000000003330003300300003000000000030000000000000000000
00000000000030030300003003003030030000300300000000033000000000000001000000010000003003030030300003000000000330000000000000000000
00000000000030030300003003000300030000300300000000003000000010001000000000000000003330030030300003000000000030000000000000000000
00000000000033300300003333000300033300333000000000003000000000000000000000000000003003033330300003000000000030000000000000000000
00000000000030000300003003000300030000303001000000003010000000000000000000001000003003030030300003000000000030000000000000000000
00000000000030000333303003000300033330300301000000003000000000000000000000000100003330030030333303333000000030000000000100000000
00000000000000000000000000000000000000000001100000000000000000000000000000000000000000000000000000000000001000000000001110000000

0x00005193
00000000000000000000000000000000000010000000000000000000000000000000000000010000000000000000000000000100000000000000000000000000
00000000000000000000000000000000000000000000000000000000000000000000000000000000000000000000000000001110000000000000000000000000
00000000000000000001000000000000000000000000000000000000000000100000000000000000000000000000000000000100000000000000000000000000
00000000000000000011100000000000000000000000000000001000000000000000000000000000000000000000000000000000000000000000000000000000
00000000000000000001000000000000000000000000000000000000000000000000000000000000000000000000000000000000000000000000000000000000
00000000000000000000000000000000000000000000001000000000100000000000000010000000000000000000000000000000000000000000000000000000
00000000000000000000000000000000000000000000000000000000000000000001000000000000000000000000000000000000000000000000000000000000
00000000000000000000000000000000000000000000000000100000000000000000000000000000100000000000000000000000000000000000000000000000
00000000000000000000000000000000000000000000000000000000000000000000000000100000000000000000000000000000000000000000000000000000
00000000000000000000000000000000000000000000100000000001000000000000000000000000000000000000000000000000000000000000000000000000
00010000000000000000000000000000000000000000000000000000000000000000100000000000000000000000000000000000000000000000000000000000
00111000000000000000000000000000000000000000000000000000000000000000000000000000000000100000000010000000000000000000000000000000
00010000000000000000000000000000010000100000000000000000100000000000000010000000000000000000000100000000000000000000000000000000
00000000000000000000000000000000110000000000000001000000000010001010000000000000100000000000000000000000000000000000100000000000
00000000000000000000000000000000010000000000000000000000000000000000000000000000000000000000000000000000000000000001110000000000
00000000000000000000000000000000000000000000000000000000000000000000010000000000000000000000010000000000000000000000100000000000
00000000000000000000000000000000000000000000000100001000001000000000000000000000000000000000000000000000000000000000000000000000
00000000000000000000000000000000000010000000000000000000000000000000000000000000000000000000000000000000000000000000000000000000
00000000000000000000000000000000000000000100000000000000000000001000100010000000000000000000000000000000000000000000000000000000
00000000000000000000000000000000000000000000000000000000100000000010000000000000000000000000000000000100000000000000000000000000
00000000000000000000000000000000000000000000000000000000000000000000000000000000000100000000000000000000000000000000000000000000
00000000000000000000000000010000000000000000000000000000000000000000000000010010000000000000000000000000000000000000000000000000
00000000000000000000000000111000000000000000001000000000000000010000000000000000000000000000000000000000000000000000000000000000
00000000000000000000000000010000000000001000000000000010000001000000000000000000000000000000000000000000000000000000000000000000
00000000000000000000000000000000000000000000000000000000000000000000100000000000000000000000000000000000000000000000000000000000
00000000000033300300000330030003033330333000000000003000000000000000000000000000003330003300300003000000000030000000000000000000
00000000000030030300003003003030030000300300000000033000000000000000000001000000003003030030300003000000000330000000000000000000
00000000000030030300003003000300030000300300000000003000100001000000000000000000003330030030300003000000000030000000000000000000
00000000000033300300003333000300033300333000001000003000000000000000000000000000003003033330300003000000000030000000000000000000
00000000000030000300003003000300030000303000000000003000000000000000010000000000003003030030300003000000000030000000000000000000
00000000000030000333303003000300033330300300000000003000000000000000000000000010003330030030333303333000000030000000000000000000
00000000000000000000000000000000000000000000000000000000000100000000000000000111000000000000000000000000000000000000000000000000

0x0000525b
00000000000000000000000000000000000000000000000000000000000000000000000000010000100000000000000000000000111100000000000000000000
00000000000000010000000000000000000000000100000000000000000000000000000000000000000000000000000000000000011000000000000000000000
00000000000000010000000000000000000000000000000000000000000001000000000000000000000000000000000000000000000000000000000000000000
00000000000000111000000000000000001000000000000000001000000000000000000000000000000000000100000000000000000000000000000000000000
00000000000000010000000000000000000000000000000000000000000000000000000000000000000000000000000000000000000000000000000000000000
00000000000000010000000000000000000000000000010000000000100000000000000010000000000000000000000000000000000000000000000000000000
00000000000000000000000000000000000000000000000000000000000000000001000000000000100000000000000000000000000000000000000000000000
00000000000000000000000000000000000001000000000000100000000000100000000000000000000000000000000000000100000000000000000000000000
00000000000000000000000000000000000000000000000000000000000000000000000000010000000000000000000000000000000000000000000000000000
00000000000000000000000000001000000000000000000000000001000000000000000000000000000000000000000000000000000000000000000000000000
00000000000000000000000000000000000000000000000000000000000000000000100000000000000000000000000000000000000000000000000000000000
00000000000000000000000000000000000000000000000000000000000000000000000000000000000000100000000000000000000000000000000000000000
00000000000000000000000000000000000001000000000001000000100000000000000000000000000000000000000000000000000000000000000000000000
00000000000000000010000000000000000000000000000000000000000010001010000000000000100000000000000000000000000000000000000001000000
00000000000000000000000000000000000000000000000000000000000000000000000000000000000000000000000000000000000000000000000011100000
00000000000000000000000000001000000000000000000000000000000000000000100000000000000000000000010000000000000010000000000001000000
00000000000000000000000000000000000000000000001000001000001000000000000000000000000000000000000000000000000000000000000000000000
00000000000000000000000000000000000010000000000000000000000000000000000000000000000000000000000000000000000000000000000000000000
00000000000000000000000000000000000000000100000000000000000000001000100010000000000000000000000000000000000000000000000000000000
00000000000000000000000000000000000000000000000000000000000010000010000000000000000000000000000000000000000000000000000000000000
00000000000000000000000000000000000000000000000000001000000000000000000000000010000100000000000000000001000000000000000000000000
00000000000000000000000000000000000000000000010000000000000000000000000000010000000000000000000000000000000000000000000000000000
00000000000000000000000000000000000000000000000000000000000000010000000000000000000000000000000000000000000000000000000000000000
00000000000000000000000000000000000000001000000000000010000010000000000000000000000000000000000000000000000000000000000000000000
00000000000000000000000000000000000000000000000000100000000000000000100000000000000000000000000000000000000000000000000000000000
00000000000033300300000330030003033330333000000000003000000000000000000000000000003330003300300003000000000030000000000000000000
00000000000030030300003003003030030000300300000000033000000000001000000010000000003003030030300003000000000330000000000000000000
00000000000030030300003003000300030000300300000000003000100001000000000000000000003330030030300003000000000030000000000000000000
00000001000033300300003333000300033300333000001000003000000000000000000000000000003003033330300003000000000030000000000000000000
00000011100030000300003003000300030000303000000000003000000000000000010000000000003003030030300003000000000030000000000000000000
00000001000030000333303003000300033330300300000000003000000000000000000000000010003330030030333303333000000030000000000000000000
00000001000000000000000000000000000000000000000000000000000100000010000000000000000000000000000000000000000000000000000000000000

0x00005312
00000000000000000000000000000000000000000010000000000000000000000000000000000000001000000000000000000000000000100000000000000000
00000000001000000000000000000000000000000000000000000000000000000000000000000000000000000000000000000000000000000000000000000000
00000000011100000000000000100000000100000000000000000000000000010000000000000000000000000000000000000000000000000000000000000000
00000000001000000000000000000000000000000000000000000100000000000000000000000000000000000000000000000000000000000000000000000000
00000000000000000000000000000000000000000000000000000000000000000000000000000000000000000001000000000000000000000000000000000000
00000000000000000000000000000000000000000000001000000000000000000000000001000000000000000000000000000000000000000000000000000000
00000000000000000000000000000000000000000000000000000000000000000000100000000000000000000000000000000000000000000000000000000000
00000000001000000000000000000000000000000000000000010000000000001000000000000000000000000000000000000001000000000000000000000000
00000000000000000000000000000000000000000000000000000000000000000000000000001000000000000000000000000000000000001000000000000000
00000000000000000000000000000100000000000000010000000000100000000000000000000000000000000000000000000000000000000000000000000000
00000000000000000000000000000000000000000000000000000000000000000000001000000000000000000000000000000000000000000000000000000000
00000000000000000000000000000000000000000000000000000000000000000000000000000000000000001000000000000000000000000000000000000000
00000000000000000000000000000000000000000000000000100000010000000000000000100000000000000000000000000000000000000000000000000000
00000000000000000001000000000000000000000000000000000000000001000100100000000000010000000000000000000000000000000000000001000000
00000000000000000000000000000000000000000000000000000000000000000000000000000000000000000000000000000000000000000000000000000000
00000000000000000000000000000000000000000000000000000000000000000000001000001000000000000000000100000000000000100000000000000000
00000000000000000000000000000100000000000000000010000100000100000000000000000000000000000000000000000000000000000000000000000000
00000000000000000000000000000000000001000000000000000000000000000000000000000000000000000000000000000000000000000000000000000000
00000000000000000000000000000000000000000010000000000000000000100000001001000000000000000000000000000000000000000000000000000001
00000000000000000000000000000000000000000000000000000000000000000000000000000000000000000000000000000000000000000000000000000000
00000000000000000000000000000000000000000000000000000100000000000000000000000000000001000000000000000000000000000000000000000000
00000000000000000000010000000000000000000000000000000000000000000000000000000100000000000000000000000000000000000000000000000000
00000000000000000000000000000000000000000000000100000000000000000100000000000000000000000000000000000000000000000000000000000000
00000000000000000000000000000000000000000000000000000000100000100000000000000000000000000000000000000000000000000000000000000000
00000000000000000000000000000000000000000000000000000001000000000000001000000000000000000000000000000000000000000000000000000000
00000000000033300300000330030003033330333000000000003000000000000000000000000000003330003300300003000000000030000000000000000000
00000000000030030300003003003030030000300300000000033000000000000100000000100000003003030030300003000000000330000000000000000000
00000000000030030300003003000300030000300300000000003000001000010000000000000000003330030030300003000000000030000000000000000000
00000000000033300300003333000300033300333000000100003000000000000000000000000000003003033330300003000000000030000000000000000000
00000000000030000300003003000300030000303000000000003000000000000000000000000000003003030030300003000000000030000000000000000000
01000000000030000333303003000300033330300300000000003000000000000000000100000000003330030030333303333000000030000000000000000000
11100000000000000000000000000000000000000000000000000000000000000000100000000000000000000000000000000000000000000000000000000000

0x000053eb
00000000000000000000000000000000000000000000000000000000000100000000100000000000000000000000000000000000000000000000000000000000
00000000000000000000000000000000000000000000000000000000000000000000000000000000100000000000000000000000000000000000000000000000
00000000000010000000000000000000000000000000100000000000000000000000000000000000000000000000000010000000000000000000000000000000
00000000000000000000000000000100000000000000000000000000000000010000000000000000000000000000000000000000000000000000000000000000
00000001000000000000000000000000000000000000000000000000000000000000000000000000000000001000000000000000000000100000000000000000
00000000000000000000000000000000000000000000000000000000000000000000000000000000000000000000000000000000000000000000000000000000
00000000000000000000000000000000000000000000000000000000000000000000000010000000000000000000000000000000000000000000000000000000
00000000000000000000000000000000000000001000000000000000000000000001000000000001000000000000000000000000000000000000001000000000
00000000000000010000000000000000000000000000000000001000000000010000000000000000000000000000000000100000001000000000000000000100
00000000000000000000000000000000100000000000001000000000100000000000000000000000000000000000000000000000000000000000000000000000
00000000000000000000000000000000000000000000000000000000000010000000100000000000000000000000000000000000000000000000000000000000
00000000000000000000000000000000000000000000000000000000000000000000000000000000000001000000000000000000000000000000000000000000
00000000000000000000000000000000000000000100000000010000010000000000000000000000000000000000000000000000000000000000000000000000
00000000000000000000000100000000000000000000000000000000000001001001000000000001000000000000000000000000000000000010000000000000
00000000000000000000000000000000000000000000000000000000000000000000000000100000000000000000000000000000000000000000000000000000
00000000000000000000000000000000100000000000000000000010000100000000010000000000000000000001000000000000010000000000000000000000
00000000000000001000000000000000000000000000000000000000000000000000000000000000000000000000000000000000000000000000000000000000
00000000000010000000000000000000000000010000000000000000000000000100000010000000000000000000000000000000000000000000000000000000
00000000000000000000000000000000000000000000000000000000000001000000000000000000000000000000000000000000000000000000000000000000
00000000000000000000000000000000000000000000000000000010000000000010000000000000000000000000000000000000000000000000000000000000
00000000000000000000000010000000000000000000000000000000000000000000000000000000000000000000000000000000000000000000000000000000
00001000000000000000000000000000000000000000000010000000000000001000000000000000000000000000000000000000000000000000000000000000
00000000000000000000000000000000000000000001000000000000100001000000000000000000000000000000000000000000000000000000000000000000
00000000000000000000000000000000001000000000000000001000000000000000010000000000000000000100000000000000000000000000100000000000
00000000000000000000000000000000000000000000000000000000000000000100000000000000000000000000000000000000000000000000000000000000
00000000000033300300000330030003033330333000000000003000000000100000000000000000003330003300300003000000000030000000000000000000
00000000000030030300003003003030030000300300000000033000001000000000000000000000003003030030300003000000000330000000000000000000
00000000000030030300003003000300030000300300000010003000000000000000000000000000003330030030300003000000000030000000000000000000
00000000000033300300003333000300033300333000000100003000000000000000000000000000003003033330300003000000000030000000000000000000
00000000000030000300003003000300030000303000000000003000000000000000000000000000003003030030300003000000000030000000000000000000
01000000000030000333303003000300033330300300000000003000000000000000000100000000003330030030333303333000000030000000000000000000
11100000000000000000000000000000000000000000000000000000000000000000100000000000000000000000000000000000000000000000000000000000

0x000053fb
00000000000000000000000000000000000000000000000000000000000100000000100000000000000000000000000000000000000000000000000000000000
00000000000000000000000000000000000000000000000000000000000000000000000000000000100000000000000000000000000000000000000000000000
00000000000010000000000000000000000000000000100000000000000000000000000000000000000000000000000010000000000000000000000000000000
00000000000000000000000000000100000000000000000000000000000000010000000000000000000000000000000000000000000000000000000000000000
00000001000000000000000000000000000000000000000000000000000000000000000000000000000000001000000000000000000000100000000000000000
00000000000000000000000000000000000000000000000000000000000000000000000000000000000000000000000000000000000000000000000000000000
00000000000000000000000000000000000000000000000000000000000000000000000010000000000000000000000000000000000000000000000000000000
00000000000000000000000000000000000000001000000000000000000000000001000000000001000000000000000000000000000000000000001000000000
00000000000000010000000000000000000000000000000000001000000000010000000000000000000000000000000000100000001000000000000000000100
00000000000000000000000000000000100000000000001000000000100000000000000000000000000000000000000000000000000000000000000000000000
00000000000000000000000000000000000000000000000000000000000010000000100000000000000000000000000000000000000000000000000000000000
00000000000000000000000000000000000000000000000000000000000000000000000000000000000001000000000000000000000000000000000000000000
00000000000000000000000000000000000000000100000000010000010000000000000000000000000000000000000000000000000000000000000000000000
00000000000000000000000100000000000000000000000000000000000001001001000000000001000000000000000000000000000000000010000000000000
00000000000000000000000000000000000000000000000000000000000000000000000000100000000000000000000000000000000000000000000000000000
00000000000000000000000000000000100000000000000000000010000100000000010000000000000000000001000000000000010000000000000000000000
00000000000000001000000000000000000000000000000000000000000000000000000000000000000000000000000000000000000000000000000000000000
00000000000010000000000000000000000000010000000000000000000000000100000010000000000000000000000000000000000000000000000000000000
00000000000000000000000000000000000000000000000000000000000001000000000000000000000000000000000000000000000000000000000000000000
00000000000000000000000000000000000000000000000000000010000000000010000000000000000000000000000000000000000000000000000000000000
00000000000000000000000010000000000000000000000000000000000000000000000000000000000000000000000000000000000000000000000000000000
00001000000000000000000000000000000000000000000010000000000000001000000000000000000000000000000000000000000000000000000000000000
00000000000000000000000000000000000000000001000000000000100001000000000000000000000000000000000000000000000000000000000000000000
00000000000000000000000000000000001000000000000000001000000000000000010000000000000000000100000000000000000000000000100000000000
00000000000000000000000000000000000000000000000000000000000000000100000000000000000000000000000000000000000000000000000000000000
00000000000033300300000330030003033330333000000000003000000000100000000000000000003330003300300003000000000030000000000000000000
00000000000030030300003003003030030000300300000000033000001000000000000000000000003003030030300003000000000330000000000000000000
00000000000030030300003003000300030000300300000010003000000000000000000000000000003330030030300003000000000030000000000000000000
00000000100033300300003333000300033300333000000000003000000000000000001000000100003003033330300003000000000030000000000000000000
00000000000030000300003003000300030000303000100000003001000000000001000000000000003003030030300003000000000030000010000000000100
00000000000030000333303003000300033330300300000000003000000000000000000000000000003330030030333303333000000030000000000000000000
00000000000000000000000000000000000000000000000000000000000000000000000000000000000000000000000000000000000000000000000000000000

0x000054b3
00000000000000000000000000000000000000000000000000000000000100000000100000010000000000000000000000000000000000000000000000000000
00000000000000000000000000000000000000000001000000000000000000000000000000000000100000000000000001000000010000000000000000000100
00000000000100000000010000000000000000000000000000000000000000000000000000000000000000000000000000000000000000000000000000000000
00000000000000000000000000000000000001000000000000000100000000000000000000000000000000000000000000000000000000000000000000000000
00000100000000000000000000000000000000000000000000000000000000000000000000000000000000001000000000000000000000001000000000000000
00000000000000000000000000000000000000000000000100000000001000000000000000000000000000000000000000000000000000000000000000000000
00000000000000000000000000000000000000000000000000000000000000000000000010000000000000000000000000000000000000000000000000000000
00000000000000000000000000000000000000001000000000000000000000000000000000000000100000000000000000010000000000000000000010000000
00000000000001000000000000000000000000000000000000000000000000000000000000010000000000000000000000000000000010000000000000000001
00000000000000000000000000000001000000000000001000000000100000000000000000000000000000000000000000000000000000000000000000000000
00000100000000000000000000000000000000000000000000000000000010000000010000000000000000000000000000000000000000000000000000000000
00000000000000000000000000000000000000000000000000000000000000000000000000000000000001000000000000000000000000000000000000000000
00000000000000000000000000000000000000001000000000000000010000000000000001000000000000000000000000000000000000000000000000000000
00000000000000000000010000000000000000000000000000000000000001000101000000000000100000000000000000000000000000000000100000000000
00000000000000000000000000000000000000000000000000000000000000000000000000000000000000000000000000000000000000000000000000000000
00000000000000000000000000000001000000000000000000000000000100000000010000000000000000000000100000000000001000000000000000000000
00000000000000010000000000000000000000000000000000000000000000000000000000000000000000000000000000000000000000000000000000000000
00000000001000000000000000000000000000100000000000000000000000000100000000000000000000000000000000000000000000000000000000000000
00000000000000000000000000000000000000000001000000000000000000100000010000000000000000000000000000000000000000000000000000100000
00000000000000000000000000000000000000000000000000000010001000000001000000000000000000000000000000000000000000000000000000000000
00000000000000000000000010000000000000000000000000000000000000000000000000000000000000000000000000000000000000000000000000000000
00001000000000000000000000000000000000000000000010000000000000001000000000000000000000000000000000000000000000000000000000000000
00000000000000000000000000000000000000000001000000000000100001000000000000000000000000000000000000000000000000000000000000000000
00000000000000000000000000000000001000000000000000001000000000000000010000000000000000000100000000000000000000000000100000000000
00000000000000000000000000000000000000000000000000000000000000000100000000000000000000000000000000000000000000000000000000000000
00000000000033300300000330030003033330333000000000003000000000100000000000000000003330003300300003000000000030000000000000000000
00000000000030030300003003003030030000300300000000033000001000000000000000000000003003030030300003000000000330000000000000000000
00000000000030030300003003000300030000300300000010003000000000000000000000000000003330030030300003000000000030000000000000000000
00000000100033300300003333000300033300333000000000003000000000000000001000000100003003033330300003000000000030000000000000000000
00000000000030000300003003000300030000303000100000003001000000000001000000000000003003030030300003000000000030000010000000000100
00000000000030000333303003000300033330300300000000003000000000000000000000000000003330030030333303333000000030000000000000000000
00000000000000000000000000000000000000000000000000000000000000000000000000000000000000000000000000000000000000000000000000000000

0x000054c3
00000000000000000000000000000000000000000000000000000000000100000000100000010000000000000000000000000000000000000000000000000000
00000000000000000000000000000000000000000001000000000000000000000000000000000000100000000000000001000000010000000000000000000100
00000000000100000000010000000000000000000000000000000000000000000000000000000000000000000000000000000000000000000000000000000000
00000000000000000000000000000000000001000000000000000100000000000000000000000000000000000000000000000000000000000000000000000000
00000100000000000000000000000000000000000000000000000000000000000000000000000000000000001000000000000000000000001000000000000000
00000000000000000000000000000000000000000000000100000000001000000000000000000000000000000000000000000000000000000000000000000000
00000000000000000000000000000000000000000000000000000000000000000000000010000000000000000000000000000000000000000000000000000000
00000000000000000000000000000000000000001000000000000000000000000000000000000000100000000000000000010000000000000000000010000000
00000000000001000000000000000000000000000000000000000000000000000000000000010000000000000000000000000000000010000000000000000001
00000000000000000000000000000001000000000000001000000000100000000000000000000000000000000000000000000000000000000000000000000000
00000100000000000000000000000000000000000000000000000000000010000000010000000000000000000000000000000000000000000000000000000000
00000000000000000000000000000000000000000000000000000000000000000000000000000000000001000000000000000000000000000000000000000000
00000000000000000000000000000000000000001000000000000000010000000000000001000000000000000000000000000000000000000000000000000000
00000000000000000000010000000000000000000000000000000000000001000101000000000000100000000000000000000000000000000000100000000000
00000000000000000000000000000000000000000000000000000000000000000000000000000000000000000000000000000000000000000000000000000000
00000000000000000000000000000001000000000000000000000000000100000000010000000000000000000000100000000000001000000000000000000000
00000000000000010000000000000000000000000000000000000000000000000000000000000000000000000000000000000000000000000000000000000000
00000000001000000000000000000000000000100000000000000000000000000100000000000000000000000000000000000000000000000000000000000000
00000000000000000000000000000000000000000001000000000000000000100000010000000000000000000000000000000000000000000000000000100000
00000000000000000000000000000000000000000000000000000010001000000001000000000000000000000000000000000000000000000000000000000000
00000000000000000000000100000000000000000000000000000000000000000000000000000010000100000000000000000100000000000000000000000000
00100000000000000000000000000000000000000000000100000000000000001000000000010000000000000000000000000000000000000000000000000000
00000000000000000000000000000000000000000000000000000000000000000000000000000000000000000000000000000000000000000000000000000000
00000000000000000000000000000000010000000000000000001000000000000000010000000000000000000010000000000000000000000000000000000000
00000000000000000000000000000000000000000000000000000000000000000000000000000000000000000000000000000000000000000000000000000000
00000000000033300300000330030003033330333000000000003000000000000100000001000000003330003300300003000000000030000000000000000000
00000000000030030300003003003030030000300300000000033000001000100000000000000000003003030030300003000000000330000000000000000000
00000000000030030300003003000300030000300300000010003000000000000000000000000000003330030030300003000000000030000000000000000000
00000010000033300300003333000300033300333000000000003000000000000000001000000000003003033330300003000000000030000000000000000000
00000111000030000300003003000300030000303000000000003000000000000000000000000010003003030030300003000000000030000000000000000000
10000010000030000333303003000300033330300301000000003001000010000001000000000000003330030030333303333000000030000000100000000001
00000000000000000000000000000000000000000000000000000000000000000000000000000000000000000000000000000000000000000000000000000000

0x0000556a
00000000000000000000000000000000000000000000000000000000000000000000000000001000010000000000000000000000000000000000000000000000
00000000000000000000000000000000000000000001000000000000000000000000000000000000000000000000000000010000000000000000000000000001
00000000010000000000100000000000000000000000000000000000000000010000000000000000000000000000000000000000000000000000000000000000
00000000000000000000000000000000000010000000000000000100000000000000000000000000000000000000000000000000000000000000000000000000
00010000000000000000000000000000000000000000000000000000000000000000000000000000000000000100000000000000000000000010000000000000
00000000000000000000000000000000000000000000000100000000010000000000000000000000000000000000000000000000000000000000000000000000
00000000000000000000000000000000000000000000000000000000000000000000100000000000000000000000000000000000000000000000000000000000
00000000000000000000000000000000000000010000000000000000000000000000000000000000000000000000000000000100000000000000000010000000
00000000000001000000000000000000000000000000000000000000000000000000000000010000000000000000000000000000000010000000000000000001
00000000000000000000000000000001000000000000001000000000100000000000000000000000000000000000000000000000000000000000000000000000
00000100000000000000000000000000000000000000000000000000000010000000010000000000000000000000000000000000000000000000000000000000
00000000000000000000000000000000000000000000000000000000000000000000000000000000000001000000000000000000000000000000000000000000
00000000000000000000000000000000000000001000000000000000010000000000000001000000000000000000000000000000000000000000000000000000
00000000000000000000010000000000000000000000000000000000000001000101000000000000100000000000000000000000000000000000100000000000
00000000000000000000000000000000000000000000000000000000000000000000000000000000000000000000000000000000000000000000000000000000
00000000000000000000000000000001000000000000000000000000000100000000010000000000000000000000100000000000001000000000000000000000
00000000000000010000000000000000000000000000000000000000000000000000000000000000000000000000000000000000000000000000000000000000
00000000001000000000000000000000000000100000000000000000000000000100000000000000000000000000000000000000000000000000000000000000
00000000000000000000000000000000000000000001000000000000000000100000010000000000000000000000000000000000000000000000000000100000
00000000000000000000000000000000000000000000000000000010001000000001000000000000000000000000000000000000000000000000000000000000
00000000000000000000000100000000000000000000000000000000000000000000000000000010000100000000000000000100000000000000000000000000
00100000000000000000000000000000000000000000000100000000000000001000000000010000000000000000000000000000000000000000000000000000
00000000000000000000000000000000000000000000000000000000000000000000000000000000000000000000000000000000000000000000000000000000
00000000000000000000000000000000010000000000000000001000000000000000010000000000000000000010000000000000000000000000000000000000
00000000000000000000000000000000000000000000000000000000000000000000000000000000000000000000000000000000000000000000000000000000
00000000000033300300000330030003033330333000000000003000000000000100000001000000003330003300300003000000000030000000000000000000
00000000000030030300003003003030030000300300000000033000001000100000000000000000003003030030300003000000000330000000000000000000
00000000000030030300003003000300030000300300000010003000000000000000000000000000003330030030300003000000000030000000000000000000
00000010000033300300003333000300033300333000000000003000000000000000001000000000003003033330300003000000000030000000000000000000
00000111000030000300003003000300030000303000000000003000000000000000000000000010003003030030300003000000000030000000000000000000
10000010000030000333303003000300033330300301000000003001000010000001000000000000003330030030333303333000000030000000100000000001
00000000000000000000000000000000000000000000000000000000000000000000000000000000000000000000000000000000000000000000000000000000

0x0000557b
00000000000000000000000000000000000000000000000000000000000000000000000000001000010000000000000000000000000000000000000000000000
00000000000000000000000000000000000000000001000000000000000000000000000000000000000000000000000000010000000000000000000000000001
00000000010000000000100000000000000000000000000000000000000000010000000000000000000000000000000000000000000000000000000000000000
00000000000000000000000000000000000010000000000000000100000000000000000000000000000000000000000000000000000000000000000000000000
00010000000000000000000000000000000000000000000000000000000000000000000000000000000000000100000000000000000000000010000000000000
00000000000000000000000000000000000000000000000100000000010000000000000000000000000000000000000000000000000000000000000000000000
00000000000000000000000000000000000000000000000000000000000000000000100000000000000000000000000000000000000000000000000000000000
00000000000000000000000000000000000000010000000000000000000000000000000000000000000000000000000000000100000000000000000000100000
00000000000000000000000000000000000000000000000000000000000000000000000000010000000000000000000000000000000001000000000000000000
00000000000000000000000000000010000000000000010000000000100000000000000000000000000000000000000000000000000000000000000000000000
00010000000000000000000000000000000000000000000000000000000000000000010000000000000000000000000000000000000000000000000000000000
00000000000000000000000000000000000000000000000000000000000000000000000000000000000000100000000000000000000000000000000000000000
00000000000000000000000000000000000000010000000000000000010000000000000001000000000000000000000000000000000000000000000000000000
00000000000000000000100000000000000000000000000000100000000001000101000000000000010000000000000000000000000000000000001000000000
00000000000000000000000000000000000000000000000000000000000000000000000000000000000000000000000000000000000000000000000000000000
00000000000000000000000000000010000000000000000000000000000000000000010000010000000000000000010000000000000010000000000000000000
00000000000000000000000000000000000000000000000010000000000100000000000000000000000000000000000000000000000000000000000000000000
00000000010000000000000000000000000000100000000000000000000000000100000000000000000000000000000000000000000000000000000000000100
00000000000000000000000000000000000000000001000000000000000000000000010001000000000000000000000000000000000000000000000000001110
00000000000000000000000000000000000000000000000000000010001000000001000000000000000000000000000000000000000000000000000000000100
00000000000000000000000000000000000000000000000000000000000000000000000000000001000010000000000000000010000000000000000000000000
00000000000000000000001000000000000000000000000100000000000000000000000000010000000000000000000000000000000000000000000000000000
00000000000000000000000000000000000000000000000000000000000000000000000000000000000000000000000000000000000000000000000000000000
00000000000000000000000000000000000000000010000000001001000000100000000000000000000000000001000000000000000000000000000000000000
00000000000000000000000000000000000000000000000000000000000000000000010000000000000000000000000000000000000000000000000100000000
00000000000033300300000330030003033330333000000000003000000000000100000000000000003330003300300003000000000030000000000000000000
00000000000030030300003003003030030000300300000000033000000000100000000000000000003003030030300003000000000330000000000000000000
00000000000030030300003003000300030000300300000000003000000000000000000000000000003330030030300003000000000030000000000000000000
00000000000033300300003333000300033300333000000100003000000000000000000000000000003003033330300003010000000030000000000000000000
00001000000030000300003003000300030000303000000000003000000000000000001000000000003003030030300003000000000030000000000000000000
00000000000030000333303003000300033330300301000000003000000000000001000000000000003330030030333303333000000030000000001000000000
00000000000000000000000000000000000000000000000000000000000010000000000000000000000000000000000000000000000000000000000000000000

0x00005643
00000000000000000000000000000000000000000010000000000000000000000000000000000000001000000000000000011100000010000000000000000000
00000001000000000000000000000000000000000111000000000000000000000000000000000000000000000000000000001000000000000000000000000000
00000000000000000001000000100000000100000010000000000100000000010000000000000000000000000000000000000000000000000000000000000000
01000000000000000000000000000000000000000000000000000000000000000000000000000000000000000010000000000000000000000000000000000000
00000000000000000000000000000000000000000000000000000000000000000000000000000000000000000000000000000000000000000000000000000000
00000000000000000000000000000000000000000000001000000000010000000000000001000000000000000000000000000000000000000000000000000000
00000000000000000000000000000000000000000000000000000000000000000000100000000000010000000000000000000000000000000000000000000000
00000000001000000000000000000000000000000000000000010000000000001000000000000000000000000000000000000010000000000000000000001000
00000000000000000000000000000000000000000000000000000000000000000000000000001000000000000000000000000000000000010000000000000000
00000000000000000000000000000100000000000000010000000000100010000000000000000000000000000000000000000000000000000000000000000000
01000000000000000000000000000000000000000000000000000000000000000000010000000000000000000000000000000000000000000000000000000000
00000000000000000000000000000000000000000000000000000000000000000000000000000000000000000000000000000000000000000000000000000000
00000000000000000000000000000000000000010000000000100000010000000000000000000000000000000000000000000000000000000000000000000000
00000000000000000001000000000000000000000000000000000000000001000101000000000000010000000000000000000000000000000000000010000000
00000000000000000000000000000000000000000000000000000000000000000000000000000000000000000000000000000000000000000000000000000000
00000000000000000000000000000100000000000000000000000000000000000000001000000000000000000000000100000000000001000000000000000000
00000000000000000000000000000000000000000000000100000100000100000000000000000000000000000000000000000000000000000000000000000000
00000001000000000000000000000000000001000000000000000000000000000000000000000000000000000000000000000000000000000000000000000000
00000000000000000000000000000000000000000010000000000000000000000100001001000000000000000000000000000000000000000000000000000001
00000000000000000000000000000000000000000000000000000000000000000000000000000000000000000000000000000000000000000000000000000000
00000000000000000000000000000000000000000000000000000100000000000001000000000001000001000000000000000000100000000000000000000000
00000000000000000000010000000000000000000000000000000000000000000000000000001000000000000000000000000000000000000000000000000000
00000000000000000000000000000000000000000000000100000000000000000100000000000000000000000000000000000000000000000000000000000000
00000000000000000000000000000000000000000100000000000001000000100000000000000000000000000000000000000000000000000000000000000000
00000000000000000000000000000000000000000000000000000000000000000000001000000000000000000000000000000000000000000000000001000000
00000000000033300300000330030003033330333000000000003000000000000000000000000000003330003300300003000000000030000000000000000000
00000000000030030300003003003030030000300300000000033000000000000010000000100000003003030030300003000000000330000000000000000000
00000000000030030300003003000300030000300300000000003000010000100000000000000000003330030030300003000000000030000000000000000000
00100000000033300300003333000300033300333000000000003000000000000000000000000000003003033330300003000000000030000000000000000000
01110000000030000300003003000300030000303000000100003000000000000000000100000000003003030030300003000000000030001000000000000000
00100000000030000333303003000300033330300300000000003000000000000000000000000001003330030030333303333000000030000000000000000000
00000000000000000000000000000000000000000000000000000010000010000001000000000000000000000000000000000000000000000000000010000000

0x000056fa
00000100000000000000000000000000000000000100000000000000000000000000000000000000000000000000000000000100000000100000000000000000
00001110000000000100000001000000000000000000000000000000000000010000000000000000000000000000000000000000000000000000000000000000
00000100000000000000000000000000001000000000000000000100000000000000000000000000000000000000000000000000000000000000001000000000
00000000000000000000000000000000000000000000000000000000000000000000000000000000000000000000100000000000000000000000011100000000
00000000000000000000000000000000000000000000000000000000010000000000000000000000000000000000000000000000000000000000001000000000
00000000000000000000000000000000000000000000001000000000000000000000000001000000000000000000000000000000000000000000000000000000
00000000000000000000000000000000000000000000000000000000000000000000100000000000001000000000000000000000000000000000000000000000
00000000100000000000000000000000000000000000000000010000000000001000000000000000000000000000000000000000100000000000000000000000
00000000000000000000000000000000000000000000000000000000000000000000000000001000000000000000000000000000000000000100000000000000
00000000000000000000000000001000000000000000100000000000100010000000000000000000000000000000000000000000000000000000000000000000
00000000000000000000000000000000000000000000000000000000000000000000010000000000000000000000000000000000000000000000000000000000
00000000000000000000000000000000000000000000000000000000000000000000000000000000000000000000000000000000000000000000000000000000
00000000000000000000000000000000000000100000000000000000001000000000000000100000000000000000000000000000000000000000000000000000
00000000000000000100000000000000000000000000000000000000000001000101000000000000001000000000000000000000000000000000000000100000
00000000000000000000000000000000000000000000000000000000000000000000000000000000000000000000000000000000000000000000000000000000
00000000000000000000000000000000000000000000000000000000000000000000001000001000000000000000000010000000000000010000000000000000
00000000000000000000000000001000000000000000000100000100000100000000000000000000000000000000000000000000000000000000000000000000
00000000001000000000000000000000000010000000000000000000000000000100010000000000000000000000000000000000000000000000000000000000
00000100000000000000000000000000000000000100000000000000000000100000000000100000000000000000000000000000000000000000000000000000
00000000000000000000000000000000000000000000000000000000000000000000000000000000000000000000000000000000000000000000000000000000
00000000000000000000000000000000000000000000000000000100010000000001000000000000000000000000000000000000000000000000000000000000
00000000000000000001000000000000000000000000000000000000000000000000000000000000100000000000000000000000000000000000000000000000
00000000000000000000000000000000000000000000001000000000000000000100000000000000000000000000000000000000000000000000000000000000
00000000000000000000000000000000000000000000000000000000000000000000000000000000000000000000000000000000000000000000000000000000
00000000000000000000000000000000000000000000000000000001000000100000000000000000000000000000000000000000000000000000000000000000
00000000000033300300000330030003033330333000000000003000000000000000001000000000003330003300300003000000000030000000000000001000
00000000000030030300003003003030030000300300000000033000000000000010000000000000003003030030300003000000000330000000000000000000
00000000000030030300003003000300030000300300000000003000000000100000000000000000003330030030300003000000000030000000000000000000
00000000001033300300003333000300033300333000000000003000010000000000000000000000003003033330300003000000000030000000000000000000
00000000000030000300003003000300030000303000001000003000000000000000000000000000003003030030300003000010000030000000000000000000
10000000000030000333303003000300033330300300000000003000000000000000000100000000003330030030333303333011000030000010000000000000
00000000000000000000000000000000000000000000000000000000000000000000100000000000100000000000000000000010000000000000000000100000

0x000057c2
00010000000000001000000000000000000000000100000000000000000000000000000000000000000000000000000000000001000000000000000000000000
00000000000000011100000010000000000000000000000000000000000000010000000000000000000000000000000000000000000000000000000000000000
00000000000000001000000000000000010000000000000000000000000000000000000000000000000000000000000000000000000000000000000000000000
00000000000000000000000000000000000000000000000000000000000000000000000000000000000000000000010000000000000000000000000010000000
00000000000000000000000000000000000000000000010000000000010000000000000000000000000000000000000000000000000000000000000000000000
00000000000000000000000000000000000000000000000000000000000000000000000000100000000000000000000000000000000000000000000000000000
00000000000000000000000000000000000001000000000000000000000000000000010000000000000100000000000000000000000000000000000000000000
00000010000000000000000000000000000000000000000000100000000000001000000000000000000000000000000000000000010000000000000000000000
00000000000000000000000000010000000000000000000000000000100000000000000000000100000000000000000000000000000000000001000000000000
00000000000000000000000000000000000000000000000000000000000010000000000000000000000000000000000000000000000000000000000000000000
00000000000000000000000000000000000000000000000000000000000000000000001000000000000000000100000000000000000000000000000000000000
00000000000000000000000000000000000000000000000000000000000000000000000000000000000000000000000000000000000000000000000000000000
00000000000000000000000000000000000001000000000000000000001000000000000000000000000000000000000000000000000000000000000000000000
00000000000000001000000000000000000000000000000001000000000001000100100000000000000100000000000000000000000000000000000000001000
00000000000000000000000000000000000000000000000000000000000000000000000000000000000000000000000000000000000000000000000000000000
00000000000000000000000000000000000000000000000000000000000000000000001000000100000000000000000001000000000000000100000000000000
00000000000000000000000000010000000000000000001000000100000100000000000000000000000000000000000000000000000000000000000000000000
00000000100000000000000000000000000100000000000000000000000000000010000000000000000000000000000000000000000000000000000000000000
00010000000000000000000000000000000000000000000000000000000000100000001000100000000000000000000000000000000000000000000000000000
00000000000000000000000000000000000000000100000000000000000000000000000000000000000000000000000000000000000000000000000000000000
00000000000000000000000000000000000000000000000000000100010000000000100000000000000000000000000000000000000000000000000000000000
00000000000000000000000000000000000000000000000000000000000000000000000000000000010000100000000000000000000100000000000000000000
00000000000000000010000000000000000000000000010000000000000000000000000000000100000000000000000000000000000000000000000000000000
00000000000000000000000000000000000000000000000000000000000000000100000000000000000000000000000000000000000000000000000000000000
00000000000000000000000000000000000000000000000000000001000000100000000000000000000000000000000000000000000000000000000000000000
00000000000033300300000330030003033330333000000000003000000000000000001000000000003330003300300003000000000030000000000000000010
00000000000030030300003003003030030000300300000000033000000000000000000000000000003003030030300003000000000330000000000000000000
00000000000030030300003003000300030000300300000000003000000000000010000000010000003330030030300003000000000030000000000000000000
00000000100033300300003333000300033300333000000000003000010000100000000000000000003003033330300003000000000030000000000000000000
00000000000030000300003003000300030000303000000000003000000000000000000000000000003003030030300003000000000030000000100000000000
00000000000030000333303003000300033330300300001000003000000000000000000000000000003330030030333303333001100030000001110000000000
00000000000000000000000000000000000000000000000000000000000000000000000100000000000000000000000000000000000000000000100000000000

0x00005879
01000000000000100000000000000000000000000000000000000000000000000000000000000000000000000000000000000000000000000000000000000000
00000000000000000000001000000000100000000000000000001000000000010000000000000000000000000000001000000000000000000000000000100000
00000000000000000000000000000000000000000000000000000000000000000000000000000000000000000000011100000000000000000000000001110000
00000000000000000000000000000000000000000000000000000000000000000000000000000000000000000000001000000000000000000000000000100000
00000000000000000000000000000000000000000000010000000000010000000000000000010000000000000000000000000000000000000000000000000000
00000000000000000000000000000000000000000000000000000000000000000000010000000000000000000000000000000000000000000000000000000000
00000000000000000000000000000000000010000000000000100000000000000000000000000000000010000000000000000000000100000000000000000000
00001000000000000000000000000000000000000000000000000000000000001000000000000000000000000000000000000000000000000000000000000000
00000000000000000000000000100000000000000001000000000000100000000000000000000000000000000000000000000000000000000000010000000000
00000000000000000000000000000000000000000000000000000000000010000000000000000000000000000000000000000000000000000000000000000000
00000000000000000000000000000000000000000000000000000000000000000000001000000000000000000010000000000000000000000000000000000000
00000000000000000000000000000000000000000000000000000000000000000000000000000000000000000000000000000000000000000000000000000000
00000000000000000000000000000000000010000000000000000000001000000000000000010000000000000000000000000000000000000000000000000000
00000000000000100000000000000000000000000000000001000000000001000100100000000000000010000000000000000000000000000000000000000001
00000000000000000000000000000000000000000000000000000000000000000000000000000000000000000000000000000000000000000000000000000000
00000000000000000000000000000000000000000000000000000000000000000000001000000100000000000000000000000000000000000001000000000000
00000000000000000000000000100000000000000000001000001000000100000000000000000000000000000000000000000000000000000000000000000000
00000010000000000000000000000000000000000000000000000000000000000000000000000000000000000000000000000000000000000000000000000000
01000000000000000000000000000000001000000000000000000000000000000010001000000000000000000000000000000000000000000000000000000000
00000000000000000000000000000000000000001000000000000000000000100000000100000000000000000000000000000000000000000000000000000000
00000000000000000000000000000000000000000000000000000100010000000000100000000000000000000000000000000000000000000000000000000000
00000000000000000000000000000000000000000000000000000000000000000000000000000000010000010000000000000000000001000000000000000000
00000000000000001000000000000000000000000000000000000000000000000000000000000010000000000000000000000000000000000000000000000000
00000000000000000000000000000000000000000000010000000000000000000100000000000000000000000000000000000000000000000000000000000000
00000000000000000000000000000000000000000000000000000000000000000000000000000000000000000000000000000000000000000000000000000000
00000000000033300300000330030003033330333000000000003001000000100000000000000000003330003300300003000000000030000000000000000000
00000000000030030300003003003030030000300300000000033000000000000000000000000000003003030030300003000000000330000000000000000000
00000000000030030300003003000300030000300300000000003000000000000010000000000000003330030030300003000000000030000000000000000000
00000010000033300300003333000300033300333000000000003000000000000000000000010000003003033330300003000000000030000000000000000000
00000111000030000300003003000300030000303000000000003000010000000000000000000000003003030030300003000000000030000000000000000000
00000010000030000333303003000300033330300300010000003000000000000000000000000000003330030030333303333000000030000000000000000000
00000000000000000000000000000000000000000000000000000000000000000000000010000000000000000000000000000000010000000000001000000000

0x00005941
00000000000010000000111000000000000000000000000000000000000000010000000000000000000000000000000000000000000000000000000000000000
00000000000000000000010000000001000000000000000000001000000000000000000000000000000000000000000000000000000000000000000000000100
00000000000000000000000000000000000000000000000000000000010000000000000000000000000000000000000100000000000000000000000000001110
00000000000000000000000000000000000000000000000000000000111000000000000000000000000000000000000000000000000000000000000000000100
00000000000000000000000000000000000000000000100000000000010000000000000000010000000000000000000000000000000000000000000000000000
00000000000000000000000000000000000000000000000000000000000000000000010000000000000001000000000000000000000000000000000000000000
00000000000000000000000000000000000100000000000000100000000000001000000000000000000000000000000000000000000001000000000000000000
00100000000000000000000000000000000000000000000000000000000000001000000000000010000000000000000000000000000000000000000100000000
00000000000000000000000010000000000000000010000000000001000000000000000000000000000000000000000000000000000000000000000000000000
00000000000000000000000000000000000000000000000000000000000010000000000000000000000000000000000000000000000000000000000000000000
00000000000000000000000000000000000000000000000000000000000000000000000100000000000000000000100000000000000000000000000000000000
00000000000000000000000000000000000000000000000000000000000000000000000000001000000000000000000000000000000000000000000000000000
00000000000000000000000000000000000100000000000000000000010000000000000000000000000000000000000000000000000000000000000000000000
00000000000010000000000000000000000000000000000010000000000001000010010000000000000001000000000000000000000000000000000000000000
00000000000000000000000000000000000000000000000000000000000000000000000000000000000000000000000000000000000000000000000000000000
00000000000000000000000000000000000000000000000000000000000000000000001000000010000000000000000000000000000000000000010000000000
00000000000000000000000010000000000000000000000000001000000100000000000100000000000000000000000000001000000000000000000000000000
00001000000000000000000000000000000000000000000000000000000000000010000000000000000000000000000000000000000000000000000000000000
00000000000000000000000000000000010000000000000000000000000000100000001000000000000000000000000000000000000000000000000000000000
00000000000000000000000000000000000000010000000000000000001000000010100100010000000000000000000000000000000000000000000000000000
00000000000000000000000000000000000000000000000000000000000000100000000000000000000000000000000000000000000000000000000000000000
00000000000000000000000000000000000000000000000000001000010000000000000000000000000000000000000000000000000000000000000000000000
00000000000000100000000000000000000000000000000000000000000000000000000000000000001000001000000000000000000000010000000000000000
00000000000000000000000000000000000000000000100000000000000000000100000000000000000000000000000000000000000000000000000000000000
00000000000000000000000000000000000000000000000000000000000000000000000000000000000000000000000000000000000000000000000000000000
00000000000033300300000330030003033330333000000000003010000000100000000000000000003330003300300003000000000030000000000000000000
00000000000030030300003003003030030000300300000000033000000000000000000100000000003003030030300003000000000330000000000000000000
00000000000030030300003003000300030000300300000000003000000000000000000000000000003330030030300003000000000030000000000000000000
00000000000033300300003333000300033300333000000000003000000000000001000000001000003003033330300003000000000030000000000000000000
00001000000030000300003003000300030000303000000000003000010000100000000000000000003003030030300003000000000030000000000000000000
00011100000030000333303003000300033330300300000000003000111000000000000000000000003330030030333303333000000030000000000000000000
00001000000000000000000000000000000000000000010000000000010000000000000000000000000000000000000000000000000000000000000000000000

0x000059f9
00000000001000000001000000000010000000000000000000000000000000011100000000000000000000000000000000000000000000000000000000000000
00000000000000000000000000000000000000000000000000000000000000001000000000000000000000000000000001000000000000000000000000000001
00000000000000000000000000000000000000000000000000000000000000000000000000000000000000000000000011100000000000000000000000000011
00000000000000000000000000000000000000000001000000000000010000000000000000000000000000000000000001000000000000000000000000000001
00000000000000000000000000000000000000000000000000000000000000000000000000001000000000000000000000000000000000000000000000000000
00000000000000000000000000000000001000000000000000000000000000000000010000000000000000100000000000000000000000000000000000000000
00000000000000000000000000000000000000000000000001000000000000001000000000000000000000000000000000000000000000010000000000000000
00000000000000000000000000000000000000000000000000000000000000000000000000000001000000000000000000000000000000000000000000100000
00000000000000000000000100000000000000000100000000000001000000000000000000000000000000000000000000000000000000000000000000000000
00000000000000000000000000000000000000000000000000000000000010000000000000000000000000000000000000000000000000000000000000000000
00000000000000000000000000000000000000000000000000000000000000000000000100000000000000000000010000000000000000000000000000000000
00000000000000000000000000000000000000000000000000000000000000000000000000000000000000000000000000000000000000000000000000000000
00000000000000000000000000000000001000000000000010000000101000100000000000000000000000000000000000000000000000000000000000000000
00000000001000000000000000000000000000000000000000000000000001000010100000000000000000100000000000000000000000000000000000000000
00000000000000000000000000000000000000000000000000000000000000000000000000000000000000000000000000000000000000000000000000000000
00000000000000000000000000000000000000000000000000000000000000000000000100000001000000000000000000000000000000000000000010000000
00000000000000000000001000000000000000000000000000000000000100000000000010000000000000000000000000000010000000000000000000000000
00000000000000000000000000000000000000000000010000001000000000000000000000000000000000000000000000000000000000000000000000000000
00000000000000000000000000000000100000000000000000000000000000000010000100000000000000000000000000000000000000000000000000000000
00000000000000000000000000000000000000100000000000000000001000000000100010001000000000000000000000000000000000000000000000000000
00000000000000000000000000000000000000000000000000000000000000100000000000000000000000000000000000000000000000000000000000000000
00000000000000000000000000000000000000000000000000001000010000000000010000000000000000000000000000000000000000000000000000000000
00000000000000000000000000000000000000000000000000000000000000000000000000000000000100000010000000000000000000000100000000000000
00000000000010000000000000000000000000000000000000000000000000000000000000000001000000000000000000000000000000000000000000000000
00000000000000000000000000000000000000000000100000000000000000000100000000000000000000000000000000000000000000000000000000000000
00000000000033300300000330030003033330333000000000003010000000100000000000000000003330003300300003000000000030000000000000000000
00000000000030030300003003003030030000300300000000033000000000000000000000000000003003030030300003010000000330000000000000000000
00000000000030030300003003000300030000300300000000003000000000000000000100000000003330030030300003000000000030000000000000000000
00000000000033300300003333000300033300333000000000003000000000000000000000000000003003033330300003000000000030000000000000000000
00000000000030000300003003000300030000303000000000003000000000010001000000001000003003030030300003000000000030000000000000000000
00100000000030000333303003000300033330300300000000003000010000111000000000000000003330030030333303333000000030000000000000000000
00000000000000000000000000000000000000000000000000000000000000010000000000000000000000000000000000000000000000000000000000000000

0x00005ac1
00000000000000000000000000001000000000000000000000010000000000000000000000000000000000000000000000000000000000000000000000000000
00000000000000000000000000000000000000000000000000000000000000000000000000000000000000000000000000100000000000000000000000000000
00000000000000000000000000000000000000000001000000000000000000000000000000000100000000000000000000000000000000000000000000000000
00000000000000000000000000000000000000000011100000000000010000000000000000001110000000000000000000000000000000000000000000000000
00000000000000000000000000000000000000000001000000000000000000000000001000000100000000000000000000000000000000000000000000000000
00000000000000000000000000000000010000000000000000000000000000000000000000000000000000010000000000000000000000000000000000000000
00000000000000000000000000000000000000000000000001000000000000001000000000000000000000000000000000000000000000000100000000001000
00000000000000000000000000000000000000000000000000000000000000000000000000000000100000000000000000000000000000000000000000011100
00000000000000000000010000000000000000001000000000000001000000000000000000000000000000000000000000000000000000000000000000001000
00000000000000000000000000000000000000000000000000000000000010000000000010000000000000000000000000000000000000000000000000000000
00000000000000000000000000000000000000000000000000000000000000000000000000000000000000000000001000000000000000000000000000000000
00000000000000000000000000000000000000000000000000000000000000000000000000000100000000000000000000000000000000000000000000000000
00000000000000000000000000000000010000000000000000000000100000000000000000000000000000000000000000000000000000000000000000000000
00000000100000000000000000000000000000000000000100000000000001000010010000000000000000010000000000000000000000000000000000000000
00000000000000000000000000000000000000000000000000000000000000000000000000000000000000000000000000000000000000000000000000000000
00000000000000000000000000000000000000000000000000000000000010000000000000000000100000000000000000000000000000000000000000000000
00000000000000000000010000000000000000000000000000000000000000000000000010000000000000000000000000000001000000000000000000100000
00000000000000000000000000000000000000000000100000010000000000000100010000000000000000000000000000000000000000000000000000000000
00000000000000000000000000000001000000000000000000000000001000100000000000000000000000000000000000000000000000000000000000000000
00000000000000000000000000000000000000000000000000000000000000000001000000001000000000000000000000000000000000000000000000000000
00000000000000000000000000000000000001000000000000000000000000100000000010000000000000000000000000000000000000000000000000000000
00000000000000000000000000000000000000000000000000000000100000000000000000000000000000000000000000000000000000000000000000000000
00000000000000000000000000000000000000000000000000010000000000000000010000000000000010000000000000000000000000000001000000000000
00000000001000000000000000000000000000000000000000000000000000000000000000000000000000000001000000000000000000000000000000000000
00000000000000000000000000000000000000000001000000000000000000000010000000000000100000000000000000000000000000000000000000000000
00000000000033300300000330030003033330333000000000003000000000000000000000000000003330003300300003000000000030000000000000000000
00000000000030030300003003003030030000300300000000033010000000100000000000000000003003030030300003000000000330000000000000000000
00000000000030030300003003000300030000300300000001003000000000000000000010000000003330030030300003001000000030000000000000000000
00000000000033300300003333000300033300333000000000003000000000000000000000000000003003033330300003000000000030000000000000000000
00000000000030000300003003000300030000303000000000003000000000000001000000000000003003030030300003000000000030000000000000000000
00000000000030000333303003000300033330300300000000003000000000000000000000000100003330030030333303333000000030000000000000000000
10000000000000000000000000000000000000000000000000000000100000010000000000000000000000000000000000000000000000000000000000000000

